Player,Agents,Rnd,R2.0,ACS,K:D,KAST,ADR,KPR,APR,FKPR,FDPR,HS%,CL%,CL,KMax,K,D,A,FK,FD,event
"aspas
MIBR",(+1),330,1.33,261.6,1.66,79%,164.7,0.97,0.13,0.20,0.07,26%,8%,2/26,32,319,192,44,67,23,Valorant Champions 2025
"RieNs
TH",,256,1.17,226.1,1.14,73%,148.9,0.79,0.33,0.07,0.05,34%,20%,7/35,23,203,178,85,18,12,Valorant Champions 2025
"brawk
NRG",,377,1.16,224.6,1.17,76%,144.7,0.73,0.34,0.07,0.06,17%,9%,4/47,28,275,236,128,26,23,Valorant Champions 2025
"kaajak
FNC",(+1),453,1.15,228.4,1.20,71%,148.2,0.82,0.20,0.21,0.13,32%,13%,4/30,30,372,311,90,95,59,Valorant Champions 2025
"johnqt
SEN",,126,1.14,187.0,1.13,79%,118.7,0.67,0.27,0.04,0.04,33%,9%,2/22,17,85,75,34,5,5,Valorant Champions 2025
"Smoggy
EDG",,119,1.13,206.0,1.09,77%,135.3,0.74,0.40,0.09,0.04,25%,17%,4/23,26,88,81,48,11,5,Valorant Champions 2025
"leaf
G2",(+1),268,1.11,222.8,1.13,71%,151.5,0.79,0.26,0.11,0.09,21%,15%,5/33,30,213,188,69,30,24,Valorant Champions 2025
"something
PRX",,356,1.10,220.4,1.17,72%,141.0,0.79,0.26,0.16,0.13,25%,13%,5/38,28,281,240,94,57,48,Valorant Champions 2025
"Knight
BLG",,95,1.10,196.8,0.97,67%,135.4,0.68,0.28,0.08,0.09,26%,12%,2/17,20,65,67,27,8,9,Valorant Champions 2025
"skuba
NRG",(+1),377,1.09,190.1,1.17,76%,124.9,0.71,0.25,0.06,0.06,30%,21%,12/58,28,266,228,94,21,24,Valorant Champions 2025
"SpiritZ1
DRG",,98,1.08,237.0,1.03,79%,155.7,0.82,0.33,0.21,0.11,30%,,0/2,27,80,78,32,21,11,Valorant Champions 2025
"NoMan
XLG",(+3),157,1.08,221.4,1.18,73%,140.7,0.78,0.19,0.10,0.10,32%,5%,1/19,23,123,104,30,16,16,Valorant Champions 2025
"cortezia
MIBR",(+1),330,1.08,196.4,1.27,75%,130.2,0.72,0.21,0.11,0.07,33%,8%,3/40,25,237,186,68,35,22,Valorant Champions 2025
"Cloud
GX",,261,1.07,202.5,1.02,70%,135.2,0.69,0.33,0.07,0.06,29%,7%,3/43,23,179,176,85,18,16,Valorant Champions 2025
"Chronicle
FNC",(+1),453,1.07,204.2,1.07,70%,138.7,0.72,0.28,0.09,0.08,29%,7%,4/60,31,326,304,125,42,35,Valorant Champions 2025
"Alfajer
FNC",(+3),391,1.06,211.7,1.14,69%,141.3,0.76,0.18,0.14,0.10,34%,5%,2/40,25,299,263,72,53,41,Valorant Champions 2025
"jawgemo
G2",,268,1.05,230.4,1.09,68%,141.7,0.80,0.20,0.20,0.14,28%,19%,6/31,28,214,196,54,53,38,Valorant Champions 2025
"Jinggg
PRX",,356,1.05,224.3,1.10,74%,146.0,0.78,0.24,0.12,0.13,22%,12%,3/25,28,278,252,84,43,47,Valorant Champions 2025
"Verno
MIBR",,330,1.05,199.3,1.15,76%,129.3,0.67,0.33,0.10,0.06,25%,17%,4/24,22,220,191,110,32,19,Valorant Champions 2025
"ZmjjKK
EDG",,119,1.04,237.4,1.08,62%,143.5,0.82,0.18,0.21,0.19,24%,,0/15,23,97,90,22,25,23,Valorant Champions 2025
"iZu
T1",,148,1.04,212.2,1.09,70%,124.8,0.76,0.15,0.14,0.10,26%,21%,4/19,22,113,104,22,21,15,Valorant Champions 2025
"Meteor
T1",,148,1.04,219.0,0.96,68%,144.2,0.74,0.18,0.17,0.07,36%,11%,3/27,29,110,114,26,25,11,Valorant Champions 2025
"Flashback
DRX",,477,1.04,223.2,1.12,66%,144.3,0.80,0.16,0.17,0.16,24%,10%,3/30,26,380,338,78,80,78,Valorant Champions 2025
"valyn
G2",,268,1.03,192.3,0.97,75%,124.1,0.65,0.37,0.09,0.07,26%,14%,3/21,21,173,179,100,24,20,Valorant Champions 2025
"f0rsakeN
PRX",,356,1.03,213.1,1.04,73%,135.5,0.75,0.42,0.09,0.12,31%,17%,5/29,28,266,257,149,31,44,Valorant Champions 2025
"Wo0t
TH",(+2),256,1.03,209.9,1.05,71%,138.2,0.75,0.16,0.13,0.12,30%,26%,7/27,25,193,183,40,34,30,Valorant Champions 2025
"happywei
XLG",,157,1.03,216.4,1.06,70%,145.8,0.75,0.32,0.10,0.15,39%,10%,2/21,24,118,111,50,15,23,Valorant Champions 2025
"HYUNMIN
DRX",,477,1.02,212.7,1.11,68%,141.3,0.76,0.19,0.11,0.09,40%,6%,2/36,36,362,327,92,53,44,Valorant Champions 2025
"nAts
TL",,148,1.02,194.4,1.06,69%,126.7,0.69,0.18,0.11,0.11,26%,19%,4/21,27,102,96,27,16,16,Valorant Champions 2025
"MaKo
DRX",,477,1.01,171.7,1.02,72%,108.9,0.61,0.37,0.08,0.09,25%,13%,9/68,21,291,284,177,36,42,Valorant Champions 2025
"d4v41
PRX",,356,1.01,186.9,1.03,71%,127.3,0.67,0.26,0.05,0.09,27%,17%,9/54,20,238,230,93,19,31,Valorant Champions 2025
"Viva
XLG",,157,1.01,166.6,0.96,73%,119.6,0.60,0.29,0.06,0.07,34%,13%,3/24,23,94,98,46,10,11,Valorant Champions 2025
"westside
GX",,261,1.00,187.1,1.00,66%,121.3,0.69,0.19,0.09,0.10,41%,11%,4/35,20,181,181,49,23,27,Valorant Champions 2025
"mada
NRG",(+2),377,1.00,214.2,1.06,66%,137.2,0.75,0.19,0.17,0.20,26%,15%,3/20,31,284,268,71,65,77,Valorant Champions 2025
"crashies
FNC",,453,1.00,179.5,0.97,71%,120.3,0.62,0.28,0.06,0.08,31%,14%,7/49,22,283,292,129,28,35,Valorant Champions 2025
"keiko
TL",,148,1.00,200.3,0.94,70%,131.0,0.68,0.26,0.13,0.08,35%,14%,2/14,18,101,108,38,19,12,Valorant Champions 2025
"Demon1
DRG",,98,1.00,174.8,1.02,73%,117.0,0.65,0.16,0.04,0.04,38%,10%,2/21,21,64,63,16,4,4,Valorant Champions 2025
"nobody
EDG",,119,0.99,171.0,0.97,69%,115.2,0.62,0.16,0.04,0.07,30%,27%,3/11,20,74,76,19,5,8,Valorant Champions 2025
"s0m
NRG",,377,0.99,197.2,0.97,75%,124.2,0.68,0.37,0.08,0.10,24%,14%,5/37,23,258,266,140,30,39,Valorant Champions 2025
"artzin
MIBR",,330,0.99,202.1,1.05,73%,127.0,0.66,0.38,0.12,0.15,24%,20%,3/15,24,219,209,124,41,50,Valorant Champions 2025
"DH
T1",,148,0.98,186.0,0.90,68%,122.4,0.64,0.39,0.07,0.11,34%,21%,4/19,27,95,106,57,10,16,Valorant Champions 2025
"trent
G2",,268,0.98,173.5,0.98,72%,117.6,0.62,0.24,0.03,0.08,31%,15%,6/40,21,166,170,63,7,22,Valorant Champions 2025
"zekken
SEN",,126,0.98,229.3,0.94,68%,157.7,0.75,0.31,0.16,0.21,26%,22%,2/9,23,94,100,39,20,26,Valorant Champions 2025
"Ethan
NRG",(+1),377,0.98,175.8,0.93,72%,115.1,0.60,0.42,0.07,0.11,24%,17%,4/24,23,225,243,157,28,43,Valorant Champions 2025
"ara
GX",(+1),261,0.97,198.7,1.01,66%,133.8,0.72,0.13,0.18,0.15,29%,14%,3/21,27,189,187,35,48,40,Valorant Champions 2025
"Jemkin
RRQ",,137,0.97,215.7,1.06,63%,132.8,0.74,0.13,0.17,0.13,35%,8%,1/13,26,102,96,18,23,18,Valorant Champions 2025
"BeYN
DRX",,477,0.97,170.9,0.98,71%,114.5,0.60,0.26,0.06,0.06,28%,23%,14/61,24,288,294,126,30,27,Valorant Champions 2025
"xenom
MIBR",,330,0.97,155.1,0.95,78%,96.1,0.55,0.53,0.05,0.06,24%,8%,3/39,18,180,190,175,18,20,Valorant Champions 2025
"Rarga
XLG",(+3),157,0.96,208.6,0.98,73%,129.8,0.73,0.21,0.17,0.10,34%,8%,1/12,21,115,117,33,27,16,Valorant Champions 2025
"N4RRATE
SEN",,126,0.95,190.2,0.87,70%,121.2,0.63,0.39,0.06,0.10,26%,17%,3/18,19,79,91,49,8,13,Valorant Champions 2025
"doma
FNC",,62,0.94,167.3,0.90,73%,119.8,0.58,0.21,0.08,0.06,29%,14%,1/7,13,36,40,13,5,4,Valorant Champions 2025
"nephh
BLG",,95,0.94,164.0,0.88,67%,104.8,0.56,0.29,0.05,0.08,20%,10%,1/10,18,53,60,28,5,8,Valorant Champions 2025
"Levius
BLG",,95,0.93,188.0,0.99,59%,122.1,0.71,0.17,0.13,0.09,30%,6%,1/16,26,67,68,16,12,9,Valorant Champions 2025
"MiniBoo
TH",,256,0.93,204.4,0.95,65%,134.9,0.71,0.16,0.19,0.17,26%,27%,3/11,23,183,192,41,48,44,Valorant Champions 2025
"kamo
TL",(+1),148,0.93,190.3,0.94,63%,128.4,0.68,0.12,0.14,0.24,32%,15%,2/13,22,100,106,18,21,36,Valorant Champions 2025
"Flickless
GX",,261,0.92,173.7,0.83,74%,115.8,0.56,0.47,0.06,0.07,26%,9%,3/33,17,146,175,122,15,17,Valorant Champions 2025
"Monyet
RRQ",,137,0.92,174.9,0.88,69%,109.6,0.61,0.40,0.05,0.09,28%,11%,2/19,21,84,96,55,7,12,Valorant Champions 2025
"Kushy
RRQ",,137,0.91,178.9,0.85,66%,120.7,0.63,0.29,0.07,0.12,40%,14%,2/14,20,86,101,40,10,17,Valorant Champions 2025
"Nicc
DRG",,98,0.91,173.5,0.94,77%,121.7,0.65,0.28,0.02,0.06,34%,,0/17,25,64,68,27,2,6,Valorant Champions 2025
"JonahP
G2",(+1),268,0.91,172.8,0.84,71%,108.3,0.58,0.37,0.08,0.10,19%,21%,5/24,26,155,184,99,22,28,Valorant Champions 2025
"benjyfishy
TH",(+1),256,0.89,175.1,0.83,71%,115.0,0.59,0.28,0.06,0.07,27%,17%,6/35,25,152,184,71,16,17,Valorant Champions 2025
"Boaster
FNC",,453,0.89,145.2,0.77,70%,94.0,0.49,0.38,0.04,0.08,22%,16%,5/31,24,220,285,172,18,36,Valorant Champions 2025
"CHICHOO
EDG",(+1),119,0.89,158.2,0.90,69%,113.5,0.59,0.25,0.07,0.08,21%,15%,2/13,21,70,78,30,8,10,Valorant Champions 2025
"Boo
TH",,256,0.88,143.7,0.74,71%,93.1,0.50,0.53,0.05,0.09,31%,17%,8/46,16,128,172,135,14,23,Valorant Champions 2025
"trexx
TL",(+2),148,0.87,160.1,0.73,63%,109.7,0.51,0.26,0.04,0.07,20%,4%,1/24,17,76,104,39,6,10,Valorant Champions 2025
"free1ng
DRX",,477,0.86,160.4,0.88,68%,107.1,0.57,0.20,0.09,0.09,35%,16%,8/51,23,270,308,97,43,43,Valorant Champions 2025
"xffero
RRQ",,137,0.85,172.0,0.88,66%,113.5,0.61,0.20,0.12,0.12,27%,8%,1/12,16,83,94,27,16,16,Valorant Champions 2025
"BuZz
T1",,148,0.85,190.3,0.92,69%,127.4,0.70,0.25,0.06,0.18,25%,38%,3/8,31,103,112,37,9,27,Valorant Champions 2025
"Flex1n
DRG",,98,0.84,184.8,0.85,76%,119.0,0.62,0.40,0.10,0.12,29%,,0/9,20,61,72,39,10,12,Valorant Champions 2025
"Akeman
DRG",,98,0.84,196.8,0.88,62%,124.4,0.69,0.16,0.15,0.13,25%,30%,3/10,20,68,77,16,15,13,Valorant Champions 2025
"PatMen
PRX",,356,0.84,157.8,0.83,68%,106.5,0.55,0.21,0.04,0.06,31%,5%,2/42,21,196,235,76,14,22,Valorant Champions 2025
"grubinho
GX",,261,0.83,169.1,0.80,70%,108.0,0.60,0.39,0.11,0.10,29%,22%,4/18,17,156,196,102,30,27,Valorant Champions 2025
"crazyguy
RRQ",(+1),137,0.82,152.0,0.71,68%,109.8,0.49,0.33,0.04,0.09,24%,13%,3/24,15,67,94,45,5,12,Valorant Champions 2025
"Jieni7
EDG",(+1),119,0.82,191.8,0.83,67%,117.9,0.65,0.23,0.12,0.08,26%,,0/2,21,77,93,27,14,10,Valorant Champions 2025
"paTiTek
TL",(+1),148,0.81,156.9,0.74,66%,101.1,0.53,0.36,0.03,0.05,27%,9%,1/11,16,78,106,54,4,8,Valorant Champions 2025
"Zellsis
SEN",(+1),126,0.80,152.3,0.77,67%,99.7,0.54,0.27,0.13,0.11,20%,,0/13,16,68,88,34,17,14,Valorant Champions 2025
"bang
SEN",,126,0.79,140.8,0.79,67%,92.4,0.53,0.29,0.06,0.09,35%,11%,1/9,15,67,85,37,7,11,Valorant Champions 2025
"coconut
XLG",,157,0.77,149.6,0.71,71%,92.6,0.50,0.44,0.08,0.07,30%,,0/11,16,79,112,69,12,11,Valorant Champions 2025
"stax
T1",,148,0.75,146.5,0.69,66%,98.8,0.49,0.31,0.03,0.07,38%,10%,2/20,16,73,106,46,4,10,Valorant Champions 2025
"rushia
BLG",,95,0.72,147.6,0.59,64%,102.3,0.45,0.33,0.06,0.11,19%,,0/12,12,43,73,31,6,10,Valorant Champions 2025
"whzy
BLG",,95,0.63,154.4,0.61,64%,101.9,0.52,0.22,0.11,0.19,31%,,0/2,13,49,80,21,10,18,Valorant Champions 2025
"OXY
C9",(+1),442,1.17,254.6,1.25,76%,160.0,0.91,0.17,0.19,0.16,27%,20%,6/30,27,404,324,75,85,70,VCT 2025: Americas Stage 2
"valyn
G2",,452,1.14,213.7,1.23,76%,135.6,0.79,0.39,0.08,0.07,27%,18%,5/28,26,357,290,175,37,31,VCT 2025: Americas Stage 2
"N4RRATE
SEN",,426,1.14,225.2,1.17,76%,144.0,0.78,0.33,0.14,0.08,26%,17%,4/24,27,332,283,141,58,36,VCT 2025: Americas Stage 2
"Cryocells
100T",,372,1.14,221.0,1.23,78%,145.9,0.83,0.21,0.15,0.09,30%,18%,7/40,35,310,252,79,56,33,VCT 2025: Americas Stage 2
"JonahP
G2",(+1),452,1.13,206.4,1.20,77%,129.3,0.74,0.33,0.10,0.08,23%,27%,15/55,23,333,278,150,46,34,VCT 2025: Americas Stage 2
"brawk
NRG",,568,1.13,213.7,1.15,74%,139.2,0.72,0.32,0.07,0.04,19%,10%,8/80,25,411,356,179,41,22,VCT 2025: Americas Stage 2
"Sato
LEV",(+1),463,1.12,254.0,1.20,71%,163.7,0.90,0.17,0.19,0.18,33%,13%,2/15,35,418,349,79,86,85,VCT 2025: Americas Stage 2
"aspas
MIBR",(+1),242,1.12,227.4,1.22,74%,147.3,0.80,0.16,0.19,0.09,26%,17%,4/23,24,194,159,39,46,21,VCT 2025: Americas Stage 2
"keznit
KRÜ",(+2),334,1.12,234.1,1.15,72%,151.3,0.80,0.28,0.12,0.12,23%,16%,5/31,22,268,234,93,41,41,VCT 2025: Americas Stage 2
"johnqt
SEN",(+1),426,1.11,184.2,1.18,80%,119.8,0.65,0.40,0.06,0.03,25%,10%,7/68,20,276,234,171,25,14,VCT 2025: Americas Stage 2
"zekken
SEN",(+1),426,1.09,234.0,1.18,71%,148.9,0.83,0.18,0.22,0.18,24%,18%,4/22,27,355,300,76,94,75,VCT 2025: Americas Stage 2
"trent
G2",,452,1.08,192.1,1.14,75%,126.1,0.69,0.33,0.07,0.07,26%,19%,10/54,21,310,273,147,30,31,VCT 2025: Americas Stage 2
"kiNgg
LEV",,463,1.08,194.4,1.04,73%,126.4,0.67,0.33,0.08,0.07,27%,17%,11/64,25,308,297,154,35,33,VCT 2025: Americas Stage 2
"leaf
G2",,111,1.07,211.4,1.11,66%,139.5,0.75,0.20,0.14,0.11,26%,23%,3/13,20,83,75,22,16,12,VCT 2025: Americas Stage 2
"skuba
NRG",(+2),568,1.07,189.8,1.14,75%,126.7,0.70,0.28,0.06,0.07,25%,14%,13/91,26,397,347,161,35,41,VCT 2025: Americas Stage 2
"Derrek
EG",(+2),289,1.07,210.1,1.00,70%,147.9,0.73,0.29,0.07,0.04,31%,8%,4/50,30,210,209,84,20,13,VCT 2025: Americas Stage 2
"silentzz
2G",(+3),252,1.07,198.5,1.14,69%,134.6,0.75,0.14,0.12,0.10,37%,9%,3/34,26,189,166,36,29,26,VCT 2025: Americas Stage 2
"eeiu
100T",,372,1.06,194.4,1.11,74%,127.9,0.72,0.28,0.06,0.07,31%,6%,3/47,26,266,239,103,24,26,VCT 2025: Americas Stage 2
"cortezia
MIBR",(+1),242,1.06,202.7,1.11,69%,138.9,0.75,0.20,0.07,0.09,33%,21%,7/34,28,182,164,49,16,21,VCT 2025: Americas Stage 2
"v1c
C9",,442,1.06,199.9,1.08,78%,129.4,0.71,0.38,0.09,0.07,30%,16%,7/43,22,315,292,169,40,32,VCT 2025: Americas Stage 2
"jawgemo
G2",,452,1.05,227.5,1.14,74%,142.2,0.81,0.24,0.16,0.13,23%,16%,4/25,25,364,318,109,72,59,VCT 2025: Americas Stage 2
"bang
SEN",,426,1.05,194.6,1.09,76%,118.8,0.68,0.38,0.08,0.08,29%,14%,5/35,20,289,265,160,32,33,VCT 2025: Americas Stage 2
"s0m
NRG",(+3),568,1.04,197.0,1.03,74%,128.5,0.69,0.40,0.09,0.11,26%,23%,11/47,22,393,380,229,50,61,VCT 2025: Americas Stage 2
"mada
NRG",(+1),568,1.04,222.9,1.11,70%,142.0,0.78,0.17,0.22,0.20,26%,12%,2/17,26,442,400,97,124,111,VCT 2025: Americas Stage 2
"lukxo
LOUD",,276,1.03,211.4,1.06,68%,139.5,0.76,0.18,0.14,0.08,34%,8%,3/39,28,209,198,49,40,23,VCT 2025: Americas Stage 2
"BABYBAY
G2",(+1),341,1.02,197.5,1.09,76%,128.7,0.69,0.25,0.13,0.11,22%,15%,6/40,23,234,215,84,45,39,VCT 2025: Americas Stage 2
"Okeanos
LEV",(+3),463,1.02,200.8,1.02,75%,132.7,0.71,0.38,0.09,0.09,33%,11%,5/44,30,331,326,176,42,41,VCT 2025: Americas Stage 2
"Ethan
NRG",(+2),568,1.02,195.0,0.96,75%,124.1,0.65,0.45,0.07,0.07,23%,13%,6/48,23,367,384,257,41,42,VCT 2025: Americas Stage 2
"Asuna
100T",(+2),372,1.01,207.3,1.00,74%,135.4,0.68,0.29,0.13,0.15,21%,18%,5/28,24,253,253,107,48,54,VCT 2025: Americas Stage 2
"Virtyy
LOUD",,276,1.01,214.0,1.03,68%,133.2,0.74,0.18,0.19,0.22,25%,9%,2/22,25,203,198,49,53,60,VCT 2025: Americas Stage 2
"Zellsis
SEN",(+2),426,1.01,190.0,1.04,75%,122.4,0.66,0.34,0.07,0.07,22%,15%,8/53,18,281,271,145,28,31,VCT 2025: Americas Stage 2
"spike
2G",,252,0.99,232.5,1.03,66%,149.2,0.80,0.27,0.19,0.20,25%,19%,3/16,27,202,196,69,49,50,VCT 2025: Americas Stage 2
"Xeppaa
C9",,442,0.98,200.7,0.99,76%,132.4,0.69,0.28,0.07,0.06,23%,16%,9/57,22,306,308,123,33,26,VCT 2025: Americas Stage 2
"Shyy
KRÜ",,334,0.97,182.9,0.96,71%,123.6,0.64,0.23,0.07,0.07,30%,12%,6/51,23,214,222,76,23,23,VCT 2025: Americas Stage 2
"C0M
LEV",,463,0.96,170.5,0.93,72%,117.9,0.59,0.29,0.06,0.06,27%,14%,10/69,22,271,290,135,26,26,VCT 2025: Americas Stage 2
"zander
100T",,372,0.96,198.4,0.98,72%,128.2,0.69,0.32,0.11,0.10,26%,14%,5/35,23,256,261,120,42,36,VCT 2025: Americas Stage 2
"Mazino
KRÜ",,334,0.96,191.1,0.94,70%,126.9,0.65,0.31,0.07,0.08,24%,16%,7/44,22,216,230,104,25,27,VCT 2025: Americas Stage 2
"yay
EG",(+1),289,0.95,217.7,0.98,64%,142.2,0.77,0.19,0.17,0.21,29%,9%,2/23,29,223,228,56,48,60,VCT 2025: Americas Stage 2
"xenom
MIBR",(+1),242,0.94,168.5,0.92,74%,110.9,0.60,0.34,0.07,0.04,35%,13%,4/31,20,145,157,82,17,9,VCT 2025: Americas Stage 2
"Melser
KRÜ",,334,0.93,159.2,0.90,73%,104.4,0.59,0.36,0.06,0.08,26%,9%,4/47,20,196,218,119,19,28,VCT 2025: Americas Stage 2
"mitch
C9",,442,0.93,175.4,0.87,74%,115.5,0.57,0.40,0.06,0.11,19%,20%,9/46,18,252,291,178,25,49,VCT 2025: Americas Stage 2
"cauanzin
LOUD",(+2),276,0.92,193.8,0.91,70%,125.7,0.67,0.31,0.09,0.07,25%,10%,2/20,21,185,204,86,24,20,VCT 2025: Americas Stage 2
"pryze
2G",,252,0.91,178.6,0.80,65%,124.0,0.60,0.29,0.05,0.05,22%,12%,4/33,20,152,189,74,13,12,VCT 2025: Americas Stage 2
"Kess
100T",(+2),372,0.90,173.1,0.88,70%,112.9,0.60,0.29,0.07,0.07,28%,15%,8/52,23,224,256,107,27,26,VCT 2025: Americas Stage 2
"neT
C9",,442,0.90,164.1,0.91,72%,108.1,0.59,0.25,0.07,0.11,31%,21%,12/56,22,261,288,112,33,49,VCT 2025: Americas Stage 2
"NaturE
EG",(+1),289,0.89,180.3,0.80,74%,113.4,0.58,0.45,0.05,0.07,21%,13%,4/30,18,169,212,130,14,21,VCT 2025: Americas Stage 2
"pANcada
LOUD",,276,0.89,164.1,0.81,66%,111.9,0.56,0.34,0.04,0.05,38%,13%,6/48,28,155,192,95,12,14,VCT 2025: Americas Stage 2
"Dantedeu5
KRÜ",(+1),334,0.87,187.8,0.87,68%,122.3,0.64,0.26,0.13,0.19,25%,13%,2/15,24,214,247,86,45,62,VCT 2025: Americas Stage 2
"heat
FUR",,196,0.87,185.1,0.77,63%,123.5,0.62,0.19,0.08,0.10,30%,6%,3/47,18,121,158,37,16,20,VCT 2025: Americas Stage 2
"lz
2G",,252,0.86,160.9,0.79,70%,103.0,0.56,0.42,0.08,0.10,40%,16%,5/32,19,140,177,106,21,26,VCT 2025: Americas Stage 2
"adverso
FUR",(+1),196,0.85,188.3,0.76,67%,125.4,0.64,0.24,0.06,0.08,20%,17%,6/35,21,125,164,47,12,16,VCT 2025: Americas Stage 2
"icy
EG",,289,0.85,167.5,0.82,65%,112.4,0.60,0.19,0.09,0.14,28%,11%,3/28,22,173,211,54,27,40,VCT 2025: Americas Stage 2
"tex
LEV",(+2),463,0.83,162.1,0.85,69%,107.5,0.59,0.17,0.09,0.10,32%,12%,6/51,21,273,321,80,42,47,VCT 2025: Americas Stage 2
"supamen
EG",,289,0.83,154.5,0.78,65%,102.1,0.56,0.27,0.07,0.09,35%,14%,6/43,21,161,207,79,20,26,VCT 2025: Americas Stage 2
"artzin
MIBR",(+2),242,0.80,179.8,0.85,66%,119.1,0.63,0.21,0.11,0.20,22%,15%,3/20,22,153,180,51,26,49,VCT 2025: Americas Stage 2
"gobera
2G",(+1),252,0.78,156.7,0.72,63%,101.4,0.53,0.31,0.05,0.06,27%,28%,10/36,21,133,185,79,12,14,VCT 2025: Americas Stage 2
"RobbieBk
LOUD",(+1),276,0.78,149.0,0.73,63%,103.3,0.51,0.24,0.04,0.07,35%,17%,5/29,17,142,194,65,10,20,VCT 2025: Americas Stage 2
"Palla
FUR",(+1),196,0.77,199.0,0.75,60%,130.5,0.66,0.18,0.15,0.22,30%,,0/10,24,130,174,35,30,44,VCT 2025: Americas Stage 2
"tuyz
FUR",,196,0.72,135.7,0.61,67%,93.5,0.47,0.36,0.05,0.08,28%,13%,4/31,17,93,152,71,10,16,VCT 2025: Americas Stage 2
"Verno
MIBR",,242,0.72,140.5,0.64,69%,96.1,0.45,0.30,0.06,0.09,27%,13%,3/23,15,110,171,73,15,22,VCT 2025: Americas Stage 2
"Urango
FUR",(+3),196,0.59,139.9,0.55,63%,94.4,0.47,0.26,0.03,0.14,31%,13%,3/24,14,93,168,50,5,27,VCT 2025: Americas Stage 2
"Ruxic
NAVI",,472,1.23,246.4,1.36,75%,159.4,0.91,0.30,0.12,0.08,31%,15%,9/59,31,430,317,142,56,39,VCT 2025: EMEA Stage 2
"keiko
TL",(+1),494,1.21,233.4,1.33,77%,148.6,0.85,0.29,0.11,0.09,32%,23%,10/43,26,422,317,141,53,44,VCT 2025: EMEA Stage 2
"SUYGETSU
KC",,389,1.16,214.6,1.20,76%,139.4,0.79,0.32,0.08,0.09,41%,20%,13/66,26,306,254,126,30,34,VCT 2025: EMEA Stage 2
"nAts
TL",,494,1.15,231.4,1.19,77%,152.3,0.81,0.33,0.10,0.06,25%,13%,7/55,30,400,337,161,48,31,VCT 2025: EMEA Stage 2
"RieNs
TH",,334,1.15,226.8,1.15,75%,155.8,0.80,0.31,0.07,0.03,35%,24%,10/41,24,267,232,105,22,10,VCT 2025: EMEA Stage 2
"hiro
NAVI",(+1),472,1.14,220.1,1.19,74%,149.6,0.81,0.25,0.10,0.09,35%,12%,7/57,32,380,320,118,47,44,VCT 2025: EMEA Stage 2
"Wo0t
TH",(+2),334,1.12,227.3,1.18,74%,149.4,0.82,0.28,0.15,0.11,38%,30%,8/27,28,274,233,92,51,37,VCT 2025: EMEA Stage 2
"Derke
VIT",(+1),299,1.12,244.5,1.12,71%,162.1,0.85,0.18,0.17,0.16,26%,25%,4/16,23,253,225,55,50,48,VCT 2025: EMEA Stage 2
"Less
VIT",,299,1.11,205.9,1.17,75%,132.9,0.76,0.22,0.09,0.09,32%,18%,9/51,24,227,194,67,28,26,VCT 2025: EMEA Stage 2
"Sayf
VIT",,44,1.11,176.0,0.93,70%,123.0,0.61,0.20,0.02,0.07,37%,18%,2/11,17,27,29,9,1,3,VCT 2025: EMEA Stage 2
"kaajak
FNC",(+1),448,1.10,235.9,1.14,68%,150.8,0.82,0.15,0.17,0.13,35%,36%,10/28,26,368,324,69,74,59,VCT 2025: EMEA Stage 2
"trexx
TL",(+1),494,1.09,203.5,1.07,74%,130.1,0.69,0.44,0.06,0.06,20%,19%,13/68,26,341,318,215,32,29,VCT 2025: EMEA Stage 2
"Avez
KC",(+2),389,1.07,223.1,1.12,69%,144.3,0.78,0.23,0.11,0.11,32%,33%,10/30,28,304,272,88,44,42,VCT 2025: EMEA Stage 2
"Alfajer
FNC",(+3),448,1.06,221.9,1.15,68%,148.6,0.81,0.13,0.14,0.11,36%,14%,6/44,29,363,317,60,64,48,VCT 2025: EMEA Stage 2
"ara
GX",,625,1.05,216.7,1.12,70%,140.3,0.77,0.15,0.18,0.13,26%,17%,11/64,31,482,431,91,111,81,VCT 2025: EMEA Stage 2
"crashies
FNC",,448,1.05,191.5,1.03,75%,133.5,0.67,0.31,0.05,0.06,33%,16%,11/67,22,301,292,141,23,29,VCT 2025: EMEA Stage 2
"cNed
FUT",,247,1.05,215.8,1.05,68%,138.6,0.79,0.26,0.12,0.11,33%,11%,4/37,25,194,184,65,29,27,VCT 2025: EMEA Stage 2
"PROFEK
BBL",(+1),519,1.04,191.5,1.03,71%,130.1,0.69,0.30,0.07,0.06,26%,16%,11/67,24,358,348,158,36,33,VCT 2025: EMEA Stage 2
"marteen
KC",(+1),389,1.04,215.9,1.09,70%,138.7,0.78,0.25,0.15,0.15,34%,12%,4/34,26,302,277,96,58,59,VCT 2025: EMEA Stage 2
"grubinho
GX",,625,1.03,202.2,1.01,72%,132.1,0.70,0.40,0.10,0.10,29%,24%,18/76,26,437,434,253,62,63,VCT 2025: EMEA Stage 2
"westside
GX",(+1),625,1.03,196.1,1.07,68%,130.2,0.72,0.19,0.10,0.08,44%,19%,16/83,21,448,420,117,63,52,VCT 2025: EMEA Stage 2
"yetujey
FUT",,247,1.03,202.6,1.02,70%,137.9,0.71,0.21,0.10,0.10,27%,20%,9/44,24,175,171,53,24,25,VCT 2025: EMEA Stage 2
"Chronicle
FNC",(+1),448,1.02,206.2,1.02,69%,139.7,0.71,0.28,0.09,0.10,27%,11%,8/72,28,320,314,125,39,43,VCT 2025: EMEA Stage 2
"paTiTek
TL",(+2),494,1.02,185.9,1.04,77%,122.4,0.68,0.37,0.09,0.09,25%,21%,13/62,25,334,322,185,46,46,VCT 2025: EMEA Stage 2
"Minny
M8",(+2),306,1.01,199.1,0.99,70%,135.5,0.71,0.22,0.08,0.12,36%,20%,9/44,34,217,219,67,26,38,VCT 2025: EMEA Stage 2
"MiniBoo
TH",(+1),334,1.00,223.9,1.06,71%,145.6,0.80,0.19,0.20,0.15,31%,17%,4/23,27,266,251,63,66,51,VCT 2025: EMEA Stage 2
"alexiiik
NAVI",,472,1.00,210.5,1.08,68%,136.7,0.77,0.14,0.16,0.17,26%,11%,3/27,25,362,334,66,75,78,VCT 2025: EMEA Stage 2
"ComeBack
M8",,306,1.00,219.6,1.06,68%,140.2,0.78,0.17,0.16,0.17,33%,11%,3/27,29,239,225,53,48,53,VCT 2025: EMEA Stage 2
"MAGNUM
BBL",(+3),519,1.00,197.5,1.01,69%,127.1,0.69,0.27,0.07,0.12,30%,17%,8/48,21,359,357,139,35,60,VCT 2025: EMEA Stage 2
"Shao
NAVI",(+1),472,1.00,181.2,0.97,75%,118.4,0.62,0.32,0.08,0.06,32%,23%,15/66,22,294,302,149,36,28,VCT 2025: EMEA Stage 2
"Flickless
GX",,625,1.00,192.2,0.93,74%,124.7,0.65,0.46,0.08,0.08,25%,14%,9/63,26,408,437,288,47,51,VCT 2025: EMEA Stage 2
"baddyG
MKOI",,287,0.99,192.0,0.95,72%,122.0,0.71,0.35,0.09,0.07,24%,17%,6/36,30,203,213,100,26,19,VCT 2025: EMEA Stage 2
"benjyfishy
TH",(+1),334,0.99,199.1,1.02,68%,127.7,0.71,0.25,0.08,0.08,37%,11%,5/46,24,237,232,83,28,26,VCT 2025: EMEA Stage 2
"penny
APK",(+1),290,0.99,200.9,1.02,68%,133.6,0.73,0.18,0.16,0.19,21%,17%,4/23,24,211,207,53,47,55,VCT 2025: EMEA Stage 2
"Elite
KC",,236,0.99,189.5,1.00,70%,127.5,0.68,0.18,0.08,0.07,41%,11%,3/28,22,160,160,43,20,17,VCT 2025: EMEA Stage 2
"kamo
TL",,494,0.98,211.5,1.03,72%,137.6,0.73,0.23,0.17,0.17,26%,18%,4/22,24,360,351,114,82,83,VCT 2025: EMEA Stage 2
"LewN
BBL",(+3),519,0.98,215.0,1.03,65%,141.1,0.77,0.14,0.16,0.17,30%,17%,7/41,26,399,386,75,83,88,VCT 2025: EMEA Stage 2
"MONSTEERR
MKOI",(+1),287,0.98,196.4,0.98,68%,132.4,0.71,0.17,0.08,0.08,28%,15%,8/53,23,205,210,50,22,22,VCT 2025: EMEA Stage 2
"Veqaj
M8",,306,0.98,195.6,0.95,72%,136.2,0.70,0.31,0.07,0.10,27%,10%,4/42,28,213,224,94,20,30,VCT 2025: EMEA Stage 2
"Jamppi
BBL",(+2),519,0.98,186.4,0.95,72%,122.0,0.64,0.30,0.07,0.08,27%,18%,10/57,24,332,351,156,35,43,VCT 2025: EMEA Stage 2
"kamyk
M8",(+1),306,0.98,193.6,0.98,75%,123.1,0.70,0.38,0.08,0.08,34%,9%,4/46,24,214,219,117,25,26,VCT 2025: EMEA Stage 2
"qRaxs
FUT",,247,0.95,181.6,0.81,72%,114.7,0.62,0.53,0.04,0.06,36%,17%,5/29,21,152,187,132,10,14,VCT 2025: EMEA Stage 2
"Cloud
GX",,625,0.94,180.8,0.91,70%,123.8,0.63,0.27,0.08,0.08,30%,9%,6/68,21,395,433,170,47,48,VCT 2025: EMEA Stage 2
"sociablEE
BBL",(+3),519,0.93,197.9,0.95,67%,130.5,0.71,0.20,0.12,0.09,31%,15%,13/85,36,370,391,103,61,45,VCT 2025: EMEA Stage 2
"MOLSI
APK",(+2),290,0.93,187.4,0.82,70%,127.9,0.61,0.37,0.06,0.06,27%,4%,2/45,19,177,215,106,17,16,VCT 2025: EMEA Stage 2
"KovaQ
VIT",(+5),255,0.92,198.6,0.97,70%,123.8,0.71,0.25,0.12,0.11,33%,12%,3/26,23,182,187,64,30,28,VCT 2025: EMEA Stage 2
"OLIZERA
APK",(+1),290,0.92,194.5,0.93,69%,127.1,0.69,0.21,0.10,0.09,28%,11%,5/47,23,199,215,60,29,26,VCT 2025: EMEA Stage 2
"Boo
TH",,334,0.89,153.9,0.81,72%,99.3,0.52,0.43,0.07,0.06,30%,19%,10/53,16,174,216,144,22,21,VCT 2025: EMEA Stage 2
"xeus
FUT",,247,0.89,210.3,0.91,68%,132.0,0.73,0.21,0.14,0.18,29%,,0/11,24,180,197,53,35,44,VCT 2025: EMEA Stage 2
"Kicks
VIT",(+1),299,0.89,166.3,0.79,72%,109.7,0.56,0.44,0.07,0.06,29%,18%,7/38,23,168,214,132,20,19,VCT 2025: EMEA Stage 2
"UNFAKE
VIT",,299,0.89,186.1,0.89,70%,120.6,0.65,0.26,0.07,0.08,38%,17%,5/30,21,193,218,78,22,24,VCT 2025: EMEA Stage 2
"flyuh
MKOI",(+1),287,0.88,185.9,0.85,69%,127.6,0.65,0.28,0.06,0.07,26%,16%,5/32,23,187,219,80,18,19,VCT 2025: EMEA Stage 2
"MrFaliN
FUT",,247,0.88,168.6,0.77,64%,111.4,0.57,0.37,0.07,0.09,24%,14%,5/35,25,141,182,92,18,21,VCT 2025: EMEA Stage 2
"batujnax
APK",(+2),290,0.86,178.5,0.82,69%,117.7,0.62,0.26,0.09,0.14,28%,,0/21,25,181,220,74,26,41,VCT 2025: EMEA Stage 2
"Filu
MKOI",(+5),287,0.85,199.7,0.84,66%,131.7,0.66,0.22,0.16,0.14,27%,4%,1/23,20,190,227,64,45,39,VCT 2025: EMEA Stage 2
"Proxh
M8",,306,0.85,161.7,0.78,72%,107.0,0.56,0.39,0.05,0.08,25%,10%,3/30,18,171,218,119,16,24,VCT 2025: EMEA Stage 2
"nataNk
MKOI",(+5),287,0.85,172.5,0.83,66%,117.4,0.61,0.22,0.11,0.16,27%,14%,5/37,22,174,210,63,32,45,VCT 2025: EMEA Stage 2
"saadhak
KC",(+2),389,0.84,164.1,0.76,67%,109.9,0.54,0.36,0.07,0.11,30%,20%,8/41,21,212,278,140,27,41,VCT 2025: EMEA Stage 2
"AvovA
APK",,290,0.83,146.7,0.73,66%,97.7,0.53,0.34,0.05,0.06,31%,16%,7/45,16,153,211,98,15,18,VCT 2025: EMEA Stage 2
"pyrolll
KC",,153,0.82,146.8,0.77,62%,100.6,0.52,0.18,0.04,0.07,36%,11%,2/18,22,80,104,28,6,11,VCT 2025: EMEA Stage 2
"Boaster
FNC",,448,0.79,141.8,0.74,66%,94.3,0.50,0.31,0.05,0.11,30%,21%,9/43,19,222,298,137,21,48,VCT 2025: EMEA Stage 2
"ANGE1
NAVI",(+1),472,0.77,155.7,0.73,69%,104.8,0.53,0.37,0.06,0.09,31%,11%,5/47,21,249,342,175,26,43,VCT 2025: EMEA Stage 2
"Meiy
DFM",(+1),274,1.25,266.2,1.35,74%,167.2,0.96,0.19,0.17,0.10,29%,17%,5/29,39,264,195,53,46,27,VCT 2025: Pacific Stage 2
"something
PRX",,402,1.23,230.4,1.38,77%,149.3,0.85,0.21,0.18,0.09,26%,17%,10/59,32,340,247,86,71,38,VCT 2025: Pacific Stage 2
"Jinggg
PRX",,402,1.14,237.1,1.19,78%,154.3,0.81,0.29,0.13,0.09,24%,22%,5/23,24,325,274,116,53,38,VCT 2025: Pacific Stage 2
"HYUNMIN
DRX",(+1),333,1.13,242.8,1.15,74%,157.6,0.83,0.18,0.17,0.11,28%,13%,3/23,26,278,242,60,58,38,VCT 2025: Pacific Stage 2
"Jemkin
RRQ",(+1),696,1.12,227.6,1.24,72%,141.9,0.83,0.17,0.18,0.15,35%,7%,4/54,31,579,468,115,124,105,VCT 2025: Pacific Stage 2
"DH
T1",,442,1.10,196.8,1.07,75%,127.7,0.72,0.46,0.08,0.09,38%,26%,12/46,23,317,296,202,36,40,VCT 2025: Pacific Stage 2
"primmie
TLN",,498,1.10,216.7,1.19,73%,136.5,0.79,0.22,0.11,0.10,39%,21%,10/48,30,394,332,110,55,52,VCT 2025: Pacific Stage 2
"d4v41
PRX",(+1),402,1.10,199.2,1.16,74%,137.4,0.72,0.25,0.09,0.06,25%,12%,7/60,29,290,250,100,37,24,VCT 2025: Pacific Stage 2
"Dep
ZETA",(+2),238,1.08,218.8,1.07,71%,141.8,0.77,0.19,0.13,0.10,33%,13%,4/30,22,183,171,45,30,24,VCT 2025: Pacific Stage 2
"Karon
GEN",,305,1.07,197.5,1.05,74%,124.5,0.71,0.47,0.10,0.06,35%,21%,7/33,23,216,206,144,29,19,VCT 2025: Pacific Stage 2
"f0rsakeN
PRX",(+1),402,1.07,213.7,1.12,75%,139.7,0.76,0.36,0.11,0.12,31%,37%,7/19,27,307,275,144,46,49,VCT 2025: Pacific Stage 2
"xffero
RRQ",(+2),696,1.06,190.9,1.11,70%,125.6,0.69,0.24,0.07,0.05,29%,20%,22/109,25,482,435,167,47,36,VCT 2025: Pacific Stage 2
"dos9
BME",(+1),235,1.06,204.6,1.06,75%,126.0,0.72,0.39,0.08,0.09,29%,14%,5/37,25,169,160,92,18,20,VCT 2025: Pacific Stage 2
"Dambi
NS",(+1),400,1.06,228.9,1.09,72%,141.2,0.79,0.22,0.19,0.16,24%,25%,4/16,23,314,289,89,74,65,VCT 2025: Pacific Stage 2
"Flashback
DRX",(+1),333,1.06,203.6,1.16,71%,134.8,0.74,0.18,0.09,0.08,33%,13%,6/47,24,247,213,61,31,27,VCT 2025: Pacific Stage 2
"Monyet
RRQ",(+3),696,1.06,220.5,1.08,73%,141.3,0.75,0.35,0.13,0.14,28%,22%,11/51,24,522,485,244,89,98,VCT 2025: Pacific Stage 2
"MaKo
DRX",,333,1.05,197.9,1.03,72%,128.4,0.67,0.36,0.09,0.12,27%,11%,4/37,22,222,216,119,31,39,VCT 2025: Pacific Stage 2
"SugarZ3ro
ZETA",,238,1.05,204.4,0.99,70%,132.2,0.73,0.35,0.07,0.06,31%,17%,5/30,23,173,174,83,16,15,VCT 2025: Pacific Stage 2
"Ash
GEN",,305,1.05,185.3,1.10,75%,121.1,0.67,0.23,0.05,0.04,29%,17%,7/42,18,204,186,71,14,13,VCT 2025: Pacific Stage 2
"Persia
NS",,400,1.04,184.2,1.04,74%,116.4,0.67,0.39,0.08,0.08,29%,15%,9/60,27,266,257,157,30,31,VCT 2025: Pacific Stage 2
"Meteor
T1",(+1),442,1.04,222.0,1.06,71%,141.6,0.76,0.29,0.10,0.09,29%,6%,3/51,24,338,318,126,44,40,VCT 2025: Pacific Stage 2
"UdoTan
GE",,241,1.04,234.5,1.10,66%,152.5,0.82,0.14,0.16,0.16,22%,22%,5/23,29,198,180,34,38,38,VCT 2025: Pacific Stage 2
"gyen
DFM",,274,1.02,190.1,1.03,69%,123.6,0.68,0.25,0.09,0.11,34%,14%,5/35,19,185,179,69,25,29,VCT 2025: Pacific Stage 2
"invy
TS",(+3),256,1.02,203.9,0.94,68%,136.5,0.72,0.22,0.08,0.06,30%,8%,3/38,28,184,195,56,21,15,VCT 2025: Pacific Stage 2
"Kr1stal
GE",(+1),241,1.01,198.3,0.94,69%,130.4,0.68,0.23,0.09,0.09,28%,30%,6/20,21,164,174,56,22,21,VCT 2025: Pacific Stage 2
"Killua
TLN",,498,1.01,199.9,1.05,74%,133.7,0.73,0.21,0.08,0.08,41%,18%,9/49,27,366,349,103,41,40,VCT 2025: Pacific Stage 2
"Francis
NS",(+3),400,1.01,199.3,0.99,72%,129.4,0.69,0.36,0.08,0.10,26%,13%,5/38,27,275,278,144,30,38,VCT 2025: Pacific Stage 2
"thyy
TLN",(+2),498,1.01,222.4,1.07,71%,140.4,0.79,0.20,0.15,0.12,30%,18%,7/39,25,391,364,101,77,58,VCT 2025: Pacific Stage 2
"t3xture
GEN",,305,1.00,215.4,1.05,67%,138.0,0.75,0.17,0.17,0.14,26%,16%,4/25,24,228,217,51,53,44,VCT 2025: Pacific Stage 2
"Foxy9
GEN",,305,0.99,187.1,1.05,71%,124.9,0.67,0.18,0.09,0.07,33%,10%,2/21,19,204,194,54,28,22,VCT 2025: Pacific Stage 2
"Xdll
ZETA",(+1),238,0.99,186.2,0.95,66%,122.1,0.69,0.23,0.08,0.09,34%,14%,4/28,26,164,173,54,18,21,VCT 2025: Pacific Stage 2
"n1zzy
TS",(+4),256,0.98,189.6,0.91,67%,130.2,0.68,0.18,0.11,0.11,39%,20%,9/45,22,173,190,45,29,29,VCT 2025: Pacific Stage 2
"Rb
NS",(+2),400,0.98,187.0,0.97,68%,125.5,0.67,0.25,0.10,0.10,28%,14%,8/56,27,266,274,101,39,38,VCT 2025: Pacific Stage 2
"JitBoyS
TLN",(+3),498,0.97,184.7,1.00,72%,118.7,0.65,0.25,0.07,0.10,35%,10%,6/63,23,325,326,125,37,52,VCT 2025: Pacific Stage 2
"BuZz
T1",,442,0.97,201.6,1.02,67%,129.4,0.72,0.16,0.14,0.14,22%,7%,4/54,33,320,313,72,60,61,VCT 2025: Pacific Stage 2
"free1ng
DRX",(+1),333,0.96,185.4,0.96,71%,120.6,0.64,0.28,0.08,0.10,35%,21%,8/39,20,213,223,94,28,33,VCT 2025: Pacific Stage 2
"Jinboong
DFM",(+2),274,0.96,186.9,0.95,69%,122.3,0.64,0.19,0.08,0.07,33%,18%,5/28,23,176,186,52,23,18,VCT 2025: Pacific Stage 2
"ban
GE",(+2),241,0.95,205.8,0.98,66%,135.0,0.72,0.20,0.13,0.13,30%,9%,3/32,21,174,178,47,31,31,VCT 2025: Pacific Stage 2
"Ivy
NS",,400,0.95,178.9,0.96,70%,114.7,0.64,0.21,0.07,0.07,28%,4%,2/46,23,256,267,85,26,28,VCT 2025: Pacific Stage 2
"Munchkin
GEN",,305,0.94,200.9,0.97,70%,129.4,0.67,0.32,0.14,0.13,23%,6%,2/32,24,203,209,99,42,41,VCT 2025: Pacific Stage 2
"crazyguy
RRQ",(+5),696,0.94,176.9,0.89,73%,115.9,0.61,0.39,0.06,0.07,28%,11%,10/93,24,423,473,270,45,50,VCT 2025: Pacific Stage 2
"PatMen
PRX",,402,0.93,172.0,0.95,72%,116.4,0.63,0.29,0.05,0.06,31%,10%,4/40,25,253,267,118,21,25,VCT 2025: Pacific Stage 2
"iZu
T1",,442,0.92,212.4,0.98,65%,136.6,0.72,0.24,0.13,0.14,25%,13%,4/32,29,319,326,104,56,63,VCT 2025: Pacific Stage 2
"Akame
DFM",(+3),274,0.92,203.5,0.93,72%,133.2,0.69,0.25,0.11,0.12,29%,20%,4/20,23,188,203,68,31,34,VCT 2025: Pacific Stage 2
"BerserX
BME",(+2),235,0.92,186.5,0.94,68%,118.3,0.66,0.14,0.12,0.10,23%,7%,3/44,24,155,165,34,28,23,VCT 2025: Pacific Stage 2
"Shiro
BME",,235,0.91,187.5,0.86,71%,127.3,0.64,0.31,0.11,0.11,25%,14%,3/22,21,151,176,72,27,26,VCT 2025: Pacific Stage 2
"Crws
TLN",(+2),498,0.90,164.6,0.86,73%,109.9,0.55,0.33,0.08,0.09,24%,17%,10/58,28,276,320,162,42,43,VCT 2025: Pacific Stage 2
"kellyS
TS",(+4),256,0.90,187.2,0.83,68%,125.6,0.64,0.22,0.08,0.13,19%,4%,1/28,25,163,197,56,21,33,VCT 2025: Pacific Stage 2
"Kushy
RRQ",(+2),696,0.89,168.8,0.85,71%,111.9,0.57,0.25,0.06,0.08,32%,16%,11/67,23,396,467,177,44,58,VCT 2025: Pacific Stage 2
"Papi
GE",(+1),241,0.88,170.8,0.86,71%,113.6,0.58,0.29,0.06,0.06,27%,6%,2/33,17,140,163,71,14,14,VCT 2025: Pacific Stage 2
"stax
T1",,442,0.88,158.6,0.84,68%,107.9,0.56,0.24,0.03,0.06,29%,16%,10/64,21,246,292,108,15,27,VCT 2025: Pacific Stage 2
"CLZ
ZETA",(+4),238,0.85,161.3,0.81,68%,108.3,0.58,0.23,0.06,0.06,35%,24%,9/37,22,138,171,54,15,14,VCT 2025: Pacific Stage 2
"TenTen
ZETA",(+2),238,0.84,194.9,0.85,64%,130.8,0.66,0.21,0.13,0.23,17%,10%,2/20,22,157,185,51,30,55,VCT 2025: Pacific Stage 2
"yoman
GE",(+3),241,0.83,157.9,0.80,71%,104.0,0.57,0.30,0.07,0.06,27%,18%,7/38,22,137,171,72,18,14,VCT 2025: Pacific Stage 2
"Famouz
BME",(+1),235,0.82,197.4,0.84,64%,126.7,0.66,0.15,0.12,0.12,18%,5%,1/22,18,156,185,35,29,29,VCT 2025: Pacific Stage 2
"Estrella
DRX",(+2),333,0.81,152.2,0.74,71%,99.4,0.49,0.39,0.05,0.10,27%,19%,5/26,18,164,223,131,15,33,VCT 2025: Pacific Stage 2
"NcSlasher
BME",(+2),235,0.78,159.9,0.75,65%,106.1,0.56,0.30,0.06,0.09,24%,4%,1/24,19,132,175,71,15,20,VCT 2025: Pacific Stage 2
"ZesBeeW
TS",,195,0.76,151.4,0.72,64%,101.2,0.55,0.31,0.08,0.17,24%,20%,5/25,28,107,148,61,16,34,VCT 2025: Pacific Stage 2
"Wild0reoo
TS",(+2),256,0.76,162.9,0.70,63%,107.5,0.55,0.27,0.06,0.15,34%,26%,6/23,23,140,199,70,15,39,VCT 2025: Pacific Stage 2
"JessieVash
TS",,61,0.75,141.7,0.70,59%,103.7,0.49,0.16,0.03,0.03,32%,,0/11,16,30,43,10,2,2,VCT 2025: Pacific Stage 2
"SSeeS
DFM",,274,0.66,122.5,0.64,63%,81.5,0.43,0.20,0.05,0.10,25%,15%,6/41,12,117,182,54,13,28,VCT 2025: Pacific Stage 2
"stew
JDG",(+2),308,1.20,262.4,1.22,74%,169.1,0.93,0.18,0.22,0.15,36%,,,35,286,234,54,68,47,VCT 2025: China Stage 2
"slowly
TYL",(+2),345,1.20,231.2,1.24,70%,151.7,0.83,0.24,0.17,0.15,32%,,,31,286,230,83,60,51,VCT 2025: China Stage 2
"Ezeir
NOVA",,299,1.19,226.1,1.10,74%,143.0,0.76,0.42,0.10,0.07,20%,,,26,228,207,127,29,21,VCT 2025: China Stage 2
"whzy
BLG",,543,1.18,251.8,1.24,71%,160.4,0.90,0.20,0.19,0.17,29%,,,30,491,395,110,102,92,VCT 2025: China Stage 2
"rushia
BLG",(+1),543,1.17,213.2,1.15,77%,138.7,0.74,0.41,0.08,0.10,23%,,,25,400,348,224,46,55,VCT 2025: China Stage 2
"happywei
XLG",(+1),397,1.15,248.8,1.23,75%,161.9,0.84,0.28,0.12,0.10,29%,,,24,333,270,113,36,29,VCT 2025: China Stage 2
"Shr1mp
AG",(+1),411,1.15,205.9,1.14,75%,135.5,0.74,0.31,0.07,0.06,26%,,,23,304,266,129,24,21,VCT 2025: China Stage 2
"nephh
BLG",(+2),543,1.15,199.2,1.08,78%,125.1,0.69,0.55,0.08,0.07,21%,,,29,374,346,296,43,39,VCT 2025: China Stage 2
"Kai
TE",(+3),333,1.14,251.2,1.23,67%,156.3,0.90,0.17,0.20,0.13,27%,,,29,299,244,55,65,43,VCT 2025: China Stage 2
"Life
FPX",(+1),312,1.12,229.6,1.17,70%,146.8,0.81,0.15,0.20,0.20,30%,,,24,252,215,46,53,52,VCT 2025: China Stage 2
"Knight
BLG",,543,1.12,204.3,1.18,73%,129.6,0.73,0.23,0.08,0.06,27%,,,27,397,336,125,43,35,VCT 2025: China Stage 2
"vo0kashu
DRG",(+1),578,1.11,214.2,1.18,77%,142.3,0.77,0.22,0.08,0.05,31%,,,25,444,376,126,45,31,VCT 2025: China Stage 2
"Rarga
XLG",(+2),397,1.11,228.5,1.09,72%,153.0,0.80,0.23,0.16,0.12,34%,,,27,316,289,93,49,35,VCT 2025: China Stage 2
"Scales
TYL",(+1),345,1.08,220.4,1.12,70%,138.9,0.75,0.19,0.11,0.09,36%,,,22,260,233,67,39,31,VCT 2025: China Stage 2
"ZmjjKK
EDG",(+1),546,1.07,238.3,1.12,68%,151.2,0.84,0.21,0.17,0.18,23%,,,31,457,408,115,95,101,VCT 2025: China Stage 2
"K1ra
AG",,411,1.07,210.4,1.10,76%,136.0,0.72,0.30,0.13,0.11,26%,,,26,295,267,125,48,39,VCT 2025: China Stage 2
"AAAAY
FPX",,312,1.07,183.3,1.06,75%,125.9,0.66,0.22,0.06,0.06,41%,,,24,205,193,69,17,16,VCT 2025: China Stage 2
"Flex1n
DRG",,578,1.06,190.5,1.03,77%,118.7,0.68,0.47,0.06,0.09,28%,,,21,391,378,269,37,50,VCT 2025: China Stage 2
"MarT1n
TE",(+1),333,1.04,193.4,1.08,71%,123.7,0.70,0.22,0.07,0.07,32%,,,26,233,216,74,23,23,VCT 2025: China Stage 2
"Autumn
FPX",(+4),312,1.04,195.7,1.02,71%,132.2,0.70,0.22,0.08,0.09,31%,,,24,218,213,70,20,24,VCT 2025: China Stage 2
"yosemite
FPX",(+2),312,1.03,195.4,1.00,72%,130.3,0.67,0.24,0.09,0.05,24%,,,23,209,208,74,23,14,VCT 2025: China Stage 2
"nobody
EDG",(+3),546,1.03,204.1,1.07,70%,137.3,0.73,0.23,0.10,0.10,34%,,,26,400,375,127,52,57,VCT 2025: China Stage 2
"Jieni7
EDG",(+2),444,1.02,210.5,1.03,71%,132.8,0.73,0.33,0.11,0.08,29%,,,24,324,315,148,49,36,VCT 2025: China Stage 2
"Viva
XLG",,397,1.02,175.2,1.01,79%,121.6,0.62,0.31,0.04,0.06,29%,,,24,247,244,122,13,17,VCT 2025: China Stage 2
"Nicc
DRG",(+1),578,1.02,191.3,0.98,75%,130.8,0.67,0.38,0.04,0.05,35%,,,23,389,397,220,26,29,VCT 2025: China Stage 2
"NoMan
XLG",(+4),397,1.01,190.2,1.03,70%,129.5,0.68,0.17,0.13,0.13,33%,,,23,269,261,68,38,38,VCT 2025: China Stage 2
"Smoggy
EDG",(+3),546,1.01,192.2,0.99,74%,125.1,0.68,0.32,0.06,0.05,31%,,,24,371,373,174,34,26,VCT 2025: China Stage 2
"Spitfires
AG",(+1),411,1.00,226.3,1.11,69%,141.7,0.80,0.18,0.16,0.15,28%,,,28,330,298,75,58,54,VCT 2025: China Stage 2
"Haodong
TEC",,232,1.00,187.1,0.98,71%,121.6,0.67,0.32,0.08,0.09,33%,,,22,155,158,75,18,20,VCT 2025: China Stage 2
"Spring
WOL",(+4),258,1.00,206.0,0.90,66%,136.9,0.69,0.29,0.11,0.14,28%,,,25,178,198,75,29,35,VCT 2025: China Stage 2
"SpiritZ1
DRG",,578,0.98,225.4,1.02,66%,147.8,0.78,0.23,0.18,0.17,34%,,,29,450,442,134,104,96,VCT 2025: China Stage 2
"Abo
TEC",(+3),232,0.98,190.8,0.99,68%,127.0,0.71,0.19,0.08,0.09,37%,,,23,164,165,45,19,22,VCT 2025: China Stage 2
"Coco
TEC",(+1),232,0.97,199.1,0.92,69%,134.3,0.68,0.30,0.08,0.06,34%,,,20,158,172,69,19,13,VCT 2025: China Stage 2
"GuanG
NOVA",(+1),299,0.97,204.2,1.03,72%,131.7,0.72,0.13,0.09,0.06,25%,,,23,216,209,38,28,19,VCT 2025: China Stage 2
"cb
NOVA",(+3),299,0.97,189.4,0.94,71%,127.3,0.67,0.26,0.11,0.13,28%,,,34,201,214,79,34,40,VCT 2025: China Stage 2
"HanChe
AG",,359,0.96,174.6,0.94,70%,123.6,0.60,0.25,0.09,0.08,26%,,,25,216,231,91,32,29,VCT 2025: China Stage 2
"CHICHOO
EDG",(+1),546,0.96,176.2,0.99,71%,118.5,0.63,0.21,0.07,0.08,28%,,,24,344,349,113,36,45,VCT 2025: China Stage 2
"BerLIN
FPX",,312,0.96,166.9,0.85,72%,106.9,0.57,0.36,0.06,0.11,28%,,,19,178,209,112,17,29,VCT 2025: China Stage 2
"Ninebody
TYL",(+3),345,0.96,200.5,0.99,67%,131.3,0.69,0.21,0.12,0.10,28%,,,20,237,240,71,42,34,VCT 2025: China Stage 2
"lucas
TEC",,232,0.96,182.8,0.91,69%,121.4,0.64,0.24,0.11,0.09,28%,,,21,148,162,55,25,20,VCT 2025: China Stage 2
"Lysoar
WOL",(+2),258,0.96,200.4,0.95,70%,130.4,0.72,0.23,0.06,0.06,27%,,,25,187,197,60,15,15,VCT 2025: China Stage 2
"FengF
TE",(+1),333,0.95,183.5,0.92,70%,120.4,0.64,0.23,0.11,0.12,28%,,,21,213,232,75,38,41,VCT 2025: China Stage 2
"jkuro
JDG",,308,0.94,183.1,0.91,69%,116.3,0.67,0.31,0.08,0.11,32%,,,21,205,226,95,26,34,VCT 2025: China Stage 2
"coconut
XLG",,397,0.94,166.1,0.91,73%,112.2,0.59,0.44,0.06,0.08,28%,,,20,233,256,174,19,24,VCT 2025: China Stage 2
"sword9
TYL",,345,0.93,171.1,0.92,73%,115.9,0.62,0.30,0.05,0.07,26%,,,23,213,232,102,18,25,VCT 2025: China Stage 2
"Levius
BLG",(+1),543,0.91,176.9,0.91,71%,119.3,0.61,0.24,0.06,0.10,24%,,,26,329,362,133,35,53,VCT 2025: China Stage 2
"LuoK1ng
TE",,333,0.90,174.3,0.84,74%,108.1,0.60,0.43,0.11,0.06,31%,,,23,200,237,143,35,21,VCT 2025: China Stage 2
"deLb
AG",(+2),411,0.90,178.0,0.97,74%,112.4,0.66,0.28,0.07,0.08,36%,,,21,270,277,117,26,28,VCT 2025: China Stage 2
"SWERL
NOVA",,299,0.89,197.1,0.94,69%,131.9,0.71,0.18,0.14,0.15,27%,,,24,212,226,53,42,44,VCT 2025: China Stage 2
"Yoyo
TYL",(+3),345,0.89,185.2,0.88,71%,125.5,0.63,0.29,0.07,0.06,27%,,,21,216,246,101,23,22,VCT 2025: China Stage 2
"SiuFatBB
WOL",,258,0.88,148.9,0.75,66%,103.4,0.52,0.32,0.02,0.09,29%,,,23,135,181,82,5,22,VCT 2025: China Stage 2
"monk
NOVA",,124,0.87,167.7,0.72,64%,108.4,0.55,0.39,0.06,0.08,24%,,,15,68,94,48,8,10,VCT 2025: China Stage 2
"Z1yan
JDG",(+4),308,0.86,181.0,0.88,69%,114.8,0.64,0.21,0.09,0.09,36%,,,22,197,225,64,27,28,VCT 2025: China Stage 2
"Akeman
DRG",,578,0.84,193.1,0.85,66%,127.2,0.66,0.25,0.12,0.16,27%,,,25,380,447,146,69,91,VCT 2025: China Stage 2
"Babyblue
JDG",,308,0.82,154.5,0.76,69%,104.9,0.54,0.27,0.05,0.05,29%,,,18,165,218,83,14,15,VCT 2025: China Stage 2
"TvirusLuke
TEC",,232,0.81,184.7,0.84,62%,124.1,0.66,0.16,0.13,0.20,24%,,,26,152,180,38,30,46,VCT 2025: China Stage 2
"Biank
TE",,333,0.80,162.1,0.73,68%,109.9,0.53,0.31,0.04,0.09,21%,,,17,177,241,104,14,30,VCT 2025: China Stage 2
"Yuicaw
WOL",(+5),258,0.80,156.7,0.67,66%,109.9,0.53,0.31,0.07,0.13,32%,,,21,136,202,80,19,33,VCT 2025: China Stage 2
"Juicy
WOL",(+1),258,0.80,174.8,0.78,66%,112.3,0.62,0.19,0.16,0.17,24%,,,19,159,203,50,40,45,VCT 2025: China Stage 2
"kklin
JDG",(+1),308,0.77,162.5,0.73,61%,110.0,0.56,0.19,0.07,0.09,28%,,,20,171,233,58,21,28,VCT 2025: China Stage 2
"zjc
EDG",(+1),102,0.76,158.8,0.68,70%,101.6,0.54,0.41,0.07,0.06,37%,,,14,55,81,42,7,6,VCT 2025: China Stage 2
"o0o0o
NOVA",(+1),175,0.73,138.8,0.69,73%,90.1,0.47,0.32,0.06,0.07,30%,,,13,83,120,56,11,13,VCT 2025: China Stage 2
"XiYiJi
AG",,52,,118.0,0.62,,,0.44,0.15,,,,,,10,23,37,8,0,0,VCT 2025: China Stage 2
"trent
G2",,663,1.24,212.6,1.29,79%,145.8,0.76,0.33,0.07,0.06,26%,27%,28/102,28,505,391,222,49,38,VCT 2025: Americas Stage 1
"lukxo
LOUD",(+1),203,1.23,270.4,1.34,67%,172.8,0.96,0.23,0.17,0.09,31%,31%,5/16,27,195,145,46,35,18,VCT 2025: Americas Stage 1
"Cryocells
100T",(+2),408,1.23,235.4,1.31,74%,157.9,0.89,0.23,0.11,0.10,27%,15%,7/47,30,363,277,94,45,42,VCT 2025: Americas Stage 1
"aspas
MIBR",,500,1.19,241.4,1.35,74%,152.3,0.87,0.14,0.19,0.15,27%,29%,12/41,30,436,323,69,97,74,VCT 2025: Americas Stage 1
"Verno
MIBR",,500,1.18,201.0,1.26,77%,136.7,0.71,0.29,0.05,0.05,25%,22%,16/73,22,355,281,146,26,24,VCT 2025: Americas Stage 1
"johnqt
SEN",(+2),475,1.15,191.0,1.19,78%,128.1,0.69,0.42,0.04,0.05,25%,8%,6/76,22,327,275,199,21,22,VCT 2025: Americas Stage 1
"zekken
SEN",(+2),475,1.15,243.1,1.23,73%,150.9,0.86,0.24,0.20,0.17,28%,24%,8/34,26,409,332,113,97,81,VCT 2025: Americas Stage 1
"v1c
C9",(+1),367,1.15,203.4,1.14,77%,129.9,0.73,0.43,0.08,0.08,34%,16%,10/64,27,267,234,158,28,30,VCT 2025: Americas Stage 1
"pANcada
LOUD",(+1),307,1.15,214.9,1.14,75%,147.9,0.77,0.35,0.09,0.07,32%,8%,4/53,34,235,207,107,28,20,VCT 2025: Americas Stage 1
"leaf
G2",(+1),663,1.14,236.0,1.19,74%,153.6,0.83,0.29,0.13,0.10,23%,11%,7/66,29,547,460,195,88,65,VCT 2025: Americas Stage 1
"bang
SEN",,475,1.13,212.7,1.18,76%,131.9,0.76,0.40,0.11,0.08,35%,29%,10/34,22,359,305,189,50,39,VCT 2025: Americas Stage 1
"mada
NRG",(+1),275,1.11,239.6,1.11,69%,159.6,0.82,0.22,0.23,0.20,25%,5%,1/20,26,225,202,61,64,54,VCT 2025: Americas Stage 1
"keznit
KRÜ",(+1),323,1.11,238.9,1.12,71%,153.4,0.84,0.25,0.24,0.15,23%,19%,5/27,25,271,242,80,76,50,VCT 2025: Americas Stage 1
"Shyy
KRÜ",(+2),323,1.10,190.3,1.20,72%,130.2,0.73,0.19,0.07,0.06,25%,15%,7/48,26,236,197,62,23,19,VCT 2025: Americas Stage 1
"s0m
NRG",(+1),275,1.09,202.8,1.08,80%,136.3,0.72,0.45,0.08,0.09,30%,11%,4/35,25,199,184,125,21,24,VCT 2025: Americas Stage 1
"eeiu
100T",,408,1.08,189.8,1.03,76%,128.0,0.67,0.27,0.03,0.05,30%,15%,12/82,23,273,264,110,14,19,VCT 2025: Americas Stage 1
"Zap
2G",,45,1.07,205.0,1.10,71%,135.3,0.76,0.20,0.04,0.02,22%,22%,2/9,17,34,31,9,2,1,VCT 2025: Americas Stage 1
"Ethan
NRG",(+1),275,1.07,200.4,1.01,77%,128.3,0.69,0.37,0.08,0.07,22%,17%,3/18,24,191,189,103,23,18,VCT 2025: Americas Stage 1
"N4RRATE
SEN",(+3),475,1.07,205.4,1.03,76%,137.2,0.69,0.43,0.08,0.07,23%,14%,6/42,25,327,316,204,40,32,VCT 2025: Americas Stage 1
"Xeppaa
C9",(+1),367,1.07,206.4,1.09,73%,136.8,0.72,0.26,0.08,0.07,27%,26%,11/43,22,265,243,96,29,26,VCT 2025: Americas Stage 1
"Demon1
LEV",(+3),229,1.05,209.2,1.06,72%,139.4,0.76,0.29,0.12,0.11,38%,11%,4/36,22,175,165,66,27,25,VCT 2025: Americas Stage 1
"valyn
G2",(+1),663,1.05,200.9,1.08,76%,128.4,0.74,0.35,0.08,0.09,24%,17%,11/65,24,488,450,230,53,59,VCT 2025: Americas Stage 1
"Mazino
KRÜ",(+1),323,1.05,212.8,1.01,77%,138.9,0.75,0.35,0.08,0.09,27%,12%,4/33,23,243,241,114,25,28,VCT 2025: Americas Stage 1
"jawgemo
G2",,663,1.04,221.8,1.09,72%,138.8,0.78,0.23,0.17,0.15,23%,15%,6/41,27,514,471,150,116,102,VCT 2025: Americas Stage 1
"yay
EG",(+3),401,1.02,224.2,1.04,68%,147.3,0.82,0.16,0.18,0.13,34%,15%,6/40,27,327,314,64,71,53,VCT 2025: Americas Stage 1
"mitch
C9",,367,1.01,188.4,0.95,74%,127.5,0.66,0.41,0.06,0.08,22%,30%,12/40,25,242,255,152,21,28,VCT 2025: Americas Stage 1
"zander
100T",(+1),408,1.00,185.1,0.93,76%,121.1,0.64,0.44,0.09,0.10,23%,17%,7/41,28,262,283,179,37,39,VCT 2025: Americas Stage 1
"supamen
EG",(+1),401,1.00,196.3,1.00,69%,127.9,0.70,0.28,0.06,0.08,37%,18%,12/65,23,280,281,114,25,32,VCT 2025: Americas Stage 1
"brawk
NRG",,275,0.99,185.0,0.98,75%,126.7,0.67,0.31,0.04,0.07,19%,6%,2/35,19,183,186,84,12,18,VCT 2025: Americas Stage 1
"OXY
C9",(+1),367,0.99,236.4,1.01,71%,150.8,0.82,0.19,0.21,0.19,27%,21%,3/14,27,300,297,69,78,70,VCT 2025: Americas Stage 1
"xenom
MIBR",,500,0.99,183.1,1.07,73%,119.6,0.68,0.31,0.06,0.09,32%,16%,10/61,22,340,319,155,31,43,VCT 2025: Americas Stage 1
"icy
EG",(+2),401,0.99,220.3,1.03,72%,146.6,0.79,0.16,0.16,0.17,26%,23%,9/40,28,316,308,63,64,67,VCT 2025: Americas Stage 1
"cortezia
MIBR",(+1),500,0.98,196.4,1.05,71%,129.2,0.72,0.23,0.10,0.09,35%,14%,6/43,22,359,343,113,49,43,VCT 2025: Americas Stage 1
"Derrek
EG",,401,0.98,182.6,0.95,73%,128.6,0.64,0.26,0.04,0.05,30%,17%,10/59,22,256,269,103,17,20,VCT 2025: Americas Stage 1
"Melser
KRÜ",(+1),323,0.96,177.9,0.89,76%,117.9,0.62,0.36,0.08,0.09,25%,11%,5/44,18,199,223,117,27,29,VCT 2025: Americas Stage 1
"dgzin
LOUD",(+2),307,0.95,215.1,1.00,68%,136.0,0.75,0.19,0.19,0.17,30%,5%,1/19,32,230,230,59,59,52,VCT 2025: Americas Stage 1
"tex
LEV",(+1),229,0.95,198.5,0.98,70%,132.1,0.69,0.18,0.11,0.10,38%,13%,4/31,23,159,163,41,26,24,VCT 2025: Americas Stage 1
"lz
2G",,234,0.94,193.4,0.96,75%,120.4,0.71,0.38,0.09,0.11,40%,25%,8/32,25,165,171,90,21,25,VCT 2025: Americas Stage 1
"C0M
LEV",,229,0.93,170.4,0.86,76%,117.9,0.59,0.28,0.04,0.05,25%,16%,5/31,21,135,157,65,10,11,VCT 2025: Americas Stage 1
"Askia
2G",,234,0.92,194.0,0.94,65%,134.0,0.69,0.15,0.15,0.16,32%,17%,4/24,20,161,171,35,35,37,VCT 2025: Americas Stage 1
"JonahP
G2",(+1),663,0.92,162.3,0.82,75%,103.3,0.54,0.52,0.07,0.07,19%,11%,8/75,19,359,440,345,45,48,VCT 2025: Americas Stage 1
"Asuna
100T",(+1),408,0.92,201.7,0.87,71%,135.2,0.68,0.29,0.17,0.18,24%,23%,5/22,21,278,318,119,69,74,VCT 2025: Americas Stage 1
"NaturE
EG",(+1),401,0.91,182.0,0.86,73%,118.1,0.62,0.41,0.05,0.07,23%,28%,11/39,20,250,292,166,22,30,VCT 2025: Americas Stage 1
"cauanzin
LOUD",,307,0.90,178.3,0.87,68%,122.2,0.60,0.23,0.06,0.11,23%,22%,5/23,18,184,212,71,17,35,VCT 2025: Americas Stage 1
"kiNgg
LEV",(+2),229,0.89,189.1,0.89,69%,123.0,0.65,0.24,0.14,0.17,28%,16%,3/19,22,148,167,56,31,38,VCT 2025: Americas Stage 1
"pryze
FUR",,236,0.89,168.3,0.83,67%,114.6,0.59,0.22,0.03,0.07,27%,23%,9/40,23,140,168,52,7,16,VCT 2025: Americas Stage 1
"tuyz
LOUD",(+2),243,0.88,161.1,0.85,71%,110.7,0.56,0.35,0.05,0.05,30%,12%,6/50,16,137,162,85,11,13,VCT 2025: Americas Stage 1
"adverso
KRÜ",,323,0.88,166.8,0.82,70%,116.8,0.56,0.26,0.06,0.08,20%,19%,5/26,18,181,220,85,19,27,VCT 2025: Americas Stage 1
"Rossy
LEV",(+1),229,0.87,174.6,0.83,71%,115.1,0.62,0.37,0.06,0.10,29%,14%,3/22,19,143,173,85,13,23,VCT 2025: Americas Stage 1
"Khalil
FUR",(+1),236,0.87,175.8,0.84,68%,116.4,0.62,0.21,0.06,0.10,27%,14%,5/35,23,147,176,50,15,24,VCT 2025: Americas Stage 1
"Zellsis
SEN",(+1),475,0.87,173.3,0.87,67%,114.5,0.59,0.26,0.08,0.11,24%,15%,7/48,21,281,322,122,40,54,VCT 2025: Americas Stage 1
"gobera
2G",,234,0.86,177.7,0.86,66%,126.0,0.62,0.18,0.07,0.10,28%,3%,1/36,21,146,170,43,17,23,VCT 2025: Americas Stage 1
"neT
C9",(+1),367,0.85,169.6,0.88,70%,107.3,0.61,0.19,0.08,0.08,29%,10%,4/41,23,223,252,68,28,28,VCT 2025: Americas Stage 1
"PxS
2G",(+1),189,0.81,164.4,0.75,75%,105.9,0.56,0.40,0.08,0.11,28%,24%,7/29,16,106,141,76,15,21,VCT 2025: Americas Stage 1
"silentzz
2G",,234,0.81,188.5,0.82,66%,127.2,0.65,0.17,0.07,0.09,37%,9%,2/23,21,152,185,39,17,20,VCT 2025: Americas Stage 1
"artzin
MIBR",,500,0.80,182.5,0.78,69%,118.6,0.60,0.39,0.10,0.12,23%,13%,4/32,22,299,383,197,52,61,VCT 2025: Americas Stage 1
"heat
FUR",(+2),236,0.80,166.4,0.81,61%,116.2,0.62,0.16,0.06,0.08,41%,12%,5/43,23,146,180,38,15,19,VCT 2025: Americas Stage 1
"FiNESSE
NRG",,275,0.77,150.7,0.69,67%,104.4,0.49,0.28,0.07,0.09,19%,8%,4/49,15,135,196,78,18,24,VCT 2025: Americas Stage 1
"Boostio
100T",(+1),408,0.75,152.4,0.68,65%,103.7,0.52,0.27,0.08,0.09,30%,5%,2/41,24,211,309,111,31,38,VCT 2025: Americas Stage 1
"havoc
FUR",(+1),236,0.73,184.6,0.78,60%,121.2,0.66,0.14,0.23,0.22,33%,,0/11,24,156,200,32,54,51,VCT 2025: Americas Stage 1
"raafa
FUR",,236,0.66,136.0,0.60,66%,91.0,0.45,0.36,0.04,0.11,20%,8%,2/26,18,106,178,86,9,26,VCT 2025: Americas Stage 1
"v1nny
LOUD",,168,0.65,129.3,0.57,72%,85.8,0.44,0.45,0.02,0.09,28%,7%,1/15,15,74,130,76,4,15,VCT 2025: Americas Stage 1
"kaajak
FNC",(+1),489,1.24,249.9,1.38,76%,160.6,0.89,0.19,0.19,0.12,30%,10%,3/31,28,435,316,95,91,59,VCT 2025: EMEA Stage 1
"marteen
KC",,326,1.22,245.3,1.31,74%,159.2,0.87,0.22,0.16,0.13,33%,28%,8/29,27,283,216,73,52,42,VCT 2025: EMEA Stage 1
"SUYGETSU
KC",,326,1.11,195.3,1.20,77%,129.7,0.73,0.32,0.08,0.09,41%,8%,4/48,26,237,198,105,25,29,VCT 2025: EMEA Stage 1
"sociablEE
BBL",(+3),489,1.11,212.6,1.22,72%,142.4,0.79,0.20,0.09,0.07,26%,16%,10/64,40,385,316,97,41,33,VCT 2025: EMEA Stage 1
"MiniBoo
TH",(+1),447,1.10,241.0,1.20,72%,151.3,0.85,0.22,0.20,0.15,34%,32%,7/22,23,379,317,99,89,68,VCT 2025: EMEA Stage 1
"keiko
TL",(+2),489,1.09,213.8,1.10,72%,141.6,0.77,0.24,0.11,0.07,39%,15%,7/48,25,377,343,116,54,35,VCT 2025: EMEA Stage 1
"RieNs
TH",(+1),447,1.09,207.1,1.13,78%,139.5,0.74,0.36,0.08,0.07,39%,16%,8/50,29,329,292,161,35,31,VCT 2025: EMEA Stage 1
"PROFEK
BBL",(+2),489,1.09,209.8,1.08,75%,136.7,0.74,0.43,0.08,0.06,27%,4%,2/47,37,361,334,208,37,30,VCT 2025: EMEA Stage 1
"crashies
FNC",,489,1.09,190.6,1.14,76%,128.8,0.68,0.32,0.05,0.06,33%,24%,13/54,26,334,294,158,26,29,VCT 2025: EMEA Stage 1
"nAts
TL",,489,1.08,216.0,1.15,70%,141.8,0.77,0.22,0.14,0.09,26%,12%,7/58,23,376,328,106,68,44,VCT 2025: EMEA Stage 1
"Wo0t
TH",(+3),447,1.08,222.0,1.16,73%,141.8,0.80,0.20,0.13,0.10,33%,22%,7/32,26,356,308,90,58,44,VCT 2025: EMEA Stage 1
"CyvOph
VIT",(+1),277,1.07,209.5,1.06,71%,127.7,0.73,0.33,0.08,0.08,32%,6%,2/36,23,203,191,91,21,23,VCT 2025: EMEA Stage 1
"Shao
NAVI",(+2),423,1.07,194.7,1.07,75%,133.7,0.69,0.26,0.06,0.05,33%,18%,12/68,26,291,271,108,25,23,VCT 2025: EMEA Stage 1
"florescent
APK",(+1),255,1.07,235.8,1.11,67%,151.7,0.85,0.20,0.16,0.16,35%,8%,2/24,27,216,195,51,41,40,VCT 2025: EMEA Stage 1
"kamyk
M8",(+1),285,1.07,205.2,1.04,72%,141.0,0.76,0.32,0.05,0.07,34%,11%,4/36,34,218,210,92,14,21,VCT 2025: EMEA Stage 1
"Ruxic
NAVI",(+1),423,1.06,210.4,1.05,76%,136.6,0.73,0.34,0.10,0.10,32%,12%,6/51,29,308,292,145,44,44,VCT 2025: EMEA Stage 1
"Chronicle
FNC",(+2),489,1.06,203.8,1.10,76%,131.1,0.70,0.31,0.10,0.09,23%,5%,3/55,25,341,309,153,49,43,VCT 2025: EMEA Stage 1
"MrFaliN
FUT",(+1),433,1.05,186.1,0.94,70%,126.0,0.63,0.39,0.09,0.09,23%,11%,6/57,38,273,290,171,35,36,VCT 2025: EMEA Stage 1
"benjyfishy
TH",(+1),447,1.05,197.5,1.15,74%,133.9,0.74,0.17,0.07,0.06,38%,16%,10/64,26,329,287,77,31,27,VCT 2025: EMEA Stage 1
"Minny
M8",(+1),285,1.05,190.7,1.02,68%,131.3,0.69,0.17,0.09,0.08,35%,10%,5/48,25,198,194,48,26,22,VCT 2025: EMEA Stage 1
"ara
GX",,106,1.04,229.8,1.09,77%,146.7,0.80,0.15,0.20,0.16,24%,,0/11,22,85,78,16,21,17,VCT 2025: EMEA Stage 1
"Avez
KC",(+2),326,1.03,204.4,1.07,71%,132.9,0.70,0.26,0.07,0.12,32%,12%,3/25,25,229,215,86,22,38,VCT 2025: EMEA Stage 1
"soulcas
MKOI",,230,1.03,190.6,1.00,73%,127.7,0.70,0.20,0.07,0.03,35%,16%,5/31,23,160,160,45,16,7,VCT 2025: EMEA Stage 1
"LewN
BBL",(+2),489,1.03,221.0,1.10,70%,148.4,0.79,0.18,0.20,0.18,32%,19%,6/31,42,384,349,87,92,85,VCT 2025: EMEA Stage 1
"MAGNUM
BBL",(+4),489,1.03,197.1,1.05,74%,127.4,0.71,0.31,0.10,0.09,23%,15%,7/48,38,346,328,152,45,40,VCT 2025: EMEA Stage 1
"yetujey
FUT",(+2),433,1.03,189.5,1.07,69%,130.6,0.71,0.24,0.09,0.09,23%,8%,5/63,38,308,288,105,37,36,VCT 2025: EMEA Stage 1
"Cloud
GX",(+1),259,1.02,206.8,1.02,72%,137.2,0.76,0.24,0.11,0.10,28%,3%,1/35,23,198,194,61,29,26,VCT 2025: EMEA Stage 1
"hiro
NAVI",(+1),423,1.01,202.9,1.08,68%,135.7,0.74,0.18,0.06,0.10,31%,14%,6/42,26,315,292,75,27,44,VCT 2025: EMEA Stage 1
"xeus
FUT",(+2),433,1.00,233.0,1.08,67%,144.6,0.83,0.15,0.20,0.18,39%,4%,1/23,33,359,333,66,82,75,VCT 2025: EMEA Stage 1
"Alfajer
FNC",(+2),489,0.99,213.4,1.08,70%,142.7,0.77,0.16,0.12,0.10,30%,19%,8/43,26,378,350,79,61,51,VCT 2025: EMEA Stage 1
"MOLSI
APK",,255,0.99,194.4,0.97,72%,125.6,0.69,0.35,0.06,0.08,29%,8%,3/36,25,177,183,89,16,20,VCT 2025: EMEA Stage 1
"koalanoob
NAVI",(+1),423,0.99,210.3,1.00,70%,133.8,0.72,0.20,0.19,0.14,21%,9%,3/35,24,306,307,86,81,59,VCT 2025: EMEA Stage 1
"AtaKaptan
FUT",(+1),433,0.99,184.9,0.89,72%,120.7,0.64,0.46,0.07,0.07,31%,20%,9/44,31,276,309,200,29,28,VCT 2025: EMEA Stage 1
"Jamppi
BBL",(+1),489,0.98,180.8,0.96,73%,115.1,0.64,0.40,0.05,0.08,23%,13%,7/54,20,313,325,195,25,37,VCT 2025: EMEA Stage 1
"westside
GX",,259,0.97,192.2,0.99,66%,124.3,0.72,0.19,0.07,0.08,42%,7%,3/42,23,186,187,48,19,20,VCT 2025: EMEA Stage 1
"Kicks
VIT",(+1),277,0.97,167.6,0.88,71%,110.0,0.60,0.43,0.04,0.09,23%,21%,6/29,26,165,188,118,10,24,VCT 2025: EMEA Stage 1
"Boo
TH",(+1),447,0.96,163.9,0.92,76%,103.6,0.57,0.40,0.08,0.06,33%,13%,8/62,23,255,277,177,37,26,VCT 2025: EMEA Stage 1
"Less
VIT",,277,0.95,189.2,1.01,68%,123.8,0.68,0.18,0.06,0.08,32%,11%,4/37,26,188,187,50,16,23,VCT 2025: EMEA Stage 1
"paTiTek
TL",(+2),489,0.95,176.3,0.93,73%,116.7,0.62,0.27,0.07,0.05,25%,9%,5/53,23,303,327,134,35,24,VCT 2025: EMEA Stage 1
"Elite
KC",(+2),326,0.95,172.2,0.91,71%,114.8,0.60,0.23,0.06,0.06,33%,14%,6/43,20,194,213,75,21,18,VCT 2025: EMEA Stage 1
"kamo
TL",(+2),489,0.94,209.3,1.01,69%,135.3,0.74,0.16,0.18,0.16,30%,19%,7/36,23,361,357,80,86,77,VCT 2025: EMEA Stage 1
"Derke
VIT",(+1),277,0.93,208.5,0.92,64%,133.4,0.69,0.22,0.21,0.24,23%,21%,4/19,20,192,209,61,59,67,VCT 2025: EMEA Stage 1
"Boaster
FNC",(+1),489,0.93,161.7,0.93,72%,106.6,0.56,0.35,0.07,0.09,24%,26%,11/43,29,276,298,173,35,45,VCT 2025: EMEA Stage 1
"Filu
MKOI",(+1),230,0.93,206.9,0.94,64%,130.2,0.73,0.21,0.16,0.15,26%,15%,3/20,21,169,180,48,36,35,VCT 2025: EMEA Stage 1
"Flickless
GX",,106,0.93,172.4,0.90,74%,116.5,0.61,0.38,0.05,0.12,33%,20%,1/5,19,65,72,40,5,13,VCT 2025: EMEA Stage 1
"Serial
TL",(+1),489,0.92,167.0,0.89,70%,114.0,0.59,0.28,0.05,0.08,37%,14%,9/64,18,289,325,139,25,37,VCT 2025: EMEA Stage 1
"sheydos
MKOI",(+3),230,0.92,169.4,0.92,68%,116.1,0.61,0.15,0.04,0.07,30%,14%,5/37,21,141,153,34,10,17,VCT 2025: EMEA Stage 1
"runneR
GX",(+1),195,0.92,173.7,0.79,68%,120.4,0.58,0.38,0.03,0.10,24%,28%,9/32,18,114,144,75,6,20,VCT 2025: EMEA Stage 1
"qRaxs
FUT",(+1),433,0.91,171.8,0.88,72%,113.8,0.63,0.36,0.06,0.06,26%,24%,12/50,40,273,310,156,26,26,VCT 2025: EMEA Stage 1
"Kada
M8",(+1),285,0.91,177.8,0.85,73%,119.0,0.63,0.36,0.09,0.08,31%,7%,3/41,26,179,210,103,27,24,VCT 2025: EMEA Stage 1
"saadhak
KC",(+2),326,0.89,183.1,0.82,75%,119.6,0.59,0.40,0.11,0.13,26%,20%,5/25,18,192,235,130,36,43,VCT 2025: EMEA Stage 1
"AvovA
APK",,255,0.88,167.0,0.76,70%,108.3,0.54,0.39,0.06,0.05,29%,18%,8/45,19,138,182,99,15,12,VCT 2025: EMEA Stage 1
"purp0
GX",(+3),217,0.88,173.1,0.78,68%,115.6,0.60,0.35,0.06,0.13,35%,15%,3/20,17,130,166,77,14,29,VCT 2025: EMEA Stage 1
"batujnax
APK",(+1),255,0.87,187.8,0.86,69%,122.1,0.65,0.24,0.11,0.11,27%,3%,1/33,27,167,194,60,27,29,VCT 2025: EMEA Stage 1
"Sayf
VIT",,277,0.86,165.2,0.82,68%,114.8,0.57,0.24,0.05,0.06,23%,14%,4/29,24,159,194,67,15,18,VCT 2025: EMEA Stage 1
"grubinho
MKOI",(+1),230,0.86,153.6,0.75,69%,104.2,0.56,0.31,0.10,0.13,32%,8%,3/36,19,129,171,72,24,29,VCT 2025: EMEA Stage 1
"flyuh
MKOI",(+1),230,0.84,189.7,0.80,71%,128.3,0.63,0.27,0.10,0.13,27%,8%,1/13,21,144,181,61,22,31,VCT 2025: EMEA Stage 1
"Zyppan
M8",,285,0.78,150.5,0.74,68%,108.9,0.53,0.22,0.06,0.11,27%,6%,2/31,22,150,204,62,18,32,VCT 2025: EMEA Stage 1
"ANGE1
NAVI",(+2),423,0.74,146.8,0.71,68%,100.2,0.51,0.22,0.08,0.10,34%,20%,8/41,18,215,302,93,32,43,VCT 2025: EMEA Stage 1
"Click
M8",(+2),285,0.72,187.9,0.78,64%,115.6,0.62,0.14,0.13,0.22,36%,20%,3/15,22,178,227,40,37,64,VCT 2025: EMEA Stage 1
"tomaszy
GX",(+1),153,0.65,146.0,0.61,61%,99.3,0.50,0.27,0.09,0.17,33%,7%,1/15,16,76,124,42,14,26,VCT 2025: EMEA Stage 1
"Governor
APK",,255,0.65,145.2,0.63,60%,98.0,0.48,0.20,0.08,0.13,27%,25%,5/20,17,122,195,50,20,34,VCT 2025: EMEA Stage 1
"invy
TS",(+2),271,1.26,237.2,1.27,73%,158.4,0.87,0.35,0.08,0.07,29%,10%,3/31,27,236,186,95,23,18,VCT 2025: Pacific Stage 1
"Jemkin
RRQ",(+1),573,1.22,253.9,1.30,73%,161.3,0.91,0.15,0.24,0.15,38%,18%,9/50,32,524,404,87,137,84,VCT 2025: Pacific Stage 1
"dos9
BME",(+2),344,1.19,212.2,1.18,75%,136.3,0.76,0.47,0.09,0.07,26%,29%,14/48,35,261,222,160,30,24,VCT 2025: Pacific Stage 1
"Jinggg
PRX",(+2),536,1.14,220.9,1.18,76%,145.4,0.79,0.32,0.10,0.08,26%,11%,7/62,31,422,359,171,53,43,VCT 2025: Pacific Stage 1
"Foxy9
GEN",(+2),360,1.12,207.8,1.25,78%,137.3,0.77,0.18,0.10,0.08,34%,29%,9/31,23,277,222,65,35,30,VCT 2025: Pacific Stage 1
"MaKo
DRX",,484,1.12,209.2,1.14,75%,135.8,0.73,0.37,0.10,0.09,26%,12%,7/59,29,352,308,178,47,42,VCT 2025: Pacific Stage 1
"HYUNMIN
DRX",(+1),484,1.12,238.3,1.20,73%,152.0,0.86,0.14,0.18,0.12,30%,11%,4/36,32,418,348,67,85,58,VCT 2025: Pacific Stage 1
"Akame
DFM",(+2),225,1.11,212.9,1.01,71%,142.8,0.76,0.30,0.14,0.11,32%,6%,2/34,32,172,171,68,31,25,VCT 2025: Pacific Stage 1
"primmie
TLN",(+2),392,1.11,229.8,1.20,72%,148.8,0.83,0.14,0.15,0.13,34%,13%,6/46,26,327,273,53,60,51,VCT 2025: Pacific Stage 1
"f0rsakeN
PRX",(+5),536,1.11,226.1,1.18,73%,142.9,0.80,0.31,0.15,0.15,29%,28%,10/36,26,430,364,168,78,82,VCT 2025: Pacific Stage 1
"t3xture
GEN",(+1),472,1.11,244.0,1.21,70%,154.8,0.86,0.18,0.17,0.18,28%,21%,6/28,29,407,336,86,79,84,VCT 2025: Pacific Stage 1
"Flashback
DRX",(+1),141,1.11,215.6,1.29,76%,139.4,0.79,0.17,0.18,0.07,24%,42%,5/12,25,111,86,24,25,10,VCT 2025: Pacific Stage 1
"Karon
GEN",(+1),472,1.08,207.7,1.10,75%,134.3,0.73,0.39,0.07,0.06,31%,19%,10/53,24,345,313,184,33,27,VCT 2025: Pacific Stage 1
"Munchkin
GEN",(+2),472,1.07,198.8,1.05,74%,130.3,0.69,0.39,0.12,0.10,24%,9%,6/65,29,324,308,183,56,49,VCT 2025: Pacific Stage 1
"margaret
NS",,333,1.07,205.8,1.13,68%,135.5,0.74,0.17,0.11,0.09,29%,21%,8/38,27,248,220,57,35,30,VCT 2025: Pacific Stage 1
"Kr1stal
GE",,199,1.07,188.5,1.01,71%,127.1,0.69,0.23,0.05,0.10,24%,13%,5/40,19,138,137,45,10,19,VCT 2025: Pacific Stage 1
"NcSlasher
BME",(+2),344,1.05,197.4,1.03,77%,126.8,0.70,0.37,0.06,0.07,28%,8%,3/37,22,240,232,127,19,25,VCT 2025: Pacific Stage 1
"Francis
NS",(+3),333,1.05,198.8,1.03,72%,130.8,0.69,0.28,0.10,0.09,21%,8%,3/37,25,231,225,92,33,29,VCT 2025: Pacific Stage 1
"UdoTan
GE",,199,1.04,215.3,1.01,70%,148.4,0.75,0.22,0.10,0.13,30%,13%,4/32,28,150,149,43,20,25,VCT 2025: Pacific Stage 1
"SugarZ3ro
ZETA",(+1),255,1.04,181.8,1.05,73%,116.4,0.70,0.31,0.06,0.05,29%,13%,4/30,27,178,170,78,15,13,VCT 2025: Pacific Stage 1
"iZu
T1",(+2),378,1.03,195.8,1.05,73%,126.2,0.71,0.24,0.07,0.09,30%,18%,10/57,23,268,256,90,26,35,VCT 2025: Pacific Stage 1
"something
PRX",(+3),536,1.03,197.8,1.03,71%,127.4,0.70,0.26,0.15,0.13,26%,16%,9/58,23,373,361,137,78,69,VCT 2025: Pacific Stage 1
"BerserX
BME",(+1),344,1.01,196.0,1.05,73%,127.7,0.69,0.21,0.10,0.08,25%,25%,13/51,22,236,224,72,33,26,VCT 2025: Pacific Stage 1
"Ivy
NS",(+2),333,1.01,172.2,1.01,70%,112.7,0.65,0.22,0.07,0.07,30%,14%,6/42,18,215,212,74,22,22,VCT 2025: Pacific Stage 1
"Kushy
RRQ",(+3),573,1.01,193.0,0.99,73%,131.2,0.69,0.29,0.06,0.06,32%,15%,8/53,31,393,396,166,35,36,VCT 2025: Pacific Stage 1
"PatMen
PRX",(+2),412,1.00,193.0,0.96,75%,124.8,0.65,0.44,0.05,0.05,30%,24%,9/37,19,266,276,183,19,21,VCT 2025: Pacific Stage 1
"Ash
GEN",(+1),472,1.00,173.7,1.04,72%,116.8,0.61,0.25,0.06,0.06,31%,15%,7/48,19,290,280,117,26,27,VCT 2025: Pacific Stage 1
"BeYN
DRX",(+4),445,0.99,178.2,0.96,71%,117.6,0.62,0.28,0.08,0.06,25%,19%,9/47,19,277,290,126,35,28,VCT 2025: Pacific Stage 1
"Killua
TLN",(+3),392,0.99,187.5,0.98,70%,126.7,0.67,0.26,0.09,0.07,34%,14%,6/44,18,263,268,101,36,29,VCT 2025: Pacific Stage 1
"JessieVash
TS",(+2),271,0.99,182.5,0.94,69%,128.3,0.65,0.23,0.05,0.07,30%,16%,8/50,20,176,187,62,14,19,VCT 2025: Pacific Stage 1
"Persia
NS",(+1),333,0.99,173.8,0.92,71%,113.1,0.60,0.37,0.09,0.06,26%,18%,7/39,22,200,218,123,29,19,VCT 2025: Pacific Stage 1
"Famouz
BME",(+1),344,0.99,228.3,1.08,71%,146.7,0.82,0.21,0.19,0.19,21%,12%,3/25,29,281,261,71,66,67,VCT 2025: Pacific Stage 1
"d4v41
PRX",(+4),536,0.98,190.7,1.06,77%,127.1,0.69,0.28,0.08,0.06,24%,14%,10/71,24,371,350,151,43,34,VCT 2025: Pacific Stage 1
"Meteor
T1",(+3),378,0.98,215.3,1.01,68%,144.2,0.75,0.20,0.13,0.15,30%,9%,4/43,24,283,279,76,51,58,VCT 2025: Pacific Stage 1
"BuZz
T1",(+2),378,0.98,225.0,1.06,65%,145.0,0.78,0.15,0.14,0.17,27%,9%,3/35,30,294,278,57,52,64,VCT 2025: Pacific Stage 1
"xffero
RRQ",(+2),573,0.97,183.8,1.03,73%,126.3,0.67,0.25,0.07,0.09,26%,19%,14/75,23,385,374,142,38,49,VCT 2025: Pacific Stage 1
"free1ng
DRX",(+2),484,0.97,189.6,1.01,69%,123.7,0.67,0.19,0.12,0.10,27%,14%,8/57,26,323,321,93,56,46,VCT 2025: Pacific Stage 1
"CLZ
ZETA",,255,0.96,178.1,0.88,68%,126.2,0.61,0.22,0.07,0.04,26%,16%,7/44,23,155,176,57,19,11,VCT 2025: Pacific Stage 1
"Dambi
NS",(+1),333,0.95,210.8,0.99,67%,133.6,0.72,0.24,0.15,0.18,24%,16%,3/19,23,240,242,81,49,61,VCT 2025: Pacific Stage 1
"gyen
DFM",(+1),225,0.95,189.8,0.79,66%,125.8,0.62,0.34,0.08,0.10,37%,5%,2/38,21,139,177,76,17,22,VCT 2025: Pacific Stage 1
"stax
T1",(+1),378,0.95,175.2,0.94,70%,119.2,0.64,0.33,0.03,0.06,31%,12%,5/43,25,241,256,126,11,22,VCT 2025: Pacific Stage 1
"crazyguy
RRQ",,573,0.94,181.8,0.92,72%,121.2,0.61,0.33,0.06,0.06,24%,14%,10/72,23,352,384,187,37,33,VCT 2025: Pacific Stage 1
"Monyet
RRQ",(+3),573,0.94,181.1,0.93,71%,119.7,0.65,0.34,0.10,0.12,28%,22%,13/59,25,375,402,196,55,66,VCT 2025: Pacific Stage 1
"TenTen
ZETA",,103,0.94,216.4,0.96,69%,135.5,0.73,0.19,0.22,0.22,16%,25%,1/4,20,75,78,20,23,23,VCT 2025: Pacific Stage 1
"Dep
ZETA",(+1),152,0.94,211.1,0.98,61%,142.3,0.75,0.16,0.16,0.18,28%,14%,2/14,28,114,116,25,24,28,VCT 2025: Pacific Stage 1
"Shiro
BME",,344,0.93,187.6,0.90,69%,128.1,0.64,0.27,0.09,0.07,27%,19%,6/32,23,220,244,94,32,24,VCT 2025: Pacific Stage 1
"thyy
TLN",(+1),392,0.93,177.2,0.88,73%,113.7,0.62,0.39,0.06,0.05,33%,9%,5/53,24,242,274,153,23,20,VCT 2025: Pacific Stage 1
"Sylvan
T1",(+1),378,0.92,179.2,0.86,71%,120.5,0.60,0.44,0.06,0.10,25%,12%,5/42,18,228,266,167,21,38,VCT 2025: Pacific Stage 1
"JitBoyS
TLN",(+2),392,0.91,186.9,0.91,69%,125.6,0.66,0.19,0.12,0.15,36%,11%,4/37,20,258,282,74,47,57,VCT 2025: Pacific Stage 1
"Meiy
DFM",(+1),225,0.90,190.3,0.89,64%,123.9,0.70,0.12,0.09,0.13,28%,18%,5/28,19,158,178,27,20,30,VCT 2025: Pacific Stage 1
"Jremy
TS",(+3),271,0.90,201.0,0.91,70%,131.7,0.71,0.21,0.14,0.18,26%,19%,4/21,27,192,211,58,37,49,VCT 2025: Pacific Stage 1
"Crws
TLN",(+1),392,0.90,174.2,0.87,65%,119.8,0.60,0.23,0.07,0.10,25%,15%,6/41,20,236,272,91,28,40,VCT 2025: Pacific Stage 1
"Xdll
ZETA",,255,0.88,200.5,0.88,68%,129.1,0.70,0.23,0.12,0.09,35%,15%,4/27,21,178,203,59,31,24,VCT 2025: Pacific Stage 1
"kellyS
GE",(+1),199,0.87,182.4,0.81,65%,119.7,0.62,0.33,0.06,0.09,21%,12%,2/17,19,124,153,66,11,18,VCT 2025: Pacific Stage 1
"mindfreak
PRX",(+1),124,0.86,165.2,0.83,63%,114.1,0.57,0.21,0.06,0.07,30%,18%,3/17,17,71,86,26,7,9,VCT 2025: Pacific Stage 1
"Wild0reoo
TS",(+5),271,0.85,185.5,0.84,66%,123.4,0.66,0.17,0.12,0.14,26%,18%,4/22,25,179,212,45,32,37,VCT 2025: Pacific Stage 1
"Estrella
DRX",(+5),382,0.83,161.7,0.84,72%,103.9,0.56,0.32,0.06,0.08,25%,11%,4/38,22,214,255,121,22,29,VCT 2025: Pacific Stage 1
"2GE
TS",(+1),271,0.81,165.3,0.74,66%,108.7,0.55,0.36,0.05,0.10,23%,5%,2/39,19,150,202,97,14,28,VCT 2025: Pacific Stage 1
"Deryeon
GE",,78,0.81,207.5,0.74,69%,132.3,0.64,0.24,0.19,0.14,25%,,0/9,16,50,68,19,15,11,VCT 2025: Pacific Stage 1
"Papi
GE",,199,0.80,152.4,0.75,74%,98.8,0.55,0.32,0.05,0.09,26%,19%,4/21,15,110,147,63,10,18,VCT 2025: Pacific Stage 1
"Jinboong
DFM",,225,0.80,157.4,0.72,62%,111.1,0.54,0.21,0.06,0.13,33%,12%,4/33,16,121,169,48,14,29,VCT 2025: Pacific Stage 1
"SyouTa
ZETA",(+1),255,0.79,162.8,0.77,61%,108.1,0.58,0.19,0.10,0.07,35%,9%,3/32,18,147,190,48,26,18,VCT 2025: Pacific Stage 1
"Suggest
GEN",,112,0.66,152.2,0.77,65%,110.8,0.57,0.12,0.09,0.12,30%,,0/8,21,64,83,13,10,13,VCT 2025: Pacific Stage 1
"Art
DFM",(+1),225,0.61,135.7,0.52,61%,92.8,0.42,0.31,0.04,0.12,21%,,0/18,16,94,182,69,9,28,VCT 2025: Pacific Stage 1
"yokam
GE",,121,0.55,152.7,0.56,60%,104.2,0.48,0.17,0.16,0.19,23%,13%,1/8,15,58,104,21,19,23,VCT 2025: Pacific Stage 1
"t3xture
GEN",,255,1.23,258.2,1.44,74%,159.5,0.94,0.19,0.21,0.17,28%,37%,7/19,27,239,166,48,54,43,Valorant Masters Toronto 2025
"Spring
WOL",,349,1.21,244.1,1.23,74%,160.1,0.85,0.32,0.13,0.09,29%,7%,2/29,26,295,240,111,47,31,Valorant Masters Toronto 2025
"Verno
MIBR",,71,1.18,230.5,1.02,70%,157.6,0.79,0.30,0.04,0.04,28%,14%,3/22,19,56,55,21,3,3,Valorant Masters Toronto 2025
"Alfajer
FNC",(+3),419,1.17,257.9,1.30,73%,167.6,0.94,0.14,0.17,0.11,32%,12%,4/33,29,392,301,60,73,45,Valorant Masters Toronto 2025
"zekken
SEN",(+2),249,1.17,237.5,1.21,74%,147.2,0.81,0.26,0.19,0.21,24%,17%,3/18,27,202,167,65,47,53,Valorant Masters Toronto 2025
"trent
G2",,198,1.17,214.2,1.22,81%,138.0,0.77,0.25,0.10,0.07,35%,13%,4/30,22,152,125,49,19,13,Valorant Masters Toronto 2025
"leaf
G2",,198,1.15,230.3,1.21,75%,148.6,0.81,0.26,0.08,0.08,24%,29%,10/35,24,161,133,51,15,16,Valorant Masters Toronto 2025
"Chronicle
FNC",(+2),419,1.13,207.6,1.18,72%,141.1,0.72,0.30,0.08,0.06,26%,14%,7/51,27,302,257,127,35,25,Valorant Masters Toronto 2025
"whzy
BLG",,179,1.13,253.1,1.21,68%,155.5,0.89,0.16,0.19,0.17,28%,13%,2/16,29,160,132,29,34,31,Valorant Masters Toronto 2025
"f0rsakeN
PRX",(+1),387,1.12,208.9,1.06,74%,137.5,0.72,0.40,0.10,0.08,26%,31%,9/29,25,280,263,156,37,31,Valorant Masters Toronto 2025
"Jinggg
PRX",,387,1.10,229.1,1.15,73%,151.9,0.78,0.26,0.14,0.13,23%,8%,2/25,26,303,264,100,54,50,Valorant Masters Toronto 2025
"keiko
TL",(+1),187,1.10,199.3,1.17,72%,132.9,0.76,0.17,0.09,0.07,45%,13%,4/31,29,142,121,32,16,13,Valorant Masters Toronto 2025
"N4RRATE
SEN",(+1),249,1.08,219.5,1.06,75%,140.1,0.74,0.34,0.06,0.09,24%,25%,5/20,21,185,174,85,16,23,Valorant Masters Toronto 2025
"d4v41
PRX",(+1),387,1.07,189.4,1.12,73%,131.7,0.72,0.23,0.05,0.07,26%,10%,6/61,29,277,247,88,21,26,Valorant Masters Toronto 2025
"happywei
XLG",,75,1.06,223.0,0.97,61%,147.0,0.76,0.17,0.16,0.15,45%,12%,2/17,20,57,59,13,12,11,Valorant Masters Toronto 2025
"kaajak
FNC",(+1),419,1.06,218.3,1.13,71%,141.5,0.78,0.16,0.19,0.16,35%,18%,7/39,32,327,290,66,79,65,Valorant Masters Toronto 2025
"rushia
BLG",,179,1.03,201.9,0.99,72%,130.6,0.70,0.38,0.12,0.08,27%,10%,2/21,23,126,127,68,22,15,Valorant Masters Toronto 2025
"Karon
GEN",,255,1.03,189.3,1.09,76%,125.6,0.69,0.32,0.09,0.09,31%,11%,4/35,24,176,161,81,22,23,Valorant Masters Toronto 2025
"crashies
FNC",,419,1.03,181.8,1.07,74%,126.4,0.65,0.29,0.05,0.03,34%,10%,5/51,26,273,254,120,20,11,Valorant Masters Toronto 2025
"Ash
GEN",,255,1.02,173.9,1.05,74%,118.3,0.62,0.22,0.05,0.03,31%,15%,5/33,19,158,150,57,14,7,Valorant Masters Toronto 2025
"PatMen
PRX",,387,1.01,193.0,1.02,73%,124.2,0.68,0.32,0.06,0.08,31%,24%,10/41,22,263,257,123,24,32,Valorant Masters Toronto 2025
"penny
TL",(+1),121,1.00,188.4,0.98,73%,131.3,0.67,0.29,0.12,0.10,20%,22%,2/9,30,81,83,35,15,12,Valorant Masters Toronto 2025
"Munchkin
GEN",,255,0.99,207.8,1.02,72%,134.1,0.68,0.35,0.10,0.10,22%,5%,1/19,21,174,170,90,25,26,Valorant Masters Toronto 2025
"bang
SEN",,249,0.99,188.1,0.99,72%,112.5,0.69,0.33,0.08,0.08,34%,14%,3/21,19,171,172,83,21,19,Valorant Masters Toronto 2025
"johnqt
SEN",(+1),249,0.99,166.3,0.94,77%,109.7,0.59,0.38,0.05,0.07,26%,8%,3/36,18,147,156,95,13,17,Valorant Masters Toronto 2025
"Zellsis
SEN",(+1),249,0.99,173.6,0.95,70%,118.2,0.61,0.28,0.07,0.09,21%,12%,4/33,20,152,160,69,17,23,Valorant Masters Toronto 2025
"jawgemo
G2",,198,0.98,217.1,1.00,72%,143.7,0.73,0.25,0.16,0.19,23%,,0/11,19,144,144,50,32,38,Valorant Masters Toronto 2025
"Monyet
RRQ",,100,0.97,196.4,0.89,67%,130.3,0.66,0.31,0.05,0.13,26%,,0/9,17,66,74,31,5,13,Valorant Masters Toronto 2025
"something
PRX",(+1),387,0.96,192.2,1.00,73%,123.9,0.68,0.20,0.14,0.15,25%,8%,3/39,22,265,265,78,54,58,Valorant Masters Toronto 2025
"kamo
TL",(+2),187,0.96,210.8,0.99,70%,141.9,0.75,0.20,0.16,0.17,35%,20%,1/5,26,140,141,38,30,32,Valorant Masters Toronto 2025
"Juicy
WOL",,349,0.95,212.0,1.00,67%,139.5,0.74,0.19,0.19,0.17,25%,31%,5/16,23,260,260,65,65,61,Valorant Masters Toronto 2025
"Wo0t
TH",(+1),81,0.94,183.0,0.86,68%,118.9,0.63,0.36,0.10,0.15,34%,10%,1/10,17,51,59,29,8,12,Valorant Masters Toronto 2025
"nephh
BLG",(+1),179,0.93,178.6,0.87,72%,117.9,0.59,0.46,0.07,0.08,22%,17%,3/18,21,106,122,82,12,14,Valorant Masters Toronto 2025
"valyn
G2",,198,0.93,172.1,0.86,75%,109.6,0.61,0.37,0.07,0.08,22%,6%,1/18,20,121,140,73,14,16,Valorant Masters Toronto 2025
"JonahP
G2",,198,0.93,178.8,0.90,76%,113.2,0.61,0.39,0.04,0.14,24%,8%,1/13,20,120,133,77,8,27,Valorant Masters Toronto 2025
"Lysoar
WOL",(+2),349,0.91,174.5,0.88,72%,112.1,0.60,0.33,0.08,0.06,25%,13%,5/38,19,211,241,115,28,22,Valorant Masters Toronto 2025
"SiuFatBB
WOL",,349,0.91,151.1,0.88,70%,99.9,0.54,0.25,0.03,0.05,28%,23%,15/65,17,190,217,88,12,16,Valorant Masters Toronto 2025
"paTiTek
TL",,187,0.91,183.1,0.88,72%,117.7,0.61,0.21,0.09,0.07,27%,8%,2/24,23,114,130,39,17,14,Valorant Masters Toronto 2025
"Levius
BLG",(+1),179,0.90,158.1,0.94,70%,111.4,0.59,0.16,0.03,0.11,23%,,0/26,19,105,112,28,5,19,Valorant Masters Toronto 2025
"xffero
RRQ",,100,0.90,175.2,0.89,65%,118.8,0.64,0.17,0.07,0.07,32%,8%,1/13,15,64,72,17,7,7,Valorant Masters Toronto 2025
"Yuicaw
WOL",(+2),349,0.89,175.0,0.89,63%,117.3,0.62,0.19,0.09,0.10,27%,9%,4/47,24,218,244,68,33,34,Valorant Masters Toronto 2025
"Foxy9
GEN",,255,0.88,179.2,0.98,71%,111.6,0.65,0.18,0.08,0.08,32%,28%,7/25,21,167,170,46,20,21,Valorant Masters Toronto 2025
"Kushy
RRQ",,100,0.88,174.0,0.86,70%,114.0,0.62,0.22,0.01,0.05,39%,17%,2/12,23,62,72,22,1,5,Valorant Masters Toronto 2025
"nAts
TL",,111,0.88,186.0,0.88,74%,121.2,0.64,0.20,0.08,0.05,28%,12%,2/17,18,71,81,22,9,6,Valorant Masters Toronto 2025
"Rarga
XLG",,75,0.86,217.0,0.88,64%,136.1,0.76,0.16,0.20,0.25,41%,33%,2/6,20,57,65,12,15,19,Valorant Masters Toronto 2025
"RieNs
TH",,81,0.85,191.5,0.84,63%,125.0,0.63,0.25,0.09,0.12,28%,,0/7,17,51,61,20,7,10,Valorant Masters Toronto 2025
"benjyfishy
TH",,81,0.85,178.8,0.85,62%,119.9,0.63,0.11,0.12,0.06,30%,17%,2/12,18,51,60,9,10,5,Valorant Masters Toronto 2025
"Jemkin
RRQ",,100,0.85,196.8,0.88,66%,138.2,0.69,0.14,0.21,0.16,33%,,0/5,19,69,78,14,21,16,Valorant Masters Toronto 2025
"Boaster
FNC",,419,0.84,143.4,0.76,72%,94.4,0.47,0.36,0.08,0.08,25%,9%,3/35,21,199,261,149,33,33,Valorant Masters Toronto 2025
"Knight
BLG",,179,0.83,149.1,0.81,69%,105.0,0.51,0.23,0.06,0.09,26%,7%,1/15,18,92,113,42,11,16,Valorant Masters Toronto 2025
"Serial
TL",(+1),142,0.83,155.2,0.84,66%,103.1,0.57,0.16,0.09,0.07,45%,32%,6/19,20,81,97,23,13,10,Valorant Masters Toronto 2025
"Boo
TH",,81,0.76,139.5,0.70,62%,86.7,0.48,0.43,0.02,0.10,38%,6%,1/17,14,39,56,35,2,8,Valorant Masters Toronto 2025
"crazyguy
RRQ",,100,0.75,144.2,0.65,64%,90.7,0.47,0.34,0.11,0.14,25%,9%,2/22,11,47,72,34,11,14,Valorant Masters Toronto 2025
"MiniBoo
TH",,81,0.74,167.5,0.81,60%,105.6,0.64,0.09,0.12,0.11,31%,,0/8,19,52,64,7,10,9,Valorant Masters Toronto 2025
"xenom
MIBR",,71,0.71,148.3,0.65,63%,101.7,0.55,0.15,0.06,0.14,35%,,0/12,15,39,60,11,4,10,Valorant Masters Toronto 2025
"cortezia
MIBR",,71,0.69,164.0,0.66,59%,115.2,0.55,0.17,0.10,0.14,33%,,0/10,12,39,59,12,7,10,Valorant Masters Toronto 2025
"Viva
XLG",,75,0.67,147.0,0.51,59%,107.6,0.44,0.28,0.05,0.03,27%,,0/16,11,33,65,21,4,2,Valorant Masters Toronto 2025
"coconut
XLG",,75,0.65,128.3,0.57,65%,82.6,0.45,0.29,0.01,0.08,26%,23%,3/13,12,34,60,22,1,6,Valorant Masters Toronto 2025
"Midi
XLG",,75,0.59,132.0,0.58,61%,88.8,0.48,0.19,0.04,0.03,34%,,0/5,14,36,62,14,3,2,Valorant Masters Toronto 2025
"aspas
MIBR",,71,0.53,129.8,0.53,59%,88.8,0.44,0.17,0.07,0.21,18%,20%,1/5,10,31,59,12,5,15,Valorant Masters Toronto 2025
"artzin
MIBR",,71,0.51,121.5,0.52,66%,86.3,0.44,0.25,0.04,0.15,26%,,0/5,12,31,60,18,3,11,Valorant Masters Toronto 2025
"tarik
tarik",,20,,,0.94,,,0.85,0.30,,,,,,17,17,18,6,0,0,Valorant Masters Toronto 2025
"Kyedae
tarik",,20,,,1.00,,,0.75,0.40,,,,,,15,15,15,8,0,0,Valorant Masters Toronto 2025
"joshseki
tarik",,20,,,0.63,,,0.50,0.35,,,,,,10,10,16,7,0,0,Valorant Masters Toronto 2025
"Vinnie
tarik",,20,,,0.87,,,0.65,0.20,,,,,,13,13,15,4,0,0,Valorant Masters Toronto 2025
"Yvonnie
tarik",,20,,,0.40,,,0.30,0.35,,,,,,6,6,15,7,0,0,Valorant Masters Toronto 2025
"Disguised Toast
Team",,20,,,1.00,,,0.60,0.25,,,,,,12,12,12,5,0,0,Valorant Masters Toronto 2025
"Jacob
Team",,20,,,0.46,,,0.30,0.25,,,,,,6,6,13,5,0,0,Valorant Masters Toronto 2025
"meL
Team",,20,,,2.56,,,1.15,0.55,,,,,,23,23,9,11,0,0,Valorant Masters Toronto 2025
"Sidsity
Team",,20,,,1.25,,,0.75,0.20,,,,,,15,15,12,4,0,0,Valorant Masters Toronto 2025
"TenZ
Team",,20,,,1.71,,,1.20,0.20,,,,,,24,24,14,4,0,0,Valorant Masters Toronto 2025
"CHICHOO
EDG",(+1),313,1.23,235.6,1.27,71%,158.1,0.87,0.28,0.08,0.07,28%,22%,11/51,36,271,213,87,24,22,Valorant Masters Bangkok 2025
"nAts
TL",,155,1.21,257.6,1.32,72%,155.1,0.91,0.19,0.09,0.12,26%,13%,3/23,25,141,107,29,14,18,Valorant Masters Bangkok 2025
"trent
G2",,360,1.21,220.0,1.21,75%,146.9,0.76,0.32,0.09,0.09,25%,29%,14/48,26,274,226,116,31,31,Valorant Masters Bangkok 2025
"Derke
VIT",,225,1.18,257.2,1.20,70%,166.8,0.91,0.17,0.20,0.20,22%,31%,5/16,32,204,170,38,46,45,Valorant Masters Bangkok 2025
"iZu
T1",(+1),453,1.13,207.1,1.24,75%,130.6,0.75,0.21,0.11,0.09,30%,31%,19/61,21,341,276,96,48,40,Valorant Masters Bangkok 2025
"free1ng
DRX",,149,1.10,227.3,1.16,77%,146.9,0.79,0.26,0.12,0.11,29%,7%,1/15,24,117,101,38,18,16,Valorant Masters Bangkok 2025
"keiko
TL",(+1),155,1.09,198.9,1.09,77%,137.7,0.75,0.34,0.10,0.08,30%,10%,2/20,31,117,107,52,15,12,Valorant Masters Bangkok 2025
"trexx
VIT",(+1),225,1.09,207.3,1.02,72%,134.3,0.68,0.44,0.05,0.05,19%,9%,3/32,28,153,150,98,12,11,Valorant Masters Bangkok 2025
"BeYN
DRX",,149,1.08,182.4,1.03,78%,117.3,0.64,0.44,0.06,0.07,25%,21%,4/19,17,95,92,65,9,10,Valorant Masters Bangkok 2025
"BuZz
T1",(+1),453,1.08,239.5,1.12,72%,150.4,0.82,0.24,0.17,0.14,17%,20%,6/30,26,370,331,107,78,62,Valorant Masters Bangkok 2025
"valyn
G2",,360,1.08,186.8,1.06,76%,122.1,0.68,0.44,0.08,0.08,23%,14%,5/37,26,244,231,158,29,27,Valorant Masters Bangkok 2025
"leaf
G2",,360,1.06,207.3,1.09,74%,137.5,0.74,0.25,0.11,0.10,24%,12%,5/41,28,267,244,91,38,36,Valorant Masters Bangkok 2025
"N4RRATE
SEN",(+1),103,1.05,202.4,0.97,76%,148.4,0.73,0.39,0.13,0.04,27%,13%,2/15,33,75,77,40,13,4,Valorant Masters Bangkok 2025
"Meteor
T1",(+2),453,1.04,229.0,1.09,71%,152.8,0.81,0.23,0.17,0.11,33%,16%,7/45,30,366,337,103,75,50,Valorant Masters Bangkok 2025
"Less
VIT",(+1),225,1.03,197.1,1.03,68%,128.8,0.72,0.31,0.06,0.12,29%,20%,6/30,23,163,159,69,14,26,Valorant Masters Bangkok 2025
"jawgemo
G2",,360,1.03,218.5,1.06,71%,142.9,0.77,0.29,0.13,0.18,23%,38%,9/24,29,277,262,104,47,64,Valorant Masters Bangkok 2025
"Sylvan
T1",,408,1.02,186.1,0.97,77%,114.6,0.64,0.64,0.08,0.04,27%,17%,7/42,25,260,267,262,31,18,Valorant Masters Bangkok 2025
"ZmjjKK
EDG",(+1),313,1.01,236.2,1.04,70%,151.0,0.83,0.19,0.21,0.22,23%,4%,1/27,33,260,249,59,66,70,Valorant Masters Bangkok 2025
"stax
T1",(+2),453,1.01,173.6,1.01,74%,120.3,0.63,0.34,0.04,0.04,31%,17%,10/59,22,284,282,154,20,20,Valorant Masters Bangkok 2025
"Smoggy
EDG",(+1),313,1.01,191.1,0.93,74%,124.6,0.65,0.49,0.10,0.06,30%,20%,9/45,24,203,219,152,30,20,Valorant Masters Bangkok 2025
"Flashback
DRX",,149,1.00,180.4,1.00,71%,126.4,0.68,0.17,0.09,0.07,26%,8%,2/25,26,101,101,26,13,11,Valorant Masters Bangkok 2025
"kamo
TL",(+1),155,0.99,215.0,1.02,66%,144.5,0.75,0.15,0.18,0.17,27%,13%,2/15,34,117,115,23,28,27,Valorant Masters Bangkok 2025
"JonahP
G2",,360,0.98,187.6,0.93,78%,119.3,0.65,0.46,0.08,0.07,24%,9%,4/44,21,235,254,164,30,26,Valorant Masters Bangkok 2025
"Kicks
VIT",,225,0.94,174.3,0.93,73%,115.0,0.63,0.36,0.05,0.11,27%,22%,6/27,20,142,153,82,11,25,Valorant Masters Bangkok 2025
"nobody
EDG",,313,0.94,180.1,0.90,71%,123.9,0.62,0.23,0.09,0.09,30%,4%,1/24,25,195,216,71,27,27,Valorant Masters Bangkok 2025
"bang
SEN",,103,0.93,186.0,0.91,68%,113.8,0.65,0.32,0.11,0.11,31%,25%,2/8,22,67,74,33,11,11,Valorant Masters Bangkok 2025
"Kai
TE",,74,0.92,200.8,0.87,62%,128.6,0.73,0.12,0.14,0.12,31%,8%,1/13,20,54,62,9,10,9,Valorant Masters Bangkok 2025
"zekken
SEN",,103,0.92,196.6,0.99,69%,135.1,0.70,0.11,0.16,0.23,29%,14%,1/7,25,72,73,11,16,24,Valorant Masters Bangkok 2025
"MaKo
DRX",,149,0.92,173.3,0.83,74%,118.4,0.57,0.48,0.05,0.11,24%,13%,2/15,25,85,103,72,8,16,Valorant Masters Bangkok 2025
"HYUNMIN
DRX",,149,0.90,205.9,0.89,71%,134.0,0.72,0.22,0.17,0.15,32%,,0/7,23,108,121,33,25,23,Valorant Masters Bangkok 2025
"kamyk
TL",(+1),155,0.86,180.3,0.85,74%,118.3,0.61,0.25,0.06,0.06,31%,10%,2/21,23,95,112,38,9,9,Valorant Masters Bangkok 2025
"Biank
TE",,74,0.85,166.8,0.72,59%,115.6,0.55,0.24,0.07,0.08,19%,22%,2/9,14,41,57,18,5,6,Valorant Masters Bangkok 2025
"S1Mon
EDG",,313,0.83,151.5,0.75,71%,100.7,0.54,0.42,0.03,0.06,30%,17%,6/35,19,169,225,133,9,18,Valorant Masters Bangkok 2025
"johnqt
SEN",,103,0.82,159.8,0.79,75%,105.3,0.59,0.25,0.04,0.06,19%,,0/13,18,61,77,26,4,6,Valorant Masters Bangkok 2025
"Zellsis
SEN",,103,0.77,159.8,0.63,70%,109.3,0.50,0.39,0.05,0.09,19%,,0/20,17,51,81,40,5,9,Valorant Masters Bangkok 2025
"Sayf
VIT",(+1),225,0.75,155.9,0.74,69%,100.1,0.53,0.25,0.07,0.09,22%,9%,2/22,18,119,160,56,15,20,Valorant Masters Bangkok 2025
"LuoK1ng
TE",,74,0.74,155.8,0.67,66%,105.2,0.54,0.31,0.05,0.07,34%,,0/16,13,40,60,23,4,5,Valorant Masters Bangkok 2025
"paTiTek
TL",(+2),155,0.73,144.0,0.65,70%,97.8,0.47,0.43,0.06,0.08,25%,7%,1/15,18,73,112,67,10,13,Valorant Masters Bangkok 2025
"heybay
TE",,74,0.69,134.3,0.54,59%,89.7,0.42,0.30,0.07,0.09,26%,,0/8,12,31,57,22,5,7,Valorant Masters Bangkok 2025
"carpe
T1",,45,0.63,140.5,0.57,67%,92.1,0.44,0.38,0.09,0.13,27%,25%,1/4,14,20,35,17,4,6,Valorant Masters Bangkok 2025
"FengF
TE",,74,0.55,151.0,0.56,57%,104.6,0.47,0.16,0.11,0.20,21%,13%,1/8,14,35,63,12,8,15,Valorant Masters Bangkok 2025
"keiko
TL",(+2),493,1.26,239.5,1.34,78%,156.3,0.88,0.30,0.11,0.06,40%,16%,9/58,28,436,325,149,53,32,VCT 2025: EMEA Kickoff
"Minny
M8",(+1),192,1.18,219.5,1.26,71%,139.8,0.79,0.17,0.14,0.07,38%,11%,3/28,25,151,120,32,27,14,VCT 2025: EMEA Kickoff
"florescent
APK",,111,1.17,256.6,1.16,69%,172.9,0.91,0.15,0.20,0.14,38%,8%,1/12,26,101,87,17,22,15,VCT 2025: EMEA Kickoff
"kaajak
FNC",,215,1.16,245.0,1.30,69%,157.9,0.89,0.21,0.15,0.16,37%,23%,3/13,32,191,147,45,32,35,VCT 2025: EMEA Kickoff
"yetujey
FUT",,179,1.13,230.8,1.15,75%,150.9,0.81,0.23,0.14,0.08,26%,15%,5/33,22,145,126,41,25,14,VCT 2025: EMEA Kickoff
"Alfajer
FNC",(+2),215,1.12,233.5,1.15,71%,153.4,0.84,0.22,0.18,0.08,29%,13%,3/24,32,181,157,48,38,18,VCT 2025: EMEA Kickoff
"Derke
VIT",,249,1.12,252.8,1.17,70%,164.9,0.87,0.18,0.24,0.21,30%,,0/14,32,217,185,46,61,52,VCT 2025: EMEA Kickoff
"Sayf
VIT",(+1),249,1.10,214.2,1.22,71%,138.5,0.78,0.24,0.09,0.08,26%,19%,5/27,22,195,160,60,22,21,VCT 2025: EMEA Kickoff
"sociablEE
BBL",(+3),244,1.09,228.5,1.12,73%,144.8,0.80,0.20,0.11,0.13,22%,14%,5/36,25,196,175,50,28,32,VCT 2025: EMEA Kickoff
"Avez
KC",,199,1.09,208.8,1.08,75%,135.0,0.72,0.30,0.07,0.07,36%,15%,2/13,24,144,133,59,13,13,VCT 2025: EMEA Kickoff
"Wo0t
TH",,189,1.08,205.1,1.03,74%,136.8,0.70,0.43,0.11,0.10,35%,14%,3/21,23,132,128,82,20,18,VCT 2025: EMEA Kickoff
"Ruxic
NAVI",,128,1.08,216.0,1.04,77%,136.7,0.75,0.38,0.11,0.11,26%,,0/14,26,96,92,49,14,14,VCT 2025: EMEA Kickoff
"Less
VIT",(+1),249,1.08,196.3,1.15,72%,126.5,0.69,0.32,0.04,0.06,30%,35%,9/26,22,173,150,79,10,14,VCT 2025: EMEA Kickoff
"SUYGETSU
KC",,199,1.08,194.2,1.10,75%,122.7,0.69,0.42,0.08,0.10,42%,13%,4/30,19,137,125,84,16,19,VCT 2025: EMEA Kickoff
"Shao
NAVI",(+2),128,1.07,183.8,1.14,73%,120.7,0.70,0.30,0.09,0.05,29%,20%,4/20,23,90,79,38,11,7,VCT 2025: EMEA Kickoff
"Cloud
GX",,176,1.07,206.1,1.03,68%,139.5,0.71,0.26,0.11,0.10,30%,8%,2/25,22,125,121,45,19,18,VCT 2025: EMEA Kickoff
"kamyk
TL",(+3),493,1.07,201.9,1.10,74%,132.9,0.71,0.28,0.09,0.08,25%,15%,10/68,21,352,319,138,44,37,VCT 2025: EMEA Kickoff
"Chronicle
FNC",(+1),215,1.06,195.8,1.10,70%,131.1,0.69,0.35,0.07,0.08,24%,6%,1/18,24,149,135,75,14,17,VCT 2025: EMEA Kickoff
"RieNs
TH",(+1),189,1.06,205.4,1.02,74%,137.4,0.74,0.27,0.11,0.06,43%,9%,3/35,21,140,137,51,21,12,VCT 2025: EMEA Kickoff
"PROFEK
BBL",,244,1.05,200.7,1.07,68%,133.8,0.74,0.31,0.06,0.07,30%,28%,10/36,22,180,168,75,14,16,VCT 2025: EMEA Kickoff
"xeus
FUT",,179,1.05,231.8,1.09,67%,148.7,0.85,0.15,0.14,0.22,38%,25%,3/12,25,153,140,26,25,40,VCT 2025: EMEA Kickoff
"Kada
M8",(+1),192,1.04,181.9,1.03,70%,113.7,0.64,0.36,0.05,0.04,36%,8%,2/24,20,122,119,70,9,8,VCT 2025: EMEA Kickoff
"trexx
VIT",(+1),249,1.03,194.2,1.01,71%,128.3,0.63,0.39,0.08,0.06,17%,18%,6/34,29,157,156,96,19,14,VCT 2025: EMEA Kickoff
"Click
M8",(+1),192,1.02,209.6,1.12,68%,134.1,0.81,0.09,0.19,0.19,38%,25%,2/8,24,155,138,17,36,36,VCT 2025: EMEA Kickoff
"Kicks
VIT",,249,1.01,194.7,1.00,78%,117.7,0.67,0.47,0.09,0.06,29%,16%,3/19,20,168,168,117,22,15,VCT 2025: EMEA Kickoff
"paTiTek
TL",(+2),493,0.99,173.8,0.98,75%,116.2,0.61,0.37,0.09,0.07,26%,13%,6/46,22,302,309,180,42,33,VCT 2025: EMEA Kickoff
"Zyppan
M8",(+1),192,0.98,179.6,0.91,69%,120.8,0.63,0.43,0.08,0.10,31%,12%,2/17,22,121,133,82,16,19,VCT 2025: EMEA Kickoff
"kamo
TL",(+1),493,0.98,219.6,1.05,70%,143.6,0.77,0.16,0.17,0.15,27%,16%,5/31,22,381,364,77,84,74,VCT 2025: EMEA Kickoff
"nAts
TL",(+1),493,0.98,200.0,1.02,71%,135.0,0.71,0.26,0.11,0.09,29%,11%,5/47,19,348,340,130,52,42,VCT 2025: EMEA Kickoff
"tomaszy
GX",,176,0.97,182.5,0.91,72%,120.8,0.66,0.41,0.08,0.09,30%,13%,3/24,23,116,128,73,14,15,VCT 2025: EMEA Kickoff
"saadhak
KC",,199,0.97,183.9,0.97,73%,119.2,0.64,0.34,0.07,0.11,26%,15%,3/20,18,127,131,67,14,22,VCT 2025: EMEA Kickoff
"Filu
MKOI",,117,0.97,228.8,0.99,71%,149.9,0.79,0.17,0.15,0.22,28%,8%,1/13,22,92,93,20,17,26,VCT 2025: EMEA Kickoff
"purp0
GX",,176,0.97,218.5,1.02,70%,143.5,0.78,0.13,0.19,0.16,37%,,0/11,22,137,134,23,34,28,VCT 2025: EMEA Kickoff
"Elite
KC",,199,0.96,170.1,0.96,79%,117.9,0.60,0.24,0.07,0.10,40%,15%,4/27,19,120,125,47,13,19,VCT 2025: EMEA Kickoff
"Boaster
FNC",,215,0.95,169.9,0.91,73%,110.8,0.59,0.47,0.09,0.09,23%,26%,6/23,20,127,140,100,20,19,VCT 2025: EMEA Kickoff
"marteen
KC",,199,0.95,204.2,0.97,66%,134.6,0.72,0.19,0.17,0.18,28%,8%,1/12,26,144,148,38,34,36,VCT 2025: EMEA Kickoff
"Jamppi
BBL",(+1),244,0.94,189.0,0.88,74%,127.9,0.64,0.34,0.05,0.08,29%,23%,5/22,22,157,178,83,13,20,VCT 2025: EMEA Kickoff
"MiniBoo
TH",,189,0.94,197.3,0.92,63%,131.4,0.69,0.19,0.18,0.14,33%,6%,1/16,20,130,142,35,34,27,VCT 2025: EMEA Kickoff
"LewN
BBL",,244,0.93,205.3,0.98,66%,132.8,0.73,0.19,0.16,0.23,36%,13%,2/16,25,179,182,46,40,56,VCT 2025: EMEA Kickoff
"AvovA
APK",,111,0.93,175.4,0.85,75%,117.1,0.61,0.33,0.06,0.07,35%,11%,2/19,17,68,80,37,7,8,VCT 2025: EMEA Kickoff
"soulcas
MKOI",,117,0.92,184.8,0.93,72%,125.3,0.68,0.24,0.08,0.06,33%,14%,2/14,20,79,85,28,9,7,VCT 2025: EMEA Kickoff
"MrFaliN
FUT",(+1),179,0.91,164.8,0.84,67%,109.7,0.56,0.33,0.04,0.09,23%,17%,4/24,15,101,120,59,8,16,VCT 2025: EMEA Kickoff
"grubinho
MKOI",,117,0.91,168.3,0.89,72%,104.5,0.62,0.39,0.08,0.10,26%,21%,3/14,20,73,82,46,9,12,VCT 2025: EMEA Kickoff
"qRaxs
FUT",,179,0.90,178.6,0.85,74%,117.8,0.61,0.41,0.06,0.05,26%,7%,1/14,19,110,130,74,11,9,VCT 2025: EMEA Kickoff
"oderus
APK",,46,0.90,184.5,0.91,65%,132.5,0.67,0.28,0.00,0.13,38%,40%,2/5,23,31,34,13,0,6,VCT 2025: EMEA Kickoff
"RobbieBk
M8",,192,0.90,154.3,0.77,71%,111.0,0.49,0.29,0.07,0.07,28%,4%,1/25,18,95,124,56,14,13,VCT 2025: EMEA Kickoff
"runneR
GX",(+2),176,0.90,170.6,0.81,75%,110.4,0.57,0.40,0.06,0.07,24%,14%,3/21,20,100,123,70,10,12,VCT 2025: EMEA Kickoff
"AtaKaptan
FUT",(+1),179,0.89,170.8,0.79,68%,110.8,0.59,0.37,0.06,0.11,27%,30%,6/20,17,106,134,67,11,20,VCT 2025: EMEA Kickoff
"crashies
FNC",,215,0.89,155.3,0.91,74%,112.0,0.55,0.23,0.05,0.06,34%,14%,5/35,21,119,131,49,10,12,VCT 2025: EMEA Kickoff
"koalanoob
NAVI",(+1),128,0.88,200.7,0.94,63%,133.8,0.72,0.17,0.16,0.17,23%,21%,3/14,24,92,98,22,21,22,VCT 2025: EMEA Kickoff
"hiro
NAVI",(+1),128,0.87,168.7,0.86,66%,120.5,0.62,0.29,0.06,0.08,29%,6%,1/17,20,79,92,37,8,10,VCT 2025: EMEA Kickoff
"Boo
TH",,189,0.86,156.3,0.76,71%,104.6,0.54,0.54,0.05,0.08,38%,,0/28,17,102,134,102,9,16,VCT 2025: EMEA Kickoff
"MOLSI
APK",,111,0.85,149.6,0.70,79%,100.9,0.50,0.46,0.02,0.07,27%,15%,3/20,17,55,79,51,2,8,VCT 2025: EMEA Kickoff
"sheydos
MKOI",,117,0.84,154.3,0.75,66%,111.7,0.54,0.19,0.07,0.03,27%,16%,3/19,15,63,84,22,8,3,VCT 2025: EMEA Kickoff
"hype
APK",,111,0.83,172.6,0.79,64%,116.9,0.59,0.16,0.11,0.12,29%,,0/10,21,66,84,18,12,13,VCT 2025: EMEA Kickoff
"westside
GX",,176,0.83,164.4,0.78,67%,111.2,0.57,0.24,0.07,0.08,36%,5%,1/21,17,101,129,42,12,14,VCT 2025: EMEA Kickoff
"benjyfishy
TH",,189,0.82,161.6,0.80,69%,113.5,0.58,0.21,0.05,0.12,36%,19%,3/16,22,109,136,39,9,22,VCT 2025: EMEA Kickoff
"vakk
BBL",(+1),244,0.78,150.5,0.77,67%,97.4,0.55,0.25,0.03,0.07,32%,16%,5/32,22,135,175,60,8,17,VCT 2025: EMEA Kickoff
"flyuh
MKOI",(+1),117,0.77,168.7,0.77,68%,112.5,0.60,0.25,0.09,0.14,24%,7%,1/15,18,70,91,29,10,16,VCT 2025: EMEA Kickoff
"batujnax
APK",,65,0.76,155.7,0.73,68%,103.0,0.58,0.26,0.09,0.18,19%,17%,1/6,27,38,52,17,6,12,VCT 2025: EMEA Kickoff
"ANGE1
NAVI",(+1),128,0.68,148.0,0.63,63%,99.5,0.47,0.30,0.08,0.09,29%,30%,3/10,13,60,95,38,10,11,VCT 2025: EMEA Kickoff
"penny
FUR",,38,1.37,266.0,1.68,82%,165.9,0.97,0.21,0.18,0.11,24%,25%,1/4,22,37,22,8,7,4,VCT 2025: Americas Kickoff
"mada
NRG",(+1),183,1.29,277.3,1.37,75%,173.6,0.97,0.19,0.20,0.21,22%,26%,5/19,30,178,130,35,37,39,VCT 2025: Americas Kickoff
"bdog
FUR",,38,1.28,212.5,1.33,79%,125.5,0.74,0.55,0.05,0.00,35%,,0/8,16,28,21,21,2,0,VCT 2025: Americas Kickoff
"aspas
MIBR",,373,1.26,248.8,1.38,77%,163.4,0.89,0.13,0.20,0.12,23%,7%,3/42,37,332,241,48,73,45,VCT 2025: Americas Kickoff
"trent
G2",,221,1.26,217.2,1.42,75%,150.7,0.81,0.21,0.10,0.07,28%,26%,7/27,23,179,126,47,21,16,VCT 2025: Americas Kickoff
"Shyy
KRÜ",,246,1.20,213.1,1.22,77%,141.9,0.76,0.23,0.08,0.04,28%,24%,9/38,25,188,154,56,19,9,VCT 2025: Americas Kickoff
"leaf
G2",,221,1.19,230.0,1.27,71%,151.6,0.84,0.20,0.15,0.09,27%,22%,7/32,24,186,146,44,34,19,VCT 2025: Americas Kickoff
"dgzin
LOUD",,204,1.19,238.9,1.35,70%,156.1,0.86,0.12,0.21,0.12,26%,13%,2/16,28,175,130,25,42,24,VCT 2025: Americas Kickoff
"jakee
FUR",,38,1.16,221.0,1.16,82%,141.7,0.76,0.47,0.03,0.11,25%,,,19,29,25,18,1,4,VCT 2025: Americas Kickoff
"gobera
2G",,69,1.16,239.5,1.07,75%,157.2,0.84,0.29,0.10,0.06,32%,6%,1/18,23,58,54,20,7,4,VCT 2025: Americas Kickoff
"Cryocells
100T",(+1),170,1.15,233.9,1.20,81%,154.1,0.81,0.24,0.14,0.08,29%,20%,4/20,24,138,115,41,23,13,VCT 2025: Americas Kickoff
"Melser
KRÜ",,246,1.14,204.0,1.23,78%,125.7,0.74,0.36,0.10,0.07,33%,26%,7/27,26,182,148,88,24,16,VCT 2025: Americas Kickoff
"s0m
NRG",(+2),183,1.11,215.0,1.10,81%,134.1,0.75,0.44,0.10,0.08,24%,11%,2/18,30,138,125,81,19,14,VCT 2025: Americas Kickoff
"Khalil
FUR",,80,1.10,211.3,1.07,79%,137.1,0.78,0.26,0.09,0.04,39%,7%,1/14,19,62,58,21,7,3,VCT 2025: Americas Kickoff
"eeiu
100T",,170,1.09,198.1,1.21,78%,129.0,0.76,0.32,0.06,0.05,41%,17%,4/23,26,129,107,55,10,8,VCT 2025: Americas Kickoff
"johnqt
SEN",,370,1.09,186.5,1.05,74%,127.9,0.65,0.27,0.06,0.05,27%,10%,4/40,27,242,231,100,24,18,VCT 2025: Americas Kickoff
"kiNgg
LEV",,148,1.09,216.0,1.08,80%,138.4,0.76,0.39,0.09,0.09,32%,16%,3/19,20,112,104,57,14,13,VCT 2025: Americas Kickoff
"pANcada
LOUD",,204,1.08,193.4,1.08,75%,129.0,0.70,0.31,0.08,0.05,39%,5%,2/38,20,142,131,63,17,11,VCT 2025: Americas Kickoff
"stellar
FUR",,38,1.08,204.5,1.21,76%,143.3,0.76,0.29,0.11,0.16,19%,100%,2/2,15,29,24,11,4,6,VCT 2025: Americas Kickoff
"JonahP
G2",,221,1.05,178.9,1.04,78%,113.7,0.65,0.51,0.05,0.06,24%,18%,4/22,18,144,138,113,12,13,VCT 2025: Americas Kickoff
"nataNk
LEV",(+2),148,1.05,207.1,1.07,76%,136.9,0.70,0.38,0.13,0.14,25%,27%,4/15,20,104,97,56,19,21,VCT 2025: Americas Kickoff
"Asuna
100T",,170,1.04,234.3,1.08,71%,149.7,0.78,0.28,0.19,0.16,22%,43%,6/14,23,132,122,47,33,27,VCT 2025: Americas Kickoff
"zekken
SEN",,370,1.04,219.7,1.10,72%,144.3,0.79,0.22,0.19,0.18,23%,14%,5/37,32,291,264,81,71,68,VCT 2025: Americas Kickoff
"xenom
MIBR",,373,1.04,182.6,1.03,76%,118.2,0.66,0.42,0.06,0.06,31%,17%,9/53,33,247,240,155,21,24,VCT 2025: Americas Kickoff
"keznit
KRÜ",,246,1.03,214.6,1.10,73%,137.9,0.74,0.16,0.17,0.16,22%,17%,3/18,24,183,167,40,43,39,VCT 2025: Americas Kickoff
"tex
LEV",,148,1.03,186.6,1.09,70%,123.3,0.70,0.09,0.06,0.11,36%,30%,6/20,17,104,95,14,9,16,VCT 2025: Americas Kickoff
"valyn
G2",,221,1.03,187.5,1.03,72%,122.8,0.66,0.40,0.06,0.07,20%,29%,5/17,20,145,141,89,14,16,VCT 2025: Americas Kickoff
"supamen
EG",,128,1.01,190.0,1.01,70%,123.2,0.69,0.29,0.09,0.08,35%,29%,5/17,25,88,87,37,11,10,VCT 2025: Americas Kickoff
"Zellsis
SEN",(+2),370,1.01,200.2,0.97,70%,129.9,0.69,0.35,0.08,0.11,24%,11%,6/54,31,254,261,129,29,40,VCT 2025: Americas Kickoff
"Ethan
NRG",(+1),183,1.01,188.0,0.94,72%,123.4,0.62,0.44,0.04,0.08,27%,25%,5/20,24,114,121,81,8,15,VCT 2025: Americas Kickoff
"N4RRATE
SEN",(+2),370,1.00,193.5,0.95,74%,124.8,0.66,0.38,0.07,0.08,23%,28%,9/32,21,244,258,140,27,28,VCT 2025: Americas Kickoff
"bang
SEN",(+1),370,1.00,189.4,0.96,76%,123.8,0.65,0.41,0.08,0.09,34%,15%,5/33,24,242,252,152,31,34,VCT 2025: Americas Kickoff
"v1c
C9",,152,0.97,174.0,0.91,72%,115.2,0.61,0.39,0.07,0.05,24%,26%,8/31,21,92,101,60,10,7,VCT 2025: Americas Kickoff
"yay
EG",(+1),128,0.97,193.7,0.96,62%,129.3,0.66,0.20,0.16,0.10,30%,27%,3/11,18,85,89,25,20,13,VCT 2025: Americas Kickoff
"jawgemo
G2",,221,0.97,217.3,0.99,72%,136.7,0.76,0.30,0.19,0.15,18%,17%,2/12,21,167,169,66,43,33,VCT 2025: Americas Kickoff
"Xeppaa
C9",(+1),152,0.96,194.6,0.93,71%,131.4,0.70,0.27,0.07,0.05,21%,17%,4/23,28,107,115,41,11,8,VCT 2025: Americas Kickoff
"NaturE
EG",,128,0.95,171.7,0.90,69%,117.3,0.60,0.28,0.04,0.07,25%,21%,3/14,18,77,86,36,5,9,VCT 2025: Americas Kickoff
"adverso
KRÜ",,246,0.94,186.3,0.93,71%,122.3,0.64,0.31,0.08,0.10,19%,29%,7/24,21,157,169,77,19,24,VCT 2025: Americas Kickoff
"C0M
LEV",,148,0.94,195.9,0.97,74%,132.2,0.70,0.26,0.06,0.07,21%,17%,3/18,27,103,106,38,9,11,VCT 2025: Americas Kickoff
"icy
EG",,128,0.94,216.5,0.96,66%,141.0,0.74,0.16,0.14,0.20,21%,6%,1/16,19,95,99,20,18,25,VCT 2025: Americas Kickoff
"cauanzin
LOUD",(+1),204,0.94,211.4,0.93,65%,138.0,0.70,0.24,0.13,0.13,28%,13%,1/8,22,142,153,49,26,27,VCT 2025: Americas Kickoff
"Verno
NRG",,183,0.94,172.1,0.97,77%,114.4,0.63,0.23,0.06,0.07,33%,9%,2/23,24,116,120,42,11,12,VCT 2025: Americas Kickoff
"nzr
MIBR",(+1),373,0.93,172.3,0.86,69%,118.8,0.58,0.33,0.04,0.03,27%,8%,4/49,23,216,250,122,14,13,VCT 2025: Americas Kickoff
"Demon1
LEV",(+1),148,0.90,198.1,0.93,70%,137.2,0.70,0.30,0.08,0.16,26%,,0/9,23,103,111,44,12,23,VCT 2025: Americas Kickoff
"Add3r
FUR",,38,0.89,194.5,1.00,66%,126.2,0.74,0.08,0.11,0.16,33%,,0/1,18,28,28,3,4,6,VCT 2025: Americas Kickoff
"Mazino
KRÜ",,246,0.89,182.5,0.89,72%,118.3,0.65,0.45,0.09,0.13,27%,10%,2/20,21,159,178,110,22,31,VCT 2025: Americas Kickoff
"zander
100T",,170,0.89,171.6,0.88,74%,106.7,0.59,0.33,0.11,0.10,25%,21%,4/19,19,100,113,56,18,17,VCT 2025: Americas Kickoff
"tuyz
LOUD",,204,0.88,158.6,0.84,70%,103.0,0.55,0.25,0.08,0.08,31%,35%,6/17,16,113,134,50,17,17,VCT 2025: Americas Kickoff
"v1nny
LOUD",,204,0.88,153.8,0.82,72%,108.2,0.54,0.39,0.03,0.08,34%,12%,3/25,20,111,135,79,7,16,VCT 2025: Americas Kickoff
"OXY
C9",,152,0.88,222.0,0.93,66%,145.7,0.78,0.20,0.16,0.22,23%,17%,1/6,24,118,127,30,25,33,VCT 2025: Americas Kickoff
"mwzera
FUR",,80,0.87,166.3,0.80,66%,111.6,0.55,0.29,0.09,0.09,18%,,0/8,16,44,55,23,7,7,VCT 2025: Americas Kickoff
"cortezia
MIBR",(+1),373,0.86,184.4,0.92,67%,125.6,0.66,0.18,0.08,0.08,34%,6%,2/33,29,245,267,67,31,30,VCT 2025: Americas Kickoff
"havoc
FUR",,80,0.86,220.0,0.86,70%,146.8,0.71,0.23,0.18,0.16,24%,,0/6,15,57,66,18,14,13,VCT 2025: Americas Kickoff
"artzin
MIBR",(+4),373,0.85,192.8,0.84,68%,126.4,0.65,0.30,0.13,0.19,18%,18%,4/22,28,243,288,112,49,71,VCT 2025: Americas Kickoff
"Derrek
EG",,128,0.85,174.8,0.83,73%,115.3,0.61,0.34,0.04,0.09,35%,5%,1/19,20,78,94,44,5,12,VCT 2025: Americas Kickoff
"neT
C9",(+1),152,0.83,174.7,0.86,68%,116.2,0.63,0.23,0.09,0.10,40%,10%,2/20,18,95,110,35,13,15,VCT 2025: Americas Kickoff
"mitch
C9",,152,0.80,163.0,0.71,67%,103.2,0.52,0.47,0.08,0.12,20%,14%,2/14,17,79,111,71,12,18,VCT 2025: Americas Kickoff
"lz
2G",,69,0.80,171.3,0.74,61%,118.0,0.61,0.26,0.12,0.17,44%,20%,2/10,14,42,57,18,8,12,VCT 2025: Americas Kickoff
"FiNESSE
NRG",(+2),183,0.79,145.1,0.68,68%,99.6,0.47,0.32,0.05,0.10,18%,5%,1/20,16,86,126,59,9,18,VCT 2025: Americas Kickoff
"heat
FUR",,80,0.79,172.5,0.83,61%,116.1,0.61,0.09,0.09,0.13,41%,11%,1/9,16,49,59,7,7,10,VCT 2025: Americas Kickoff
"silentzz
2G",,69,0.75,188.5,0.71,65%,122.1,0.64,0.16,0.22,0.16,40%,,0/9,16,44,62,11,15,11,VCT 2025: Americas Kickoff
"pryze
2G",,69,0.70,149.5,0.62,71%,96.0,0.46,0.30,0.03,0.01,23%,,0/11,13,32,52,21,2,1,VCT 2025: Americas Kickoff
"Boostio
100T",(+1),170,0.69,138.0,0.68,69%,85.7,0.48,0.33,0.05,0.07,23%,7%,1/14,14,81,119,56,9,12,VCT 2025: Americas Kickoff
"raafa
FUR",,80,0.60,136.3,0.56,55%,93.7,0.44,0.25,0.03,0.13,21%,8%,1/12,12,35,63,20,2,10,VCT 2025: Americas Kickoff
"Zap
2G",,69,0.51,128.3,0.49,62%,92.8,0.41,0.25,0.03,0.10,19%,,0/4,9,28,57,17,2,7,VCT 2025: Americas Kickoff
"Karon
GEN",,304,1.20,205.2,1.25,78%,135.9,0.74,0.45,0.05,0.08,32%,12%,4/33,24,224,179,138,14,24,VCT 2025: Pacific Kickoff
"Jemkin
RRQ",,269,1.20,257.4,1.29,75%,164.2,0.91,0.22,0.22,0.16,27%,9%,2/22,38,245,190,60,59,42,VCT 2025: Pacific Kickoff
"Meiy
DFM",(+1),180,1.19,240.4,1.21,72%,161.3,0.88,0.16,0.18,0.11,31%,28%,5/18,32,159,131,29,32,20,VCT 2025: Pacific Kickoff
"primmie
TLN",(+1),217,1.19,234.8,1.30,75%,152.2,0.87,0.19,0.05,0.06,36%,13%,3/23,25,189,145,42,11,13,VCT 2025: Pacific Kickoff
"free1ng
DRX",,297,1.16,222.2,1.24,75%,146.5,0.81,0.24,0.10,0.07,29%,18%,6/33,28,241,195,70,30,20,VCT 2025: Pacific Kickoff
"BerserX
BME",,123,1.14,208.8,1.19,73%,145.1,0.75,0.18,0.07,0.09,25%,11%,2/19,22,92,77,22,9,11,VCT 2025: Pacific Kickoff
"Kushy
RRQ",,269,1.14,222.2,1.14,74%,142.6,0.74,0.32,0.08,0.06,34%,17%,4/23,22,200,175,86,22,16,VCT 2025: Pacific Kickoff
"MaKo
DRX",,297,1.12,204.8,1.09,78%,134.8,0.71,0.48,0.09,0.09,26%,27%,8/30,25,210,193,143,26,27,VCT 2025: Pacific Kickoff
"f0rsakeN
PRX",(+3),140,1.12,221.6,1.10,78%,148.5,0.79,0.38,0.09,0.09,35%,,0/12,24,111,101,53,13,12,VCT 2025: Pacific Kickoff
"Ivy
NS",(+5),319,1.11,195.8,1.16,78%,124.4,0.73,0.35,0.07,0.05,30%,26%,12/47,35,232,200,112,22,16,VCT 2025: Pacific Kickoff
"HYUNMIN
DRX",,297,1.11,245.4,1.15,73%,165.5,0.86,0.16,0.22,0.13,28%,11%,2/18,29,255,221,49,65,40,VCT 2025: Pacific Kickoff
"Francis
NS",(+3),319,1.10,218.8,1.07,76%,144.7,0.74,0.39,0.08,0.08,23%,11%,4/38,23,235,219,126,24,24,VCT 2025: Pacific Kickoff
"Kr1stal
GE",,164,1.10,207.3,1.07,72%,139.0,0.70,0.28,0.10,0.09,24%,18%,4/22,19,115,107,46,17,14,VCT 2025: Pacific Kickoff
"JessieVash
TS",,111,1.10,217.8,1.09,68%,155.5,0.78,0.23,0.07,0.06,36%,14%,3/22,22,87,80,25,8,7,VCT 2025: Pacific Kickoff
"Persia
NS",,319,1.09,191.2,1.06,78%,125.5,0.68,0.47,0.05,0.06,27%,22%,8/37,35,216,203,151,17,19,VCT 2025: Pacific Kickoff
"JitBoyS
TLN",,217,1.09,190.2,1.08,73%,125.0,0.71,0.32,0.09,0.06,34%,20%,5/25,19,154,143,69,20,14,VCT 2025: Pacific Kickoff
"Estrella
RRQ",(+2),269,1.08,181.4,1.04,77%,122.0,0.64,0.46,0.06,0.07,31%,20%,8/41,28,173,166,125,17,18,VCT 2025: Pacific Kickoff
"BuZz
T1",,483,1.07,236.6,1.08,71%,154.8,0.81,0.21,0.21,0.16,19%,20%,7/35,28,391,362,101,100,76,VCT 2025: Pacific Kickoff
"Jinggg
PRX",,140,1.04,218.1,1.10,71%,143.6,0.77,0.16,0.14,0.16,20%,8%,1/12,21,108,98,23,20,22,VCT 2025: Pacific Kickoff
"Dep
ZETA",,83,1.04,227.0,1.03,64%,135.2,0.78,0.19,0.14,0.19,28%,33%,2/6,21,65,63,16,12,16,VCT 2025: Pacific Kickoff
"Famouz
BME",,123,1.04,230.5,1.07,72%,142.9,0.79,0.20,0.20,0.20,13%,15%,2/13,24,97,91,24,24,24,VCT 2025: Pacific Kickoff
"Munchkin
GEN",(+1),304,1.03,202.4,1.03,75%,130.3,0.67,0.37,0.10,0.09,24%,6%,2/31,22,205,199,113,30,26,VCT 2025: Pacific Kickoff
"carpe
T1",,297,1.02,180.8,0.91,75%,117.9,0.63,0.54,0.06,0.05,34%,14%,6/43,19,187,206,159,19,16,VCT 2025: Pacific Kickoff
"yoman
GEN",,304,1.00,172.1,1.00,74%,108.5,0.61,0.31,0.06,0.06,30%,6%,2/35,22,185,185,93,18,17,VCT 2025: Pacific Kickoff
"Akame
DFM",(+1),180,1.00,201.9,0.94,76%,129.5,0.68,0.32,0.11,0.08,31%,12%,2/17,24,123,131,58,19,14,VCT 2025: Pacific Kickoff
"d4v41
PRX",(+3),140,1.00,194.0,0.99,79%,139.0,0.69,0.31,0.06,0.07,32%,13%,2/15,27,97,98,44,9,10,VCT 2025: Pacific Kickoff
"dos9
BME",,123,1.00,180.2,0.90,78%,114.6,0.63,0.41,0.07,0.04,28%,13%,3/23,20,77,86,50,9,5,VCT 2025: Pacific Kickoff
"iZu
T1",(+4),483,1.00,183.5,1.02,72%,126.7,0.66,0.22,0.07,0.09,28%,10%,6/59,29,321,316,108,34,42,VCT 2025: Pacific Kickoff
"Papi
GE",,164,1.00,174.0,0.99,73%,112.8,0.63,0.32,0.08,0.04,39%,19%,5/27,16,103,104,52,13,7,VCT 2025: Pacific Kickoff
"stax
T1",(+2),483,0.99,169.7,0.93,72%,116.8,0.60,0.39,0.06,0.06,26%,10%,6/62,28,292,314,190,27,29,VCT 2025: Pacific Kickoff
"Monyet
RRQ",(+1),269,0.99,187.9,1.02,72%,120.3,0.67,0.32,0.07,0.12,31%,23%,3/13,27,179,175,87,18,31,VCT 2025: Pacific Kickoff
"t3xture
GEN",,304,0.99,222.4,1.12,65%,141.8,0.82,0.13,0.18,0.23,24%,18%,3/17,35,248,222,41,56,69,VCT 2025: Pacific Kickoff
"something
PRX",,140,0.98,210.4,1.01,72%,131.3,0.74,0.22,0.16,0.14,22%,14%,3/22,21,103,102,31,22,20,VCT 2025: Pacific Kickoff
"UdoTan
GE",,164,0.98,217.9,1.00,66%,138.5,0.76,0.13,0.13,0.20,26%,,0/8,23,125,125,22,22,32,VCT 2025: Pacific Kickoff
"Foxy9
GEN",,304,0.97,194.5,1.03,66%,125.3,0.69,0.16,0.08,0.08,34%,21%,7/33,23,211,204,48,25,25,VCT 2025: Pacific Kickoff
"xffero
RRQ",,269,0.97,180.6,1.02,75%,121.3,0.66,0.25,0.09,0.09,27%,11%,4/35,31,177,173,68,23,23,VCT 2025: Pacific Kickoff
"margaret
NS",(+1),319,0.96,180.7,0.96,72%,122.0,0.65,0.23,0.13,0.08,28%,8%,3/36,31,206,215,73,43,27,VCT 2025: Pacific Kickoff
"BeYN
DRX",(+1),297,0.95,159.9,0.88,75%,106.1,0.56,0.40,0.05,0.05,27%,9%,3/33,23,165,187,118,15,15,VCT 2025: Pacific Kickoff
"Flashback
DRX",(+1),297,0.94,183.9,0.95,74%,121.8,0.63,0.25,0.08,0.11,24%,10%,4/39,22,188,197,74,25,34,VCT 2025: Pacific Kickoff
"Sylvan
T1",,186,0.93,176.3,0.87,76%,118.7,0.60,0.53,0.05,0.11,26%,25%,5/20,19,111,128,98,10,20,VCT 2025: Pacific Kickoff
"Meteor
T1",(+3),483,0.93,203.2,0.97,66%,136.6,0.72,0.18,0.10,0.13,28%,9%,4/46,25,346,357,86,50,61,VCT 2025: Pacific Kickoff
"Shiro
BME",,123,0.92,174.5,0.82,75%,114.0,0.59,0.46,0.12,0.10,20%,14%,1/7,18,72,88,57,15,12,VCT 2025: Pacific Kickoff
"Jinboong
DFM",(+1),180,0.92,169.6,0.92,70%,111.8,0.62,0.23,0.06,0.12,34%,13%,3/24,21,111,121,41,11,21,VCT 2025: Pacific Kickoff
"gyen
DFM",,180,0.91,168.0,0.90,66%,110.1,0.61,0.28,0.08,0.07,27%,11%,3/27,27,110,122,51,14,13,VCT 2025: Pacific Kickoff
"mindfreak
PRX",,140,0.90,168.6,0.83,70%,110.9,0.59,0.44,0.04,0.04,30%,13%,2/15,19,82,99,62,6,6,VCT 2025: Pacific Kickoff
"invy
TS",(+1),111,0.89,173.8,0.80,79%,117.1,0.59,0.45,0.05,0.06,32%,8%,1/12,22,66,83,50,6,7,VCT 2025: Pacific Kickoff
"ban
TLN",(+3),217,0.89,183.7,0.94,67%,117.4,0.64,0.20,0.10,0.12,34%,13%,4/31,19,139,148,44,22,27,VCT 2025: Pacific Kickoff
"Jremy
TS",,111,0.89,215.3,1.00,61%,130.4,0.75,0.08,0.17,0.16,26%,14%,1/7,21,83,83,9,19,18,VCT 2025: Pacific Kickoff
"Deryeon
GE",(+1),164,0.89,155.3,0.89,67%,107.4,0.58,0.18,0.07,0.12,26%,10%,2/20,18,95,107,29,11,19,VCT 2025: Pacific Kickoff
"Dambi
NS",,319,0.87,218.5,0.88,73%,135.7,0.71,0.35,0.21,0.19,20%,20%,3/15,26,226,258,111,66,60,VCT 2025: Pacific Kickoff
"Art
DFM",(+1),180,0.85,177.0,0.80,68%,115.6,0.58,0.30,0.08,0.12,19%,12%,2/17,16,104,130,54,14,21,VCT 2025: Pacific Kickoff
"kellyS
GE",(+1),164,0.85,175.1,0.79,67%,118.4,0.59,0.32,0.08,0.09,25%,,0/9,24,97,123,52,13,14,VCT 2025: Pacific Kickoff
"2GE
TS",,111,0.84,166.0,0.81,72%,101.6,0.57,0.33,0.12,0.14,16%,14%,2/14,18,63,78,37,13,15,VCT 2025: Pacific Kickoff
"Wild0reoo
TS",(+1),111,0.80,164.0,0.76,66%,112.8,0.53,0.14,0.09,0.07,33%,,0/11,17,59,78,16,10,8,VCT 2025: Pacific Kickoff
"SugarZ3ro
ZETA",,83,0.80,175.8,0.72,72%,114.3,0.57,0.41,0.06,0.06,33%,17%,1/6,16,47,65,34,5,5,VCT 2025: Pacific Kickoff
"CLZ
ZETA",,83,0.78,142.0,0.65,70%,95.7,0.49,0.33,0.01,0.11,37%,14%,3/21,15,41,63,27,1,9,VCT 2025: Pacific Kickoff
"Crws
TLN",(+1),217,0.75,146.1,0.71,69%,96.1,0.49,0.31,0.05,0.08,25%,14%,3/22,24,107,151,68,11,18,VCT 2025: Pacific Kickoff
"Governor
TLN",,217,0.75,173.6,0.77,65%,111.6,0.58,0.16,0.17,0.20,19%,6%,1/17,18,126,163,35,36,44,VCT 2025: Pacific Kickoff
"SyouTa
ZETA",,83,0.75,177.8,0.76,61%,114.1,0.64,0.11,0.11,0.13,44%,12%,2/17,15,53,70,9,9,11,VCT 2025: Pacific Kickoff
"NcSlasher
BME",,123,0.73,147.5,0.71,71%,97.3,0.52,0.33,0.02,0.07,31%,,0/9,14,64,90,40,3,9,VCT 2025: Pacific Kickoff
"Xdll
ZETA",,83,0.70,174.0,0.70,59%,115.4,0.59,0.10,0.10,0.08,33%,,0/9,14,49,70,8,8,7,VCT 2025: Pacific Kickoff
"Rarga
XLG",,290,,242.2,1.14,,,0.85,0.13,,,,,,27,247,216,37,0,0,VCT 2025: China Kickoff
"Autumn
FPX",(+1),167,,204.9,1.02,,,0.69,0.24,,,,,,20,116,114,40,0,0,VCT 2025: China Kickoff
"K1ra
AG",(+1),89,,181.8,0.77,,,0.63,0.25,,,,,,17,56,73,22,0,0,VCT 2025: China Kickoff
"Lsn
AG",(+1),89,,164.8,0.81,,,0.63,0.36,,,,,,20,56,69,32,0,0,VCT 2025: China Kickoff
"SWERL
NOVA",,186,,219.8,1.08,,,0.76,0.18,,,,,,28,142,132,33,0,0,VCT 2025: China Kickoff
"o0o0o
NOVA",,186,,143.9,0.69,,,0.49,0.44,,,,,,15,92,134,81,0,0,VCT 2025: China Kickoff
"cb
NOVA",(+1),186,,214.9,1.05,,,0.75,0.32,,,,,,24,139,133,59,0,0,VCT 2025: China Kickoff
"GuanG
NOVA",,186,,225.3,1.30,,,0.84,0.15,,,,,,25,156,120,28,0,0,VCT 2025: China Kickoff
"Ezeir
NOVA",,186,,223.4,1.07,,,0.74,0.49,,,,,,21,137,128,91,0,0,VCT 2025: China Kickoff
"Knight
BLG",,244,,192.2,1.00,,,0.67,0.30,,,,,,20,164,164,74,0,0,VCT 2025: China Kickoff
"whzy
BLG",,244,,206.7,0.98,,,0.73,0.19,,,,,,30,179,183,46,0,0,VCT 2025: China Kickoff
"nephh
BLG",(+1),244,,228.5,1.06,,,0.77,0.40,,,,,,24,187,176,98,0,0,VCT 2025: China Kickoff
"Levius
BLG",,244,,167.2,0.85,,,0.61,0.14,,,,,,19,150,177,33,0,0,VCT 2025: China Kickoff
"rushia
BLG",(+1),244,,163.2,0.86,,,0.59,0.35,,,,,,21,145,169,85,0,0,VCT 2025: China Kickoff
"Life
FPX",(+1),167,,242.9,1.11,,,0.81,0.22,,,,,,23,136,122,36,0,0,VCT 2025: China Kickoff
"deLb
AG",,89,,210.4,1.01,,,0.79,0.10,,,,,,23,70,69,9,0,0,VCT 2025: China Kickoff
"yosemite
FPX",,167,,216.4,1.13,,,0.77,0.24,,,,,,24,129,114,40,0,0,VCT 2025: China Kickoff
"BerLIN
FPX",,167,,155.1,0.75,,,0.51,0.41,,,,,,17,85,113,69,0,0,VCT 2025: China Kickoff
"AAAAY
FPX",(+1),167,,192.3,1.04,,,0.70,0.17,,,,,,20,117,112,29,0,0,VCT 2025: China Kickoff
"Biank
TE",,233,,211.1,0.97,,,0.72,0.38,,,,,,28,167,173,89,0,0,VCT 2025: China Kickoff
"LuoK1ng
TE",,233,,201.4,1.13,,,0.73,0.53,,,,,,31,171,151,123,0,0,VCT 2025: China Kickoff
"heybay
TE",(+2),233,,197.4,1.02,,,0.69,0.35,,,,,,25,160,157,81,0,0,VCT 2025: China Kickoff
"FengF
TE",(+2),233,,225.7,1.13,,,0.81,0.14,,,,,,27,188,167,33,0,0,VCT 2025: China Kickoff
"Kai
TE",,233,,207.8,1.04,,,0.75,0.23,,,,,,27,174,167,53,0,0,VCT 2025: China Kickoff
"nobody
EDG",(+1),333,,205.9,1.20,,,0.76,0.22,,,,,,37,252,210,74,0,0,VCT 2025: China Kickoff
"ZmjjKK
EDG",,333,,270.4,1.27,,,0.94,0.22,,,,,,29,313,247,73,0,0,VCT 2025: China Kickoff
"Smoggy
EDG",(+1),333,,212.2,1.21,,,0.78,0.40,,,,,,28,261,215,132,0,0,VCT 2025: China Kickoff
"S1Mon
EDG",,333,,151.4,0.84,,,0.53,0.55,,,,,,18,176,209,184,0,0,VCT 2025: China Kickoff
"CHICHOO
EDG",(+3),333,,209.3,1.18,,,0.76,0.27,,,,,,28,252,213,91,0,0,VCT 2025: China Kickoff
"monk
AG",(+1),89,,167.0,0.63,,,0.52,0.40,,,,,,12,46,73,36,0,0,VCT 2025: China Kickoff
"nizhaoTZH
AG",,37,,131.0,0.42,,,0.35,0.38,,,,,,7,13,31,14,0,0,VCT 2025: China Kickoff
"happywei
XLG",(+1),290,,239.4,1.32,,,0.85,0.35,,,,,,25,246,186,101,0,0,VCT 2025: China Kickoff
"5CM
TYL",,89,,160.8,0.71,,,0.53,0.38,,,,,,15,47,66,34,0,0,VCT 2025: China Kickoff
"YOU
XLG",,290,,166.9,0.90,,,0.58,0.48,,,,,,23,168,187,139,0,0,VCT 2025: China Kickoff
"coconut
XLG",,290,,192.8,1.01,,,0.65,0.32,,,,,,19,189,187,92,0,0,VCT 2025: China Kickoff
"Viva
XLG",(+2),290,,163.1,0.92,,,0.58,0.30,,,,,,20,168,183,87,0,0,VCT 2025: China Kickoff
"Spring
WOL",,110,,225.8,1.02,,,0.76,0.15,,,,,,29,84,82,17,0,0,VCT 2025: China Kickoff
"Yuicaw
WOL",,110,,180.4,0.80,,,0.60,0.35,,,,,,22,66,82,38,0,0,VCT 2025: China Kickoff
"SiuFatBB
WOL",(+1),110,,152.8,0.80,,,0.55,0.25,,,,,,19,60,75,27,0,0,VCT 2025: China Kickoff
"Lysoar
WOL",,110,,198.6,0.80,,,0.65,0.20,,,,,,20,71,89,22,0,0,VCT 2025: China Kickoff
"Juicy
WOL",,110,,186.6,0.94,,,0.66,0.41,,,,,,19,73,78,45,0,0,VCT 2025: China Kickoff
"Ninebody
TYL",,89,,193.3,0.92,,,0.66,0.20,,,,,,20,59,64,18,0,0,VCT 2025: China Kickoff
"zjc
TYL",,89,,203.3,0.85,,,0.64,0.33,,,,,,17,57,67,29,0,0,VCT 2025: China Kickoff
"Eren
TYL",,89,,165.5,0.81,,,0.62,0.24,,,,,,17,55,68,21,0,0,VCT 2025: China Kickoff
"slowly
TYL",(+1),89,,225.8,1.19,,,0.83,0.26,,,,,,23,74,62,23,0,0,VCT 2025: China Kickoff
"B1ack
TEC",,148,,189.6,0.93,,,0.64,0.54,,,,,,24,94,101,80,0,0,VCT 2025: China Kickoff
"SpiritZ1
DRG",,283,,179.1,0.89,,,0.65,0.24,,,,,,23,185,208,69,0,0,VCT 2025: China Kickoff
"Abo
TEC",,148,,188.7,0.90,,,0.69,0.11,,,,,,23,102,113,16,0,0,VCT 2025: China Kickoff
"Rb
TEC",,148,,194.0,0.94,,,0.67,0.26,,,,,,25,99,105,39,0,0,VCT 2025: China Kickoff
"Haodong
TEC",,148,,198.3,1.03,,,0.69,0.51,,,,,,20,102,99,75,0,0,VCT 2025: China Kickoff
"Dynamite
TEC",,148,,179.3,0.82,,,0.64,0.16,,,,,,22,94,114,24,0,0,VCT 2025: China Kickoff
"stew
JDG",,162,,250.5,1.40,,,0.91,0.16,,,,,,28,148,106,26,0,0,VCT 2025: China Kickoff
"jkuro
JDG",(+1),162,,201.6,0.89,,,0.67,0.40,,,,,,19,108,122,65,0,0,VCT 2025: China Kickoff
"Z1yan
JDG",(+1),162,,225.1,1.23,,,0.81,0.23,,,,,,30,132,107,37,0,0,VCT 2025: China Kickoff
"MrCANI
JDG",(+1),162,,131.3,0.61,,,0.46,0.29,,,,,,15,75,123,47,0,0,VCT 2025: China Kickoff
"Babyblue
JDG",(+1),162,,185.3,0.91,,,0.66,0.21,,,,,,19,107,118,34,0,0,VCT 2025: China Kickoff
"vo0kashu
DRG",(+1),283,,210.3,1.10,,,0.75,0.24,,,,,,26,212,193,68,0,0,VCT 2025: China Kickoff
"Flex1n
DRG",,283,,195.9,1.03,,,0.70,0.39,,,,,,20,199,193,111,0,0,VCT 2025: China Kickoff
"TvirusLuke
DRG",,283,,192.5,0.88,,,0.70,0.16,,,,,,23,198,224,46,0,0,VCT 2025: China Kickoff
"Nicc
DRG",,283,,193.8,0.98,,,0.67,0.58,,,,,,20,191,195,165,0,0,VCT 2025: China Kickoff
"bunt
AG",,52,,121.7,0.49,,,0.38,0.29,,,,,,9,20,41,15,0,0,VCT 2025: China Kickoff
