event,match_url,map,team,opponent,winner,player,agent,ACS,K,D,A,ADR,HS%,win
Valorant Champions 2025,https://www.vlr.gg/542265/paper-rex-vs-g2-esports-valorant-champions-2025-ubqf,Lotus,Paper Rex,G2 Esports,Paper Rex,something,Yoru,218.0,20,15,3,136.0,21.0,1
Valorant Champions 2025,https://www.vlr.gg/542265/paper-rex-vs-g2-esports-valorant-champions-2025-ubqf,Lotus,Paper Rex,G2 Esports,Paper Rex,Jinggg,Raze,247.0,20,17,6,158.0,18.0,1
Valorant Champions 2025,https://www.vlr.gg/542265/paper-rex-vs-g2-esports-valorant-champions-2025-ubqf,Lotus,Paper Rex,G2 Esports,Paper Rex,d4v41,Vyse,192.0,15,15,8,137.0,36.0,1
Valorant Champions 2025,https://www.vlr.gg/542265/paper-rex-vs-g2-esports-valorant-champions-2025-ubqf,Lotus,Paper Rex,G2 Esports,Paper Rex,f0rsakeN,Omen,178.0,14,18,12,114.0,32.0,1
Valorant Champions 2025,https://www.vlr.gg/542265/paper-rex-vs-g2-esports-valorant-champions-2025-ubqf,Lotus,Paper Rex,G2 Esports,Paper Rex,PatMen,Fade,176.0,16,17,3,111.0,31.0,1
Valorant Champions 2025,https://www.vlr.gg/542265/paper-rex-vs-g2-esports-valorant-champions-2025-ubqf,Lotus,G2 Esports,Paper Rex,Paper Rex,jawgemo,Yoru,296.0,25,17,2,183.0,20.0,0
Valorant Champions 2025,https://www.vlr.gg/542265/paper-rex-vs-g2-esports-valorant-champions-2025-ubqf,Lotus,G2 Esports,Paper Rex,Paper Rex,JonahP,Fade,215.0,17,17,5,130.0,26.0,0
Valorant Champions 2025,https://www.vlr.gg/542265/paper-rex-vs-g2-esports-valorant-champions-2025-ubqf,Lotus,G2 Esports,Paper Rex,Paper Rex,leaf,Viper,231.0,19,18,8,150.0,12.0,0
Valorant Champions 2025,https://www.vlr.gg/542265/paper-rex-vs-g2-esports-valorant-champions-2025-ubqf,Lotus,G2 Esports,Paper Rex,Paper Rex,valyn,Omen,169.0,14,17,3,121.0,27.0,0
Valorant Champions 2025,https://www.vlr.gg/542265/paper-rex-vs-g2-esports-valorant-champions-2025-ubqf,Lotus,G2 Esports,Paper Rex,Paper Rex,trent,Tejo,72.0,7,16,2,56.0,33.0,0
Valorant Champions 2025,https://www.vlr.gg/542265/paper-rex-vs-g2-esports-valorant-champions-2025-ubqf,Corrode,Paper Rex,G2 Esports,G2 Esports,something,Yoru,285.0,28,19,5,175.0,37.0,0
Valorant Champions 2025,https://www.vlr.gg/542265/paper-rex-vs-g2-esports-valorant-champions-2025-ubqf,Corrode,Paper Rex,G2 Esports,G2 Esports,PatMen,Fade,209.0,21,17,6,132.0,33.0,0
Valorant Champions 2025,https://www.vlr.gg/542265/paper-rex-vs-g2-esports-valorant-champions-2025-ubqf,Corrode,Paper Rex,G2 Esports,G2 Esports,Jinggg,Raze,207.0,18,19,4,137.0,9.0,0
Valorant Champions 2025,https://www.vlr.gg/542265/paper-rex-vs-g2-esports-valorant-champions-2025-ubqf,Corrode,Paper Rex,G2 Esports,G2 Esports,f0rsakeN,Omen,186.0,20,22,11,126.0,24.0,0
Valorant Champions 2025,https://www.vlr.gg/542265/paper-rex-vs-g2-esports-valorant-champions-2025-ubqf,Corrode,Paper Rex,G2 Esports,G2 Esports,d4v41,Vyse,148.0,13,20,8,99.0,34.0,0
Valorant Champions 2025,https://www.vlr.gg/542265/paper-rex-vs-g2-esports-valorant-champions-2025-ubqf,Corrode,G2 Esports,Paper Rex,G2 Esports,JonahP,Fade,280.0,26,22,9,164.0,24.0,1
Valorant Champions 2025,https://www.vlr.gg/542265/paper-rex-vs-g2-esports-valorant-champions-2025-ubqf,Corrode,G2 Esports,Paper Rex,G2 Esports,leaf,Viper,225.0,22,19,5,157.0,32.0,1
Valorant Champions 2025,https://www.vlr.gg/542265/paper-rex-vs-g2-esports-valorant-champions-2025-ubqf,Corrode,G2 Esports,Paper Rex,G2 Esports,trent,Tejo,227.0,21,20,8,146.0,28.0,1
Valorant Champions 2025,https://www.vlr.gg/542265/paper-rex-vs-g2-esports-valorant-champions-2025-ubqf,Corrode,G2 Esports,Paper Rex,G2 Esports,jawgemo,Yoru,143.0,14,20,3,96.0,32.0,1
Valorant Champions 2025,https://www.vlr.gg/542265/paper-rex-vs-g2-esports-valorant-champions-2025-ubqf,Corrode,G2 Esports,Paper Rex,G2 Esports,valyn,Omen,140.0,14,19,11,97.0,16.0,1
Valorant Champions 2025,https://www.vlr.gg/542265/paper-rex-vs-g2-esports-valorant-champions-2025-ubqf,Ascent,Paper Rex,G2 Esports,Paper Rex,f0rsakeN,Omen,310.0,28,14,7,199.0,35.0,1
Valorant Champions 2025,https://www.vlr.gg/542265/paper-rex-vs-g2-esports-valorant-champions-2025-ubqf,Ascent,Paper Rex,G2 Esports,Paper Rex,something,Yoru,233.0,20,14,6,152.0,34.0,1
Valorant Champions 2025,https://www.vlr.gg/542265/paper-rex-vs-g2-esports-valorant-champions-2025-ubqf,Ascent,Paper Rex,G2 Esports,Paper Rex,Jinggg,Sage,193.0,16,18,9,119.0,26.0,1
Valorant Champions 2025,https://www.vlr.gg/542265/paper-rex-vs-g2-esports-valorant-champions-2025-ubqf,Ascent,Paper Rex,G2 Esports,Paper Rex,d4v41,Vyse,208.0,16,19,7,151.0,26.0,1
Valorant Champions 2025,https://www.vlr.gg/542265/paper-rex-vs-g2-esports-valorant-champions-2025-ubqf,Ascent,Paper Rex,G2 Esports,Paper Rex,PatMen,Sova,105.0,9,17,3,78.0,13.0,1
Valorant Champions 2025,https://www.vlr.gg/542265/paper-rex-vs-g2-esports-valorant-champions-2025-ubqf,Ascent,G2 Esports,Paper Rex,Paper Rex,leaf,Chamber,362.0,30,19,3,238.0,24.0,0
Valorant Champions 2025,https://www.vlr.gg/542265/paper-rex-vs-g2-esports-valorant-champions-2025-ubqf,Ascent,G2 Esports,Paper Rex,Paper Rex,trent,Sova,156.0,13,15,6,106.0,15.0,0
Valorant Champions 2025,https://www.vlr.gg/542265/paper-rex-vs-g2-esports-valorant-champions-2025-ubqf,Ascent,G2 Esports,Paper Rex,Paper Rex,valyn,Omen,142.0,11,16,11,97.0,22.0,0
Valorant Champions 2025,https://www.vlr.gg/542265/paper-rex-vs-g2-esports-valorant-champions-2025-ubqf,Ascent,G2 Esports,Paper Rex,Paper Rex,JonahP,Vyse,184.0,14,20,6,116.0,20.0,0
Valorant Champions 2025,https://www.vlr.gg/542265/paper-rex-vs-g2-esports-valorant-champions-2025-ubqf,Ascent,G2 Esports,Paper Rex,Paper Rex,jawgemo,Yoru,176.0,14,19,3,122.0,26.0,0
Valorant Champions 2025,https://www.vlr.gg/542264/fnatic-vs-drx-valorant-champions-2025-ubqf,Haven,FNATIC,DRX,FNATIC,kaajak,Yoru,264.0,22,12,5,184.0,31.0,1
Valorant Champions 2025,https://www.vlr.gg/542264/fnatic-vs-drx-valorant-champions-2025-ubqf,Haven,FNATIC,DRX,FNATIC,Alfajer,Killjoy,283.0,25,12,2,206.0,37.0,1
Valorant Champions 2025,https://www.vlr.gg/542264/fnatic-vs-drx-valorant-champions-2025-ubqf,Haven,FNATIC,DRX,FNATIC,crashies,Sova,185.0,16,14,5,126.0,23.0,1
Valorant Champions 2025,https://www.vlr.gg/542264/fnatic-vs-drx-valorant-champions-2025-ubqf,Haven,FNATIC,DRX,FNATIC,Boaster,Omen,125.0,10,17,6,71.0,29.0,1
Valorant Champions 2025,https://www.vlr.gg/542264/fnatic-vs-drx-valorant-champions-2025-ubqf,Haven,FNATIC,DRX,FNATIC,Chronicle,Viper,123.0,9,17,7,94.0,19.0,1
Valorant Champions 2025,https://www.vlr.gg/542264/fnatic-vs-drx-valorant-champions-2025-ubqf,Haven,DRX,FNATIC,FNATIC,BeYN,Sova,182.0,15,13,7,128.0,19.0,0
Valorant Champions 2025,https://www.vlr.gg/542264/fnatic-vs-drx-valorant-champions-2025-ubqf,Haven,DRX,FNATIC,FNATIC,MaKo,Omen,196.0,15,14,6,128.0,22.0,0
Valorant Champions 2025,https://www.vlr.gg/542264/fnatic-vs-drx-valorant-champions-2025-ubqf,Haven,DRX,FNATIC,FNATIC,HYUNMIN,Waylay,179.0,14,17,8,124.0,36.0,0
Valorant Champions 2025,https://www.vlr.gg/542264/fnatic-vs-drx-valorant-champions-2025-ubqf,Haven,DRX,FNATIC,FNATIC,Flashback,Neon,196.0,16,19,1,121.0,22.0,0
Valorant Champions 2025,https://www.vlr.gg/542264/fnatic-vs-drx-valorant-champions-2025-ubqf,Haven,DRX,FNATIC,FNATIC,free1ng,Cypher,135.0,12,19,3,90.0,38.0,0
Valorant Champions 2025,https://www.vlr.gg/542264/fnatic-vs-drx-valorant-champions-2025-ubqf,Ascent,FNATIC,DRX,DRX,Chronicle,Vyse,252.0,17,14,8,162.0,28.0,0
Valorant Champions 2025,https://www.vlr.gg/542264/fnatic-vs-drx-valorant-champions-2025-ubqf,Ascent,FNATIC,DRX,DRX,Alfajer,Sage,226.0,19,14,4,142.0,41.0,0
Valorant Champions 2025,https://www.vlr.gg/542264/fnatic-vs-drx-valorant-champions-2025-ubqf,Ascent,FNATIC,DRX,DRX,kaajak,Yoru,215.0,16,14,5,144.0,32.0,0
Valorant Champions 2025,https://www.vlr.gg/542264/fnatic-vs-drx-valorant-champions-2025-ubqf,Ascent,FNATIC,DRX,DRX,Boaster,Omen,145.0,8,15,11,83.0,18.0,0
Valorant Champions 2025,https://www.vlr.gg/542264/fnatic-vs-drx-valorant-champions-2025-ubqf,Ascent,FNATIC,DRX,DRX,crashies,Sova,105.0,8,14,4,80.0,17.0,0
Valorant Champions 2025,https://www.vlr.gg/542264/fnatic-vs-drx-valorant-champions-2025-ubqf,Ascent,DRX,FNATIC,DRX,MaKo,Omen,212.0,16,11,9,129.0,20.0,1
Valorant Champions 2025,https://www.vlr.gg/542264/fnatic-vs-drx-valorant-champions-2025-ubqf,Ascent,DRX,FNATIC,DRX,Flashback,Yoru,248.0,18,14,4,166.0,24.0,1
Valorant Champions 2025,https://www.vlr.gg/542264/fnatic-vs-drx-valorant-champions-2025-ubqf,Ascent,DRX,FNATIC,DRX,BeYN,Sova,173.0,11,12,7,134.0,24.0,1
Valorant Champions 2025,https://www.vlr.gg/542264/fnatic-vs-drx-valorant-champions-2025-ubqf,Ascent,DRX,FNATIC,DRX,HYUNMIN,Waylay,223.0,16,15,3,143.0,37.0,1
Valorant Champions 2025,https://www.vlr.gg/542264/fnatic-vs-drx-valorant-champions-2025-ubqf,Ascent,DRX,FNATIC,DRX,free1ng,Vyse,134.0,10,16,2,88.0,28.0,1
Valorant Champions 2025,https://www.vlr.gg/542264/fnatic-vs-drx-valorant-champions-2025-ubqf,Lotus,FNATIC,DRX,FNATIC,Alfajer,Killjoy,326.0,20,10,9,223.0,37.0,1
Valorant Champions 2025,https://www.vlr.gg/542264/fnatic-vs-drx-valorant-champions-2025-ubqf,Lotus,FNATIC,DRX,FNATIC,kaajak,Raze,203.0,14,7,5,129.0,27.0,1
Valorant Champions 2025,https://www.vlr.gg/542264/fnatic-vs-drx-valorant-champions-2025-ubqf,Lotus,FNATIC,DRX,FNATIC,crashies,Fade,183.0,13,11,4,109.0,42.0,1
Valorant Champions 2025,https://www.vlr.gg/542264/fnatic-vs-drx-valorant-champions-2025-ubqf,Lotus,FNATIC,DRX,FNATIC,Boaster,Omen,144.0,9,10,9,86.0,9.0,1
Valorant Champions 2025,https://www.vlr.gg/542264/fnatic-vs-drx-valorant-champions-2025-ubqf,Lotus,FNATIC,DRX,FNATIC,Chronicle,Viper,156.0,10,13,8,125.0,24.0,1
Valorant Champions 2025,https://www.vlr.gg/542264/fnatic-vs-drx-valorant-champions-2025-ubqf,Lotus,DRX,FNATIC,FNATIC,HYUNMIN,Waylay,187.0,13,12,0,115.0,39.0,0
Valorant Champions 2025,https://www.vlr.gg/542264/fnatic-vs-drx-valorant-champions-2025-ubqf,Lotus,DRX,FNATIC,FNATIC,Flashback,Yoru,240.0,15,14,4,152.0,17.0,0
Valorant Champions 2025,https://www.vlr.gg/542264/fnatic-vs-drx-valorant-champions-2025-ubqf,Lotus,DRX,FNATIC,FNATIC,free1ng,Vyse,134.0,8,12,4,98.0,43.0,0
Valorant Champions 2025,https://www.vlr.gg/542264/fnatic-vs-drx-valorant-champions-2025-ubqf,Lotus,DRX,FNATIC,FNATIC,BeYN,Fade,140.0,9,13,2,86.0,25.0,0
Valorant Champions 2025,https://www.vlr.gg/542264/fnatic-vs-drx-valorant-champions-2025-ubqf,Lotus,DRX,FNATIC,FNATIC,MaKo,Omen,116.0,6,15,2,77.0,29.0,0
Valorant Champions 2025,https://www.vlr.gg/542266/team-heretics-vs-mibr-valorant-champions-2025-ubqf,Corrode,Team Heretics,MIBR,MIBR,RieNs,Fade,219.0,18,16,10,147.0,23.0,0
Valorant Champions 2025,https://www.vlr.gg/542266/team-heretics-vs-mibr-valorant-champions-2025-ubqf,Corrode,Team Heretics,MIBR,MIBR,MiniBoo,Yoru,197.0,18,19,2,139.0,36.0,0
Valorant Champions 2025,https://www.vlr.gg/542266/team-heretics-vs-mibr-valorant-champions-2025-ubqf,Corrode,Team Heretics,MIBR,MIBR,Wo0t,Viper,196.0,16,22,3,136.0,32.0,0
Valorant Champions 2025,https://www.vlr.gg/542266/team-heretics-vs-mibr-valorant-champions-2025-ubqf,Corrode,Team Heretics,MIBR,MIBR,Boo,Astra,129.0,11,18,4,89.0,44.0,0
Valorant Champions 2025,https://www.vlr.gg/542266/team-heretics-vs-mibr-valorant-champions-2025-ubqf,Corrode,Team Heretics,MIBR,MIBR,benjyfishy,Vyse,127.0,11,19,9,94.0,26.0,0
Valorant Champions 2025,https://www.vlr.gg/542266/team-heretics-vs-mibr-valorant-champions-2025-ubqf,Corrode,MIBR,Team Heretics,MIBR,artzin,Kayo,280.0,24,12,15,185.0,23.0,1
Valorant Champions 2025,https://www.vlr.gg/542266/team-heretics-vs-mibr-valorant-champions-2025-ubqf,Corrode,MIBR,Team Heretics,MIBR,xenom,Omen,188.0,17,16,13,121.0,30.0,1
Valorant Champions 2025,https://www.vlr.gg/542266/team-heretics-vs-mibr-valorant-champions-2025-ubqf,Corrode,MIBR,Team Heretics,MIBR,aspas,Waylay,192.0,19,15,4,116.0,28.0,1
Valorant Champions 2025,https://www.vlr.gg/542266/team-heretics-vs-mibr-valorant-champions-2025-ubqf,Corrode,MIBR,Team Heretics,MIBR,Verno,Sova,214.0,19,17,12,148.0,28.0,1
Valorant Champions 2025,https://www.vlr.gg/542266/team-heretics-vs-mibr-valorant-champions-2025-ubqf,Corrode,MIBR,Team Heretics,MIBR,cortezia,Viper,135.0,15,14,3,87.0,20.0,1
Valorant Champions 2025,https://www.vlr.gg/542266/team-heretics-vs-mibr-valorant-champions-2025-ubqf,Sunset,Team Heretics,MIBR,MIBR,RieNs,Sova,220.0,12,16,5,142.0,28.0,0
Valorant Champions 2025,https://www.vlr.gg/542266/team-heretics-vs-mibr-valorant-champions-2025-ubqf,Sunset,Team Heretics,MIBR,MIBR,benjyfishy,Vyse,181.0,12,18,2,106.0,37.0,0
Valorant Champions 2025,https://www.vlr.gg/542266/team-heretics-vs-mibr-valorant-champions-2025-ubqf,Sunset,Team Heretics,MIBR,MIBR,Wo0t,Viper,178.0,11,17,3,108.0,20.0,0
Valorant Champions 2025,https://www.vlr.gg/542266/team-heretics-vs-mibr-valorant-champions-2025-ubqf,Sunset,Team Heretics,MIBR,MIBR,Boo,Omen,98.0,6,15,5,55.0,37.0,0
Valorant Champions 2025,https://www.vlr.gg/542266/team-heretics-vs-mibr-valorant-champions-2025-ubqf,Sunset,Team Heretics,MIBR,MIBR,MiniBoo,Yoru,110.0,8,16,0,83.0,29.0,0
Valorant Champions 2025,https://www.vlr.gg/542266/team-heretics-vs-mibr-valorant-champions-2025-ubqf,Sunset,MIBR,Team Heretics,MIBR,aspas,Neon,284.0,19,10,5,185.0,25.0,1
Valorant Champions 2025,https://www.vlr.gg/542266/team-heretics-vs-mibr-valorant-champions-2025-ubqf,Sunset,MIBR,Team Heretics,MIBR,cortezia,Cypher,224.0,18,8,4,163.0,44.0,1
Valorant Champions 2025,https://www.vlr.gg/542266/team-heretics-vs-mibr-valorant-champions-2025-ubqf,Sunset,MIBR,Team Heretics,MIBR,Verno,Sova,234.0,17,10,5,154.0,24.0,1
Valorant Champions 2025,https://www.vlr.gg/542266/team-heretics-vs-mibr-valorant-champions-2025-ubqf,Sunset,MIBR,Team Heretics,MIBR,artzin,Viper,244.0,15,12,10,152.0,20.0,1
Valorant Champions 2025,https://www.vlr.gg/542266/team-heretics-vs-mibr-valorant-champions-2025-ubqf,Sunset,MIBR,Team Heretics,MIBR,xenom,Omen,174.0,13,9,9,112.0,21.0,1
Valorant Champions 2025,https://www.vlr.gg/542267/nrg-vs-giantx-valorant-champions-2025-ubqf,Haven,NRG,GIANTX,NRG,brawk,Sova,324.0,18,1,8,198.0,15.0,1
Valorant Champions 2025,https://www.vlr.gg/542267/nrg-vs-giantx-valorant-champions-2025-ubqf,Haven,NRG,GIANTX,NRG,mada,Neon,272.0,15,6,2,164.0,23.0,1
Valorant Champions 2025,https://www.vlr.gg/542267/nrg-vs-giantx-valorant-champions-2025-ubqf,Haven,NRG,GIANTX,NRG,s0m,Viper,321.0,15,11,5,223.0,26.0,1
Valorant Champions 2025,https://www.vlr.gg/542267/nrg-vs-giantx-valorant-champions-2025-ubqf,Haven,NRG,GIANTX,NRG,Ethan,Omen,129.0,7,5,7,85.0,17.0,1
Valorant Champions 2025,https://www.vlr.gg/542267/nrg-vs-giantx-valorant-champions-2025-ubqf,Haven,NRG,GIANTX,NRG,skuba,Killjoy,87.0,4,4,3,61.0,26.0,1
Valorant Champions 2025,https://www.vlr.gg/542267/nrg-vs-giantx-valorant-champions-2025-ubqf,Haven,GIANTX,NRG,NRG,grubinho,Omen,181.0,10,12,4,116.0,40.0,0
Valorant Champions 2025,https://www.vlr.gg/542267/nrg-vs-giantx-valorant-champions-2025-ubqf,Haven,GIANTX,NRG,NRG,Cloud,Sova,123.0,4,11,10,88.0,24.0,0
Valorant Champions 2025,https://www.vlr.gg/542267/nrg-vs-giantx-valorant-champions-2025-ubqf,Haven,GIANTX,NRG,NRG,westside,Cypher,118.0,5,13,1,84.0,22.0,0
Valorant Champions 2025,https://www.vlr.gg/542267/nrg-vs-giantx-valorant-champions-2025-ubqf,Haven,GIANTX,NRG,NRG,Flickless,Breach,120.0,4,11,7,93.0,35.0,0
Valorant Champions 2025,https://www.vlr.gg/542267/nrg-vs-giantx-valorant-champions-2025-ubqf,Haven,GIANTX,NRG,NRG,ara,Neon,80.0,4,12,0,46.0,50.0,0
Valorant Champions 2025,https://www.vlr.gg/542267/nrg-vs-giantx-valorant-champions-2025-ubqf,Lotus,NRG,GIANTX,NRG,skuba,Viper,226.0,17,9,8,133.0,35.0,1
Valorant Champions 2025,https://www.vlr.gg/542267/nrg-vs-giantx-valorant-champions-2025-ubqf,Lotus,NRG,GIANTX,NRG,mada,Raze,269.0,19,11,4,177.0,14.0,1
Valorant Champions 2025,https://www.vlr.gg/542267/nrg-vs-giantx-valorant-champions-2025-ubqf,Lotus,NRG,GIANTX,NRG,s0m,Omen,202.0,14,10,11,120.0,21.0,1
Valorant Champions 2025,https://www.vlr.gg/542267/nrg-vs-giantx-valorant-champions-2025-ubqf,Lotus,NRG,GIANTX,NRG,brawk,Vyse,257.0,17,12,3,161.0,12.0,1
Valorant Champions 2025,https://www.vlr.gg/542267/nrg-vs-giantx-valorant-champions-2025-ubqf,Lotus,NRG,GIANTX,NRG,Ethan,Fade,150.0,8,11,7,97.0,28.0,1
Valorant Champions 2025,https://www.vlr.gg/542267/nrg-vs-giantx-valorant-champions-2025-ubqf,Lotus,GIANTX,NRG,NRG,Cloud,Fade,217.0,14,13,7,135.0,23.0,0
Valorant Champions 2025,https://www.vlr.gg/542267/nrg-vs-giantx-valorant-champions-2025-ubqf,Lotus,GIANTX,NRG,NRG,westside,Cypher,203.0,15,14,2,142.0,43.0,0
Valorant Champions 2025,https://www.vlr.gg/542267/nrg-vs-giantx-valorant-champions-2025-ubqf,Lotus,GIANTX,NRG,NRG,grubinho,Omen,200.0,14,17,3,120.0,34.0,0
Valorant Champions 2025,https://www.vlr.gg/542267/nrg-vs-giantx-valorant-champions-2025-ubqf,Lotus,GIANTX,NRG,NRG,Flickless,Viper,128.0,8,16,4,95.0,19.0,0
Valorant Champions 2025,https://www.vlr.gg/542267/nrg-vs-giantx-valorant-champions-2025-ubqf,Lotus,GIANTX,NRG,NRG,ara,Raze,43.0,2,15,2,38.0,9.0,0
Valorant Champions 2025,https://www.vlr.gg/542273/drx-vs-g2-esports-valorant-champions-2025-lr1,Lotus,DRX,G2 Esports,G2 Esports,MaKo,Omen,243.0,18,14,5,141.0,29.0,0
Valorant Champions 2025,https://www.vlr.gg/542273/drx-vs-g2-esports-valorant-champions-2025-lr1,Lotus,DRX,G2 Esports,G2 Esports,free1ng,Vyse,224.0,15,15,4,137.0,26.0,0
Valorant Champions 2025,https://www.vlr.gg/542273/drx-vs-g2-esports-valorant-champions-2025-lr1,Lotus,DRX,G2 Esports,G2 Esports,Flashback,Yoru,151.0,10,17,2,98.0,24.0,0
Valorant Champions 2025,https://www.vlr.gg/542273/drx-vs-g2-esports-valorant-champions-2025-lr1,Lotus,DRX,G2 Esports,G2 Esports,HYUNMIN,Waylay,115.0,6,15,8,87.0,36.0,0
Valorant Champions 2025,https://www.vlr.gg/542273/drx-vs-g2-esports-valorant-champions-2025-lr1,Lotus,DRX,G2 Esports,G2 Esports,BeYN,Fade,71.0,5,14,3,53.0,18.0,0
Valorant Champions 2025,https://www.vlr.gg/542273/drx-vs-g2-esports-valorant-champions-2025-lr1,Lotus,G2 Esports,DRX,G2 Esports,jawgemo,Yoru,365.0,28,13,5,230.0,29.0,1
Valorant Champions 2025,https://www.vlr.gg/542273/drx-vs-g2-esports-valorant-champions-2025-lr1,Lotus,G2 Esports,DRX,G2 Esports,JonahP,Fade,193.0,11,9,10,118.0,14.0,1
Valorant Champions 2025,https://www.vlr.gg/542273/drx-vs-g2-esports-valorant-champions-2025-lr1,Lotus,G2 Esports,DRX,G2 Esports,valyn,Omen,149.0,10,8,13,80.0,27.0,1
Valorant Champions 2025,https://www.vlr.gg/542273/drx-vs-g2-esports-valorant-champions-2025-lr1,Lotus,G2 Esports,DRX,G2 Esports,leaf,Viper,179.0,11,13,11,118.0,27.0,1
Valorant Champions 2025,https://www.vlr.gg/542273/drx-vs-g2-esports-valorant-champions-2025-lr1,Lotus,G2 Esports,DRX,G2 Esports,trent,Tejo,208.0,15,12,2,151.0,42.0,1
Valorant Champions 2025,https://www.vlr.gg/542273/drx-vs-g2-esports-valorant-champions-2025-lr1,Abyss,DRX,G2 Esports,DRX,HYUNMIN,Waylay,357.0,30,14,10,224.0,50.0,1
Valorant Champions 2025,https://www.vlr.gg/542273/drx-vs-g2-esports-valorant-champions-2025-lr1,Abyss,DRX,G2 Esports,DRX,Flashback,Yoru,255.0,22,16,4,156.0,27.0,1
Valorant Champions 2025,https://www.vlr.gg/542273/drx-vs-g2-esports-valorant-champions-2025-lr1,Abyss,DRX,G2 Esports,DRX,MaKo,Omen,213.0,18,16,9,123.0,29.0,1
Valorant Champions 2025,https://www.vlr.gg/542273/drx-vs-g2-esports-valorant-champions-2025-lr1,Abyss,DRX,G2 Esports,DRX,BeYN,Sova,146.0,9,16,11,98.0,31.0,1
Valorant Champions 2025,https://www.vlr.gg/542273/drx-vs-g2-esports-valorant-champions-2025-lr1,Abyss,DRX,G2 Esports,DRX,free1ng,Cypher,62.0,6,14,3,35.0,17.0,1
Valorant Champions 2025,https://www.vlr.gg/542273/drx-vs-g2-esports-valorant-champions-2025-lr1,Abyss,G2 Esports,DRX,DRX,trent,Tejo,213.0,16,16,5,156.0,47.0,0
Valorant Champions 2025,https://www.vlr.gg/542273/drx-vs-g2-esports-valorant-champions-2025-lr1,Abyss,G2 Esports,DRX,DRX,leaf,Chamber,210.0,17,18,6,147.0,20.0,0
Valorant Champions 2025,https://www.vlr.gg/542273/drx-vs-g2-esports-valorant-champions-2025-lr1,Abyss,G2 Esports,DRX,DRX,JonahP,Sova,181.0,15,15,8,103.0,14.0,0
Valorant Champions 2025,https://www.vlr.gg/542273/drx-vs-g2-esports-valorant-champions-2025-lr1,Abyss,G2 Esports,DRX,DRX,valyn,Astra,170.0,14,16,5,105.0,24.0,0
Valorant Champions 2025,https://www.vlr.gg/542273/drx-vs-g2-esports-valorant-champions-2025-lr1,Abyss,G2 Esports,DRX,DRX,jawgemo,Yoru,183.0,14,20,4,114.0,36.0,0
Valorant Champions 2025,https://www.vlr.gg/542273/drx-vs-g2-esports-valorant-champions-2025-lr1,Bind,DRX,G2 Esports,DRX,MaKo,Brimstone,261.0,21,10,11,160.0,23.0,1
Valorant Champions 2025,https://www.vlr.gg/542273/drx-vs-g2-esports-valorant-champions-2025-lr1,Bind,DRX,G2 Esports,DRX,Flashback,Yoru,234.0,18,9,3,129.0,15.0,1
Valorant Champions 2025,https://www.vlr.gg/542273/drx-vs-g2-esports-valorant-champions-2025-lr1,Bind,DRX,G2 Esports,DRX,HYUNMIN,Waylay,178.0,11,10,5,127.0,24.0,1
Valorant Champions 2025,https://www.vlr.gg/542273/drx-vs-g2-esports-valorant-champions-2025-lr1,Bind,DRX,G2 Esports,DRX,free1ng,Viper,198.0,14,11,7,127.0,41.0,1
Valorant Champions 2025,https://www.vlr.gg/542273/drx-vs-g2-esports-valorant-champions-2025-lr1,Bind,DRX,G2 Esports,DRX,BeYN,Fade,169.0,12,13,8,99.0,21.0,1
Valorant Champions 2025,https://www.vlr.gg/542273/drx-vs-g2-esports-valorant-champions-2025-lr1,Bind,G2 Esports,DRX,DRX,valyn,Brimstone,233.0,16,14,5,142.0,32.0,0
Valorant Champions 2025,https://www.vlr.gg/542273/drx-vs-g2-esports-valorant-champions-2025-lr1,Bind,G2 Esports,DRX,DRX,jawgemo,Yoru,222.0,15,15,3,133.0,18.0,0
Valorant Champions 2025,https://www.vlr.gg/542273/drx-vs-g2-esports-valorant-champions-2025-lr1,Bind,G2 Esports,DRX,DRX,trent,Tejo,165.0,12,15,2,99.0,29.0,0
Valorant Champions 2025,https://www.vlr.gg/542273/drx-vs-g2-esports-valorant-champions-2025-lr1,Bind,G2 Esports,DRX,DRX,leaf,Deadlock,130.0,8,17,6,86.0,19.0,0
Valorant Champions 2025,https://www.vlr.gg/542273/drx-vs-g2-esports-valorant-champions-2025-lr1,Bind,G2 Esports,DRX,DRX,JonahP,Fade,62.0,2,15,6,44.0,18.0,0
Valorant Champions 2025,https://www.vlr.gg/542274/team-heretics-vs-giantx-valorant-champions-2025-lr1,Ascent,Team Heretics,GIANTX,Team Heretics,RieNs,Sova,350.0,23,8,4,224.0,32.0,1
Valorant Champions 2025,https://www.vlr.gg/542274/team-heretics-vs-giantx-valorant-champions-2025-lr1,Ascent,Team Heretics,GIANTX,Team Heretics,MiniBoo,Yoru,271.0,17,11,4,192.0,23.0,1
Valorant Champions 2025,https://www.vlr.gg/542274/team-heretics-vs-giantx-valorant-champions-2025-lr1,Ascent,Team Heretics,GIANTX,Team Heretics,Wo0t,Jett,188.0,13,8,0,96.0,27.0,1
Valorant Champions 2025,https://www.vlr.gg/542274/team-heretics-vs-giantx-valorant-champions-2025-lr1,Ascent,Team Heretics,GIANTX,Team Heretics,benjyfishy,Cypher,170.0,11,8,4,109.0,26.0,1
Valorant Champions 2025,https://www.vlr.gg/542274/team-heretics-vs-giantx-valorant-champions-2025-lr1,Ascent,Team Heretics,GIANTX,Team Heretics,Boo,Omen,157.0,9,10,16,96.0,26.0,1
Valorant Champions 2025,https://www.vlr.gg/542274/team-heretics-vs-giantx-valorant-champions-2025-lr1,Ascent,GIANTX,Team Heretics,Team Heretics,Flickless,Kayo,203.0,13,15,8,117.0,26.0,0
Valorant Champions 2025,https://www.vlr.gg/542274/team-heretics-vs-giantx-valorant-champions-2025-lr1,Ascent,GIANTX,Team Heretics,Team Heretics,ara,Jett,185.0,10,14,4,137.0,25.0,0
Valorant Champions 2025,https://www.vlr.gg/542274/team-heretics-vs-giantx-valorant-champions-2025-lr1,Ascent,GIANTX,Team Heretics,Team Heretics,westside,Cypher,169.0,10,15,4,114.0,42.0,0
Valorant Champions 2025,https://www.vlr.gg/542274/team-heretics-vs-giantx-valorant-champions-2025-lr1,Ascent,GIANTX,Team Heretics,Team Heretics,Cloud,Sova,150.0,8,14,4,98.0,24.0,0
Valorant Champions 2025,https://www.vlr.gg/542274/team-heretics-vs-giantx-valorant-champions-2025-lr1,Ascent,GIANTX,Team Heretics,Team Heretics,grubinho,Omen,81.0,4,15,9,44.0,56.0,0
Valorant Champions 2025,https://www.vlr.gg/542274/team-heretics-vs-giantx-valorant-champions-2025-lr1,Lotus,Team Heretics,GIANTX,GIANTX,Wo0t,Chamber,182.0,10,11,1,105.0,31.0,0
Valorant Champions 2025,https://www.vlr.gg/542274/team-heretics-vs-giantx-valorant-champions-2025-lr1,Lotus,Team Heretics,GIANTX,GIANTX,MiniBoo,Raze,183.0,11,14,1,121.0,26.0,0
Valorant Champions 2025,https://www.vlr.gg/542274/team-heretics-vs-giantx-valorant-champions-2025-lr1,Lotus,Team Heretics,GIANTX,GIANTX,benjyfishy,Deadlock,154.0,9,15,2,97.0,29.0,0
Valorant Champions 2025,https://www.vlr.gg/542274/team-heretics-vs-giantx-valorant-champions-2025-lr1,Lotus,Team Heretics,GIANTX,GIANTX,Boo,Omen,46.0,2,12,5,35.0,18.0,0
Valorant Champions 2025,https://www.vlr.gg/542274/team-heretics-vs-giantx-valorant-champions-2025-lr1,Lotus,Team Heretics,GIANTX,GIANTX,RieNs,Fade,135.0,6,16,3,90.0,43.0,0
Valorant Champions 2025,https://www.vlr.gg/542274/team-heretics-vs-giantx-valorant-champions-2025-lr1,Lotus,GIANTX,Team Heretics,GIANTX,Flickless,Viper,249.0,13,6,11,160.0,32.0,1
Valorant Champions 2025,https://www.vlr.gg/542274/team-heretics-vs-giantx-valorant-champions-2025-lr1,Lotus,GIANTX,Team Heretics,GIANTX,ara,Raze,271.0,14,11,5,183.0,28.0,1
Valorant Champions 2025,https://www.vlr.gg/542274/team-heretics-vs-giantx-valorant-champions-2025-lr1,Lotus,GIANTX,Team Heretics,GIANTX,westside,Cypher,223.0,16,7,3,127.0,31.0,1
Valorant Champions 2025,https://www.vlr.gg/542274/team-heretics-vs-giantx-valorant-champions-2025-lr1,Lotus,GIANTX,Team Heretics,GIANTX,Cloud,Fade,236.0,14,7,5,144.0,31.0,1
Valorant Champions 2025,https://www.vlr.gg/542274/team-heretics-vs-giantx-valorant-champions-2025-lr1,Lotus,GIANTX,Team Heretics,GIANTX,grubinho,Omen,175.0,11,7,6,119.0,23.0,1
Valorant Champions 2025,https://www.vlr.gg/542274/team-heretics-vs-giantx-valorant-champions-2025-lr1,Bind,Team Heretics,GIANTX,Team Heretics,MiniBoo,Waylay,243.0,19,17,4,140.0,36.0,1
Valorant Champions 2025,https://www.vlr.gg/542274/team-heretics-vs-giantx-valorant-champions-2025-lr1,Bind,Team Heretics,GIANTX,Team Heretics,Boo,Brimstone,176.0,16,14,7,111.0,37.0,1
Valorant Champions 2025,https://www.vlr.gg/542274/team-heretics-vs-giantx-valorant-champions-2025-lr1,Bind,Team Heretics,GIANTX,Team Heretics,RieNs,Fade,171.0,14,17,8,117.0,38.0,1
Valorant Champions 2025,https://www.vlr.gg/542274/team-heretics-vs-giantx-valorant-champions-2025-lr1,Bind,Team Heretics,GIANTX,Team Heretics,benjyfishy,Viper,199.0,12,17,9,133.0,25.0,1
Valorant Champions 2025,https://www.vlr.gg/542274/team-heretics-vs-giantx-valorant-champions-2025-lr1,Bind,Team Heretics,GIANTX,Team Heretics,Wo0t,Yoru,200.0,16,18,5,125.0,38.0,1
Valorant Champions 2025,https://www.vlr.gg/542274/team-heretics-vs-giantx-valorant-champions-2025-lr1,Bind,GIANTX,Team Heretics,Team Heretics,Cloud,Gekko,213.0,18,13,9,142.0,29.0,0
Valorant Champions 2025,https://www.vlr.gg/542274/team-heretics-vs-giantx-valorant-champions-2025-lr1,Bind,GIANTX,Team Heretics,Team Heretics,westside,Deadlock,241.0,20,15,7,139.0,35.0,0
Valorant Champions 2025,https://www.vlr.gg/542274/team-heretics-vs-giantx-valorant-champions-2025-lr1,Bind,GIANTX,Team Heretics,Team Heretics,Flickless,Viper,229.0,17,16,8,153.0,26.0,0
Valorant Champions 2025,https://www.vlr.gg/542274/team-heretics-vs-giantx-valorant-champions-2025-lr1,Bind,GIANTX,Team Heretics,Team Heretics,grubinho,Astra,209.0,16,16,13,126.0,18.0,0
Valorant Champions 2025,https://www.vlr.gg/542274/team-heretics-vs-giantx-valorant-champions-2025-lr1,Bind,GIANTX,Team Heretics,Team Heretics,ara,Raze,153.0,10,17,6,106.0,23.0,0
Valorant Champions 2025,https://www.vlr.gg/542268/fnatic-vs-paper-rex-valorant-champions-2025-ubsf,Bind,FNATIC,Paper Rex,Paper Rex,kaajak,Yoru,369.0,30,17,8,228.0,33.0,0
Valorant Champions 2025,https://www.vlr.gg/542268/fnatic-vs-paper-rex-valorant-champions-2025-ubsf,Bind,FNATIC,Paper Rex,Paper Rex,doma,Tejo,159.0,13,14,4,118.0,32.0,0
Valorant Champions 2025,https://www.vlr.gg/542268/fnatic-vs-paper-rex-valorant-champions-2025-ubsf,Bind,FNATIC,Paper Rex,Paper Rex,Boaster,Astra,134.0,9,14,6,103.0,25.0,0
Valorant Champions 2025,https://www.vlr.gg/542268/fnatic-vs-paper-rex-valorant-champions-2025-ubsf,Bind,FNATIC,Paper Rex,Paper Rex,crashies,Fade,165.0,14,16,7,106.0,19.0,0
Valorant Champions 2025,https://www.vlr.gg/542268/fnatic-vs-paper-rex-valorant-champions-2025-ubsf,Bind,FNATIC,Paper Rex,Paper Rex,Chronicle,Viper,129.0,10,18,3,96.0,35.0,0
Valorant Champions 2025,https://www.vlr.gg/542268/fnatic-vs-paper-rex-valorant-champions-2025-ubsf,Bind,Paper Rex,FNATIC,Paper Rex,d4v41,Viper,190.0,18,12,3,127.0,29.0,1
Valorant Champions 2025,https://www.vlr.gg/542268/fnatic-vs-paper-rex-valorant-champions-2025-ubsf,Bind,Paper Rex,FNATIC,Paper Rex,f0rsakeN,Brimstone,218.0,17,15,8,152.0,44.0,1
Valorant Champions 2025,https://www.vlr.gg/542268/fnatic-vs-paper-rex-valorant-champions-2025-ubsf,Bind,Paper Rex,FNATIC,Paper Rex,PatMen,Fade,184.0,15,14,3,129.0,30.0,1
Valorant Champions 2025,https://www.vlr.gg/542268/fnatic-vs-paper-rex-valorant-champions-2025-ubsf,Bind,Paper Rex,FNATIC,Paper Rex,something,Yoru,189.0,16,17,2,119.0,18.0,1
Valorant Champions 2025,https://www.vlr.gg/542268/fnatic-vs-paper-rex-valorant-champions-2025-ubsf,Bind,Paper Rex,FNATIC,Paper Rex,Jinggg,Raze,184.0,13,18,8,140.0,19.0,1
Valorant Champions 2025,https://www.vlr.gg/542268/fnatic-vs-paper-rex-valorant-champions-2025-ubsf,Haven,FNATIC,Paper Rex,FNATIC,kaajak,Yoru,325.0,20,9,3,206.0,30.0,1
Valorant Champions 2025,https://www.vlr.gg/542268/fnatic-vs-paper-rex-valorant-champions-2025-ubsf,Haven,FNATIC,Paper Rex,FNATIC,Chronicle,Viper,293.0,18,9,4,192.0,27.0,1
Valorant Champions 2025,https://www.vlr.gg/542268/fnatic-vs-paper-rex-valorant-champions-2025-ubsf,Haven,FNATIC,Paper Rex,FNATIC,crashies,Sova,171.0,12,7,0,117.0,33.0,1
Valorant Champions 2025,https://www.vlr.gg/542268/fnatic-vs-paper-rex-valorant-champions-2025-ubsf,Haven,FNATIC,Paper Rex,FNATIC,Boaster,Omen,125.0,8,9,8,68.0,44.0,1
Valorant Champions 2025,https://www.vlr.gg/542268/fnatic-vs-paper-rex-valorant-champions-2025-ubsf,Haven,FNATIC,Paper Rex,FNATIC,doma,Killjoy,186.0,11,11,2,123.0,29.0,1
Valorant Champions 2025,https://www.vlr.gg/542268/fnatic-vs-paper-rex-valorant-champions-2025-ubsf,Haven,Paper Rex,FNATIC,FNATIC,d4v41,Vyse,154.0,11,12,1,95.0,28.0,0
Valorant Champions 2025,https://www.vlr.gg/542268/fnatic-vs-paper-rex-valorant-champions-2025-ubsf,Haven,Paper Rex,FNATIC,FNATIC,Jinggg,Omen,150.0,9,13,2,93.0,32.0,0
Valorant Champions 2025,https://www.vlr.gg/542268/fnatic-vs-paper-rex-valorant-champions-2025-ubsf,Haven,Paper Rex,FNATIC,FNATIC,f0rsakeN,Waylay,208.0,12,16,3,127.0,26.0,0
Valorant Champions 2025,https://www.vlr.gg/542268/fnatic-vs-paper-rex-valorant-champions-2025-ubsf,Haven,Paper Rex,FNATIC,FNATIC,PatMen,Fade,136.0,7,15,5,85.0,25.0,0
Valorant Champions 2025,https://www.vlr.gg/542268/fnatic-vs-paper-rex-valorant-champions-2025-ubsf,Haven,Paper Rex,FNATIC,FNATIC,something,Yoru,135.0,6,13,4,83.0,21.0,0
Valorant Champions 2025,https://www.vlr.gg/542268/fnatic-vs-paper-rex-valorant-champions-2025-ubsf,Lotus,FNATIC,Paper Rex,FNATIC,Chronicle,Viper,376.0,31,14,7,246.0,39.0,1
Valorant Champions 2025,https://www.vlr.gg/542268/fnatic-vs-paper-rex-valorant-champions-2025-ubsf,Lotus,FNATIC,Paper Rex,FNATIC,Boaster,Omen,202.0,14,14,10,137.0,10.0,1
Valorant Champions 2025,https://www.vlr.gg/542268/fnatic-vs-paper-rex-valorant-champions-2025-ubsf,Lotus,FNATIC,Paper Rex,FNATIC,kaajak,Raze,250.0,19,18,8,153.0,16.0,1
Valorant Champions 2025,https://www.vlr.gg/542268/fnatic-vs-paper-rex-valorant-champions-2025-ubsf,Lotus,FNATIC,Paper Rex,FNATIC,doma,Killjoy,157.0,12,15,7,119.0,26.0,1
Valorant Champions 2025,https://www.vlr.gg/542268/fnatic-vs-paper-rex-valorant-champions-2025-ubsf,Lotus,FNATIC,Paper Rex,FNATIC,crashies,Fade,110.0,9,14,7,79.0,41.0,1
Valorant Champions 2025,https://www.vlr.gg/542268/fnatic-vs-paper-rex-valorant-champions-2025-ubsf,Lotus,Paper Rex,FNATIC,FNATIC,Jinggg,Raze,232.0,19,17,6,164.0,23.0,0
Valorant Champions 2025,https://www.vlr.gg/542268/fnatic-vs-paper-rex-valorant-champions-2025-ubsf,Lotus,Paper Rex,FNATIC,FNATIC,d4v41,Vyse,211.0,17,17,5,133.0,26.0,0
Valorant Champions 2025,https://www.vlr.gg/542268/fnatic-vs-paper-rex-valorant-champions-2025-ubsf,Lotus,Paper Rex,FNATIC,FNATIC,f0rsakeN,Omen,219.0,15,18,7,137.0,21.0,0
Valorant Champions 2025,https://www.vlr.gg/542268/fnatic-vs-paper-rex-valorant-champions-2025-ubsf,Lotus,Paper Rex,FNATIC,FNATIC,PatMen,Fade,143.0,11,16,4,105.0,32.0,0
Valorant Champions 2025,https://www.vlr.gg/542268/fnatic-vs-paper-rex-valorant-champions-2025-ubsf,Lotus,Paper Rex,FNATIC,FNATIC,something,Yoru,163.0,13,17,3,132.0,22.0,0
Valorant Champions 2025,https://www.vlr.gg/542269/mibr-vs-nrg-valorant-champions-2025-ubsf,Abyss,MIBR,NRG,NRG,aspas,Jett,285.0,32,15,2,175.0,20.0,0
Valorant Champions 2025,https://www.vlr.gg/542269/mibr-vs-nrg-valorant-champions-2025-ubsf,Abyss,MIBR,NRG,NRG,cortezia,Cypher,230.0,25,17,2,164.0,41.0,0
Valorant Champions 2025,https://www.vlr.gg/542269/mibr-vs-nrg-valorant-champions-2025-ubsf,Abyss,MIBR,NRG,NRG,xenom,Astra,146.0,16,15,16,90.0,22.0,0
Valorant Champions 2025,https://www.vlr.gg/542269/mibr-vs-nrg-valorant-champions-2025-ubsf,Abyss,MIBR,NRG,NRG,Verno,Sova,141.0,12,15,12,91.0,16.0,0
Valorant Champions 2025,https://www.vlr.gg/542269/mibr-vs-nrg-valorant-champions-2025-ubsf,Abyss,MIBR,NRG,NRG,artzin,Kayo,158.0,16,19,16,107.0,29.0,0
Valorant Champions 2025,https://www.vlr.gg/542269/mibr-vs-nrg-valorant-champions-2025-ubsf,Abyss,NRG,MIBR,NRG,mada,Yoru,193.0,20,19,7,114.0,31.0,1
Valorant Champions 2025,https://www.vlr.gg/542269/mibr-vs-nrg-valorant-champions-2025-ubsf,Abyss,NRG,MIBR,NRG,brawk,Sova,148.0,15,19,6,96.0,17.0,1
Valorant Champions 2025,https://www.vlr.gg/542269/mibr-vs-nrg-valorant-champions-2025-ubsf,Abyss,NRG,MIBR,NRG,Ethan,Omen,177.0,16,22,11,113.0,21.0,1
Valorant Champions 2025,https://www.vlr.gg/542269/mibr-vs-nrg-valorant-champions-2025-ubsf,Abyss,NRG,MIBR,NRG,s0m,Harbor,162.0,18,23,5,101.0,20.0,1
Valorant Champions 2025,https://www.vlr.gg/542269/mibr-vs-nrg-valorant-champions-2025-ubsf,Abyss,NRG,MIBR,NRG,skuba,Vyse,140.0,12,23,12,98.0,15.0,1
Valorant Champions 2025,https://www.vlr.gg/542269/mibr-vs-nrg-valorant-champions-2025-ubsf,Haven,MIBR,NRG,MIBR,aspas,Neon,318.0,23,8,1,172.0,25.0,1
Valorant Champions 2025,https://www.vlr.gg/542269/mibr-vs-nrg-valorant-champions-2025-ubsf,Haven,MIBR,NRG,MIBR,cortezia,Killjoy,230.0,15,5,4,147.0,17.0,1
Valorant Champions 2025,https://www.vlr.gg/542269/mibr-vs-nrg-valorant-champions-2025-ubsf,Haven,MIBR,NRG,MIBR,Verno,Sova,237.0,13,9,8,165.0,36.0,1
Valorant Champions 2025,https://www.vlr.gg/542269/mibr-vs-nrg-valorant-champions-2025-ubsf,Haven,MIBR,NRG,MIBR,artzin,Viper,235.0,16,10,6,159.0,16.0,1
Valorant Champions 2025,https://www.vlr.gg/542269/mibr-vs-nrg-valorant-champions-2025-ubsf,Haven,MIBR,NRG,MIBR,xenom,Omen,119.0,6,6,19,58.0,13.0,1
Valorant Champions 2025,https://www.vlr.gg/542269/mibr-vs-nrg-valorant-champions-2025-ubsf,Haven,NRG,MIBR,MIBR,brawk,Sova,210.0,9,14,9,147.0,17.0,0
Valorant Champions 2025,https://www.vlr.gg/542269/mibr-vs-nrg-valorant-champions-2025-ubsf,Haven,NRG,MIBR,MIBR,skuba,Killjoy,130.0,8,15,1,102.0,20.0,0
Valorant Champions 2025,https://www.vlr.gg/542269/mibr-vs-nrg-valorant-champions-2025-ubsf,Haven,NRG,MIBR,MIBR,s0m,Viper,189.0,11,15,0,121.0,30.0,0
Valorant Champions 2025,https://www.vlr.gg/542269/mibr-vs-nrg-valorant-champions-2025-ubsf,Haven,NRG,MIBR,MIBR,Ethan,Omen,89.0,4,14,3,64.0,26.0,0
Valorant Champions 2025,https://www.vlr.gg/542269/mibr-vs-nrg-valorant-champions-2025-ubsf,Haven,NRG,MIBR,MIBR,mada,Neon,101.0,6,15,3,75.0,19.0,0
Valorant Champions 2025,https://www.vlr.gg/542269/mibr-vs-nrg-valorant-champions-2025-ubsf,Corrode,MIBR,NRG,NRG,aspas,Waylay,212.0,25,19,3,129.0,33.0,0
Valorant Champions 2025,https://www.vlr.gg/542269/mibr-vs-nrg-valorant-champions-2025-ubsf,Corrode,MIBR,NRG,NRG,Verno,Sova,215.0,22,19,6,140.0,30.0,0
Valorant Champions 2025,https://www.vlr.gg/542269/mibr-vs-nrg-valorant-champions-2025-ubsf,Corrode,MIBR,NRG,NRG,xenom,Omen,147.0,16,20,16,89.0,19.0,0
Valorant Champions 2025,https://www.vlr.gg/542269/mibr-vs-nrg-valorant-champions-2025-ubsf,Corrode,MIBR,NRG,NRG,cortezia,Viper,160.0,15,19,7,102.0,36.0,0
Valorant Champions 2025,https://www.vlr.gg/542269/mibr-vs-nrg-valorant-champions-2025-ubsf,Corrode,MIBR,NRG,NRG,artzin,Kayo,159.0,17,21,8,89.0,26.0,0
Valorant Champions 2025,https://www.vlr.gg/542269/mibr-vs-nrg-valorant-champions-2025-ubsf,Corrode,NRG,MIBR,NRG,s0m,Omen,192.0,22,18,8,136.0,30.0,1
Valorant Champions 2025,https://www.vlr.gg/542269/mibr-vs-nrg-valorant-champions-2025-ubsf,Corrode,NRG,MIBR,NRG,skuba,Viper,181.0,20,16,7,134.0,38.0,1
Valorant Champions 2025,https://www.vlr.gg/542269/mibr-vs-nrg-valorant-champions-2025-ubsf,Corrode,NRG,MIBR,NRG,Ethan,Kayo,186.0,18,19,17,126.0,21.0,1
Valorant Champions 2025,https://www.vlr.gg/542269/mibr-vs-nrg-valorant-champions-2025-ubsf,Corrode,NRG,MIBR,NRG,brawk,Sova,228.0,20,21,12,157.0,15.0,1
Valorant Champions 2025,https://www.vlr.gg/542269/mibr-vs-nrg-valorant-champions-2025-ubsf,Corrode,NRG,MIBR,NRG,mada,Waylay,175.0,18,21,3,114.0,29.0,1
Valorant Champions 2025,https://www.vlr.gg/542277/paper-rex-vs-team-heretics-valorant-champions-2025-lr2,Ascent,Paper Rex,Team Heretics,Paper Rex,d4v41,Vyse,233.0,20,13,11,152.0,19.0,1
Valorant Champions 2025,https://www.vlr.gg/542277/paper-rex-vs-team-heretics-valorant-champions-2025-lr2,Ascent,Paper Rex,Team Heretics,Paper Rex,something,Yoru,279.0,22,17,9,168.0,18.0,1
Valorant Champions 2025,https://www.vlr.gg/542277/paper-rex-vs-team-heretics-valorant-champions-2025-lr2,Ascent,Paper Rex,Team Heretics,Paper Rex,f0rsakeN,Omen,211.0,18,17,12,122.0,25.0,1
Valorant Champions 2025,https://www.vlr.gg/542277/paper-rex-vs-team-heretics-valorant-champions-2025-lr2,Ascent,Paper Rex,Team Heretics,Paper Rex,PatMen,Sova,169.0,13,15,9,112.0,30.0,1
Valorant Champions 2025,https://www.vlr.gg/542277/paper-rex-vs-team-heretics-valorant-champions-2025-lr2,Ascent,Paper Rex,Team Heretics,Paper Rex,Jinggg,Sage,150.0,13,16,10,94.0,27.0,1
Valorant Champions 2025,https://www.vlr.gg/542277/paper-rex-vs-team-heretics-valorant-champions-2025-lr2,Ascent,Team Heretics,Paper Rex,Paper Rex,Wo0t,Jett,282.0,24,19,3,181.0,30.0,0
Valorant Champions 2025,https://www.vlr.gg/542277/paper-rex-vs-team-heretics-valorant-champions-2025-lr2,Ascent,Team Heretics,Paper Rex,Paper Rex,RieNs,Sova,224.0,19,17,7,155.0,47.0,0
Valorant Champions 2025,https://www.vlr.gg/542277/paper-rex-vs-team-heretics-valorant-champions-2025-lr2,Ascent,Team Heretics,Paper Rex,Paper Rex,Boo,Omen,172.0,13,17,10,111.0,47.0,0
Valorant Champions 2025,https://www.vlr.gg/542277/paper-rex-vs-team-heretics-valorant-champions-2025-lr2,Ascent,Team Heretics,Paper Rex,Paper Rex,MiniBoo,Yoru,166.0,13,17,4,115.0,18.0,0
Valorant Champions 2025,https://www.vlr.gg/542277/paper-rex-vs-team-heretics-valorant-champions-2025-lr2,Ascent,Team Heretics,Paper Rex,Paper Rex,benjyfishy,Cypher,101.0,9,16,3,70.0,18.0,0
Valorant Champions 2025,https://www.vlr.gg/542277/paper-rex-vs-team-heretics-valorant-champions-2025-lr2,Bind,Paper Rex,Team Heretics,Team Heretics,f0rsakeN,Brimstone,284.0,21,17,9,181.0,40.0,0
Valorant Champions 2025,https://www.vlr.gg/542277/paper-rex-vs-team-heretics-valorant-champions-2025-lr2,Bind,Paper Rex,Team Heretics,Team Heretics,d4v41,Viper,198.0,15,16,8,132.0,34.0,0
Valorant Champions 2025,https://www.vlr.gg/542277/paper-rex-vs-team-heretics-valorant-champions-2025-lr2,Bind,Paper Rex,Team Heretics,Team Heretics,Jinggg,Raze,213.0,16,16,4,136.0,11.0,0
Valorant Champions 2025,https://www.vlr.gg/542277/paper-rex-vs-team-heretics-valorant-champions-2025-lr2,Bind,Paper Rex,Team Heretics,Team Heretics,something,Yoru,147.0,12,14,5,91.0,21.0,0
Valorant Champions 2025,https://www.vlr.gg/542277/paper-rex-vs-team-heretics-valorant-champions-2025-lr2,Bind,Paper Rex,Team Heretics,Team Heretics,PatMen,Fade,184.0,16,15,5,120.0,32.0,0
Valorant Champions 2025,https://www.vlr.gg/542277/paper-rex-vs-team-heretics-valorant-champions-2025-lr2,Bind,Team Heretics,Paper Rex,Team Heretics,Wo0t,Yoru,292.0,25,16,4,169.0,40.0,1
Valorant Champions 2025,https://www.vlr.gg/542277/paper-rex-vs-team-heretics-valorant-champions-2025-lr2,Bind,Team Heretics,Paper Rex,Team Heretics,RieNs,Fade,184.0,14,15,9,121.0,34.0,1
Valorant Champions 2025,https://www.vlr.gg/542277/paper-rex-vs-team-heretics-valorant-champions-2025-lr2,Bind,Team Heretics,Paper Rex,Team Heretics,benjyfishy,Viper,161.0,13,14,5,97.0,28.0,1
Valorant Champions 2025,https://www.vlr.gg/542277/paper-rex-vs-team-heretics-valorant-champions-2025-lr2,Bind,Team Heretics,Paper Rex,Team Heretics,Boo,Brimstone,176.0,13,17,9,119.0,39.0,1
Valorant Champions 2025,https://www.vlr.gg/542277/paper-rex-vs-team-heretics-valorant-champions-2025-lr2,Bind,Team Heretics,Paper Rex,Team Heretics,MiniBoo,Waylay,173.0,13,18,6,109.0,27.0,1
Valorant Champions 2025,https://www.vlr.gg/542277/paper-rex-vs-team-heretics-valorant-champions-2025-lr2,Lotus,Paper Rex,Team Heretics,Paper Rex,PatMen,Fade,238.0,15,8,11,156.0,31.0,1
Valorant Champions 2025,https://www.vlr.gg/542277/paper-rex-vs-team-heretics-valorant-champions-2025-lr2,Lotus,Paper Rex,Team Heretics,Paper Rex,f0rsakeN,Omen,239.0,14,10,13,159.0,40.0,1
Valorant Champions 2025,https://www.vlr.gg/542277/paper-rex-vs-team-heretics-valorant-champions-2025-lr2,Lotus,Paper Rex,Team Heretics,Paper Rex,d4v41,Vyse,273.0,17,10,2,186.0,35.0,1
Valorant Champions 2025,https://www.vlr.gg/542277/paper-rex-vs-team-heretics-valorant-champions-2025-lr2,Lotus,Paper Rex,Team Heretics,Paper Rex,something,Yoru,217.0,13,11,9,149.0,25.0,1
Valorant Champions 2025,https://www.vlr.gg/542277/paper-rex-vs-team-heretics-valorant-champions-2025-lr2,Lotus,Paper Rex,Team Heretics,Paper Rex,Jinggg,Raze,190.0,12,13,4,114.0,14.0,1
Valorant Champions 2025,https://www.vlr.gg/542277/paper-rex-vs-team-heretics-valorant-champions-2025-lr2,Lotus,Team Heretics,Paper Rex,Paper Rex,benjyfishy,Deadlock,196.0,11,14,6,142.0,38.0,0
Valorant Champions 2025,https://www.vlr.gg/542277/paper-rex-vs-team-heretics-valorant-champions-2025-lr2,Lotus,Team Heretics,Paper Rex,Paper Rex,RieNs,Fade,214.0,14,14,6,136.0,42.0,0
Valorant Champions 2025,https://www.vlr.gg/542277/paper-rex-vs-team-heretics-valorant-champions-2025-lr2,Lotus,Team Heretics,Paper Rex,Paper Rex,Wo0t,Chamber,130.0,8,12,4,98.0,47.0,0
Valorant Champions 2025,https://www.vlr.gg/542277/paper-rex-vs-team-heretics-valorant-champions-2025-lr2,Lotus,Team Heretics,Paper Rex,Paper Rex,Boo,Omen,172.0,9,15,7,112.0,16.0,0
Valorant Champions 2025,https://www.vlr.gg/542277/paper-rex-vs-team-heretics-valorant-champions-2025-lr2,Lotus,Team Heretics,Paper Rex,Paper Rex,MiniBoo,Raze,211.0,10,16,4,150.0,15.0,0
Valorant Champions 2025,https://www.vlr.gg/542276/mibr-vs-drx-valorant-champions-2025-lr2,Sunset,MIBR,DRX,MIBR,aspas,Neon,296.0,25,15,4,198.0,27.0,1
Valorant Champions 2025,https://www.vlr.gg/542276/mibr-vs-drx-valorant-champions-2025-lr2,Sunset,MIBR,DRX,MIBR,cortezia,Cypher,217.0,18,11,3,148.0,37.0,1
Valorant Champions 2025,https://www.vlr.gg/542276/mibr-vs-drx-valorant-champions-2025-lr2,Sunset,MIBR,DRX,MIBR,Verno,Sova,212.0,16,13,5,138.0,37.0,1
Valorant Champions 2025,https://www.vlr.gg/542276/mibr-vs-drx-valorant-champions-2025-lr2,Sunset,MIBR,DRX,MIBR,artzin,Viper,190.0,16,15,1,132.0,26.0,1
Valorant Champions 2025,https://www.vlr.gg/542276/mibr-vs-drx-valorant-champions-2025-lr2,Sunset,MIBR,DRX,MIBR,xenom,Omen,130.0,10,13,9,85.0,27.0,1
Valorant Champions 2025,https://www.vlr.gg/542276/mibr-vs-drx-valorant-champions-2025-lr2,Sunset,DRX,MIBR,MIBR,BeYN,Sova,177.0,15,16,5,116.0,32.0,0
Valorant Champions 2025,https://www.vlr.gg/542276/mibr-vs-drx-valorant-champions-2025-lr2,Sunset,DRX,MIBR,MIBR,free1ng,Cypher,175.0,14,15,3,115.0,38.0,0
Valorant Champions 2025,https://www.vlr.gg/542276/mibr-vs-drx-valorant-champions-2025-lr2,Sunset,DRX,MIBR,MIBR,MaKo,Omen,156.0,13,16,7,107.0,21.0,0
Valorant Champions 2025,https://www.vlr.gg/542276/mibr-vs-drx-valorant-champions-2025-lr2,Sunset,DRX,MIBR,MIBR,HYUNMIN,Waylay,150.0,13,17,2,105.0,34.0,0
Valorant Champions 2025,https://www.vlr.gg/542276/mibr-vs-drx-valorant-champions-2025-lr2,Sunset,DRX,MIBR,MIBR,Flashback,Neon,157.0,12,21,3,104.0,22.0,0
Valorant Champions 2025,https://www.vlr.gg/542276/mibr-vs-drx-valorant-champions-2025-lr2,Ascent,MIBR,DRX,DRX,aspas,Jett,268.0,28,19,3,170.0,22.0,0
Valorant Champions 2025,https://www.vlr.gg/542276/mibr-vs-drx-valorant-champions-2025-lr2,Ascent,MIBR,DRX,DRX,cortezia,Vyse,223.0,22,18,5,152.0,40.0,0
Valorant Champions 2025,https://www.vlr.gg/542276/mibr-vs-drx-valorant-champions-2025-lr2,Ascent,MIBR,DRX,DRX,Verno,Sova,179.0,16,19,9,126.0,24.0,0
Valorant Champions 2025,https://www.vlr.gg/542276/mibr-vs-drx-valorant-champions-2025-lr2,Ascent,MIBR,DRX,DRX,xenom,Omen,179.0,17,20,14,109.0,20.0,0
Valorant Champions 2025,https://www.vlr.gg/542276/mibr-vs-drx-valorant-champions-2025-lr2,Ascent,MIBR,DRX,DRX,artzin,Kayo,116.0,8,22,16,76.0,13.0,0
Valorant Champions 2025,https://www.vlr.gg/542276/mibr-vs-drx-valorant-champions-2025-lr2,Ascent,DRX,MIBR,DRX,BeYN,Sova,242.0,24,14,6,162.0,24.0,1
Valorant Champions 2025,https://www.vlr.gg/542276/mibr-vs-drx-valorant-champions-2025-lr2,Ascent,DRX,MIBR,DRX,free1ng,Vyse,224.0,23,17,9,145.0,36.0,1
Valorant Champions 2025,https://www.vlr.gg/542276/mibr-vs-drx-valorant-champions-2025-lr2,Ascent,DRX,MIBR,DRX,Flashback,Yoru,218.0,20,22,10,148.0,22.0,1
Valorant Champions 2025,https://www.vlr.gg/542276/mibr-vs-drx-valorant-champions-2025-lr2,Ascent,DRX,MIBR,DRX,MaKo,Omen,139.0,13,18,10,89.0,20.0,1
Valorant Champions 2025,https://www.vlr.gg/542276/mibr-vs-drx-valorant-champions-2025-lr2,Ascent,DRX,MIBR,DRX,HYUNMIN,Waylay,182.0,18,20,3,118.0,54.0,1
Valorant Champions 2025,https://www.vlr.gg/542276/mibr-vs-drx-valorant-champions-2025-lr2,Bind,MIBR,DRX,DRX,aspas,Raze,284.0,23,17,1,181.0,25.0,0
Valorant Champions 2025,https://www.vlr.gg/542276/mibr-vs-drx-valorant-champions-2025-lr2,Bind,MIBR,DRX,DRX,cortezia,Viper,208.0,17,14,8,139.0,32.0,0
Valorant Champions 2025,https://www.vlr.gg/542276/mibr-vs-drx-valorant-champions-2025-lr2,Bind,MIBR,DRX,DRX,xenom,Brimstone,148.0,10,15,20,88.0,21.0,0
Valorant Champions 2025,https://www.vlr.gg/542276/mibr-vs-drx-valorant-champions-2025-lr2,Bind,MIBR,DRX,DRX,Verno,Fade,142.0,11,14,11,95.0,19.0,0
Valorant Champions 2025,https://www.vlr.gg/542276/mibr-vs-drx-valorant-champions-2025-lr2,Bind,MIBR,DRX,DRX,artzin,Yoru,136.0,10,14,3,97.0,34.0,0
Valorant Champions 2025,https://www.vlr.gg/542276/mibr-vs-drx-valorant-champions-2025-lr2,Bind,DRX,MIBR,DRX,Flashback,Yoru,258.0,23,13,1,159.0,23.0,1
Valorant Champions 2025,https://www.vlr.gg/542276/mibr-vs-drx-valorant-champions-2025-lr2,Bind,DRX,MIBR,DRX,MaKo,Brimstone,162.0,11,11,8,112.0,19.0,1
Valorant Champions 2025,https://www.vlr.gg/542276/mibr-vs-drx-valorant-champions-2025-lr2,Bind,DRX,MIBR,DRX,BeYN,Fade,156.0,12,13,10,97.0,14.0,1
Valorant Champions 2025,https://www.vlr.gg/542276/mibr-vs-drx-valorant-champions-2025-lr2,Bind,DRX,MIBR,DRX,HYUNMIN,Waylay,173.0,14,18,4,118.0,37.0,1
Valorant Champions 2025,https://www.vlr.gg/542276/mibr-vs-drx-valorant-champions-2025-lr2,Bind,DRX,MIBR,DRX,free1ng,Viper,181.0,14,16,3,119.0,24.0,1
Valorant Champions 2025,https://www.vlr.gg/542270/fnatic-vs-nrg-valorant-champions-2025-ubf,Ascent,FNATIC,NRG,NRG,kaajak,Yoru,244.0,23,22,5,160.0,40.0,0
Valorant Champions 2025,https://www.vlr.gg/542270/fnatic-vs-nrg-valorant-champions-2025-ubf,Ascent,FNATIC,NRG,NRG,Boaster,Omen,185.0,18,16,14,119.0,21.0,0
Valorant Champions 2025,https://www.vlr.gg/542270/fnatic-vs-nrg-valorant-champions-2025-ubf,Ascent,FNATIC,NRG,NRG,Chronicle,Vyse,182.0,18,16,5,120.0,25.0,0
Valorant Champions 2025,https://www.vlr.gg/542270/fnatic-vs-nrg-valorant-champions-2025-ubf,Ascent,FNATIC,NRG,NRG,crashies,Sova,171.0,14,18,6,118.0,25.0,0
Valorant Champions 2025,https://www.vlr.gg/542270/fnatic-vs-nrg-valorant-champions-2025-ubf,Ascent,FNATIC,NRG,NRG,Alfajer,Sage,173.0,15,21,12,110.0,33.0,0
Valorant Champions 2025,https://www.vlr.gg/542270/fnatic-vs-nrg-valorant-champions-2025-ubf,Ascent,NRG,FNATIC,NRG,brawk,Sova,263.0,22,18,11,163.0,11.0,1
Valorant Champions 2025,https://www.vlr.gg/542270/fnatic-vs-nrg-valorant-champions-2025-ubf,Ascent,NRG,FNATIC,NRG,s0m,Omen,217.0,19,17,10,136.0,22.0,1
Valorant Champions 2025,https://www.vlr.gg/542270/fnatic-vs-nrg-valorant-champions-2025-ubf,Ascent,NRG,FNATIC,NRG,skuba,Vyse,229.0,22,15,4,146.0,31.0,1
Valorant Champions 2025,https://www.vlr.gg/542270/fnatic-vs-nrg-valorant-champions-2025-ubf,Ascent,NRG,FNATIC,NRG,Ethan,Kayo,170.0,15,18,13,105.0,18.0,1
Valorant Champions 2025,https://www.vlr.gg/542270/fnatic-vs-nrg-valorant-champions-2025-ubf,Ascent,NRG,FNATIC,NRG,mada,Jett,176.0,15,20,2,119.0,42.0,1
Valorant Champions 2025,https://www.vlr.gg/542270/fnatic-vs-nrg-valorant-champions-2025-ubf,Abyss,FNATIC,NRG,NRG,Chronicle,Breach,173.0,11,14,3,120.0,29.0,0
Valorant Champions 2025,https://www.vlr.gg/542270/fnatic-vs-nrg-valorant-champions-2025-ubf,Abyss,FNATIC,NRG,NRG,crashies,Sova,182.0,12,15,5,125.0,25.0,0
Valorant Champions 2025,https://www.vlr.gg/542270/fnatic-vs-nrg-valorant-champions-2025-ubf,Abyss,FNATIC,NRG,NRG,kaajak,Waylay,154.0,10,14,1,104.0,35.0,0
Valorant Champions 2025,https://www.vlr.gg/542270/fnatic-vs-nrg-valorant-champions-2025-ubf,Abyss,FNATIC,NRG,NRG,Alfajer,Cypher,129.0,9,15,0,89.0,30.0,0
Valorant Champions 2025,https://www.vlr.gg/542270/fnatic-vs-nrg-valorant-champions-2025-ubf,Abyss,FNATIC,NRG,NRG,Boaster,Astra,78.0,3,13,5,58.0,10.0,0
Valorant Champions 2025,https://www.vlr.gg/542270/fnatic-vs-nrg-valorant-champions-2025-ubf,Abyss,NRG,FNATIC,NRG,skuba,Vyse,251.0,17,7,6,158.0,45.0,1
Valorant Champions 2025,https://www.vlr.gg/542270/fnatic-vs-nrg-valorant-champions-2025-ubf,Abyss,NRG,FNATIC,NRG,mada,Yoru,246.0,16,11,2,158.0,30.0,1
Valorant Champions 2025,https://www.vlr.gg/542270/fnatic-vs-nrg-valorant-champions-2025-ubf,Abyss,NRG,FNATIC,NRG,brawk,Sova,181.0,12,9,2,119.0,31.0,1
Valorant Champions 2025,https://www.vlr.gg/542270/fnatic-vs-nrg-valorant-champions-2025-ubf,Abyss,NRG,FNATIC,NRG,s0m,Harbor,201.0,14,11,6,144.0,39.0,1
Valorant Champions 2025,https://www.vlr.gg/542270/fnatic-vs-nrg-valorant-champions-2025-ubf,Abyss,NRG,FNATIC,NRG,Ethan,Omen,174.0,11,10,5,114.0,29.0,1
Valorant Champions 2025,https://www.vlr.gg/542278/drx-vs-paper-rex-valorant-champions-2025-lr3,Ascent,DRX,Paper Rex,DRX,HYUNMIN,Waylay,345.0,36,19,1,220.0,41.0,1
Valorant Champions 2025,https://www.vlr.gg/542278/drx-vs-paper-rex-valorant-champions-2025-lr3,Ascent,DRX,Paper Rex,DRX,free1ng,Vyse,176.0,16,17,7,110.0,62.0,1
Valorant Champions 2025,https://www.vlr.gg/542278/drx-vs-paper-rex-valorant-champions-2025-lr3,Ascent,DRX,Paper Rex,DRX,MaKo,Omen,149.0,15,16,8,106.0,31.0,1
Valorant Champions 2025,https://www.vlr.gg/542278/drx-vs-paper-rex-valorant-champions-2025-lr3,Ascent,DRX,Paper Rex,DRX,BeYN,Sova,172.0,16,18,7,119.0,18.0,1
Valorant Champions 2025,https://www.vlr.gg/542278/drx-vs-paper-rex-valorant-champions-2025-lr3,Ascent,DRX,Paper Rex,DRX,Flashback,Yoru,186.0,17,20,7,121.0,19.0,1
Valorant Champions 2025,https://www.vlr.gg/542278/drx-vs-paper-rex-valorant-champions-2025-lr3,Ascent,Paper Rex,DRX,DRX,Jinggg,Sage,276.0,28,19,5,175.0,42.0,0
Valorant Champions 2025,https://www.vlr.gg/542278/drx-vs-paper-rex-valorant-champions-2025-lr3,Ascent,Paper Rex,DRX,DRX,d4v41,Vyse,195.0,16,21,10,143.0,19.0,0
Valorant Champions 2025,https://www.vlr.gg/542278/drx-vs-paper-rex-valorant-champions-2025-lr3,Ascent,Paper Rex,DRX,DRX,PatMen,Sova,151.0,13,18,3,113.0,36.0,0
Valorant Champions 2025,https://www.vlr.gg/542278/drx-vs-paper-rex-valorant-champions-2025-lr3,Ascent,Paper Rex,DRX,DRX,f0rsakeN,Omen,137.0,15,21,11,97.0,37.0,0
Valorant Champions 2025,https://www.vlr.gg/542278/drx-vs-paper-rex-valorant-champions-2025-lr3,Ascent,Paper Rex,DRX,DRX,something,Yoru,179.0,18,21,3,109.0,14.0,0
Valorant Champions 2025,https://www.vlr.gg/542278/drx-vs-paper-rex-valorant-champions-2025-lr3,Lotus,DRX,Paper Rex,DRX,MaKo,Omen,205.0,17,8,14,114.0,21.0,1
Valorant Champions 2025,https://www.vlr.gg/542278/drx-vs-paper-rex-valorant-champions-2025-lr3,Lotus,DRX,Paper Rex,DRX,free1ng,Vyse,211.0,16,11,5,137.0,31.0,1
Valorant Champions 2025,https://www.vlr.gg/542278/drx-vs-paper-rex-valorant-champions-2025-lr3,Lotus,DRX,Paper Rex,DRX,BeYN,Fade,193.0,14,10,4,124.0,39.0,1
Valorant Champions 2025,https://www.vlr.gg/542278/drx-vs-paper-rex-valorant-champions-2025-lr3,Lotus,DRX,Paper Rex,DRX,HYUNMIN,Raze,246.0,19,13,3,173.0,37.0,1
Valorant Champions 2025,https://www.vlr.gg/542278/drx-vs-paper-rex-valorant-champions-2025-lr3,Lotus,DRX,Paper Rex,DRX,Flashback,Yoru,188.0,14,15,8,134.0,25.0,1
Valorant Champions 2025,https://www.vlr.gg/542278/drx-vs-paper-rex-valorant-champions-2025-lr3,Lotus,Paper Rex,DRX,DRX,Jinggg,Raze,261.0,20,15,1,181.0,35.0,0
Valorant Champions 2025,https://www.vlr.gg/542278/drx-vs-paper-rex-valorant-champions-2025-lr3,Lotus,Paper Rex,DRX,DRX,d4v41,Vyse,157.0,12,14,3,102.0,24.0,0
Valorant Champions 2025,https://www.vlr.gg/542278/drx-vs-paper-rex-valorant-champions-2025-lr3,Lotus,Paper Rex,DRX,DRX,f0rsakeN,Omen,163.0,11,16,5,106.0,30.0,0
Valorant Champions 2025,https://www.vlr.gg/542278/drx-vs-paper-rex-valorant-champions-2025-lr3,Lotus,Paper Rex,DRX,DRX,something,Yoru,145.0,10,18,6,100.0,30.0,0
Valorant Champions 2025,https://www.vlr.gg/542278/drx-vs-paper-rex-valorant-champions-2025-lr3,Lotus,Paper Rex,DRX,DRX,PatMen,Fade,59.0,4,17,1,42.0,24.0,0
Valorant Champions 2025,https://www.vlr.gg/542279/fnatic-vs-drx-valorant-champions-2025-lbf,Sunset,FNATIC,DRX,DRX,Alfajer,Vyse,258.0,19,15,3,169.0,44.0,0
Valorant Champions 2025,https://www.vlr.gg/542279/fnatic-vs-drx-valorant-champions-2025-lbf,Sunset,FNATIC,DRX,DRX,crashies,Fade,171.0,12,12,4,122.0,41.0,0
Valorant Champions 2025,https://www.vlr.gg/542279/fnatic-vs-drx-valorant-champions-2025-lbf,Sunset,FNATIC,DRX,DRX,kaajak,Neon,198.0,14,16,4,131.0,44.0,0
Valorant Champions 2025,https://www.vlr.gg/542279/fnatic-vs-drx-valorant-champions-2025-lbf,Sunset,FNATIC,DRX,DRX,Boaster,Omen,111.0,9,15,5,66.0,38.0,0
Valorant Champions 2025,https://www.vlr.gg/542279/fnatic-vs-drx-valorant-champions-2025-lbf,Sunset,FNATIC,DRX,DRX,Chronicle,Breach,95.0,6,18,5,70.0,19.0,0
Valorant Champions 2025,https://www.vlr.gg/542279/fnatic-vs-drx-valorant-champions-2025-lbf,Sunset,DRX,FNATIC,DRX,free1ng,Cypher,211.0,15,9,2,144.0,39.0,1
Valorant Champions 2025,https://www.vlr.gg/542279/fnatic-vs-drx-valorant-champions-2025-lbf,Sunset,DRX,FNATIC,DRX,HYUNMIN,Waylay,280.0,22,15,4,185.0,43.0,1
Valorant Champions 2025,https://www.vlr.gg/542279/fnatic-vs-drx-valorant-champions-2025-lbf,Sunset,DRX,FNATIC,DRX,Flashback,Yoru,255.0,20,13,1,161.0,20.0,1
Valorant Champions 2025,https://www.vlr.gg/542279/fnatic-vs-drx-valorant-champions-2025-lbf,Sunset,DRX,FNATIC,DRX,BeYN,Sova,150.0,11,13,3,101.0,18.0,1
Valorant Champions 2025,https://www.vlr.gg/542279/fnatic-vs-drx-valorant-champions-2025-lbf,Sunset,DRX,FNATIC,DRX,MaKo,Omen,100.0,8,10,4,65.0,39.0,1
Valorant Champions 2025,https://www.vlr.gg/542279/fnatic-vs-drx-valorant-champions-2025-lbf,Corrode,FNATIC,DRX,FNATIC,crashies,Fade,290.0,18,6,2,186.0,48.0,1
Valorant Champions 2025,https://www.vlr.gg/542279/fnatic-vs-drx-valorant-champions-2025-lbf,Corrode,FNATIC,DRX,FNATIC,Chronicle,Viper,298.0,18,9,4,189.0,34.0,1
Valorant Champions 2025,https://www.vlr.gg/542279/fnatic-vs-drx-valorant-champions-2025-lbf,Corrode,FNATIC,DRX,FNATIC,Alfajer,Vyse,214.0,14,8,3,156.0,38.0,1
Valorant Champions 2025,https://www.vlr.gg/542279/fnatic-vs-drx-valorant-champions-2025-lbf,Corrode,FNATIC,DRX,FNATIC,Boaster,Astra,158.0,10,5,3,106.0,25.0,1
Valorant Champions 2025,https://www.vlr.gg/542279/fnatic-vs-drx-valorant-champions-2025-lbf,Corrode,FNATIC,DRX,FNATIC,kaajak,Yoru,175.0,8,10,6,126.0,29.0,1
Valorant Champions 2025,https://www.vlr.gg/542279/fnatic-vs-drx-valorant-champions-2025-lbf,Corrode,DRX,FNATIC,FNATIC,BeYN,Fade,161.0,10,13,2,97.0,48.0,0
Valorant Champions 2025,https://www.vlr.gg/542279/fnatic-vs-drx-valorant-champions-2025-lbf,Corrode,DRX,FNATIC,FNATIC,HYUNMIN,Waylay,177.0,9,14,4,128.0,31.0,0
Valorant Champions 2025,https://www.vlr.gg/542279/fnatic-vs-drx-valorant-champions-2025-lbf,Corrode,DRX,FNATIC,FNATIC,Flashback,Yoru,187.0,10,15,0,102.0,35.0,0
Valorant Champions 2025,https://www.vlr.gg/542279/fnatic-vs-drx-valorant-champions-2025-lbf,Corrode,DRX,FNATIC,FNATIC,free1ng,Vyse,123.0,7,12,1,77.0,39.0,0
Valorant Champions 2025,https://www.vlr.gg/542279/fnatic-vs-drx-valorant-champions-2025-lbf,Corrode,DRX,FNATIC,FNATIC,MaKo,Omen,63.0,2,14,5,52.0,21.0,0
Valorant Champions 2025,https://www.vlr.gg/542279/fnatic-vs-drx-valorant-champions-2025-lbf,Haven,FNATIC,DRX,FNATIC,crashies,Sova,215.0,20,11,5,140.0,53.0,1
Valorant Champions 2025,https://www.vlr.gg/542279/fnatic-vs-drx-valorant-champions-2025-lbf,Haven,FNATIC,DRX,FNATIC,kaajak,Yoru,243.0,20,14,5,146.0,24.0,1
Valorant Champions 2025,https://www.vlr.gg/542279/fnatic-vs-drx-valorant-champions-2025-lbf,Haven,FNATIC,DRX,FNATIC,Chronicle,Viper,203.0,16,16,8,142.0,30.0,1
Valorant Champions 2025,https://www.vlr.gg/542279/fnatic-vs-drx-valorant-champions-2025-lbf,Haven,FNATIC,DRX,FNATIC,Alfajer,Killjoy,186.0,15,16,0,120.0,34.0,1
Valorant Champions 2025,https://www.vlr.gg/542279/fnatic-vs-drx-valorant-champions-2025-lbf,Haven,FNATIC,DRX,FNATIC,Boaster,Omen,124.0,10,17,14,78.0,34.0,1
Valorant Champions 2025,https://www.vlr.gg/542279/fnatic-vs-drx-valorant-champions-2025-lbf,Haven,DRX,FNATIC,FNATIC,BeYN,Sova,242.0,20,14,7,156.0,37.0,0
Valorant Champions 2025,https://www.vlr.gg/542279/fnatic-vs-drx-valorant-champions-2025-lbf,Haven,DRX,FNATIC,FNATIC,HYUNMIN,Waylay,169.0,12,16,7,122.0,41.0,0
Valorant Champions 2025,https://www.vlr.gg/542279/fnatic-vs-drx-valorant-champions-2025-lbf,Haven,DRX,FNATIC,FNATIC,MaKo,Omen,197.0,16,17,11,116.0,16.0,0
Valorant Champions 2025,https://www.vlr.gg/542279/fnatic-vs-drx-valorant-champions-2025-lbf,Haven,DRX,FNATIC,FNATIC,Flashback,Yoru,172.0,16,17,3,108.0,31.0,0
Valorant Champions 2025,https://www.vlr.gg/542279/fnatic-vs-drx-valorant-champions-2025-lbf,Haven,DRX,FNATIC,FNATIC,free1ng,Cypher,132.0,10,17,7,84.0,42.0,0
Valorant Champions 2025,https://www.vlr.gg/542279/fnatic-vs-drx-valorant-champions-2025-lbf,Bind,FNATIC,DRX,FNATIC,Chronicle,Viper,278.0,17,8,3,186.0,32.0,1
Valorant Champions 2025,https://www.vlr.gg/542279/fnatic-vs-drx-valorant-champions-2025-lbf,Bind,FNATIC,DRX,FNATIC,kaajak,Yoru,279.0,17,9,8,172.0,38.0,1
Valorant Champions 2025,https://www.vlr.gg/542279/fnatic-vs-drx-valorant-champions-2025-lbf,Bind,FNATIC,DRX,FNATIC,Boaster,Astra,189.0,12,7,4,107.0,10.0,1
Valorant Champions 2025,https://www.vlr.gg/542279/fnatic-vs-drx-valorant-champions-2025-lbf,Bind,FNATIC,DRX,FNATIC,crashies,Fade,235.0,15,10,4,144.0,45.0,1
Valorant Champions 2025,https://www.vlr.gg/542279/fnatic-vs-drx-valorant-champions-2025-lbf,Bind,FNATIC,DRX,FNATIC,Alfajer,Tejo,100.0,6,8,4,70.0,19.0,1
Valorant Champions 2025,https://www.vlr.gg/542279/fnatic-vs-drx-valorant-champions-2025-lbf,Bind,DRX,FNATIC,FNATIC,MaKo,Brimstone,178.0,11,11,7,94.0,23.0,0
Valorant Champions 2025,https://www.vlr.gg/542279/fnatic-vs-drx-valorant-champions-2025-lbf,Bind,DRX,FNATIC,FNATIC,BeYN,Fade,133.0,8,11,3,87.0,33.0,0
Valorant Champions 2025,https://www.vlr.gg/542279/fnatic-vs-drx-valorant-champions-2025-lbf,Bind,DRX,FNATIC,FNATIC,HYUNMIN,Waylay,180.0,9,16,4,109.0,39.0,0
Valorant Champions 2025,https://www.vlr.gg/542279/fnatic-vs-drx-valorant-champions-2025-lbf,Bind,DRX,FNATIC,FNATIC,free1ng,Viper,144.0,8,15,3,91.0,19.0,0
Valorant Champions 2025,https://www.vlr.gg/542279/fnatic-vs-drx-valorant-champions-2025-lbf,Bind,DRX,FNATIC,FNATIC,Flashback,Yoru,135.0,6,14,3,98.0,11.0,0
Valorant Champions 2025,https://www.vlr.gg/542272/nrg-vs-fnatic-valorant-champions-2025-gf,Corrode,NRG,FNATIC,NRG,brawk,Sova,375.0,24,7,2,212.0,19.0,1
Valorant Champions 2025,https://www.vlr.gg/542272/nrg-vs-fnatic-valorant-champions-2025-gf,Corrode,NRG,FNATIC,NRG,mada,Waylay,295.0,17,10,6,169.0,19.0,1
Valorant Champions 2025,https://www.vlr.gg/542272/nrg-vs-fnatic-valorant-champions-2025-gf,Corrode,NRG,FNATIC,NRG,Ethan,Kayo,178.0,11,7,4,121.0,37.0,1
Valorant Champions 2025,https://www.vlr.gg/542272/nrg-vs-fnatic-valorant-champions-2025-gf,Corrode,NRG,FNATIC,NRG,s0m,Omen,190.0,10,8,10,116.0,19.0,1
Valorant Champions 2025,https://www.vlr.gg/542272/nrg-vs-fnatic-valorant-champions-2025-gf,Corrode,NRG,FNATIC,NRG,skuba,Viper,162.0,10,8,4,116.0,24.0,1
Valorant Champions 2025,https://www.vlr.gg/542272/nrg-vs-fnatic-valorant-champions-2025-gf,Corrode,FNATIC,NRG,NRG,kaajak,Yoru,184.0,11,13,0,128.0,59.0,0
Valorant Champions 2025,https://www.vlr.gg/542272/nrg-vs-fnatic-valorant-champions-2025-gf,Corrode,FNATIC,NRG,NRG,crashies,Fade,168.0,9,13,6,114.0,23.0,0
Valorant Champions 2025,https://www.vlr.gg/542272/nrg-vs-fnatic-valorant-champions-2025-gf,Corrode,FNATIC,NRG,NRG,Chronicle,Viper,112.0,6,15,3,74.0,32.0,0
Valorant Champions 2025,https://www.vlr.gg/542272/nrg-vs-fnatic-valorant-champions-2025-gf,Corrode,FNATIC,NRG,NRG,Boaster,Astra,121.0,6,15,4,73.0,9.0,0
Valorant Champions 2025,https://www.vlr.gg/542272/nrg-vs-fnatic-valorant-champions-2025-gf,Corrode,FNATIC,NRG,NRG,Alfajer,Vyse,144.0,8,16,2,102.0,45.0,0
Valorant Champions 2025,https://www.vlr.gg/542272/nrg-vs-fnatic-valorant-champions-2025-gf,Lotus,NRG,FNATIC,NRG,mada,Raze,275.0,20,13,4,170.0,40.0,1
Valorant Champions 2025,https://www.vlr.gg/542272/nrg-vs-fnatic-valorant-champions-2025-gf,Lotus,NRG,FNATIC,NRG,skuba,Viper,175.0,13,9,4,103.0,39.0,1
Valorant Champions 2025,https://www.vlr.gg/542272/nrg-vs-fnatic-valorant-champions-2025-gf,Lotus,NRG,FNATIC,NRG,brawk,Vyse,203.0,14,13,8,117.0,8.0,1
Valorant Champions 2025,https://www.vlr.gg/542272/nrg-vs-fnatic-valorant-champions-2025-gf,Lotus,NRG,FNATIC,NRG,Ethan,Fade,158.0,13,12,4,93.0,19.0,1
Valorant Champions 2025,https://www.vlr.gg/542272/nrg-vs-fnatic-valorant-champions-2025-gf,Lotus,NRG,FNATIC,NRG,s0m,Omen,160.0,10,13,6,101.0,15.0,1
Valorant Champions 2025,https://www.vlr.gg/542272/nrg-vs-fnatic-valorant-champions-2025-gf,Lotus,FNATIC,NRG,NRG,kaajak,Raze,313.0,21,15,4,198.0,38.0,0
Valorant Champions 2025,https://www.vlr.gg/542272/nrg-vs-fnatic-valorant-champions-2025-gf,Lotus,FNATIC,NRG,NRG,Chronicle,Viper,186.0,12,12,5,131.0,30.0,0
Valorant Champions 2025,https://www.vlr.gg/542272/nrg-vs-fnatic-valorant-champions-2025-gf,Lotus,FNATIC,NRG,NRG,Alfajer,Killjoy,173.0,11,13,1,117.0,27.0,0
Valorant Champions 2025,https://www.vlr.gg/542272/nrg-vs-fnatic-valorant-champions-2025-gf,Lotus,FNATIC,NRG,NRG,Boaster,Omen,163.0,9,14,7,110.0,12.0,0
Valorant Champions 2025,https://www.vlr.gg/542272/nrg-vs-fnatic-valorant-champions-2025-gf,Lotus,FNATIC,NRG,NRG,crashies,Fade,107.0,7,16,7,78.0,28.0,0
Valorant Champions 2025,https://www.vlr.gg/542272/nrg-vs-fnatic-valorant-champions-2025-gf,Abyss,NRG,FNATIC,FNATIC,skuba,Vyse,216.0,22,15,4,131.0,32.0,0
Valorant Champions 2025,https://www.vlr.gg/542272/nrg-vs-fnatic-valorant-champions-2025-gf,Abyss,NRG,FNATIC,FNATIC,brawk,Sova,222.0,20,17,9,151.0,26.0,0
Valorant Champions 2025,https://www.vlr.gg/542272/nrg-vs-fnatic-valorant-champions-2025-gf,Abyss,NRG,FNATIC,FNATIC,Ethan,Omen,183.0,17,16,10,118.0,25.0,0
Valorant Champions 2025,https://www.vlr.gg/542272/nrg-vs-fnatic-valorant-champions-2025-gf,Abyss,NRG,FNATIC,FNATIC,mada,Yoru,153.0,15,18,3,113.0,41.0,0
Valorant Champions 2025,https://www.vlr.gg/542272/nrg-vs-fnatic-valorant-champions-2025-gf,Abyss,NRG,FNATIC,FNATIC,s0m,Harbor,129.0,13,22,5,87.0,28.0,0
Valorant Champions 2025,https://www.vlr.gg/542272/nrg-vs-fnatic-valorant-champions-2025-gf,Abyss,FNATIC,NRG,FNATIC,crashies,Sova,221.0,22,15,7,139.0,29.0,1
Valorant Champions 2025,https://www.vlr.gg/542272/nrg-vs-fnatic-valorant-champions-2025-gf,Abyss,FNATIC,NRG,FNATIC,kaajak,Waylay,247.0,24,19,4,160.0,30.0,1
Valorant Champions 2025,https://www.vlr.gg/542272/nrg-vs-fnatic-valorant-champions-2025-gf,Abyss,FNATIC,NRG,FNATIC,Chronicle,Breach,167.0,17,19,8,117.0,27.0,1
Valorant Champions 2025,https://www.vlr.gg/542272/nrg-vs-fnatic-valorant-champions-2025-gf,Abyss,FNATIC,NRG,FNATIC,Alfajer,Cypher,136.0,14,17,5,87.0,18.0,1
Valorant Champions 2025,https://www.vlr.gg/542272/nrg-vs-fnatic-valorant-champions-2025-gf,Abyss,FNATIC,NRG,FNATIC,Boaster,Astra,130.0,11,17,10,87.0,28.0,1
Valorant Champions 2025,https://www.vlr.gg/542272/nrg-vs-fnatic-valorant-champions-2025-gf,Ascent,NRG,FNATIC,FNATIC,brawk,Sova,218.0,15,13,10,140.0,26.0,0
Valorant Champions 2025,https://www.vlr.gg/542272/nrg-vs-fnatic-valorant-champions-2025-gf,Ascent,NRG,FNATIC,FNATIC,s0m,Omen,246.0,17,18,7,146.0,25.0,0
Valorant Champions 2025,https://www.vlr.gg/542272/nrg-vs-fnatic-valorant-champions-2025-gf,Ascent,NRG,FNATIC,FNATIC,Ethan,Kayo,164.0,13,15,8,96.0,14.0,0
Valorant Champions 2025,https://www.vlr.gg/542272/nrg-vs-fnatic-valorant-champions-2025-gf,Ascent,NRG,FNATIC,FNATIC,skuba,Vyse,204.0,16,19,2,119.0,29.0,0
Valorant Champions 2025,https://www.vlr.gg/542272/nrg-vs-fnatic-valorant-champions-2025-gf,Ascent,NRG,FNATIC,FNATIC,mada,Jett,145.0,10,14,4,94.0,16.0,0
Valorant Champions 2025,https://www.vlr.gg/542272/nrg-vs-fnatic-valorant-champions-2025-gf,Ascent,FNATIC,NRG,FNATIC,Alfajer,Sage,299.0,23,14,4,200.0,46.0,1
Valorant Champions 2025,https://www.vlr.gg/542272/nrg-vs-fnatic-valorant-champions-2025-gf,Ascent,FNATIC,NRG,FNATIC,kaajak,Yoru,222.0,18,13,4,138.0,40.0,1
Valorant Champions 2025,https://www.vlr.gg/542272/nrg-vs-fnatic-valorant-champions-2025-gf,Ascent,FNATIC,NRG,FNATIC,crashies,Sova,202.0,14,16,10,137.0,23.0,1
Valorant Champions 2025,https://www.vlr.gg/542272/nrg-vs-fnatic-valorant-champions-2025-gf,Ascent,FNATIC,NRG,FNATIC,Chronicle,Vyse,221.0,18,16,7,137.0,21.0,1
Valorant Champions 2025,https://www.vlr.gg/542272/nrg-vs-fnatic-valorant-champions-2025-gf,Ascent,FNATIC,NRG,FNATIC,Boaster,Omen,103.0,6,12,9,76.0,17.0,1
Valorant Champions 2025,https://www.vlr.gg/542272/nrg-vs-fnatic-valorant-champions-2025-gf,Sunset,NRG,FNATIC,NRG,Ethan,Breach,355.0,23,12,9,223.0,27.0,1
Valorant Champions 2025,https://www.vlr.gg/542272/nrg-vs-fnatic-valorant-champions-2025-gf,Sunset,NRG,FNATIC,NRG,skuba,Cypher,201.0,15,9,2,140.0,18.0,1
Valorant Champions 2025,https://www.vlr.gg/542272/nrg-vs-fnatic-valorant-champions-2025-gf,Sunset,NRG,FNATIC,NRG,brawk,Sova,203.0,11,11,11,145.0,31.0,1
Valorant Champions 2025,https://www.vlr.gg/542272/nrg-vs-fnatic-valorant-champions-2025-gf,Sunset,NRG,FNATIC,NRG,s0m,Omen,160.0,13,12,9,103.0,17.0,1
Valorant Champions 2025,https://www.vlr.gg/542272/nrg-vs-fnatic-valorant-champions-2025-gf,Sunset,NRG,FNATIC,NRG,mada,Neon,191.0,12,14,5,126.0,26.0,1
Valorant Champions 2025,https://www.vlr.gg/542272/nrg-vs-fnatic-valorant-champions-2025-gf,Sunset,FNATIC,NRG,NRG,kaajak,Yoru,227.0,16,15,2,152.0,27.0,0
Valorant Champions 2025,https://www.vlr.gg/542272/nrg-vs-fnatic-valorant-champions-2025-gf,Sunset,FNATIC,NRG,NRG,Alfajer,Neon,253.0,16,15,5,160.0,19.0,0
Valorant Champions 2025,https://www.vlr.gg/542272/nrg-vs-fnatic-valorant-champions-2025-gf,Sunset,FNATIC,NRG,NRG,Chronicle,Cypher,197.0,13,15,5,131.0,24.0,0
Valorant Champions 2025,https://www.vlr.gg/542272/nrg-vs-fnatic-valorant-champions-2025-gf,Sunset,FNATIC,NRG,NRG,crashies,Fade,141.0,7,14,6,98.0,40.0,0
Valorant Champions 2025,https://www.vlr.gg/542272/nrg-vs-fnatic-valorant-champions-2025-gf,Sunset,FNATIC,NRG,NRG,Boaster,Omen,113.0,6,15,9,65.0,10.0,0
VCT 2025 Americas Stage 2,https://www.vlr.gg/530902/leviat-n-vs-cloud9-vct-2025-americas-stage-2-ur1,Corrode,LEVIATÁN,Cloud9,Cloud9,kiNgg,Viper,237.0,19,14,6,148.0,35.0,0
VCT 2025 Americas Stage 2,https://www.vlr.gg/530902/leviat-n-vs-cloud9-vct-2025-americas-stage-2-ur1,Corrode,LEVIATÁN,Cloud9,Cloud9,Sato,Neon,250.0,21,18,0,162.0,43.0,0
VCT 2025 Americas Stage 2,https://www.vlr.gg/530902/leviat-n-vs-cloud9-vct-2025-americas-stage-2-ur1,Corrode,LEVIATÁN,Cloud9,Cloud9,Okeanos,Omen,216.0,16,18,11,152.0,28.0,0
VCT 2025 Americas Stage 2,https://www.vlr.gg/530902/leviat-n-vs-cloud9-vct-2025-americas-stage-2-ur1,Corrode,LEVIATÁN,Cloud9,Cloud9,tex,Chamber,137.0,12,17,2,94.0,14.0,0
VCT 2025 Americas Stage 2,https://www.vlr.gg/530902/leviat-n-vs-cloud9-vct-2025-americas-stage-2-ur1,Corrode,LEVIATÁN,Cloud9,Cloud9,C0M,Fade,124.0,9,17,6,78.0,18.0,0
VCT 2025 Americas Stage 2,https://www.vlr.gg/530902/leviat-n-vs-cloud9-vct-2025-americas-stage-2-ur1,Corrode,Cloud9,LEVIATÁN,Cloud9,neT,Viper,203.0,17,12,5,131.0,37.0,1
VCT 2025 Americas Stage 2,https://www.vlr.gg/530902/leviat-n-vs-cloud9-vct-2025-americas-stage-2-ur1,Corrode,Cloud9,LEVIATÁN,Cloud9,mitch,Skye,229.0,17,15,17,135.0,20.0,1
VCT 2025 Americas Stage 2,https://www.vlr.gg/530902/leviat-n-vs-cloud9-vct-2025-americas-stage-2-ur1,Corrode,Cloud9,LEVIATÁN,Cloud9,v1c,Omen,193.0,15,16,8,133.0,34.0,1
VCT 2025 Americas Stage 2,https://www.vlr.gg/530902/leviat-n-vs-cloud9-vct-2025-americas-stage-2-ur1,Corrode,Cloud9,LEVIATÁN,Cloud9,OXY,Raze,224.0,18,17,5,152.0,31.0,1
VCT 2025 Americas Stage 2,https://www.vlr.gg/530902/leviat-n-vs-cloud9-vct-2025-americas-stage-2-ur1,Corrode,Cloud9,LEVIATÁN,Cloud9,Xeppaa,Vyse,206.0,17,17,9,140.0,13.0,1
VCT 2025 Americas Stage 2,https://www.vlr.gg/530902/leviat-n-vs-cloud9-vct-2025-americas-stage-2-ur1,Haven,LEVIATÁN,Cloud9,LEVIATÁN,Sato,Yoru,383.0,30,15,4,236.0,27.0,1
VCT 2025 Americas Stage 2,https://www.vlr.gg/530902/leviat-n-vs-cloud9-vct-2025-americas-stage-2-ur1,Haven,LEVIATÁN,Cloud9,LEVIATÁN,Okeanos,Neon,239.0,20,14,3,169.0,31.0,1
VCT 2025 Americas Stage 2,https://www.vlr.gg/530902/leviat-n-vs-cloud9-vct-2025-americas-stage-2-ur1,Haven,LEVIATÁN,Cloud9,LEVIATÁN,kiNgg,Omen,199.0,14,16,14,139.0,31.0,1
VCT 2025 Americas Stage 2,https://www.vlr.gg/530902/leviat-n-vs-cloud9-vct-2025-americas-stage-2-ur1,Haven,LEVIATÁN,Cloud9,LEVIATÁN,C0M,Sova,172.0,17,10,2,112.0,29.0,1
VCT 2025 Americas Stage 2,https://www.vlr.gg/530902/leviat-n-vs-cloud9-vct-2025-americas-stage-2-ur1,Haven,LEVIATÁN,Cloud9,LEVIATÁN,tex,Cypher,107.0,9,13,6,70.0,16.0,1
VCT 2025 Americas Stage 2,https://www.vlr.gg/530902/leviat-n-vs-cloud9-vct-2025-americas-stage-2-ur1,Haven,Cloud9,LEVIATÁN,LEVIATÁN,neT,Viper,234.0,18,19,5,143.0,42.0,0
VCT 2025 Americas Stage 2,https://www.vlr.gg/530902/leviat-n-vs-cloud9-vct-2025-americas-stage-2-ur1,Haven,Cloud9,LEVIATÁN,LEVIATÁN,OXY,Jett,215.0,18,18,5,134.0,51.0,0
VCT 2025 Americas Stage 2,https://www.vlr.gg/530902/leviat-n-vs-cloud9-vct-2025-americas-stage-2-ur1,Haven,Cloud9,LEVIATÁN,LEVIATÁN,v1c,Omen,128.0,10,18,5,89.0,35.0,0
VCT 2025 Americas Stage 2,https://www.vlr.gg/530902/leviat-n-vs-cloud9-vct-2025-americas-stage-2-ur1,Haven,Cloud9,LEVIATÁN,LEVIATÁN,Xeppaa,Killjoy,168.0,13,17,3,110.0,36.0,0
VCT 2025 Americas Stage 2,https://www.vlr.gg/530902/leviat-n-vs-cloud9-vct-2025-americas-stage-2-ur1,Haven,Cloud9,LEVIATÁN,LEVIATÁN,mitch,Skye,108.0,9,18,6,76.0,13.0,0
VCT 2025 Americas Stage 2,https://www.vlr.gg/530902/leviat-n-vs-cloud9-vct-2025-americas-stage-2-ur1,Lotus,LEVIATÁN,Cloud9,Cloud9,Okeanos,Omen,349.0,30,16,8,226.0,30.0,0
VCT 2025 Americas Stage 2,https://www.vlr.gg/530902/leviat-n-vs-cloud9-vct-2025-americas-stage-2-ur1,Lotus,LEVIATÁN,Cloud9,Cloud9,kiNgg,Viper,186.0,15,18,8,126.0,21.0,0
VCT 2025 Americas Stage 2,https://www.vlr.gg/530902/leviat-n-vs-cloud9-vct-2025-americas-stage-2-ur1,Lotus,LEVIATÁN,Cloud9,Cloud9,tex,Vyse,126.0,10,18,3,84.0,44.0,0
VCT 2025 Americas Stage 2,https://www.vlr.gg/530902/leviat-n-vs-cloud9-vct-2025-americas-stage-2-ur1,Lotus,LEVIATÁN,Cloud9,Cloud9,Sato,Raze,177.0,16,21,1,110.0,25.0,0
VCT 2025 Americas Stage 2,https://www.vlr.gg/530902/leviat-n-vs-cloud9-vct-2025-americas-stage-2-ur1,Lotus,LEVIATÁN,Cloud9,Cloud9,C0M,Fade,128.0,11,17,4,91.0,35.0,0
VCT 2025 Americas Stage 2,https://www.vlr.gg/530902/leviat-n-vs-cloud9-vct-2025-americas-stage-2-ur1,Lotus,Cloud9,LEVIATÁN,Cloud9,v1c,Omen,202.0,18,14,9,135.0,30.0,1
VCT 2025 Americas Stage 2,https://www.vlr.gg/530902/leviat-n-vs-cloud9-vct-2025-americas-stage-2-ur1,Lotus,Cloud9,LEVIATÁN,Cloud9,Xeppaa,Vyse,235.0,20,17,4,158.0,34.0,1
VCT 2025 Americas Stage 2,https://www.vlr.gg/530902/leviat-n-vs-cloud9-vct-2025-americas-stage-2-ur1,Lotus,Cloud9,LEVIATÁN,Cloud9,mitch,Fade,188.0,15,15,12,123.0,45.0,1
VCT 2025 Americas Stage 2,https://www.vlr.gg/530902/leviat-n-vs-cloud9-vct-2025-americas-stage-2-ur1,Lotus,Cloud9,LEVIATÁN,Cloud9,OXY,Raze,222.0,19,18,5,145.0,21.0,1
VCT 2025 Americas Stage 2,https://www.vlr.gg/530902/leviat-n-vs-cloud9-vct-2025-americas-stage-2-ur1,Lotus,Cloud9,LEVIATÁN,Cloud9,neT,Viper,204.0,18,18,5,131.0,34.0,1
VCT 2025 Americas Stage 2,https://www.vlr.gg/530903/g2-esports-vs-100-thieves-vct-2025-americas-stage-2-ur1,Sunset,G2 Esports,100 Thieves,G2 Esports,BABYBAY,Chamber,281.0,16,9,7,199.0,20.0,1
VCT 2025 Americas Stage 2,https://www.vlr.gg/530903/g2-esports-vs-100-thieves-vct-2025-americas-stage-2-ur1,Sunset,G2 Esports,100 Thieves,G2 Esports,jawgemo,Neon,301.0,18,11,4,186.0,36.0,1
VCT 2025 Americas Stage 2,https://www.vlr.gg/530903/g2-esports-vs-100-thieves-vct-2025-americas-stage-2-ur1,Sunset,G2 Esports,100 Thieves,G2 Esports,valyn,Omen,195.0,13,9,8,128.0,34.0,1
VCT 2025 Americas Stage 2,https://www.vlr.gg/530903/g2-esports-vs-100-thieves-vct-2025-americas-stage-2-ur1,Sunset,G2 Esports,100 Thieves,G2 Esports,trent,Fade,175.0,13,9,7,120.0,28.0,1
VCT 2025 Americas Stage 2,https://www.vlr.gg/530903/g2-esports-vs-100-thieves-vct-2025-americas-stage-2-ur1,Sunset,G2 Esports,100 Thieves,G2 Esports,JonahP,Sage,193.0,12,9,8,137.0,23.0,1
VCT 2025 Americas Stage 2,https://www.vlr.gg/530903/g2-esports-vs-100-thieves-vct-2025-americas-stage-2-ur1,Sunset,100 Thieves,G2 Esports,G2 Esports,eeiu,Sova,214.0,14,14,2,149.0,46.0,0
VCT 2025 Americas Stage 2,https://www.vlr.gg/530903/g2-esports-vs-100-thieves-vct-2025-americas-stage-2-ur1,Sunset,100 Thieves,G2 Esports,G2 Esports,Cryocells,Yoru,235.0,13,14,5,164.0,40.0,0
VCT 2025 Americas Stage 2,https://www.vlr.gg/530903/g2-esports-vs-100-thieves-vct-2025-americas-stage-2-ur1,Sunset,100 Thieves,G2 Esports,G2 Esports,zander,Omen,147.0,9,15,6,86.0,20.0,0
VCT 2025 Americas Stage 2,https://www.vlr.gg/530903/g2-esports-vs-100-thieves-vct-2025-americas-stage-2-ur1,Sunset,100 Thieves,G2 Esports,G2 Esports,Asuna,Neon,124.0,6,15,7,93.0,24.0,0
VCT 2025 Americas Stage 2,https://www.vlr.gg/530903/g2-esports-vs-100-thieves-vct-2025-americas-stage-2-ur1,Sunset,100 Thieves,G2 Esports,G2 Esports,Kess,Cypher,86.0,5,14,1,53.0,17.0,0
VCT 2025 Americas Stage 2,https://www.vlr.gg/530903/g2-esports-vs-100-thieves-vct-2025-americas-stage-2-ur1,Haven,G2 Esports,100 Thieves,G2 Esports,jawgemo,Yoru,345.0,25,9,4,196.0,17.0,1
VCT 2025 Americas Stage 2,https://www.vlr.gg/530903/g2-esports-vs-100-thieves-vct-2025-americas-stage-2-ur1,Haven,G2 Esports,100 Thieves,G2 Esports,JonahP,Viper,212.0,15,9,4,120.0,23.0,1
VCT 2025 Americas Stage 2,https://www.vlr.gg/530903/g2-esports-vs-100-thieves-vct-2025-americas-stage-2-ur1,Haven,G2 Esports,100 Thieves,G2 Esports,BABYBAY,Vyse,238.0,15,11,7,159.0,24.0,1
VCT 2025 Americas Stage 2,https://www.vlr.gg/530903/g2-esports-vs-100-thieves-vct-2025-americas-stage-2-ur1,Haven,G2 Esports,100 Thieves,G2 Esports,trent,Fade,176.0,12,11,5,132.0,24.0,1
VCT 2025 Americas Stage 2,https://www.vlr.gg/530903/g2-esports-vs-100-thieves-vct-2025-americas-stage-2-ur1,Haven,G2 Esports,100 Thieves,G2 Esports,valyn,Omen,156.0,10,12,8,110.0,19.0,1
VCT 2025 Americas Stage 2,https://www.vlr.gg/530903/g2-esports-vs-100-thieves-vct-2025-americas-stage-2-ur1,Haven,100 Thieves,G2 Esports,G2 Esports,eeiu,Sova,256.0,18,15,1,159.0,43.0,0
VCT 2025 Americas Stage 2,https://www.vlr.gg/530903/g2-esports-vs-100-thieves-vct-2025-americas-stage-2-ur1,Haven,100 Thieves,G2 Esports,G2 Esports,Kess,Cypher,173.0,11,16,2,104.0,40.0,0
VCT 2025 Americas Stage 2,https://www.vlr.gg/530903/g2-esports-vs-100-thieves-vct-2025-americas-stage-2-ur1,Haven,100 Thieves,G2 Esports,G2 Esports,Cryocells,Yoru,170.0,10,16,6,112.0,32.0,0
VCT 2025 Americas Stage 2,https://www.vlr.gg/530903/g2-esports-vs-100-thieves-vct-2025-americas-stage-2-ur1,Haven,100 Thieves,G2 Esports,G2 Esports,zander,Omen,146.0,8,16,10,103.0,22.0,0
VCT 2025 Americas Stage 2,https://www.vlr.gg/530903/g2-esports-vs-100-thieves-vct-2025-americas-stage-2-ur1,Haven,100 Thieves,G2 Esports,G2 Esports,Asuna,Neon,106.0,5,14,4,72.0,10.0,0
VCT 2025 Americas Stage 2,https://www.vlr.gg/530906/sentinels-vs-cloud9-vct-2025-americas-stage-2-ubsf,Corrode,Sentinels,Cloud9,Sentinels,johnqt,Viper,232.0,18,12,8,147.0,25.0,1
VCT 2025 Americas Stage 2,https://www.vlr.gg/530906/sentinels-vs-cloud9-vct-2025-americas-stage-2-ubsf,Corrode,Sentinels,Cloud9,Sentinels,zekken,Neon,255.0,23,15,2,158.0,30.0,1
VCT 2025 Americas Stage 2,https://www.vlr.gg/530906/sentinels-vs-cloud9-vct-2025-americas-stage-2-ubsf,Corrode,Sentinels,Cloud9,Sentinels,Zellsis,Vyse,228.0,18,15,9,143.0,23.0,1
VCT 2025 Americas Stage 2,https://www.vlr.gg/530906/sentinels-vs-cloud9-vct-2025-americas-stage-2-ubsf,Corrode,Sentinels,Cloud9,Sentinels,N4RRATE,Fade,193.0,15,18,7,107.0,14.0,1
VCT 2025 Americas Stage 2,https://www.vlr.gg/530906/sentinels-vs-cloud9-vct-2025-americas-stage-2-ubsf,Corrode,Sentinels,Cloud9,Sentinels,bang,Omen,121.0,9,14,9,74.0,26.0,1
VCT 2025 Americas Stage 2,https://www.vlr.gg/530906/sentinels-vs-cloud9-vct-2025-americas-stage-2-ubsf,Corrode,Cloud9,Sentinels,Sentinels,mitch,Skye,219.0,18,14,9,135.0,21.0,0
VCT 2025 Americas Stage 2,https://www.vlr.gg/530906/sentinels-vs-cloud9-vct-2025-americas-stage-2-ubsf,Corrode,Cloud9,Sentinels,Sentinels,Xeppaa,Vyse,206.0,16,16,7,139.0,20.0,0
VCT 2025 Americas Stage 2,https://www.vlr.gg/530906/sentinels-vs-cloud9-vct-2025-americas-stage-2-ubsf,Corrode,Cloud9,Sentinels,Sentinels,v1c,Omen,207.0,17,17,12,121.0,28.0,0
VCT 2025 Americas Stage 2,https://www.vlr.gg/530906/sentinels-vs-cloud9-vct-2025-americas-stage-2-ubsf,Corrode,Cloud9,Sentinels,Sentinels,neT,Viper,130.0,11,17,7,76.0,17.0,0
VCT 2025 Americas Stage 2,https://www.vlr.gg/530906/sentinels-vs-cloud9-vct-2025-americas-stage-2-ubsf,Corrode,Cloud9,Sentinels,Sentinels,OXY,Raze,186.0,12,19,6,125.0,23.0,0
VCT 2025 Americas Stage 2,https://www.vlr.gg/530906/sentinels-vs-cloud9-vct-2025-americas-stage-2-ubsf,Icebox,Sentinels,Cloud9,Cloud9,Zellsis,Killjoy,231.0,17,15,4,153.0,25.0,0
VCT 2025 Americas Stage 2,https://www.vlr.gg/530906/sentinels-vs-cloud9-vct-2025-americas-stage-2-ubsf,Icebox,Sentinels,Cloud9,Cloud9,bang,Viper,210.0,15,16,3,148.0,30.0,0
VCT 2025 Americas Stage 2,https://www.vlr.gg/530906/sentinels-vs-cloud9-vct-2025-americas-stage-2-ubsf,Icebox,Sentinels,Cloud9,Cloud9,N4RRATE,Sova,122.0,10,13,4,75.0,28.0,0
VCT 2025 Americas Stage 2,https://www.vlr.gg/530906/sentinels-vs-cloud9-vct-2025-americas-stage-2-ubsf,Icebox,Sentinels,Cloud9,Cloud9,johnqt,Sage,134.0,9,15,8,88.0,31.0,0
VCT 2025 Americas Stage 2,https://www.vlr.gg/530906/sentinels-vs-cloud9-vct-2025-americas-stage-2-ubsf,Icebox,Sentinels,Cloud9,Cloud9,zekken,Jett,146.0,11,18,2,106.0,28.0,0
VCT 2025 Americas Stage 2,https://www.vlr.gg/530906/sentinels-vs-cloud9-vct-2025-americas-stage-2-ubsf,Icebox,Cloud9,Sentinels,Cloud9,mitch,Sova,230.0,18,11,4,151.0,27.0,1
VCT 2025 Americas Stage 2,https://www.vlr.gg/530906/sentinels-vs-cloud9-vct-2025-americas-stage-2-ubsf,Icebox,Cloud9,Sentinels,Cloud9,Xeppaa,Killjoy,223.0,18,12,2,159.0,37.0,1
VCT 2025 Americas Stage 2,https://www.vlr.gg/530906/sentinels-vs-cloud9-vct-2025-americas-stage-2-ubsf,Icebox,Cloud9,Sentinels,Cloud9,neT,Viper,198.0,16,9,9,127.0,23.0,1
VCT 2025 Americas Stage 2,https://www.vlr.gg/530906/sentinels-vs-cloud9-vct-2025-americas-stage-2-ubsf,Icebox,Cloud9,Sentinels,Cloud9,v1c,Iso,166.0,12,13,3,106.0,34.0,1
VCT 2025 Americas Stage 2,https://www.vlr.gg/530906/sentinels-vs-cloud9-vct-2025-americas-stage-2-ubsf,Icebox,Cloud9,Sentinels,Cloud9,OXY,Raze,168.0,13,17,3,122.0,31.0,1
VCT 2025 Americas Stage 2,https://www.vlr.gg/530906/sentinels-vs-cloud9-vct-2025-americas-stage-2-ubsf,Lotus,Sentinels,Cloud9,Sentinels,N4RRATE,Fade,222.0,21,11,7,148.0,30.0,1
VCT 2025 Americas Stage 2,https://www.vlr.gg/530906/sentinels-vs-cloud9-vct-2025-americas-stage-2-ubsf,Lotus,Sentinels,Cloud9,Sentinels,zekken,Raze,252.0,21,12,2,161.0,21.0,1
VCT 2025 Americas Stage 2,https://www.vlr.gg/530906/sentinels-vs-cloud9-vct-2025-americas-stage-2-ubsf,Lotus,Sentinels,Cloud9,Sentinels,Zellsis,Vyse,224.0,18,14,13,150.0,15.0,1
VCT 2025 Americas Stage 2,https://www.vlr.gg/530906/sentinels-vs-cloud9-vct-2025-americas-stage-2-ubsf,Lotus,Sentinels,Cloud9,Sentinels,johnqt,Viper,197.0,15,14,12,144.0,46.0,1
VCT 2025 Americas Stage 2,https://www.vlr.gg/530906/sentinels-vs-cloud9-vct-2025-americas-stage-2-ubsf,Lotus,Sentinels,Cloud9,Sentinels,bang,Omen,147.0,9,20,20,86.0,29.0,1
VCT 2025 Americas Stage 2,https://www.vlr.gg/530906/sentinels-vs-cloud9-vct-2025-americas-stage-2-ubsf,Lotus,Cloud9,Sentinels,Sentinels,v1c,Omen,203.0,17,16,15,144.0,29.0,0
VCT 2025 Americas Stage 2,https://www.vlr.gg/530906/sentinels-vs-cloud9-vct-2025-americas-stage-2-ubsf,Lotus,Cloud9,Sentinels,Sentinels,OXY,Raze,240.0,18,18,4,167.0,20.0,0
VCT 2025 Americas Stage 2,https://www.vlr.gg/530906/sentinels-vs-cloud9-vct-2025-americas-stage-2-ubsf,Lotus,Cloud9,Sentinels,Sentinels,neT,Viper,166.0,16,15,8,107.0,33.0,0
VCT 2025 Americas Stage 2,https://www.vlr.gg/530906/sentinels-vs-cloud9-vct-2025-americas-stage-2-ubsf,Lotus,Cloud9,Sentinels,Sentinels,Xeppaa,Vyse,166.0,12,16,12,110.0,12.0,0
VCT 2025 Americas Stage 2,https://www.vlr.gg/530906/sentinels-vs-cloud9-vct-2025-americas-stage-2-ubsf,Lotus,Cloud9,Sentinels,Sentinels,mitch,Fade,122.0,8,19,8,83.0,4.0,0
VCT 2025 Americas Stage 2,https://www.vlr.gg/530907/nrg-vs-g2-esports-vct-2025-americas-stage-2-ubsf,Corrode,NRG,G2 Esports,NRG,s0m,Omen,256.0,22,13,5,158.0,49.0,1
VCT 2025 Americas Stage 2,https://www.vlr.gg/530907/nrg-vs-g2-esports-vct-2025-americas-stage-2-ubsf,Corrode,NRG,G2 Esports,NRG,skuba,Viper,258.0,19,15,12,152.0,23.0,1
VCT 2025 Americas Stage 2,https://www.vlr.gg/530907/nrg-vs-g2-esports-vct-2025-americas-stage-2-ubsf,Corrode,NRG,G2 Esports,NRG,Ethan,Kayo,207.0,14,17,16,145.0,19.0,1
VCT 2025 Americas Stage 2,https://www.vlr.gg/530907/nrg-vs-g2-esports-vct-2025-americas-stage-2-ubsf,Corrode,NRG,G2 Esports,NRG,mada,Waylay,203.0,17,16,1,151.0,18.0,1
VCT 2025 Americas Stage 2,https://www.vlr.gg/530907/nrg-vs-g2-esports-vct-2025-americas-stage-2-ubsf,Corrode,NRG,G2 Esports,NRG,brawk,Sova,137.0,10,15,2,93.0,11.0,1
VCT 2025 Americas Stage 2,https://www.vlr.gg/530907/nrg-vs-g2-esports-vct-2025-americas-stage-2-ubsf,Corrode,G2 Esports,NRG,NRG,BABYBAY,Viper,196.0,16,12,5,131.0,24.0,0
VCT 2025 Americas Stage 2,https://www.vlr.gg/530907/nrg-vs-g2-esports-vct-2025-americas-stage-2-ubsf,Corrode,G2 Esports,NRG,NRG,valyn,Omen,262.0,22,20,6,153.0,28.0,0
VCT 2025 Americas Stage 2,https://www.vlr.gg/530907/nrg-vs-g2-esports-vct-2025-americas-stage-2-ubsf,Corrode,G2 Esports,NRG,NRG,JonahP,Sage,142.0,12,15,12,88.0,21.0,0
VCT 2025 Americas Stage 2,https://www.vlr.gg/530907/nrg-vs-g2-esports-vct-2025-americas-stage-2-ubsf,Corrode,G2 Esports,NRG,NRG,jawgemo,Waylay,214.0,18,18,4,132.0,27.0,0
VCT 2025 Americas Stage 2,https://www.vlr.gg/530907/nrg-vs-g2-esports-vct-2025-americas-stage-2-ubsf,Corrode,G2 Esports,NRG,NRG,trent,Fade,104.0,8,17,6,76.0,31.0,0
VCT 2025 Americas Stage 2,https://www.vlr.gg/530907/nrg-vs-g2-esports-vct-2025-americas-stage-2-ubsf,Sunset,NRG,G2 Esports,G2 Esports,mada,Neon,306.0,26,18,5,192.0,33.0,0
VCT 2025 Americas Stage 2,https://www.vlr.gg/530907/nrg-vs-g2-esports-vct-2025-americas-stage-2-ubsf,Sunset,NRG,G2 Esports,G2 Esports,s0m,Omen,259.0,22,18,8,166.0,32.0,0
VCT 2025 Americas Stage 2,https://www.vlr.gg/530907/nrg-vs-g2-esports-vct-2025-americas-stage-2-ubsf,Sunset,NRG,G2 Esports,G2 Esports,Ethan,Breach,198.0,15,15,10,134.0,35.0,0
VCT 2025 Americas Stage 2,https://www.vlr.gg/530907/nrg-vs-g2-esports-vct-2025-americas-stage-2-ubsf,Sunset,NRG,G2 Esports,G2 Esports,brawk,Sova,116.0,10,17,8,83.0,17.0,0
VCT 2025 Americas Stage 2,https://www.vlr.gg/530907/nrg-vs-g2-esports-vct-2025-americas-stage-2-ubsf,Sunset,NRG,G2 Esports,G2 Esports,skuba,Cypher,126.0,10,17,8,88.0,21.0,0
VCT 2025 Americas Stage 2,https://www.vlr.gg/530907/nrg-vs-g2-esports-vct-2025-americas-stage-2-ubsf,Sunset,G2 Esports,NRG,G2 Esports,JonahP,Sage,214.0,19,13,8,132.0,43.0,1
VCT 2025 Americas Stage 2,https://www.vlr.gg/530907/nrg-vs-g2-esports-vct-2025-americas-stage-2-ubsf,Sunset,G2 Esports,NRG,G2 Esports,BABYBAY,Chamber,262.0,23,18,5,161.0,23.0,1
VCT 2025 Americas Stage 2,https://www.vlr.gg/530907/nrg-vs-g2-esports-vct-2025-americas-stage-2-ubsf,Sunset,G2 Esports,NRG,G2 Esports,valyn,Omen,200.0,17,15,12,135.0,32.0,1
VCT 2025 Americas Stage 2,https://www.vlr.gg/530907/nrg-vs-g2-esports-vct-2025-americas-stage-2-ubsf,Sunset,G2 Esports,NRG,G2 Esports,jawgemo,Neon,174.0,16,19,4,112.0,21.0,1
VCT 2025 Americas Stage 2,https://www.vlr.gg/530907/nrg-vs-g2-esports-vct-2025-americas-stage-2-ubsf,Sunset,G2 Esports,NRG,G2 Esports,trent,Fade,115.0,10,18,2,78.0,18.0,1
VCT 2025 Americas Stage 2,https://www.vlr.gg/530907/nrg-vs-g2-esports-vct-2025-americas-stage-2-ubsf,Bind,NRG,G2 Esports,G2 Esports,s0m,Brimstone,259.0,19,13,5,163.0,37.0,0
VCT 2025 Americas Stage 2,https://www.vlr.gg/530907/nrg-vs-g2-esports-vct-2025-americas-stage-2-ubsf,Bind,NRG,G2 Esports,G2 Esports,mada,Raze,203.0,12,18,2,142.0,19.0,0
VCT 2025 Americas Stage 2,https://www.vlr.gg/530907/nrg-vs-g2-esports-vct-2025-americas-stage-2-ubsf,Bind,NRG,G2 Esports,G2 Esports,skuba,Viper,158.0,12,16,3,102.0,13.0,0
VCT 2025 Americas Stage 2,https://www.vlr.gg/530907/nrg-vs-g2-esports-vct-2025-americas-stage-2-ubsf,Bind,NRG,G2 Esports,G2 Esports,Ethan,Kayo,119.0,8,16,10,68.0,14.0,0
VCT 2025 Americas Stage 2,https://www.vlr.gg/530907/nrg-vs-g2-esports-vct-2025-americas-stage-2-ubsf,Bind,NRG,G2 Esports,G2 Esports,brawk,Fade,98.0,7,16,4,73.0,21.0,0
VCT 2025 Americas Stage 2,https://www.vlr.gg/530907/nrg-vs-g2-esports-vct-2025-americas-stage-2-ubsf,Bind,G2 Esports,NRG,G2 Esports,JonahP,Fade,253.0,19,12,6,168.0,29.0,1
VCT 2025 Americas Stage 2,https://www.vlr.gg/530907/nrg-vs-g2-esports-vct-2025-americas-stage-2-ubsf,Bind,G2 Esports,NRG,G2 Esports,valyn,Brimstone,259.0,20,13,6,171.0,31.0,1
VCT 2025 Americas Stage 2,https://www.vlr.gg/530907/nrg-vs-g2-esports-vct-2025-americas-stage-2-ubsf,Bind,G2 Esports,NRG,G2 Esports,trent,Tejo,195.0,14,11,8,126.0,13.0,1
VCT 2025 Americas Stage 2,https://www.vlr.gg/530907/nrg-vs-g2-esports-vct-2025-americas-stage-2-ubsf,Bind,G2 Esports,NRG,G2 Esports,BABYBAY,Deadlock,165.0,12,10,2,100.0,22.0,1
VCT 2025 Americas Stage 2,https://www.vlr.gg/530907/nrg-vs-g2-esports-vct-2025-americas-stage-2-ubsf,Bind,G2 Esports,NRG,G2 Esports,jawgemo,Yoru,196.0,14,12,3,138.0,21.0,1
VCT 2025 Americas Stage 2,https://www.vlr.gg/530904/leviat-n-vs-kr-esports-vct-2025-americas-stage-2-lr1,Lotus,LEVIATÁN,"VISA KRÜ						
							(KRÜ Esports)",LEVIATÁN,C0M,Fade,224.0,20,14,6,150.0,24.0,1
VCT 2025 Americas Stage 2,https://www.vlr.gg/530904/leviat-n-vs-kr-esports-vct-2025-americas-stage-2-lr1,Lotus,LEVIATÁN,"VISA KRÜ						
							(KRÜ Esports)",LEVIATÁN,Okeanos,Omen,197.0,19,15,12,129.0,40.0,1
VCT 2025 Americas Stage 2,https://www.vlr.gg/530904/leviat-n-vs-kr-esports-vct-2025-americas-stage-2-lr1,Lotus,LEVIATÁN,"VISA KRÜ						
							(KRÜ Esports)",LEVIATÁN,kiNgg,Viper,193.0,16,13,5,126.0,25.0,1
VCT 2025 Americas Stage 2,https://www.vlr.gg/530904/leviat-n-vs-kr-esports-vct-2025-americas-stage-2-lr1,Lotus,LEVIATÁN,"VISA KRÜ						
							(KRÜ Esports)",LEVIATÁN,Sato,Raze,271.0,24,21,4,182.0,37.0,1
VCT 2025 Americas Stage 2,https://www.vlr.gg/530904/leviat-n-vs-kr-esports-vct-2025-americas-stage-2-lr1,Lotus,LEVIATÁN,"VISA KRÜ						
							(KRÜ Esports)",LEVIATÁN,tex,Vyse,110.0,10,19,1,73.0,24.0,1
VCT 2025 Americas Stage 2,https://www.vlr.gg/530904/leviat-n-vs-kr-esports-vct-2025-americas-stage-2-lr1,Lotus,"VISA KRÜ						
							(KRÜ Esports)",LEVIATÁN,LEVIATÁN,Mazino,Fade,264.0,22,16,8,174.0,36.0,0
VCT 2025 Americas Stage 2,https://www.vlr.gg/530904/leviat-n-vs-kr-esports-vct-2025-americas-stage-2-lr1,Lotus,"VISA KRÜ						
							(KRÜ Esports)",LEVIATÁN,LEVIATÁN,Dantedeu5,Yoru,225.0,20,18,3,139.0,38.0,0
VCT 2025 Americas Stage 2,https://www.vlr.gg/530904/leviat-n-vs-kr-esports-vct-2025-americas-stage-2-lr1,Lotus,"VISA KRÜ						
							(KRÜ Esports)",LEVIATÁN,LEVIATÁN,Shyy,Viper,166.0,15,16,5,107.0,39.0,0
VCT 2025 Americas Stage 2,https://www.vlr.gg/530904/leviat-n-vs-kr-esports-vct-2025-americas-stage-2-lr1,Lotus,"VISA KRÜ						
							(KRÜ Esports)",LEVIATÁN,LEVIATÁN,keznit,Raze,204.0,17,20,4,135.0,19.0,0
VCT 2025 Americas Stage 2,https://www.vlr.gg/530904/leviat-n-vs-kr-esports-vct-2025-americas-stage-2-lr1,Lotus,"VISA KRÜ						
							(KRÜ Esports)",LEVIATÁN,LEVIATÁN,Melser,Omen,77.0,8,19,7,49.0,22.0,0
VCT 2025 Americas Stage 2,https://www.vlr.gg/530904/leviat-n-vs-kr-esports-vct-2025-americas-stage-2-lr1,Sunset,LEVIATÁN,"VISA KRÜ						
							(KRÜ Esports)","VISA KRÜ						
							(KRÜ Esports)",Okeanos,Kayo,242.0,15,16,11,175.0,40.0,0
VCT 2025 Americas Stage 2,https://www.vlr.gg/530904/leviat-n-vs-kr-esports-vct-2025-americas-stage-2-lr1,Sunset,LEVIATÁN,"VISA KRÜ						
							(KRÜ Esports)","VISA KRÜ						
							(KRÜ Esports)",kiNgg,Omen,230.0,16,14,8,133.0,30.0,0
VCT 2025 Americas Stage 2,https://www.vlr.gg/530904/leviat-n-vs-kr-esports-vct-2025-americas-stage-2-lr1,Sunset,LEVIATÁN,"VISA KRÜ						
							(KRÜ Esports)","VISA KRÜ						
							(KRÜ Esports)",tex,Vyse,171.0,12,14,5,110.0,28.0,0
VCT 2025 Americas Stage 2,https://www.vlr.gg/530904/leviat-n-vs-kr-esports-vct-2025-americas-stage-2-lr1,Sunset,LEVIATÁN,"VISA KRÜ						
							(KRÜ Esports)","VISA KRÜ						
							(KRÜ Esports)",C0M,Sova,157.0,9,14,4,95.0,18.0,0
VCT 2025 Americas Stage 2,https://www.vlr.gg/530904/leviat-n-vs-kr-esports-vct-2025-americas-stage-2-lr1,Sunset,LEVIATÁN,"VISA KRÜ						
							(KRÜ Esports)","VISA KRÜ						
							(KRÜ Esports)",Sato,Neon,175.0,11,16,5,115.0,21.0,0
VCT 2025 Americas Stage 2,https://www.vlr.gg/530904/leviat-n-vs-kr-esports-vct-2025-americas-stage-2-lr1,Sunset,"VISA KRÜ						
							(KRÜ Esports)",LEVIATÁN,"VISA KRÜ						
							(KRÜ Esports)",keznit,Yoru,298.0,21,12,2,181.0,17.0,1
VCT 2025 Americas Stage 2,https://www.vlr.gg/530904/leviat-n-vs-kr-esports-vct-2025-americas-stage-2-lr1,Sunset,"VISA KRÜ						
							(KRÜ Esports)",LEVIATÁN,"VISA KRÜ						
							(KRÜ Esports)",Shyy,Cypher,209.0,14,13,5,152.0,29.0,1
VCT 2025 Americas Stage 2,https://www.vlr.gg/530904/leviat-n-vs-kr-esports-vct-2025-americas-stage-2-lr1,Sunset,"VISA KRÜ						
							(KRÜ Esports)",LEVIATÁN,"VISA KRÜ						
							(KRÜ Esports)",Mazino,Sova,221.0,16,12,4,139.0,20.0,1
VCT 2025 Americas Stage 2,https://www.vlr.gg/530904/leviat-n-vs-kr-esports-vct-2025-americas-stage-2-lr1,Sunset,"VISA KRÜ						
							(KRÜ Esports)",LEVIATÁN,"VISA KRÜ						
							(KRÜ Esports)",Melser,Omen,159.0,12,12,8,108.0,20.0,1
VCT 2025 Americas Stage 2,https://www.vlr.gg/530904/leviat-n-vs-kr-esports-vct-2025-americas-stage-2-lr1,Sunset,"VISA KRÜ						
							(KRÜ Esports)",LEVIATÁN,"VISA KRÜ						
							(KRÜ Esports)",Dantedeu5,Neon,184.0,11,14,7,132.0,19.0,1
VCT 2025 Americas Stage 2,https://www.vlr.gg/530904/leviat-n-vs-kr-esports-vct-2025-americas-stage-2-lr1,Haven,LEVIATÁN,"VISA KRÜ						
							(KRÜ Esports)",LEVIATÁN,kiNgg,Omen,209.0,19,9,4,127.0,22.0,1
VCT 2025 Americas Stage 2,https://www.vlr.gg/530904/leviat-n-vs-kr-esports-vct-2025-americas-stage-2-lr1,Haven,LEVIATÁN,"VISA KRÜ						
							(KRÜ Esports)",LEVIATÁN,Sato,Yoru,242.0,18,13,6,177.0,36.0,1
VCT 2025 Americas Stage 2,https://www.vlr.gg/530904/leviat-n-vs-kr-esports-vct-2025-americas-stage-2-lr1,Haven,LEVIATÁN,"VISA KRÜ						
							(KRÜ Esports)",LEVIATÁN,C0M,Sova,206.0,16,11,8,131.0,29.0,1
VCT 2025 Americas Stage 2,https://www.vlr.gg/530904/leviat-n-vs-kr-esports-vct-2025-americas-stage-2-lr1,Haven,LEVIATÁN,"VISA KRÜ						
							(KRÜ Esports)",LEVIATÁN,tex,Cypher,209.0,14,15,6,135.0,29.0,1
VCT 2025 Americas Stage 2,https://www.vlr.gg/530904/leviat-n-vs-kr-esports-vct-2025-americas-stage-2-lr1,Haven,LEVIATÁN,"VISA KRÜ						
							(KRÜ Esports)",LEVIATÁN,Okeanos,Neon,166.0,11,17,5,111.0,18.0,1
VCT 2025 Americas Stage 2,https://www.vlr.gg/530904/leviat-n-vs-kr-esports-vct-2025-americas-stage-2-lr1,Haven,"VISA KRÜ						
							(KRÜ Esports)",LEVIATÁN,LEVIATÁN,Melser,Omen,194.0,17,13,6,114.0,31.0,0
VCT 2025 Americas Stage 2,https://www.vlr.gg/530904/leviat-n-vs-kr-esports-vct-2025-americas-stage-2-lr1,Haven,"VISA KRÜ						
							(KRÜ Esports)",LEVIATÁN,LEVIATÁN,Shyy,Cypher,235.0,14,18,10,164.0,23.0,0
VCT 2025 Americas Stage 2,https://www.vlr.gg/530904/leviat-n-vs-kr-esports-vct-2025-americas-stage-2-lr1,Haven,"VISA KRÜ						
							(KRÜ Esports)",LEVIATÁN,LEVIATÁN,Mazino,Sova,187.0,13,16,5,135.0,19.0,0
VCT 2025 Americas Stage 2,https://www.vlr.gg/530904/leviat-n-vs-kr-esports-vct-2025-americas-stage-2-lr1,Haven,"VISA KRÜ						
							(KRÜ Esports)",LEVIATÁN,LEVIATÁN,Dantedeu5,Yoru,147.0,11,15,6,90.0,32.0,0
VCT 2025 Americas Stage 2,https://www.vlr.gg/530904/leviat-n-vs-kr-esports-vct-2025-americas-stage-2-lr1,Haven,"VISA KRÜ						
							(KRÜ Esports)",LEVIATÁN,LEVIATÁN,keznit,Iso,145.0,10,16,4,104.0,26.0,0
VCT 2025 Americas Stage 2,https://www.vlr.gg/530905/100-thieves-vs-evil-geniuses-vct-2025-americas-stage-2-lr1,Bind,100 Thieves,Evil Geniuses,100 Thieves,Asuna,Raze,304.0,20,5,4,201.0,11.0,1
VCT 2025 Americas Stage 2,https://www.vlr.gg/530905/100-thieves-vs-evil-geniuses-vct-2025-americas-stage-2-lr1,Bind,100 Thieves,Evil Geniuses,100 Thieves,Cryocells,Yoru,218.0,15,8,4,128.0,16.0,1
VCT 2025 Americas Stage 2,https://www.vlr.gg/530905/100-thieves-vs-evil-geniuses-vct-2025-americas-stage-2-lr1,Bind,100 Thieves,Evil Geniuses,100 Thieves,Kess,Brimstone,260.0,15,12,8,151.0,24.0,1
VCT 2025 Americas Stage 2,https://www.vlr.gg/530905/100-thieves-vs-evil-geniuses-vct-2025-americas-stage-2-lr1,Bind,100 Thieves,Evil Geniuses,100 Thieves,eeiu,Fade,149.0,10,7,11,90.0,26.0,1
VCT 2025 Americas Stage 2,https://www.vlr.gg/530905/100-thieves-vs-evil-geniuses-vct-2025-americas-stage-2-lr1,Bind,100 Thieves,Evil Geniuses,100 Thieves,zander,Viper,176.0,10,10,4,126.0,36.0,1
VCT 2025 Americas Stage 2,https://www.vlr.gg/530905/100-thieves-vs-evil-geniuses-vct-2025-americas-stage-2-lr1,Bind,Evil Geniuses,100 Thieves,100 Thieves,icy,Raze,196.0,10,15,4,136.0,26.0,0
VCT 2025 Americas Stage 2,https://www.vlr.gg/530905/100-thieves-vs-evil-geniuses-vct-2025-americas-stage-2-lr1,Bind,Evil Geniuses,100 Thieves,100 Thieves,yay,Brimstone,188.0,11,13,7,120.0,30.0,0
VCT 2025 Americas Stage 2,https://www.vlr.gg/530905/100-thieves-vs-evil-geniuses-vct-2025-americas-stage-2-lr1,Bind,Evil Geniuses,100 Thieves,100 Thieves,NaturE,Fade,174.0,11,13,4,105.0,15.0,0
VCT 2025 Americas Stage 2,https://www.vlr.gg/530905/100-thieves-vs-evil-geniuses-vct-2025-americas-stage-2-lr1,Bind,Evil Geniuses,100 Thieves,100 Thieves,Derrek,Gekko,106.0,6,15,4,78.0,31.0,0
VCT 2025 Americas Stage 2,https://www.vlr.gg/530905/100-thieves-vs-evil-geniuses-vct-2025-americas-stage-2-lr1,Bind,Evil Geniuses,100 Thieves,100 Thieves,supamen,Viper,82.0,4,14,2,63.0,22.0,0
VCT 2025 Americas Stage 2,https://www.vlr.gg/530905/100-thieves-vs-evil-geniuses-vct-2025-americas-stage-2-lr1,Corrode,100 Thieves,Evil Geniuses,100 Thieves,eeiu,Sova,266.0,26,16,6,161.0,26.0,1
VCT 2025 Americas Stage 2,https://www.vlr.gg/530905/100-thieves-vs-evil-geniuses-vct-2025-americas-stage-2-lr1,Corrode,100 Thieves,Evil Geniuses,100 Thieves,Cryocells,Chamber,263.0,24,17,5,167.0,38.0,1
VCT 2025 Americas Stage 2,https://www.vlr.gg/530905/100-thieves-vs-evil-geniuses-vct-2025-americas-stage-2-lr1,Corrode,100 Thieves,Evil Geniuses,100 Thieves,zander,Omen,243.0,23,16,16,156.0,33.0,1
VCT 2025 Americas Stage 2,https://www.vlr.gg/530905/100-thieves-vs-evil-geniuses-vct-2025-americas-stage-2-lr1,Corrode,100 Thieves,Evil Geniuses,100 Thieves,Kess,Fade,177.0,14,18,12,119.0,15.0,1
VCT 2025 Americas Stage 2,https://www.vlr.gg/530905/100-thieves-vs-evil-geniuses-vct-2025-americas-stage-2-lr1,Corrode,100 Thieves,Evil Geniuses,100 Thieves,Asuna,Yoru,140.0,11,19,9,97.0,22.0,1
VCT 2025 Americas Stage 2,https://www.vlr.gg/530905/100-thieves-vs-evil-geniuses-vct-2025-americas-stage-2-lr1,Corrode,Evil Geniuses,100 Thieves,100 Thieves,icy,Neon,237.0,22,19,4,160.0,26.0,0
VCT 2025 Americas Stage 2,https://www.vlr.gg/530905/100-thieves-vs-evil-geniuses-vct-2025-americas-stage-2-lr1,Corrode,Evil Geniuses,100 Thieves,100 Thieves,yay,Chamber,194.0,20,20,1,121.0,43.0,0
VCT 2025 Americas Stage 2,https://www.vlr.gg/530905/100-thieves-vs-evil-geniuses-vct-2025-americas-stage-2-lr1,Corrode,Evil Geniuses,100 Thieves,100 Thieves,Derrek,Omen,200.0,18,21,8,129.0,39.0,0
VCT 2025 Americas Stage 2,https://www.vlr.gg/530905/100-thieves-vs-evil-geniuses-vct-2025-americas-stage-2-lr1,Corrode,Evil Geniuses,100 Thieves,100 Thieves,supamen,Viper,197.0,15,20,7,130.0,35.0,0
VCT 2025 Americas Stage 2,https://www.vlr.gg/530905/100-thieves-vs-evil-geniuses-vct-2025-americas-stage-2-lr1,Corrode,Evil Geniuses,100 Thieves,100 Thieves,NaturE,Sova,125.0,11,18,8,86.0,19.0,0
VCT 2025 Americas Stage 2,https://www.vlr.gg/530908/nrg-vs-leviat-n-vct-2025-americas-stage-2-lr2,Ascent,NRG,LEVIATÁN,NRG,brawk,Sova,306.0,16,7,5,240.0,28.0,1
VCT 2025 Americas Stage 2,https://www.vlr.gg/530908/nrg-vs-leviat-n-vct-2025-americas-stage-2-lr2,Ascent,NRG,LEVIATÁN,NRG,mada,Jett,243.0,14,7,1,150.0,23.0,1
VCT 2025 Americas Stage 2,https://www.vlr.gg/530908/nrg-vs-leviat-n-vct-2025-americas-stage-2-lr2,Ascent,NRG,LEVIATÁN,NRG,Ethan,Kayo,214.0,13,7,5,134.0,25.0,1
VCT 2025 Americas Stage 2,https://www.vlr.gg/530908/nrg-vs-leviat-n-vct-2025-americas-stage-2-lr2,Ascent,NRG,LEVIATÁN,NRG,s0m,Omen,234.0,15,8,1,132.0,15.0,1
VCT 2025 Americas Stage 2,https://www.vlr.gg/530908/nrg-vs-leviat-n-vct-2025-americas-stage-2-lr2,Ascent,NRG,LEVIATÁN,NRG,skuba,Vyse,169.0,9,7,4,135.0,23.0,1
VCT 2025 Americas Stage 2,https://www.vlr.gg/530908/nrg-vs-leviat-n-vct-2025-americas-stage-2-lr2,Ascent,LEVIATÁN,NRG,NRG,Okeanos,Omen,226.0,12,13,4,151.0,44.0,0
VCT 2025 Americas Stage 2,https://www.vlr.gg/530908/nrg-vs-leviat-n-vct-2025-americas-stage-2-lr2,Ascent,LEVIATÁN,NRG,NRG,tex,Chamber,117.0,7,13,0,81.0,36.0,0
VCT 2025 Americas Stage 2,https://www.vlr.gg/530908/nrg-vs-leviat-n-vct-2025-americas-stage-2-lr2,Ascent,LEVIATÁN,NRG,NRG,Sato,Yoru,189.0,9,14,2,120.0,35.0,0
VCT 2025 Americas Stage 2,https://www.vlr.gg/530908/nrg-vs-leviat-n-vct-2025-americas-stage-2-lr2,Ascent,LEVIATÁN,NRG,NRG,C0M,Sova,119.0,5,14,5,77.0,13.0,0
VCT 2025 Americas Stage 2,https://www.vlr.gg/530908/nrg-vs-leviat-n-vct-2025-americas-stage-2-lr2,Ascent,LEVIATÁN,NRG,NRG,kiNgg,Vyse,81.0,3,13,3,58.0,26.0,0
VCT 2025 Americas Stage 2,https://www.vlr.gg/530908/nrg-vs-leviat-n-vct-2025-americas-stage-2-lr2,Icebox,NRG,LEVIATÁN,NRG,Ethan,Harbor,255.0,14,5,11,159.0,13.0,1
VCT 2025 Americas Stage 2,https://www.vlr.gg/530908/nrg-vs-leviat-n-vct-2025-americas-stage-2-lr2,Icebox,NRG,LEVIATÁN,NRG,brawk,Sova,303.0,17,6,9,203.0,16.0,1
VCT 2025 Americas Stage 2,https://www.vlr.gg/530908/nrg-vs-leviat-n-vct-2025-americas-stage-2-lr2,Icebox,NRG,LEVIATÁN,NRG,mada,Jett,226.0,15,6,0,140.0,20.0,1
VCT 2025 Americas Stage 2,https://www.vlr.gg/530908/nrg-vs-leviat-n-vct-2025-americas-stage-2-lr2,Icebox,NRG,LEVIATÁN,NRG,s0m,Killjoy,244.0,14,8,3,158.0,26.0,1
VCT 2025 Americas Stage 2,https://www.vlr.gg/530908/nrg-vs-leviat-n-vct-2025-americas-stage-2-lr2,Icebox,NRG,LEVIATÁN,NRG,skuba,Viper,237.0,13,11,7,154.0,17.0,1
VCT 2025 Americas Stage 2,https://www.vlr.gg/530908/nrg-vs-leviat-n-vct-2025-americas-stage-2-lr2,Icebox,LEVIATÁN,NRG,NRG,kiNgg,Viper,173.0,8,14,1,133.0,29.0,0
VCT 2025 Americas Stage 2,https://www.vlr.gg/530908/nrg-vs-leviat-n-vct-2025-americas-stage-2-lr2,Icebox,LEVIATÁN,NRG,NRG,C0M,Sova,158.0,8,14,1,107.0,57.0,0
VCT 2025 Americas Stage 2,https://www.vlr.gg/530908/nrg-vs-leviat-n-vct-2025-americas-stage-2-lr2,Icebox,LEVIATÁN,NRG,NRG,Okeanos,Harbor,149.0,8,15,3,91.0,64.0,0
VCT 2025 Americas Stage 2,https://www.vlr.gg/530908/nrg-vs-leviat-n-vct-2025-americas-stage-2-lr2,Icebox,LEVIATÁN,NRG,NRG,Sato,Jett,140.0,7,15,1,81.0,38.0,0
VCT 2025 Americas Stage 2,https://www.vlr.gg/530908/nrg-vs-leviat-n-vct-2025-americas-stage-2-lr2,Icebox,LEVIATÁN,NRG,NRG,tex,Killjoy,103.0,5,15,2,69.0,22.0,0
VCT 2025 Americas Stage 2,https://www.vlr.gg/530909/cloud9-vs-100-thieves-vct-2025-americas-stage-2-lr2,Haven,Cloud9,100 Thieves,Cloud9,OXY,Jett,229.0,19,14,1,123.0,27.0,1
VCT 2025 Americas Stage 2,https://www.vlr.gg/530909/cloud9-vs-100-thieves-vct-2025-americas-stage-2-lr2,Haven,Cloud9,100 Thieves,Cloud9,v1c,Omen,197.0,15,14,12,131.0,24.0,1
VCT 2025 Americas Stage 2,https://www.vlr.gg/530909/cloud9-vs-100-thieves-vct-2025-americas-stage-2-lr2,Haven,Cloud9,100 Thieves,Cloud9,mitch,Skye,224.0,17,15,10,147.0,16.0,1
VCT 2025 Americas Stage 2,https://www.vlr.gg/530909/cloud9-vs-100-thieves-vct-2025-americas-stage-2-lr2,Haven,Cloud9,100 Thieves,Cloud9,Xeppaa,Killjoy,243.0,18,17,5,156.0,18.0,1
VCT 2025 Americas Stage 2,https://www.vlr.gg/530909/cloud9-vs-100-thieves-vct-2025-americas-stage-2-lr2,Haven,Cloud9,100 Thieves,Cloud9,neT,Viper,103.0,7,15,7,77.0,18.0,1
VCT 2025 Americas Stage 2,https://www.vlr.gg/530909/cloud9-vs-100-thieves-vct-2025-americas-stage-2-lr2,Haven,100 Thieves,Cloud9,Cloud9,eeiu,Sova,267.0,20,15,7,199.0,49.0,0
VCT 2025 Americas Stage 2,https://www.vlr.gg/530909/cloud9-vs-100-thieves-vct-2025-americas-stage-2-lr2,Haven,100 Thieves,Cloud9,Cloud9,zander,Omen,213.0,16,15,10,128.0,24.0,0
VCT 2025 Americas Stage 2,https://www.vlr.gg/530909/cloud9-vs-100-thieves-vct-2025-americas-stage-2-lr2,Haven,100 Thieves,Cloud9,Cloud9,Cryocells,Yoru,198.0,14,14,9,138.0,32.0,0
VCT 2025 Americas Stage 2,https://www.vlr.gg/530909/cloud9-vs-100-thieves-vct-2025-americas-stage-2-lr2,Haven,100 Thieves,Cloud9,Cloud9,Asuna,Neon,172.0,14,14,1,101.0,31.0,0
VCT 2025 Americas Stage 2,https://www.vlr.gg/530909/cloud9-vs-100-thieves-vct-2025-americas-stage-2-lr2,Haven,100 Thieves,Cloud9,Cloud9,Kess,Cypher,122.0,11,18,2,83.0,28.0,0
VCT 2025 Americas Stage 2,https://www.vlr.gg/530909/cloud9-vs-100-thieves-vct-2025-americas-stage-2-lr2,Icebox,Cloud9,100 Thieves,Cloud9,OXY,Raze,293.0,27,18,3,199.0,27.0,1
VCT 2025 Americas Stage 2,https://www.vlr.gg/530909/cloud9-vs-100-thieves-vct-2025-americas-stage-2-lr2,Icebox,Cloud9,100 Thieves,Cloud9,neT,Viper,256.0,22,21,8,159.0,36.0,1
VCT 2025 Americas Stage 2,https://www.vlr.gg/530909/cloud9-vs-100-thieves-vct-2025-americas-stage-2-lr2,Icebox,Cloud9,100 Thieves,Cloud9,v1c,Iso,223.0,21,19,4,153.0,25.0,1
VCT 2025 Americas Stage 2,https://www.vlr.gg/530909/cloud9-vs-100-thieves-vct-2025-americas-stage-2-lr2,Icebox,Cloud9,100 Thieves,Cloud9,mitch,Sova,155.0,14,18,6,112.0,33.0,1
VCT 2025 Americas Stage 2,https://www.vlr.gg/530909/cloud9-vs-100-thieves-vct-2025-americas-stage-2-lr2,Icebox,Cloud9,100 Thieves,Cloud9,Xeppaa,Killjoy,142.0,11,20,6,122.0,23.0,1
VCT 2025 Americas Stage 2,https://www.vlr.gg/530909/cloud9-vs-100-thieves-vct-2025-americas-stage-2-lr2,Icebox,100 Thieves,Cloud9,Cloud9,Cryocells,Jett,362.0,35,20,2,229.0,44.0,0
VCT 2025 Americas Stage 2,https://www.vlr.gg/530909/cloud9-vs-100-thieves-vct-2025-americas-stage-2-lr2,Icebox,100 Thieves,Cloud9,Cloud9,eeiu,Sova,185.0,15,18,13,119.0,33.0,0
VCT 2025 Americas Stage 2,https://www.vlr.gg/530909/cloud9-vs-100-thieves-vct-2025-americas-stage-2-lr2,Icebox,100 Thieves,Cloud9,Cloud9,Asuna,Sage,140.0,13,16,11,101.0,24.0,0
VCT 2025 Americas Stage 2,https://www.vlr.gg/530909/cloud9-vs-100-thieves-vct-2025-americas-stage-2-lr2,Icebox,100 Thieves,Cloud9,Cloud9,zander,Viper,201.0,19,21,2,133.0,33.0,0
VCT 2025 Americas Stage 2,https://www.vlr.gg/530909/cloud9-vs-100-thieves-vct-2025-americas-stage-2-lr2,Icebox,100 Thieves,Cloud9,Cloud9,Kess,Killjoy,169.0,13,20,9,130.0,19.0,0
VCT 2025 Americas Stage 2,https://www.vlr.gg/530910/sentinels-vs-g2-esports-vct-2025-americas-stage-2-ubf,Bind,Sentinels,G2 Esports,G2 Esports,bang,Viper,230.0,17,14,4,141.0,40.0,0
VCT 2025 Americas Stage 2,https://www.vlr.gg/530910/sentinels-vs-g2-esports-vct-2025-americas-stage-2-ubf,Bind,Sentinels,G2 Esports,G2 Esports,zekken,Raze,210.0,13,17,4,144.0,19.0,0
VCT 2025 Americas Stage 2,https://www.vlr.gg/530910/sentinels-vs-g2-esports-vct-2025-americas-stage-2-ubf,Bind,Sentinels,G2 Esports,G2 Esports,Zellsis,Brimstone,135.0,10,15,7,88.0,16.0,0
VCT 2025 Americas Stage 2,https://www.vlr.gg/530910/sentinels-vs-g2-esports-vct-2025-americas-stage-2-ubf,Bind,Sentinels,G2 Esports,G2 Esports,N4RRATE,Yoru,202.0,14,16,3,115.0,26.0,0
VCT 2025 Americas Stage 2,https://www.vlr.gg/530910/sentinels-vs-g2-esports-vct-2025-americas-stage-2-ubf,Bind,Sentinels,G2 Esports,G2 Esports,johnqt,Fade,122.0,8,12,10,71.0,14.0,0
VCT 2025 Americas Stage 2,https://www.vlr.gg/530910/sentinels-vs-g2-esports-vct-2025-americas-stage-2-ubf,Bind,G2 Esports,Sentinels,G2 Esports,valyn,Brimstone,195.0,15,11,7,131.0,30.0,1
VCT 2025 Americas Stage 2,https://www.vlr.gg/530910/sentinels-vs-g2-esports-vct-2025-americas-stage-2-ubf,Bind,G2 Esports,Sentinels,G2 Esports,JonahP,Fade,186.0,14,9,10,107.0,29.0,1
VCT 2025 Americas Stage 2,https://www.vlr.gg/530910/sentinels-vs-g2-esports-vct-2025-americas-stage-2-ubf,Bind,G2 Esports,Sentinels,G2 Esports,leaf,Deadlock,243.0,16,14,8,162.0,30.0,1
VCT 2025 Americas Stage 2,https://www.vlr.gg/530910/sentinels-vs-g2-esports-vct-2025-americas-stage-2-ubf,Bind,G2 Esports,Sentinels,G2 Esports,jawgemo,Yoru,227.0,18,14,5,132.0,19.0,1
VCT 2025 Americas Stage 2,https://www.vlr.gg/530910/sentinels-vs-g2-esports-vct-2025-americas-stage-2-ubf,Bind,G2 Esports,Sentinels,G2 Esports,trent,Tejo,144.0,11,14,6,97.0,24.0,1
VCT 2025 Americas Stage 2,https://www.vlr.gg/530910/sentinels-vs-g2-esports-vct-2025-americas-stage-2-ubf,Sunset,Sentinels,G2 Esports,G2 Esports,johnqt,Cypher,236.0,20,16,4,163.0,35.0,0
VCT 2025 Americas Stage 2,https://www.vlr.gg/530910/sentinels-vs-g2-esports-vct-2025-americas-stage-2-ubf,Sunset,Sentinels,G2 Esports,G2 Esports,Zellsis,Breach,253.0,18,16,14,169.0,27.0,0
VCT 2025 Americas Stage 2,https://www.vlr.gg/530910/sentinels-vs-g2-esports-vct-2025-americas-stage-2-ubf,Sunset,Sentinels,G2 Esports,G2 Esports,bang,Omen,185.0,15,14,6,122.0,39.0,0
VCT 2025 Americas Stage 2,https://www.vlr.gg/530910/sentinels-vs-g2-esports-vct-2025-americas-stage-2-ubf,Sunset,Sentinels,G2 Esports,G2 Esports,N4RRATE,Fade,230.0,16,18,10,146.0,14.0,0
VCT 2025 Americas Stage 2,https://www.vlr.gg/530910/sentinels-vs-g2-esports-vct-2025-americas-stage-2-ubf,Sunset,Sentinels,G2 Esports,G2 Esports,zekken,Neon,178.0,12,19,10,122.0,21.0,0
VCT 2025 Americas Stage 2,https://www.vlr.gg/530910/sentinels-vs-g2-esports-vct-2025-americas-stage-2-ubf,Sunset,G2 Esports,Sentinels,G2 Esports,leaf,Chamber,239.0,19,15,3,159.0,19.0,1
VCT 2025 Americas Stage 2,https://www.vlr.gg/530910/sentinels-vs-g2-esports-vct-2025-americas-stage-2-ubf,Sunset,G2 Esports,Sentinels,G2 Esports,trent,Fade,222.0,15,15,16,150.0,35.0,1
VCT 2025 Americas Stage 2,https://www.vlr.gg/530910/sentinels-vs-g2-esports-vct-2025-americas-stage-2-ubf,Sunset,G2 Esports,Sentinels,G2 Esports,JonahP,Sage,195.0,16,15,4,126.0,22.0,1
VCT 2025 Americas Stage 2,https://www.vlr.gg/530910/sentinels-vs-g2-esports-vct-2025-americas-stage-2-ubf,Sunset,G2 Esports,Sentinels,G2 Esports,jawgemo,Neon,254.0,20,18,2,143.0,15.0,1
VCT 2025 Americas Stage 2,https://www.vlr.gg/530910/sentinels-vs-g2-esports-vct-2025-americas-stage-2-ubf,Sunset,G2 Esports,Sentinels,G2 Esports,valyn,Omen,160.0,13,18,8,99.0,32.0,1
VCT 2025 Americas Stage 2,https://www.vlr.gg/530911/nrg-vs-cloud9-vct-2025-americas-stage-2-lr3,Corrode,NRG,Cloud9,NRG,mada,Waylay,345.0,21,5,4,224.0,34.0,1
VCT 2025 Americas Stage 2,https://www.vlr.gg/530911/nrg-vs-cloud9-vct-2025-americas-stage-2-lr3,Corrode,NRG,Cloud9,NRG,brawk,Sova,344.0,18,7,4,231.0,20.0,1
VCT 2025 Americas Stage 2,https://www.vlr.gg/530911/nrg-vs-cloud9-vct-2025-americas-stage-2-lr3,Corrode,NRG,Cloud9,NRG,Ethan,Kayo,257.0,13,9,8,143.0,15.0,1
VCT 2025 Americas Stage 2,https://www.vlr.gg/530911/nrg-vs-cloud9-vct-2025-americas-stage-2-lr3,Corrode,NRG,Cloud9,NRG,s0m,Omen,129.0,7,6,12,81.0,20.0,1
VCT 2025 Americas Stage 2,https://www.vlr.gg/530911/nrg-vs-cloud9-vct-2025-americas-stage-2-lr3,Corrode,NRG,Cloud9,NRG,skuba,Viper,137.0,8,8,4,90.0,36.0,1
VCT 2025 Americas Stage 2,https://www.vlr.gg/530911/nrg-vs-cloud9-vct-2025-americas-stage-2-lr3,Corrode,Cloud9,NRG,NRG,Xeppaa,Vyse,172.0,9,13,3,121.0,29.0,0
VCT 2025 Americas Stage 2,https://www.vlr.gg/530911/nrg-vs-cloud9-vct-2025-americas-stage-2-lr3,Corrode,Cloud9,NRG,NRG,mitch,Skye,143.0,7,14,3,89.0,24.0,0
VCT 2025 Americas Stage 2,https://www.vlr.gg/530911/nrg-vs-cloud9-vct-2025-americas-stage-2-lr3,Corrode,Cloud9,NRG,NRG,neT,Viper,148.0,6,12,3,121.0,38.0,0
VCT 2025 Americas Stage 2,https://www.vlr.gg/530911/nrg-vs-cloud9-vct-2025-americas-stage-2-lr3,Corrode,Cloud9,NRG,NRG,v1c,Omen,150.0,7,14,7,94.0,21.0,0
VCT 2025 Americas Stage 2,https://www.vlr.gg/530911/nrg-vs-cloud9-vct-2025-americas-stage-2-lr3,Corrode,Cloud9,NRG,NRG,OXY,Neon,115.0,6,14,2,73.0,32.0,0
VCT 2025 Americas Stage 2,https://www.vlr.gg/530911/nrg-vs-cloud9-vct-2025-americas-stage-2-lr3,Lotus,NRG,Cloud9,NRG,brawk,Vyse,241.0,21,12,10,154.0,14.0,1
VCT 2025 Americas Stage 2,https://www.vlr.gg/530911/nrg-vs-cloud9-vct-2025-americas-stage-2-lr3,Lotus,NRG,Cloud9,NRG,Ethan,Fade,270.0,23,16,8,151.0,21.0,1
VCT 2025 Americas Stage 2,https://www.vlr.gg/530911/nrg-vs-cloud9-vct-2025-americas-stage-2-lr3,Lotus,NRG,Cloud9,NRG,s0m,Omen,219.0,17,13,16,147.0,19.0,1
VCT 2025 Americas Stage 2,https://www.vlr.gg/530911/nrg-vs-cloud9-vct-2025-americas-stage-2-lr3,Lotus,NRG,Cloud9,NRG,mada,Raze,232.0,19,16,5,143.0,12.0,1
VCT 2025 Americas Stage 2,https://www.vlr.gg/530911/nrg-vs-cloud9-vct-2025-americas-stage-2-lr3,Lotus,NRG,Cloud9,NRG,skuba,Viper,152.0,11,16,13,110.0,18.0,1
VCT 2025 Americas Stage 2,https://www.vlr.gg/530911/nrg-vs-cloud9-vct-2025-americas-stage-2-lr3,Lotus,Cloud9,NRG,NRG,v1c,Omen,254.0,20,16,6,153.0,45.0,0
VCT 2025 Americas Stage 2,https://www.vlr.gg/530911/nrg-vs-cloud9-vct-2025-americas-stage-2-lr3,Lotus,Cloud9,NRG,NRG,OXY,Raze,254.0,22,19,4,162.0,32.0,0
VCT 2025 Americas Stage 2,https://www.vlr.gg/530911/nrg-vs-cloud9-vct-2025-americas-stage-2-lr3,Lotus,Cloud9,NRG,NRG,mitch,Fade,150.0,11,18,7,106.0,14.0,0
VCT 2025 Americas Stage 2,https://www.vlr.gg/530911/nrg-vs-cloud9-vct-2025-americas-stage-2-lr3,Lotus,Cloud9,NRG,NRG,Xeppaa,Vyse,148.0,13,19,4,102.0,30.0,0
VCT 2025 Americas Stage 2,https://www.vlr.gg/530911/nrg-vs-cloud9-vct-2025-americas-stage-2-lr3,Lotus,Cloud9,NRG,NRG,neT,Viper,100.0,7,20,6,70.0,38.0,0
VCT 2025 Americas Stage 2,https://www.vlr.gg/530911/nrg-vs-cloud9-vct-2025-americas-stage-2-lr3,Haven,NRG,Cloud9,Cloud9,s0m,Viper,241.0,19,16,10,176.0,34.0,0
VCT 2025 Americas Stage 2,https://www.vlr.gg/530911/nrg-vs-cloud9-vct-2025-americas-stage-2-lr3,Haven,NRG,Cloud9,Cloud9,skuba,Killjoy,200.0,17,16,0,136.0,36.0,0
VCT 2025 Americas Stage 2,https://www.vlr.gg/530911/nrg-vs-cloud9-vct-2025-americas-stage-2-lr3,Haven,NRG,Cloud9,Cloud9,brawk,Sova,165.0,13,17,7,109.0,20.0,0
VCT 2025 Americas Stage 2,https://www.vlr.gg/530911/nrg-vs-cloud9-vct-2025-americas-stage-2-lr3,Haven,NRG,Cloud9,Cloud9,mada,Neon,203.0,15,20,6,138.0,33.0,0
VCT 2025 Americas Stage 2,https://www.vlr.gg/530911/nrg-vs-cloud9-vct-2025-americas-stage-2-lr3,Haven,NRG,Cloud9,Cloud9,Ethan,Omen,200.0,16,20,7,132.0,26.0,0
VCT 2025 Americas Stage 2,https://www.vlr.gg/530911/nrg-vs-cloud9-vct-2025-americas-stage-2-lr3,Haven,Cloud9,NRG,Cloud9,OXY,Neon,273.0,24,16,4,152.0,15.0,1
VCT 2025 Americas Stage 2,https://www.vlr.gg/530911/nrg-vs-cloud9-vct-2025-americas-stage-2-lr3,Haven,Cloud9,NRG,Cloud9,Xeppaa,Vyse,264.0,21,18,13,166.0,21.0,1
VCT 2025 Americas Stage 2,https://www.vlr.gg/530911/nrg-vs-cloud9-vct-2025-americas-stage-2-lr3,Haven,Cloud9,NRG,Cloud9,v1c,Omen,262.0,22,15,12,175.0,27.0,1
VCT 2025 Americas Stage 2,https://www.vlr.gg/530911/nrg-vs-cloud9-vct-2025-americas-stage-2-lr3,Haven,Cloud9,NRG,Cloud9,neT,Viper,199.0,18,15,3,124.0,42.0,1
VCT 2025 Americas Stage 2,https://www.vlr.gg/530911/nrg-vs-cloud9-vct-2025-americas-stage-2-lr3,Haven,Cloud9,NRG,Cloud9,mitch,Skye,82.0,4,16,14,63.0,13.0,1
VCT 2025 Americas Stage 2,https://www.vlr.gg/530912/sentinels-vs-nrg-vct-2025-americas-stage-2-lbf,Lotus,Sentinels,NRG,NRG,johnqt,Viper,258.0,16,12,8,153.0,26.0,0
VCT 2025 Americas Stage 2,https://www.vlr.gg/530912/sentinels-vs-nrg-vct-2025-americas-stage-2-lbf,Lotus,Sentinels,NRG,NRG,Zellsis,Vyse,172.0,9,14,3,108.0,19.0,0
VCT 2025 Americas Stage 2,https://www.vlr.gg/530912/sentinels-vs-nrg-vct-2025-americas-stage-2-lbf,Lotus,Sentinels,NRG,NRG,zekken,Raze,155.0,9,15,2,94.0,18.0,0
VCT 2025 Americas Stage 2,https://www.vlr.gg/530912/sentinels-vs-nrg-vct-2025-americas-stage-2-lbf,Lotus,Sentinels,NRG,NRG,bang,Omen,111.0,6,14,2,73.0,29.0,0
VCT 2025 Americas Stage 2,https://www.vlr.gg/530912/sentinels-vs-nrg-vct-2025-americas-stage-2-lbf,Lotus,Sentinels,NRG,NRG,N4RRATE,Fade,143.0,6,14,6,94.0,19.0,0
VCT 2025 Americas Stage 2,https://www.vlr.gg/530912/sentinels-vs-nrg-vct-2025-americas-stage-2-lbf,Lotus,NRG,Sentinels,NRG,brawk,Vyse,287.0,19,6,5,160.0,16.0,1
VCT 2025 Americas Stage 2,https://www.vlr.gg/530912/sentinels-vs-nrg-vct-2025-americas-stage-2-lbf,Lotus,NRG,Sentinels,NRG,Ethan,Fade,282.0,18,8,8,174.0,32.0,1
VCT 2025 Americas Stage 2,https://www.vlr.gg/530912/sentinels-vs-nrg-vct-2025-americas-stage-2-lbf,Lotus,NRG,Sentinels,NRG,skuba,Viper,217.0,14,8,9,144.0,27.0,1
VCT 2025 Americas Stage 2,https://www.vlr.gg/530912/sentinels-vs-nrg-vct-2025-americas-stage-2-lbf,Lotus,NRG,Sentinels,NRG,s0m,Omen,171.0,8,11,15,110.0,9.0,1
VCT 2025 Americas Stage 2,https://www.vlr.gg/530912/sentinels-vs-nrg-vct-2025-americas-stage-2-lbf,Lotus,NRG,Sentinels,NRG,mada,Raze,162.0,10,13,3,120.0,30.0,1
VCT 2025 Americas Stage 2,https://www.vlr.gg/530912/sentinels-vs-nrg-vct-2025-americas-stage-2-lbf,Icebox,Sentinels,NRG,NRG,N4RRATE,Sova,327.0,27,21,5,226.0,38.0,0
VCT 2025 Americas Stage 2,https://www.vlr.gg/530912/sentinels-vs-nrg-vct-2025-americas-stage-2-lbf,Icebox,Sentinels,NRG,NRG,zekken,Jett,271.0,27,18,1,175.0,38.0,0
VCT 2025 Americas Stage 2,https://www.vlr.gg/530912/sentinels-vs-nrg-vct-2025-americas-stage-2-lbf,Icebox,Sentinels,NRG,NRG,bang,Viper,161.0,12,16,7,112.0,31.0,0
VCT 2025 Americas Stage 2,https://www.vlr.gg/530912/sentinels-vs-nrg-vct-2025-americas-stage-2-lbf,Icebox,Sentinels,NRG,NRG,Zellsis,Killjoy,167.0,14,15,5,122.0,21.0,0
VCT 2025 Americas Stage 2,https://www.vlr.gg/530912/sentinels-vs-nrg-vct-2025-americas-stage-2-lbf,Icebox,Sentinels,NRG,NRG,johnqt,Sage,100.0,8,18,17,51.0,15.0,0
VCT 2025 Americas Stage 2,https://www.vlr.gg/530912/sentinels-vs-nrg-vct-2025-americas-stage-2-lbf,Icebox,NRG,Sentinels,NRG,brawk,Sova,308.0,25,15,5,206.0,23.0,1
VCT 2025 Americas Stage 2,https://www.vlr.gg/530912/sentinels-vs-nrg-vct-2025-americas-stage-2-lbf,Icebox,NRG,Sentinels,NRG,Ethan,Harbor,189.0,16,16,12,120.0,30.0,1
VCT 2025 Americas Stage 2,https://www.vlr.gg/530912/sentinels-vs-nrg-vct-2025-americas-stage-2-lbf,Icebox,NRG,Sentinels,NRG,skuba,Viper,209.0,17,18,9,151.0,34.0,1
VCT 2025 Americas Stage 2,https://www.vlr.gg/530912/sentinels-vs-nrg-vct-2025-americas-stage-2-lbf,Icebox,NRG,Sentinels,NRG,mada,Jett,210.0,18,18,4,132.0,37.0,1
VCT 2025 Americas Stage 2,https://www.vlr.gg/530912/sentinels-vs-nrg-vct-2025-americas-stage-2-lbf,Icebox,NRG,Sentinels,NRG,s0m,Killjoy,138.0,11,21,4,101.0,35.0,1
VCT 2025 Americas Stage 2,https://www.vlr.gg/530912/sentinels-vs-nrg-vct-2025-americas-stage-2-lbf,Sunset,Sentinels,NRG,Sentinels,bang,Omen,228.0,20,14,12,136.0,27.0,1
VCT 2025 Americas Stage 2,https://www.vlr.gg/530912/sentinels-vs-nrg-vct-2025-americas-stage-2-lbf,Sunset,Sentinels,NRG,Sentinels,N4RRATE,Fade,209.0,18,13,8,139.0,30.0,1
VCT 2025 Americas Stage 2,https://www.vlr.gg/530912/sentinels-vs-nrg-vct-2025-americas-stage-2-lbf,Sunset,Sentinels,NRG,Sentinels,johnqt,Cypher,211.0,18,13,8,139.0,22.0,1
VCT 2025 Americas Stage 2,https://www.vlr.gg/530912/sentinels-vs-nrg-vct-2025-americas-stage-2-lbf,Sunset,Sentinels,NRG,Sentinels,Zellsis,Breach,185.0,13,14,19,118.0,17.0,1
VCT 2025 Americas Stage 2,https://www.vlr.gg/530912/sentinels-vs-nrg-vct-2025-americas-stage-2-lbf,Sunset,Sentinels,NRG,Sentinels,zekken,Neon,237.0,20,17,4,144.0,18.0,1
VCT 2025 Americas Stage 2,https://www.vlr.gg/530912/sentinels-vs-nrg-vct-2025-americas-stage-2-lbf,Sunset,NRG,Sentinels,Sentinels,brawk,Sova,263.0,19,19,7,181.0,25.0,0
VCT 2025 Americas Stage 2,https://www.vlr.gg/530912/sentinels-vs-nrg-vct-2025-americas-stage-2-lbf,Sunset,NRG,Sentinels,Sentinels,Ethan,Breach,182.0,15,16,9,131.0,30.0,0
VCT 2025 Americas Stage 2,https://www.vlr.gg/530912/sentinels-vs-nrg-vct-2025-americas-stage-2-lbf,Sunset,NRG,Sentinels,Sentinels,skuba,Cypher,164.0,14,15,6,105.0,29.0,0
VCT 2025 Americas Stage 2,https://www.vlr.gg/530912/sentinels-vs-nrg-vct-2025-americas-stage-2-lbf,Sunset,NRG,Sentinels,Sentinels,mada,Neon,176.0,13,19,10,103.0,38.0,0
VCT 2025 Americas Stage 2,https://www.vlr.gg/530912/sentinels-vs-nrg-vct-2025-americas-stage-2-lbf,Sunset,NRG,Sentinels,Sentinels,s0m,Omen,135.0,10,20,4,88.0,31.0,0
VCT 2025 Americas Stage 2,https://www.vlr.gg/530912/sentinels-vs-nrg-vct-2025-americas-stage-2-lbf,Corrode,Sentinels,NRG,NRG,johnqt,Viper,198.0,17,11,4,114.0,40.0,0
VCT 2025 Americas Stage 2,https://www.vlr.gg/530912/sentinels-vs-nrg-vct-2025-americas-stage-2-lbf,Corrode,Sentinels,NRG,NRG,bang,Omen,166.0,12,14,6,122.0,33.0,0
VCT 2025 Americas Stage 2,https://www.vlr.gg/530912/sentinels-vs-nrg-vct-2025-americas-stage-2-lbf,Corrode,Sentinels,NRG,NRG,zekken,Neon,196.0,13,18,3,144.0,31.0,0
VCT 2025 Americas Stage 2,https://www.vlr.gg/530912/sentinels-vs-nrg-vct-2025-americas-stage-2-lbf,Corrode,Sentinels,NRG,NRG,N4RRATE,Fade,110.0,7,15,6,73.0,11.0,0
VCT 2025 Americas Stage 2,https://www.vlr.gg/530912/sentinels-vs-nrg-vct-2025-americas-stage-2-lbf,Corrode,Sentinels,NRG,NRG,Zellsis,Vyse,164.0,11,17,7,107.0,26.0,0
VCT 2025 Americas Stage 2,https://www.vlr.gg/530912/sentinels-vs-nrg-vct-2025-americas-stage-2-lbf,Corrode,NRG,Sentinels,NRG,brawk,Sova,275.0,19,12,6,171.0,27.0,1
VCT 2025 Americas Stage 2,https://www.vlr.gg/530912/sentinels-vs-nrg-vct-2025-americas-stage-2-lbf,Corrode,NRG,Sentinels,NRG,skuba,Viper,184.0,14,9,6,107.0,36.0,1
VCT 2025 Americas Stage 2,https://www.vlr.gg/530912/sentinels-vs-nrg-vct-2025-americas-stage-2-lbf,Corrode,NRG,Sentinels,NRG,mada,Waylay,224.0,17,13,6,142.0,35.0,1
VCT 2025 Americas Stage 2,https://www.vlr.gg/530912/sentinels-vs-nrg-vct-2025-americas-stage-2-lbf,Corrode,NRG,Sentinels,NRG,Ethan,Kayo,177.0,12,12,9,132.0,26.0,1
VCT 2025 Americas Stage 2,https://www.vlr.gg/530912/sentinels-vs-nrg-vct-2025-americas-stage-2-lbf,Corrode,NRG,Sentinels,NRG,s0m,Omen,165.0,13,14,6,99.0,22.0,1
VCT 2025 Americas Stage 2,https://www.vlr.gg/530913/g2-esports-vs-nrg-vct-2025-americas-stage-2-gf,Bind,G2 Esports,NRG,G2 Esports,valyn,Brimstone,189.0,15,15,15,125.0,28.0,1
VCT 2025 Americas Stage 2,https://www.vlr.gg/530913/g2-esports-vs-nrg-vct-2025-americas-stage-2-gf,Bind,G2 Esports,NRG,G2 Esports,jawgemo,Yoru,217.0,18,16,2,146.0,19.0,1
VCT 2025 Americas Stage 2,https://www.vlr.gg/530913/g2-esports-vs-nrg-vct-2025-americas-stage-2-gf,Bind,G2 Esports,NRG,G2 Esports,JonahP,Fade,204.0,16,16,9,132.0,25.0,1
VCT 2025 Americas Stage 2,https://www.vlr.gg/530913/g2-esports-vs-nrg-vct-2025-americas-stage-2-gf,Bind,G2 Esports,NRG,G2 Esports,trent,Tejo,169.0,16,17,2,98.0,21.0,1
VCT 2025 Americas Stage 2,https://www.vlr.gg/530913/g2-esports-vs-nrg-vct-2025-americas-stage-2-gf,Bind,G2 Esports,NRG,G2 Esports,leaf,Deadlock,170.0,15,19,5,110.0,31.0,1
VCT 2025 Americas Stage 2,https://www.vlr.gg/530913/g2-esports-vs-nrg-vct-2025-americas-stage-2-gf,Bind,NRG,G2 Esports,G2 Esports,Ethan,Kayo,214.0,18,15,12,134.0,25.0,0
VCT 2025 Americas Stage 2,https://www.vlr.gg/530913/g2-esports-vs-nrg-vct-2025-americas-stage-2-gf,Bind,NRG,G2 Esports,G2 Esports,skuba,Viper,187.0,18,13,6,115.0,26.0,0
VCT 2025 Americas Stage 2,https://www.vlr.gg/530913/g2-esports-vs-nrg-vct-2025-americas-stage-2-gf,Bind,NRG,G2 Esports,G2 Esports,brawk,Fade,206.0,17,16,8,135.0,26.0,0
VCT 2025 Americas Stage 2,https://www.vlr.gg/530913/g2-esports-vs-nrg-vct-2025-americas-stage-2-gf,Bind,NRG,G2 Esports,G2 Esports,s0m,Brimstone,205.0,16,18,13,142.0,22.0,0
VCT 2025 Americas Stage 2,https://www.vlr.gg/530913/g2-esports-vs-nrg-vct-2025-americas-stage-2-gf,Bind,NRG,G2 Esports,G2 Esports,mada,Raze,183.0,14,18,7,113.0,12.0,0
VCT 2025 Americas Stage 2,https://www.vlr.gg/530913/g2-esports-vs-nrg-vct-2025-americas-stage-2-gf,Lotus,G2 Esports,NRG,G2 Esports,valyn,Omen,239.0,18,14,7,157.0,27.0,1
VCT 2025 Americas Stage 2,https://www.vlr.gg/530913/g2-esports-vs-nrg-vct-2025-americas-stage-2-gf,Lotus,G2 Esports,NRG,G2 Esports,jawgemo,Yoru,221.0,17,15,1,125.0,13.0,1
VCT 2025 Americas Stage 2,https://www.vlr.gg/530913/g2-esports-vs-nrg-vct-2025-americas-stage-2-gf,Lotus,G2 Esports,NRG,G2 Esports,JonahP,Fade,221.0,16,14,9,132.0,11.0,1
VCT 2025 Americas Stage 2,https://www.vlr.gg/530913/g2-esports-vs-nrg-vct-2025-americas-stage-2-gf,Lotus,G2 Esports,NRG,G2 Esports,trent,Tejo,184.0,15,13,5,141.0,41.0,1
VCT 2025 Americas Stage 2,https://www.vlr.gg/530913/g2-esports-vs-nrg-vct-2025-americas-stage-2-gf,Lotus,G2 Esports,NRG,G2 Esports,leaf,Viper,165.0,13,12,3,113.0,23.0,1
VCT 2025 Americas Stage 2,https://www.vlr.gg/530913/g2-esports-vs-nrg-vct-2025-americas-stage-2-gf,Lotus,NRG,G2 Esports,G2 Esports,s0m,Omen,219.0,16,15,7,134.0,40.0,0
VCT 2025 Americas Stage 2,https://www.vlr.gg/530913/g2-esports-vs-nrg-vct-2025-americas-stage-2-gf,Lotus,NRG,G2 Esports,G2 Esports,skuba,Viper,216.0,17,13,6,134.0,26.0,0
VCT 2025 Americas Stage 2,https://www.vlr.gg/530913/g2-esports-vs-nrg-vct-2025-americas-stage-2-gf,Lotus,NRG,G2 Esports,G2 Esports,Ethan,Fade,174.0,13,16,5,124.0,21.0,0
VCT 2025 Americas Stage 2,https://www.vlr.gg/530913/g2-esports-vs-nrg-vct-2025-americas-stage-2-gf,Lotus,NRG,G2 Esports,G2 Esports,mada,Raze,203.0,13,19,4,131.0,17.0,0
VCT 2025 Americas Stage 2,https://www.vlr.gg/530913/g2-esports-vs-nrg-vct-2025-americas-stage-2-gf,Lotus,NRG,G2 Esports,G2 Esports,brawk,Vyse,121.0,8,16,5,77.0,10.0,0
VCT 2025 Americas Stage 2,https://www.vlr.gg/530913/g2-esports-vs-nrg-vct-2025-americas-stage-2-gf,Ascent,G2 Esports,NRG,G2 Esports,trent,Sova,213.0,18,13,4,150.0,33.0,1
VCT 2025 Americas Stage 2,https://www.vlr.gg/530913/g2-esports-vs-nrg-vct-2025-americas-stage-2-gf,Ascent,G2 Esports,NRG,G2 Esports,leaf,Chamber,240.0,20,15,3,155.0,30.0,1
VCT 2025 Americas Stage 2,https://www.vlr.gg/530913/g2-esports-vs-nrg-vct-2025-americas-stage-2-gf,Ascent,G2 Esports,NRG,G2 Esports,valyn,Omen,138.0,12,14,9,87.0,26.0,1
VCT 2025 Americas Stage 2,https://www.vlr.gg/530913/g2-esports-vs-nrg-vct-2025-americas-stage-2-gf,Ascent,G2 Esports,NRG,G2 Esports,JonahP,Vyse,186.0,15,16,6,113.0,20.0,1
VCT 2025 Americas Stage 2,https://www.vlr.gg/530913/g2-esports-vs-nrg-vct-2025-americas-stage-2-gf,Ascent,G2 Esports,NRG,G2 Esports,jawgemo,Yoru,152.0,12,17,5,97.0,24.0,1
VCT 2025 Americas Stage 2,https://www.vlr.gg/530913/g2-esports-vs-nrg-vct-2025-americas-stage-2-gf,Ascent,NRG,G2 Esports,G2 Esports,brawk,Sova,233.0,20,13,5,159.0,20.0,0
VCT 2025 Americas Stage 2,https://www.vlr.gg/530913/g2-esports-vs-nrg-vct-2025-americas-stage-2-gf,Ascent,NRG,G2 Esports,G2 Esports,mada,Jett,230.0,17,17,6,148.0,28.0,0
VCT 2025 Americas Stage 2,https://www.vlr.gg/530913/g2-esports-vs-nrg-vct-2025-americas-stage-2-gf,Ascent,NRG,G2 Esports,G2 Esports,skuba,Vyse,159.0,14,14,8,100.0,39.0,0
VCT 2025 Americas Stage 2,https://www.vlr.gg/530913/g2-esports-vs-nrg-vct-2025-americas-stage-2-gf,Ascent,NRG,G2 Esports,G2 Esports,Ethan,Kayo,181.0,12,16,13,133.0,31.0,0
VCT 2025 Americas Stage 2,https://www.vlr.gg/530913/g2-esports-vs-nrg-vct-2025-americas-stage-2-gf,Ascent,NRG,G2 Esports,G2 Esports,s0m,Omen,138.0,12,17,5,83.0,33.0,0
VCT 2025 EMEA Stage 2,https://www.vlr.gg/530924/fnatic-vs-bbl-esports-vct-2025-emea-stage-2-ur1,Corrode,FNATIC,BBL Esports,FNATIC,Chronicle,Viper,300.0,22,10,4,192.0,32.0,1
VCT 2025 EMEA Stage 2,https://www.vlr.gg/530924/fnatic-vs-bbl-esports-vct-2025-emea-stage-2-ur1,Corrode,FNATIC,BBL Esports,FNATIC,kaajak,Yoru,326.0,25,13,1,186.0,39.0,1
VCT 2025 EMEA Stage 2,https://www.vlr.gg/530924/fnatic-vs-bbl-esports-vct-2025-emea-stage-2-ur1,Corrode,FNATIC,BBL Esports,FNATIC,Alfajer,Vyse,260.0,19,9,9,164.0,47.0,1
VCT 2025 EMEA Stage 2,https://www.vlr.gg/530924/fnatic-vs-bbl-esports-vct-2025-emea-stage-2-ur1,Corrode,FNATIC,BBL Esports,FNATIC,Boaster,Astra,122.0,8,11,5,85.0,32.0,1
VCT 2025 EMEA Stage 2,https://www.vlr.gg/530924/fnatic-vs-bbl-esports-vct-2025-emea-stage-2-ur1,Corrode,FNATIC,BBL Esports,FNATIC,crashies,Fade,131.0,9,12,5,85.0,38.0,1
VCT 2025 EMEA Stage 2,https://www.vlr.gg/530924/fnatic-vs-bbl-esports-vct-2025-emea-stage-2-ur1,Corrode,BBL Esports,FNATIC,FNATIC,MAGNUM,Fade,219.0,16,14,3,154.0,47.0,0
VCT 2025 EMEA Stage 2,https://www.vlr.gg/530924/fnatic-vs-bbl-esports-vct-2025-emea-stage-2-ur1,Corrode,BBL Esports,FNATIC,FNATIC,PROFEK,Viper,172.0,13,16,3,129.0,48.0,0
VCT 2025 EMEA Stage 2,https://www.vlr.gg/530924/fnatic-vs-bbl-esports-vct-2025-emea-stage-2-ur1,Corrode,BBL Esports,FNATIC,FNATIC,Jamppi,Gekko,153.0,9,17,3,109.0,40.0,0
VCT 2025 EMEA Stage 2,https://www.vlr.gg/530924/fnatic-vs-bbl-esports-vct-2025-emea-stage-2-ur1,Corrode,BBL Esports,FNATIC,FNATIC,sociablEE,Omen,159.0,11,17,5,95.0,23.0,0
VCT 2025 EMEA Stage 2,https://www.vlr.gg/530924/fnatic-vs-bbl-esports-vct-2025-emea-stage-2-ur1,Corrode,BBL Esports,FNATIC,FNATIC,LewN,Yoru,114.0,6,19,5,80.0,22.0,0
VCT 2025 EMEA Stage 2,https://www.vlr.gg/530924/fnatic-vs-bbl-esports-vct-2025-emea-stage-2-ur1,Ascent,FNATIC,BBL Esports,BBL Esports,kaajak,Yoru,213.0,16,16,3,139.0,41.0,0
VCT 2025 EMEA Stage 2,https://www.vlr.gg/530924/fnatic-vs-bbl-esports-vct-2025-emea-stage-2-ur1,Ascent,FNATIC,BBL Esports,BBL Esports,crashies,Sova,208.0,14,14,4,129.0,41.0,0
VCT 2025 EMEA Stage 2,https://www.vlr.gg/530924/fnatic-vs-bbl-esports-vct-2025-emea-stage-2-ur1,Ascent,FNATIC,BBL Esports,BBL Esports,Chronicle,Vyse,137.0,9,16,3,105.0,32.0,0
VCT 2025 EMEA Stage 2,https://www.vlr.gg/530924/fnatic-vs-bbl-esports-vct-2025-emea-stage-2-ur1,Ascent,FNATIC,BBL Esports,BBL Esports,Alfajer,Chamber,179.0,12,18,1,122.0,32.0,0
VCT 2025 EMEA Stage 2,https://www.vlr.gg/530924/fnatic-vs-bbl-esports-vct-2025-emea-stage-2-ur1,Ascent,FNATIC,BBL Esports,BBL Esports,Boaster,Omen,135.0,8,16,8,95.0,22.0,0
VCT 2025 EMEA Stage 2,https://www.vlr.gg/530924/fnatic-vs-bbl-esports-vct-2025-emea-stage-2-ur1,Ascent,BBL Esports,FNATIC,BBL Esports,LewN,Jett,308.0,23,12,5,209.0,31.0,1
VCT 2025 EMEA Stage 2,https://www.vlr.gg/530924/fnatic-vs-bbl-esports-vct-2025-emea-stage-2-ur1,Ascent,BBL Esports,FNATIC,BBL Esports,PROFEK,Omen,216.0,17,9,7,139.0,21.0,1
VCT 2025 EMEA Stage 2,https://www.vlr.gg/530924/fnatic-vs-bbl-esports-vct-2025-emea-stage-2-ur1,Ascent,BBL Esports,FNATIC,BBL Esports,MAGNUM,Fade,204.0,16,12,8,138.0,26.0,1
VCT 2025 EMEA Stage 2,https://www.vlr.gg/530924/fnatic-vs-bbl-esports-vct-2025-emea-stage-2-ur1,Ascent,BBL Esports,FNATIC,BBL Esports,Jamppi,Kayo,175.0,12,12,16,108.0,18.0,1
VCT 2025 EMEA Stage 2,https://www.vlr.gg/530924/fnatic-vs-bbl-esports-vct-2025-emea-stage-2-ur1,Ascent,BBL Esports,FNATIC,BBL Esports,sociablEE,Tejo,211.0,12,14,8,142.0,44.0,1
VCT 2025 EMEA Stage 2,https://www.vlr.gg/530924/fnatic-vs-bbl-esports-vct-2025-emea-stage-2-ur1,Haven,FNATIC,BBL Esports,BBL Esports,Chronicle,Viper,303.0,22,13,8,207.0,33.0,0
VCT 2025 EMEA Stage 2,https://www.vlr.gg/530924/fnatic-vs-bbl-esports-vct-2025-emea-stage-2-ur1,Haven,FNATIC,BBL Esports,BBL Esports,Boaster,Omen,164.0,14,14,4,105.0,44.0,0
VCT 2025 EMEA Stage 2,https://www.vlr.gg/530924/fnatic-vs-bbl-esports-vct-2025-emea-stage-2-ur1,Haven,FNATIC,BBL Esports,BBL Esports,Alfajer,Killjoy,182.0,12,17,4,128.0,35.0,0
VCT 2025 EMEA Stage 2,https://www.vlr.gg/530924/fnatic-vs-bbl-esports-vct-2025-emea-stage-2-ur1,Haven,FNATIC,BBL Esports,BBL Esports,kaajak,Neon,201.0,16,18,1,118.0,35.0,0
VCT 2025 EMEA Stage 2,https://www.vlr.gg/530924/fnatic-vs-bbl-esports-vct-2025-emea-stage-2-ur1,Haven,FNATIC,BBL Esports,BBL Esports,crashies,Sova,97.0,6,15,8,71.0,33.0,0
VCT 2025 EMEA Stage 2,https://www.vlr.gg/530924/fnatic-vs-bbl-esports-vct-2025-emea-stage-2-ur1,Haven,BBL Esports,FNATIC,BBL Esports,MAGNUM,Cypher,265.0,21,13,6,158.0,30.0,1
VCT 2025 EMEA Stage 2,https://www.vlr.gg/530924/fnatic-vs-bbl-esports-vct-2025-emea-stage-2-ur1,Haven,BBL Esports,FNATIC,BBL Esports,Jamppi,Breach,201.0,16,14,7,131.0,31.0,1
VCT 2025 EMEA Stage 2,https://www.vlr.gg/530924/fnatic-vs-bbl-esports-vct-2025-emea-stage-2-ur1,Haven,BBL Esports,FNATIC,BBL Esports,LewN,Jett,198.0,16,13,2,129.0,35.0,1
VCT 2025 EMEA Stage 2,https://www.vlr.gg/530924/fnatic-vs-bbl-esports-vct-2025-emea-stage-2-ur1,Haven,BBL Esports,FNATIC,BBL Esports,sociablEE,Sova,188.0,12,16,10,137.0,19.0,1
VCT 2025 EMEA Stage 2,https://www.vlr.gg/530924/fnatic-vs-bbl-esports-vct-2025-emea-stage-2-ur1,Haven,BBL Esports,FNATIC,BBL Esports,PROFEK,Omen,146.0,12,14,5,95.0,38.0,1
VCT 2025 EMEA Stage 2,https://www.vlr.gg/530925/giantx-vs-natus-vincere-vct-2025-emea-stage-2-ur1,Bind,GIANTX,Natus Vincere,Natus Vincere,Cloud,Fade,224.0,13,15,5,164.0,33.0,0
VCT 2025 EMEA Stage 2,https://www.vlr.gg/530925/giantx-vs-natus-vincere-vct-2025-emea-stage-2-ur1,Bind,GIANTX,Natus Vincere,Natus Vincere,grubinho,Astra,184.0,12,14,2,125.0,21.0,0
VCT 2025 EMEA Stage 2,https://www.vlr.gg/530925/giantx-vs-natus-vincere-vct-2025-emea-stage-2-ur1,Bind,GIANTX,Natus Vincere,Natus Vincere,Flickless,Kayo,133.0,8,15,10,73.0,27.0,0
VCT 2025 EMEA Stage 2,https://www.vlr.gg/530925/giantx-vs-natus-vincere-vct-2025-emea-stage-2-ur1,Bind,GIANTX,Natus Vincere,Natus Vincere,ara,Raze,140.0,8,15,3,99.0,30.0,0
VCT 2025 EMEA Stage 2,https://www.vlr.gg/530925/giantx-vs-natus-vincere-vct-2025-emea-stage-2-ur1,Bind,GIANTX,Natus Vincere,Natus Vincere,westside,Viper,149.0,9,16,4,107.0,41.0,0
VCT 2025 EMEA Stage 2,https://www.vlr.gg/530925/giantx-vs-natus-vincere-vct-2025-emea-stage-2-ur1,Bind,Natus Vincere,GIANTX,Natus Vincere,Shao,Fade,255.0,19,7,5,167.0,38.0,1
VCT 2025 EMEA Stage 2,https://www.vlr.gg/530925/giantx-vs-natus-vincere-vct-2025-emea-stage-2-ur1,Bind,Natus Vincere,GIANTX,Natus Vincere,Ruxic,Omen,220.0,14,9,9,140.0,15.0,1
VCT 2025 EMEA Stage 2,https://www.vlr.gg/530925/giantx-vs-natus-vincere-vct-2025-emea-stage-2-ur1,Bind,Natus Vincere,GIANTX,Natus Vincere,hiro,Viper,204.0,12,11,12,138.0,39.0,1
VCT 2025 EMEA Stage 2,https://www.vlr.gg/530925/giantx-vs-natus-vincere-vct-2025-emea-stage-2-ur1,Bind,Natus Vincere,GIANTX,Natus Vincere,alexiiik,Raze,215.0,14,10,5,151.0,28.0,1
VCT 2025 EMEA Stage 2,https://www.vlr.gg/530925/giantx-vs-natus-vincere-vct-2025-emea-stage-2-ur1,Bind,Natus Vincere,GIANTX,Natus Vincere,ANGE1,Kayo,240.0,16,13,8,168.0,35.0,1
VCT 2025 EMEA Stage 2,https://www.vlr.gg/530925/giantx-vs-natus-vincere-vct-2025-emea-stage-2-ur1,Haven,GIANTX,Natus Vincere,GIANTX,ara,Neon,346.0,28,10,3,223.0,32.0,1
VCT 2025 EMEA Stage 2,https://www.vlr.gg/530925/giantx-vs-natus-vincere-vct-2025-emea-stage-2-ur1,Haven,GIANTX,Natus Vincere,GIANTX,westside,Cypher,177.0,14,10,5,107.0,46.0,1
VCT 2025 EMEA Stage 2,https://www.vlr.gg/530925/giantx-vs-natus-vincere-vct-2025-emea-stage-2-ur1,Haven,GIANTX,Natus Vincere,GIANTX,Cloud,Sova,161.0,12,11,3,109.0,48.0,1
VCT 2025 EMEA Stage 2,https://www.vlr.gg/530925/giantx-vs-natus-vincere-vct-2025-emea-stage-2-ur1,Haven,GIANTX,Natus Vincere,GIANTX,grubinho,Omen,193.0,13,14,8,137.0,38.0,1
VCT 2025 EMEA Stage 2,https://www.vlr.gg/530925/giantx-vs-natus-vincere-vct-2025-emea-stage-2-ur1,Haven,GIANTX,Natus Vincere,GIANTX,Flickless,Breach,126.0,9,13,11,84.0,13.0,1
VCT 2025 EMEA Stage 2,https://www.vlr.gg/530925/giantx-vs-natus-vincere-vct-2025-emea-stage-2-ur1,Haven,Natus Vincere,GIANTX,GIANTX,Ruxic,Viper,277.0,20,13,7,191.0,33.0,0
VCT 2025 EMEA Stage 2,https://www.vlr.gg/530925/giantx-vs-natus-vincere-vct-2025-emea-stage-2-ur1,Haven,Natus Vincere,GIANTX,GIANTX,Shao,Omen,193.0,13,15,3,120.0,22.0,0
VCT 2025 EMEA Stage 2,https://www.vlr.gg/530925/giantx-vs-natus-vincere-vct-2025-emea-stage-2-ur1,Haven,Natus Vincere,GIANTX,GIANTX,alexiiik,Neon,168.0,13,15,1,109.0,25.0,0
VCT 2025 EMEA Stage 2,https://www.vlr.gg/530925/giantx-vs-natus-vincere-vct-2025-emea-stage-2-ur1,Haven,Natus Vincere,GIANTX,GIANTX,hiro,Killjoy,119.0,7,17,4,83.0,25.0,0
VCT 2025 EMEA Stage 2,https://www.vlr.gg/530925/giantx-vs-natus-vincere-vct-2025-emea-stage-2-ur1,Haven,Natus Vincere,GIANTX,GIANTX,ANGE1,Sova,102.0,5,16,5,70.0,31.0,0
VCT 2025 EMEA Stage 2,https://www.vlr.gg/530925/giantx-vs-natus-vincere-vct-2025-emea-stage-2-ur1,Ascent,GIANTX,Natus Vincere,GIANTX,grubinho,Omen,262.0,17,10,12,159.0,22.0,1
VCT 2025 EMEA Stage 2,https://www.vlr.gg/530925/giantx-vs-natus-vincere-vct-2025-emea-stage-2-ur1,Ascent,GIANTX,Natus Vincere,GIANTX,westside,Cypher,200.0,14,12,7,140.0,30.0,1
VCT 2025 EMEA Stage 2,https://www.vlr.gg/530925/giantx-vs-natus-vincere-vct-2025-emea-stage-2-ur1,Ascent,GIANTX,Natus Vincere,GIANTX,ara,Jett,238.0,17,13,2,152.0,32.0,1
VCT 2025 EMEA Stage 2,https://www.vlr.gg/530925/giantx-vs-natus-vincere-vct-2025-emea-stage-2-ur1,Ascent,GIANTX,Natus Vincere,GIANTX,Cloud,Sova,200.0,14,13,5,127.0,26.0,1
VCT 2025 EMEA Stage 2,https://www.vlr.gg/530925/giantx-vs-natus-vincere-vct-2025-emea-stage-2-ur1,Ascent,GIANTX,Natus Vincere,GIANTX,Flickless,Kayo,203.0,11,15,18,147.0,18.0,1
VCT 2025 EMEA Stage 2,https://www.vlr.gg/530925/giantx-vs-natus-vincere-vct-2025-emea-stage-2-ur1,Ascent,Natus Vincere,GIANTX,GIANTX,Shao,Sova,310.0,20,13,6,202.0,32.0,0
VCT 2025 EMEA Stage 2,https://www.vlr.gg/530925/giantx-vs-natus-vincere-vct-2025-emea-stage-2-ur1,Ascent,Natus Vincere,GIANTX,GIANTX,alexiiik,Jett,248.0,18,15,1,138.0,31.0,0
VCT 2025 EMEA Stage 2,https://www.vlr.gg/530925/giantx-vs-natus-vincere-vct-2025-emea-stage-2-ur1,Ascent,Natus Vincere,GIANTX,GIANTX,Ruxic,Omen,204.0,13,14,10,122.0,33.0,0
VCT 2025 EMEA Stage 2,https://www.vlr.gg/530925/giantx-vs-natus-vincere-vct-2025-emea-stage-2-ur1,Ascent,Natus Vincere,GIANTX,GIANTX,hiro,Cypher,116.0,8,16,2,76.0,56.0,0
VCT 2025 EMEA Stage 2,https://www.vlr.gg/530925/giantx-vs-natus-vincere-vct-2025-emea-stage-2-ur1,Ascent,Natus Vincere,GIANTX,GIANTX,ANGE1,Kayo,78.0,4,15,8,58.0,12.0,0
VCT 2025 EMEA Stage 2,https://www.vlr.gg/530928/team-heretics-vs-bbl-esports-vct-2025-emea-stage-2-ubsf,Icebox,Team Heretics,BBL Esports,BBL Esports,benjyfishy,Killjoy,236.0,18,18,1,155.0,29.0,0
VCT 2025 EMEA Stage 2,https://www.vlr.gg/530928/team-heretics-vs-bbl-esports-vct-2025-emea-stage-2-ubsf,Icebox,Team Heretics,BBL Esports,BBL Esports,Wo0t,Jett,206.0,15,15,3,128.0,31.0,0
VCT 2025 EMEA Stage 2,https://www.vlr.gg/530928/team-heretics-vs-bbl-esports-vct-2025-emea-stage-2-ubsf,Icebox,Team Heretics,BBL Esports,BBL Esports,MiniBoo,Yoru,209.0,13,18,4,126.0,32.0,0
VCT 2025 EMEA Stage 2,https://www.vlr.gg/530928/team-heretics-vs-bbl-esports-vct-2025-emea-stage-2-ubsf,Icebox,Team Heretics,BBL Esports,BBL Esports,Boo,Viper,182.0,11,15,7,126.0,26.0,0
VCT 2025 EMEA Stage 2,https://www.vlr.gg/530928/team-heretics-vs-bbl-esports-vct-2025-emea-stage-2-ubsf,Icebox,Team Heretics,BBL Esports,BBL Esports,RieNs,Sova,184.0,13,17,5,130.0,28.0,0
VCT 2025 EMEA Stage 2,https://www.vlr.gg/530928/team-heretics-vs-bbl-esports-vct-2025-emea-stage-2-ubsf,Icebox,BBL Esports,Team Heretics,BBL Esports,PROFEK,Viper,283.0,21,13,7,186.0,30.0,1
VCT 2025 EMEA Stage 2,https://www.vlr.gg/530928/team-heretics-vs-bbl-esports-vct-2025-emea-stage-2-ubsf,Icebox,BBL Esports,Team Heretics,BBL Esports,Jamppi,Sova,261.0,19,12,5,163.0,30.0,1
VCT 2025 EMEA Stage 2,https://www.vlr.gg/530928/team-heretics-vs-bbl-esports-vct-2025-emea-stage-2-ubsf,Icebox,BBL Esports,Team Heretics,BBL Esports,MAGNUM,Killjoy,227.0,15,13,3,152.0,39.0,1
VCT 2025 EMEA Stage 2,https://www.vlr.gg/530928/team-heretics-vs-bbl-esports-vct-2025-emea-stage-2-ubsf,Icebox,BBL Esports,Team Heretics,BBL Esports,LewN,Jett,218.0,15,16,3,156.0,25.0,1
VCT 2025 EMEA Stage 2,https://www.vlr.gg/530928/team-heretics-vs-bbl-esports-vct-2025-emea-stage-2-ubsf,Icebox,BBL Esports,Team Heretics,BBL Esports,sociablEE,Omen,208.0,13,16,8,136.0,43.0,1
VCT 2025 EMEA Stage 2,https://www.vlr.gg/530928/team-heretics-vs-bbl-esports-vct-2025-emea-stage-2-ubsf,Ascent,Team Heretics,BBL Esports,BBL Esports,RieNs,Sova,238.0,21,16,4,162.0,35.0,0
VCT 2025 EMEA Stage 2,https://www.vlr.gg/530928/team-heretics-vs-bbl-esports-vct-2025-emea-stage-2-ubsf,Ascent,Team Heretics,BBL Esports,BBL Esports,Boo,Omen,202.0,16,17,13,142.0,17.0,0
VCT 2025 EMEA Stage 2,https://www.vlr.gg/530928/team-heretics-vs-bbl-esports-vct-2025-emea-stage-2-ubsf,Ascent,Team Heretics,BBL Esports,BBL Esports,benjyfishy,Cypher,191.0,16,17,14,114.0,35.0,0
VCT 2025 EMEA Stage 2,https://www.vlr.gg/530928/team-heretics-vs-bbl-esports-vct-2025-emea-stage-2-ubsf,Ascent,Team Heretics,BBL Esports,BBL Esports,MiniBoo,Yoru,200.0,17,19,7,136.0,23.0,0
VCT 2025 EMEA Stage 2,https://www.vlr.gg/530928/team-heretics-vs-bbl-esports-vct-2025-emea-stage-2-ubsf,Ascent,Team Heretics,BBL Esports,BBL Esports,Wo0t,Jett,181.0,15,19,2,127.0,39.0,0
VCT 2025 EMEA Stage 2,https://www.vlr.gg/530928/team-heretics-vs-bbl-esports-vct-2025-emea-stage-2-ubsf,Ascent,BBL Esports,Team Heretics,BBL Esports,LewN,Jett,271.0,24,16,6,170.0,41.0,1
VCT 2025 EMEA Stage 2,https://www.vlr.gg/530928/team-heretics-vs-bbl-esports-vct-2025-emea-stage-2-ubsf,Ascent,BBL Esports,Team Heretics,BBL Esports,sociablEE,Tejo,179.0,17,17,7,119.0,16.0,1
VCT 2025 EMEA Stage 2,https://www.vlr.gg/530928/team-heretics-vs-bbl-esports-vct-2025-emea-stage-2-ubsf,Ascent,BBL Esports,Team Heretics,BBL Esports,MAGNUM,Fade,212.0,17,17,10,132.0,26.0,1
VCT 2025 EMEA Stage 2,https://www.vlr.gg/530928/team-heretics-vs-bbl-esports-vct-2025-emea-stage-2-ubsf,Ascent,BBL Esports,Team Heretics,BBL Esports,Jamppi,Kayo,197.0,15,17,13,125.0,26.0,1
VCT 2025 EMEA Stage 2,https://www.vlr.gg/530928/team-heretics-vs-bbl-esports-vct-2025-emea-stage-2-ubsf,Ascent,BBL Esports,Team Heretics,BBL Esports,PROFEK,Omen,174.0,15,18,13,103.0,18.0,1
VCT 2025 EMEA Stage 2,https://www.vlr.gg/530929/team-liquid-vs-giantx-vct-2025-emea-stage-2-ubsf,Sunset,Team Liquid,GIANTX,Team Liquid,keiko,Raze,291.0,18,11,5,199.0,31.0,1
VCT 2025 EMEA Stage 2,https://www.vlr.gg/530929/team-liquid-vs-giantx-vct-2025-emea-stage-2-ubsf,Sunset,Team Liquid,GIANTX,Team Liquid,nAts,Cypher,277.0,17,11,5,178.0,22.0,1
VCT 2025 EMEA Stage 2,https://www.vlr.gg/530929/team-liquid-vs-giantx-vct-2025-emea-stage-2-ubsf,Sunset,Team Liquid,GIANTX,Team Liquid,paTiTek,Omen,163.0,12,9,7,116.0,31.0,1
VCT 2025 EMEA Stage 2,https://www.vlr.gg/530929/team-liquid-vs-giantx-vct-2025-emea-stage-2-ubsf,Sunset,Team Liquid,GIANTX,Team Liquid,trexx,Fade,185.0,11,9,12,108.0,14.0,1
VCT 2025 EMEA Stage 2,https://www.vlr.gg/530929/team-liquid-vs-giantx-vct-2025-emea-stage-2-ubsf,Sunset,Team Liquid,GIANTX,Team Liquid,kamo,Yoru,212.0,13,11,4,139.0,36.0,1
VCT 2025 EMEA Stage 2,https://www.vlr.gg/530929/team-liquid-vs-giantx-vct-2025-emea-stage-2-ubsf,Sunset,GIANTX,Team Liquid,Team Liquid,Flickless,Breach,220.0,13,14,7,131.0,36.0,0
VCT 2025 EMEA Stage 2,https://www.vlr.gg/530929/team-liquid-vs-giantx-vct-2025-emea-stage-2-ubsf,Sunset,GIANTX,Team Liquid,Team Liquid,ara,Neon,218.0,14,14,4,140.0,25.0,0
VCT 2025 EMEA Stage 2,https://www.vlr.gg/530929/team-liquid-vs-giantx-vct-2025-emea-stage-2-ubsf,Sunset,GIANTX,Team Liquid,Team Liquid,Cloud,Sova,178.0,10,13,6,134.0,40.0,0
VCT 2025 EMEA Stage 2,https://www.vlr.gg/530929/team-liquid-vs-giantx-vct-2025-emea-stage-2-ubsf,Sunset,GIANTX,Team Liquid,Team Liquid,westside,Cypher,151.0,8,15,6,104.0,38.0,0
VCT 2025 EMEA Stage 2,https://www.vlr.gg/530929/team-liquid-vs-giantx-vct-2025-emea-stage-2-ubsf,Sunset,GIANTX,Team Liquid,Team Liquid,grubinho,Omen,102.0,6,15,3,71.0,44.0,0
VCT 2025 EMEA Stage 2,https://www.vlr.gg/530929/team-liquid-vs-giantx-vct-2025-emea-stage-2-ubsf,Corrode,Team Liquid,GIANTX,GIANTX,keiko,Omen,302.0,26,14,4,197.0,25.0,0
VCT 2025 EMEA Stage 2,https://www.vlr.gg/530929/team-liquid-vs-giantx-vct-2025-emea-stage-2-ubsf,Corrode,Team Liquid,GIANTX,GIANTX,kamo,Yoru,190.0,18,14,2,130.0,34.0,0
VCT 2025 EMEA Stage 2,https://www.vlr.gg/530929/team-liquid-vs-giantx-vct-2025-emea-stage-2-ubsf,Corrode,Team Liquid,GIANTX,GIANTX,nAts,Viper,143.0,11,17,10,101.0,19.0,0
VCT 2025 EMEA Stage 2,https://www.vlr.gg/530929/team-liquid-vs-giantx-vct-2025-emea-stage-2-ubsf,Corrode,Team Liquid,GIANTX,GIANTX,paTiTek,Deadlock,140.0,13,18,4,101.0,28.0,0
VCT 2025 EMEA Stage 2,https://www.vlr.gg/530929/team-liquid-vs-giantx-vct-2025-emea-stage-2-ubsf,Corrode,Team Liquid,GIANTX,GIANTX,trexx,Fade,120.0,9,19,10,75.0,23.0,0
VCT 2025 EMEA Stage 2,https://www.vlr.gg/530929/team-liquid-vs-giantx-vct-2025-emea-stage-2-ubsf,Corrode,GIANTX,Team Liquid,GIANTX,Cloud,Fade,221.0,20,13,8,152.0,26.0,1
VCT 2025 EMEA Stage 2,https://www.vlr.gg/530929/team-liquid-vs-giantx-vct-2025-emea-stage-2-ubsf,Corrode,GIANTX,Team Liquid,GIANTX,westside,Cypher,229.0,20,15,5,162.0,38.0,1
VCT 2025 EMEA Stage 2,https://www.vlr.gg/530929/team-liquid-vs-giantx-vct-2025-emea-stage-2-ubsf,Corrode,GIANTX,Team Liquid,GIANTX,Flickless,Kayo,178.0,14,13,11,115.0,18.0,1
VCT 2025 EMEA Stage 2,https://www.vlr.gg/530929/team-liquid-vs-giantx-vct-2025-emea-stage-2-ubsf,Corrode,GIANTX,Team Liquid,GIANTX,ara,Neon,228.0,18,19,3,134.0,20.0,1
VCT 2025 EMEA Stage 2,https://www.vlr.gg/530929/team-liquid-vs-giantx-vct-2025-emea-stage-2-ubsf,Corrode,GIANTX,Team Liquid,GIANTX,grubinho,Omen,139.0,10,17,10,87.0,41.0,1
VCT 2025 EMEA Stage 2,https://www.vlr.gg/530929/team-liquid-vs-giantx-vct-2025-emea-stage-2-ubsf,Ascent,Team Liquid,GIANTX,Team Liquid,paTiTek,Kayo,267.0,25,16,10,161.0,14.0,1
VCT 2025 EMEA Stage 2,https://www.vlr.gg/530929/team-liquid-vs-giantx-vct-2025-emea-stage-2-ubsf,Ascent,Team Liquid,GIANTX,Team Liquid,trexx,Sova,222.0,20,17,10,139.0,19.0,1
VCT 2025 EMEA Stage 2,https://www.vlr.gg/530929/team-liquid-vs-giantx-vct-2025-emea-stage-2-ubsf,Ascent,Team Liquid,GIANTX,Team Liquid,keiko,Omen,205.0,20,19,8,147.0,31.0,1
VCT 2025 EMEA Stage 2,https://www.vlr.gg/530929/team-liquid-vs-giantx-vct-2025-emea-stage-2-ubsf,Ascent,Team Liquid,GIANTX,Team Liquid,kamo,Jett,168.0,15,16,4,105.0,25.0,1
VCT 2025 EMEA Stage 2,https://www.vlr.gg/530929/team-liquid-vs-giantx-vct-2025-emea-stage-2-ubsf,Ascent,Team Liquid,GIANTX,Team Liquid,nAts,Cypher,108.0,9,18,8,78.0,13.0,1
VCT 2025 EMEA Stage 2,https://www.vlr.gg/530929/team-liquid-vs-giantx-vct-2025-emea-stage-2-ubsf,Ascent,GIANTX,Team Liquid,Team Liquid,Flickless,Kayo,265.0,23,18,10,170.0,25.0,0
VCT 2025 EMEA Stage 2,https://www.vlr.gg/530929/team-liquid-vs-giantx-vct-2025-emea-stage-2-ubsf,Ascent,GIANTX,Team Liquid,Team Liquid,ara,Jett,176.0,17,16,4,125.0,23.0,0
VCT 2025 EMEA Stage 2,https://www.vlr.gg/530929/team-liquid-vs-giantx-vct-2025-emea-stage-2-ubsf,Ascent,GIANTX,Team Liquid,Team Liquid,westside,Cypher,217.0,21,18,1,144.0,56.0,0
VCT 2025 EMEA Stage 2,https://www.vlr.gg/530929/team-liquid-vs-giantx-vct-2025-emea-stage-2-ubsf,Ascent,GIANTX,Team Liquid,Team Liquid,Cloud,Sova,156.0,15,19,6,115.0,20.0,0
VCT 2025 EMEA Stage 2,https://www.vlr.gg/530929/team-liquid-vs-giantx-vct-2025-emea-stage-2-ubsf,Ascent,GIANTX,Team Liquid,Team Liquid,grubinho,Omen,114.0,10,18,11,74.0,14.0,0
VCT 2025 EMEA Stage 2,https://www.vlr.gg/530926/fnatic-vs-karmine-corp-vct-2025-emea-stage-2-lr1,Haven,FNATIC,Karmine Corp,Karmine Corp,crashies,Sova,245.0,22,18,7,168.0,26.0,0
VCT 2025 EMEA Stage 2,https://www.vlr.gg/530926/fnatic-vs-karmine-corp-vct-2025-emea-stage-2-lr1,Haven,FNATIC,Karmine Corp,Karmine Corp,Alfajer,Killjoy,263.0,23,18,2,159.0,36.0,0
VCT 2025 EMEA Stage 2,https://www.vlr.gg/530926/fnatic-vs-karmine-corp-vct-2025-emea-stage-2-lr1,Haven,FNATIC,Karmine Corp,Karmine Corp,Chronicle,Viper,202.0,16,18,5,138.0,27.0,0
VCT 2025 EMEA Stage 2,https://www.vlr.gg/530926/fnatic-vs-karmine-corp-vct-2025-emea-stage-2-lr1,Haven,FNATIC,Karmine Corp,Karmine Corp,kaajak,Neon,105.0,9,18,3,74.0,26.0,0
VCT 2025 EMEA Stage 2,https://www.vlr.gg/530926/fnatic-vs-karmine-corp-vct-2025-emea-stage-2-lr1,Haven,FNATIC,Karmine Corp,Karmine Corp,Boaster,Omen,109.0,11,19,3,62.0,28.0,0
VCT 2025 EMEA Stage 2,https://www.vlr.gg/530926/fnatic-vs-karmine-corp-vct-2025-emea-stage-2-lr1,Haven,Karmine Corp,FNATIC,Karmine Corp,pyrolll,Sova,186.0,16,14,9,130.0,33.0,1
VCT 2025 EMEA Stage 2,https://www.vlr.gg/530926/fnatic-vs-karmine-corp-vct-2025-emea-stage-2-lr1,Haven,Karmine Corp,FNATIC,Karmine Corp,marteen,Yoru,261.0,25,20,3,159.0,38.0,1
VCT 2025 EMEA Stage 2,https://www.vlr.gg/530926/fnatic-vs-karmine-corp-vct-2025-emea-stage-2-lr1,Haven,Karmine Corp,FNATIC,Karmine Corp,Avez,Phoenix,221.0,22,15,2,136.0,46.0,1
VCT 2025 EMEA Stage 2,https://www.vlr.gg/530926/fnatic-vs-karmine-corp-vct-2025-emea-stage-2-lr1,Haven,Karmine Corp,FNATIC,Karmine Corp,SUYGETSU,Omen,155.0,14,13,11,97.0,44.0,1
VCT 2025 EMEA Stage 2,https://www.vlr.gg/530926/fnatic-vs-karmine-corp-vct-2025-emea-stage-2-lr1,Haven,Karmine Corp,FNATIC,Karmine Corp,saadhak,Cypher,169.0,14,19,11,112.0,26.0,1
VCT 2025 EMEA Stage 2,https://www.vlr.gg/530926/fnatic-vs-karmine-corp-vct-2025-emea-stage-2-lr1,Corrode,FNATIC,Karmine Corp,FNATIC,Chronicle,Viper,331.0,28,16,17,220.0,23.0,1
VCT 2025 EMEA Stage 2,https://www.vlr.gg/530926/fnatic-vs-karmine-corp-vct-2025-emea-stage-2-lr1,Corrode,FNATIC,Karmine Corp,FNATIC,crashies,Fade,222.0,20,14,13,144.0,31.0,1
VCT 2025 EMEA Stage 2,https://www.vlr.gg/530926/fnatic-vs-karmine-corp-vct-2025-emea-stage-2-lr1,Corrode,FNATIC,Karmine Corp,FNATIC,Alfajer,Vyse,200.0,19,19,4,131.0,40.0,1
VCT 2025 EMEA Stage 2,https://www.vlr.gg/530926/fnatic-vs-karmine-corp-vct-2025-emea-stage-2-lr1,Corrode,FNATIC,Karmine Corp,FNATIC,Boaster,Astra,123.0,10,16,11,83.0,29.0,1
VCT 2025 EMEA Stage 2,https://www.vlr.gg/530926/fnatic-vs-karmine-corp-vct-2025-emea-stage-2-lr1,Corrode,FNATIC,Karmine Corp,FNATIC,kaajak,Yoru,176.0,18,21,1,127.0,45.0,1
VCT 2025 EMEA Stage 2,https://www.vlr.gg/530926/fnatic-vs-karmine-corp-vct-2025-emea-stage-2-lr1,Corrode,Karmine Corp,FNATIC,FNATIC,SUYGETSU,Omen,199.0,20,19,5,132.0,38.0,0
VCT 2025 EMEA Stage 2,https://www.vlr.gg/530926/fnatic-vs-karmine-corp-vct-2025-emea-stage-2-lr1,Corrode,Karmine Corp,FNATIC,FNATIC,pyrolll,Fade,214.0,20,20,1,138.0,33.0,0
VCT 2025 EMEA Stage 2,https://www.vlr.gg/530926/fnatic-vs-karmine-corp-vct-2025-emea-stage-2-lr1,Corrode,Karmine Corp,FNATIC,FNATIC,Avez,Sova,146.0,14,17,9,111.0,48.0,0
VCT 2025 EMEA Stage 2,https://www.vlr.gg/530926/fnatic-vs-karmine-corp-vct-2025-emea-stage-2-lr1,Corrode,Karmine Corp,FNATIC,FNATIC,marteen,Brimstone,202.0,18,20,6,118.0,41.0,0
VCT 2025 EMEA Stage 2,https://www.vlr.gg/530926/fnatic-vs-karmine-corp-vct-2025-emea-stage-2-lr1,Corrode,Karmine Corp,FNATIC,FNATIC,saadhak,Kayo,174.0,14,19,13,120.0,36.0,0
VCT 2025 EMEA Stage 2,https://www.vlr.gg/530926/fnatic-vs-karmine-corp-vct-2025-emea-stage-2-lr1,Bind,FNATIC,Karmine Corp,FNATIC,Chronicle,Viper,239.0,19,13,6,146.0,27.0,1
VCT 2025 EMEA Stage 2,https://www.vlr.gg/530926/fnatic-vs-karmine-corp-vct-2025-emea-stage-2-lr1,Bind,FNATIC,Karmine Corp,FNATIC,Alfajer,Tejo,204.0,16,13,2,133.0,36.0,1
VCT 2025 EMEA Stage 2,https://www.vlr.gg/530926/fnatic-vs-karmine-corp-vct-2025-emea-stage-2-lr1,Bind,FNATIC,Karmine Corp,FNATIC,kaajak,Yoru,215.0,15,14,5,141.0,33.0,1
VCT 2025 EMEA Stage 2,https://www.vlr.gg/530926/fnatic-vs-karmine-corp-vct-2025-emea-stage-2-lr1,Bind,FNATIC,Karmine Corp,FNATIC,crashies,Fade,161.0,13,13,9,100.0,15.0,1
VCT 2025 EMEA Stage 2,https://www.vlr.gg/530926/fnatic-vs-karmine-corp-vct-2025-emea-stage-2-lr1,Bind,FNATIC,Karmine Corp,FNATIC,Boaster,Astra,136.0,10,11,8,80.0,28.0,1
VCT 2025 EMEA Stage 2,https://www.vlr.gg/530926/fnatic-vs-karmine-corp-vct-2025-emea-stage-2-lr1,Bind,Karmine Corp,FNATIC,FNATIC,SUYGETSU,Astra,318.0,24,12,8,192.0,48.0,0
VCT 2025 EMEA Stage 2,https://www.vlr.gg/530926/fnatic-vs-karmine-corp-vct-2025-emea-stage-2-lr1,Bind,Karmine Corp,FNATIC,FNATIC,marteen,Yoru,161.0,13,15,1,96.0,23.0,0
VCT 2025 EMEA Stage 2,https://www.vlr.gg/530926/fnatic-vs-karmine-corp-vct-2025-emea-stage-2-lr1,Bind,Karmine Corp,FNATIC,FNATIC,saadhak,Deadlock,189.0,14,18,5,126.0,25.0,0
VCT 2025 EMEA Stage 2,https://www.vlr.gg/530926/fnatic-vs-karmine-corp-vct-2025-emea-stage-2-lr1,Bind,Karmine Corp,FNATIC,FNATIC,Avez,Gekko,124.0,8,14,4,85.0,40.0,0
VCT 2025 EMEA Stage 2,https://www.vlr.gg/530926/fnatic-vs-karmine-corp-vct-2025-emea-stage-2-lr1,Bind,Karmine Corp,FNATIC,FNATIC,pyrolll,Vyse,81.0,5,14,7,53.0,33.0,0
VCT 2025 EMEA Stage 2,https://www.vlr.gg/530927/natus-vincere-vs-team-vitality-vct-2025-emea-stage-2-lr1,Haven,Natus Vincere,Team Vitality,Natus Vincere,Ruxic,Viper,238.0,17,9,9,147.0,52.0,1
VCT 2025 EMEA Stage 2,https://www.vlr.gg/530927/natus-vincere-vs-team-vitality-vct-2025-emea-stage-2-lr1,Haven,Natus Vincere,Team Vitality,Natus Vincere,alexiiik,Neon,254.0,20,13,4,157.0,28.0,1
VCT 2025 EMEA Stage 2,https://www.vlr.gg/530927/natus-vincere-vs-team-vitality-vct-2025-emea-stage-2-lr1,Haven,Natus Vincere,Team Vitality,Natus Vincere,hiro,Killjoy,212.0,16,13,6,144.0,25.0,1
VCT 2025 EMEA Stage 2,https://www.vlr.gg/530927/natus-vincere-vs-team-vitality-vct-2025-emea-stage-2-lr1,Haven,Natus Vincere,Team Vitality,Natus Vincere,Shao,Omen,186.0,14,10,6,115.0,26.0,1
VCT 2025 EMEA Stage 2,https://www.vlr.gg/530927/natus-vincere-vs-team-vitality-vct-2025-emea-stage-2-lr1,Haven,Natus Vincere,Team Vitality,Natus Vincere,ANGE1,Sova,140.0,11,14,3,94.0,26.0,1
VCT 2025 EMEA Stage 2,https://www.vlr.gg/530927/natus-vincere-vs-team-vitality-vct-2025-emea-stage-2-lr1,Haven,Team Vitality,Natus Vincere,Natus Vincere,UNFAKE,Sova,206.0,15,16,8,151.0,42.0,0
VCT 2025 EMEA Stage 2,https://www.vlr.gg/530927/natus-vincere-vs-team-vitality-vct-2025-emea-stage-2-lr1,Haven,Team Vitality,Natus Vincere,Natus Vincere,Less,Cypher,175.0,13,13,5,108.0,26.0,0
VCT 2025 EMEA Stage 2,https://www.vlr.gg/530927/natus-vincere-vs-team-vitality-vct-2025-emea-stage-2-lr1,Haven,Team Vitality,Natus Vincere,Natus Vincere,Sayf,Iso,153.0,10,15,1,116.0,32.0,0
VCT 2025 EMEA Stage 2,https://www.vlr.gg/530927/natus-vincere-vs-team-vitality-vct-2025-emea-stage-2-lr1,Haven,Team Vitality,Natus Vincere,Natus Vincere,Derke,Yoru,212.0,14,18,5,142.0,35.0,0
VCT 2025 EMEA Stage 2,https://www.vlr.gg/530927/natus-vincere-vs-team-vitality-vct-2025-emea-stage-2-lr1,Haven,Team Vitality,Natus Vincere,Natus Vincere,Kicks,Omen,115.0,7,16,9,79.0,19.0,0
VCT 2025 EMEA Stage 2,https://www.vlr.gg/530927/natus-vincere-vs-team-vitality-vct-2025-emea-stage-2-lr1,Bind,Natus Vincere,Team Vitality,Natus Vincere,Ruxic,Omen,308.0,26,15,11,198.0,25.0,1
VCT 2025 EMEA Stage 2,https://www.vlr.gg/530927/natus-vincere-vs-team-vitality-vct-2025-emea-stage-2-lr1,Bind,Natus Vincere,Team Vitality,Natus Vincere,hiro,Viper,273.0,26,16,5,157.0,27.0,1
VCT 2025 EMEA Stage 2,https://www.vlr.gg/530927/natus-vincere-vs-team-vitality-vct-2025-emea-stage-2-lr1,Bind,Natus Vincere,Team Vitality,Natus Vincere,ANGE1,Kayo,152.0,13,18,15,121.0,29.0,1
VCT 2025 EMEA Stage 2,https://www.vlr.gg/530927/natus-vincere-vs-team-vitality-vct-2025-emea-stage-2-lr1,Bind,Natus Vincere,Team Vitality,Natus Vincere,alexiiik,Raze,201.0,15,18,7,138.0,22.0,1
VCT 2025 EMEA Stage 2,https://www.vlr.gg/530927/natus-vincere-vs-team-vitality-vct-2025-emea-stage-2-lr1,Bind,Natus Vincere,Team Vitality,Natus Vincere,Shao,Fade,110.0,10,15,4,82.0,25.0,1
VCT 2025 EMEA Stage 2,https://www.vlr.gg/530927/natus-vincere-vs-team-vitality-vct-2025-emea-stage-2-lr1,Bind,Team Vitality,Natus Vincere,Natus Vincere,Sayf,Vyse,199.0,17,14,8,129.0,40.0,0
VCT 2025 EMEA Stage 2,https://www.vlr.gg/530927/natus-vincere-vs-team-vitality-vct-2025-emea-stage-2-lr1,Bind,Team Vitality,Natus Vincere,Natus Vincere,Derke,Yoru,241.0,21,21,5,166.0,31.0,0
VCT 2025 EMEA Stage 2,https://www.vlr.gg/530927/natus-vincere-vs-team-vitality-vct-2025-emea-stage-2-lr1,Bind,Team Vitality,Natus Vincere,Natus Vincere,Kicks,Brimstone,210.0,17,19,5,146.0,37.0,0
VCT 2025 EMEA Stage 2,https://www.vlr.gg/530927/natus-vincere-vs-team-vitality-vct-2025-emea-stage-2-lr1,Bind,Team Vitality,Natus Vincere,Natus Vincere,Less,Viper,150.0,13,16,3,105.0,44.0,0
VCT 2025 EMEA Stage 2,https://www.vlr.gg/530927/natus-vincere-vs-team-vitality-vct-2025-emea-stage-2-lr1,Bind,Team Vitality,Natus Vincere,Natus Vincere,UNFAKE,Fade,163.0,14,20,3,109.0,37.0,0
VCT 2025 EMEA Stage 2,https://www.vlr.gg/530930/giantx-vs-fnatic-vct-2025-emea-stage-2-lr2,Lotus,GIANTX,FNATIC,GIANTX,Flickless,Viper,307.0,26,13,12,202.0,22.0,1
VCT 2025 EMEA Stage 2,https://www.vlr.gg/530930/giantx-vs-fnatic-vct-2025-emea-stage-2-lr2,Lotus,GIANTX,FNATIC,GIANTX,grubinho,Omen,236.0,19,15,9,145.0,29.0,1
VCT 2025 EMEA Stage 2,https://www.vlr.gg/530930/giantx-vs-fnatic-vct-2025-emea-stage-2-lr2,Lotus,GIANTX,FNATIC,GIANTX,Cloud,Fade,214.0,20,15,5,138.0,41.0,1
VCT 2025 EMEA Stage 2,https://www.vlr.gg/530930/giantx-vs-fnatic-vct-2025-emea-stage-2-lr2,Lotus,GIANTX,FNATIC,GIANTX,westside,Cypher,142.0,12,16,5,90.0,46.0,1
VCT 2025 EMEA Stage 2,https://www.vlr.gg/530930/giantx-vs-fnatic-vct-2025-emea-stage-2-lr2,Lotus,GIANTX,FNATIC,GIANTX,ara,Raze,129.0,11,17,3,88.0,29.0,1
VCT 2025 EMEA Stage 2,https://www.vlr.gg/530930/giantx-vs-fnatic-vct-2025-emea-stage-2-lr2,Lotus,FNATIC,GIANTX,GIANTX,Alfajer,Killjoy,274.0,23,15,0,181.0,37.0,0
VCT 2025 EMEA Stage 2,https://www.vlr.gg/530930/giantx-vs-fnatic-vct-2025-emea-stage-2-lr2,Lotus,FNATIC,GIANTX,GIANTX,Chronicle,Viper,219.0,16,17,8,152.0,22.0,0
VCT 2025 EMEA Stage 2,https://www.vlr.gg/530930/giantx-vs-fnatic-vct-2025-emea-stage-2-lr2,Lotus,FNATIC,GIANTX,GIANTX,kaajak,Raze,219.0,17,19,5,144.0,27.0,0
VCT 2025 EMEA Stage 2,https://www.vlr.gg/530930/giantx-vs-fnatic-vct-2025-emea-stage-2-lr2,Lotus,FNATIC,GIANTX,GIANTX,crashies,Fade,138.0,12,17,6,92.0,27.0,0
VCT 2025 EMEA Stage 2,https://www.vlr.gg/530930/giantx-vs-fnatic-vct-2025-emea-stage-2-lr2,Lotus,FNATIC,GIANTX,GIANTX,Boaster,Omen,104.0,8,20,6,66.0,38.0,0
VCT 2025 EMEA Stage 2,https://www.vlr.gg/530930/giantx-vs-fnatic-vct-2025-emea-stage-2-lr2,Sunset,GIANTX,FNATIC,GIANTX,westside,Cypher,211.0,18,16,4,149.0,46.0,1
VCT 2025 EMEA Stage 2,https://www.vlr.gg/530930/giantx-vs-fnatic-vct-2025-emea-stage-2-lr2,Sunset,GIANTX,FNATIC,GIANTX,grubinho,Omen,195.0,14,14,16,134.0,30.0,1
VCT 2025 EMEA Stage 2,https://www.vlr.gg/530930/giantx-vs-fnatic-vct-2025-emea-stage-2-lr2,Sunset,GIANTX,FNATIC,GIANTX,Flickless,Breach,207.0,20,16,10,133.0,35.0,1
VCT 2025 EMEA Stage 2,https://www.vlr.gg/530930/giantx-vs-fnatic-vct-2025-emea-stage-2-lr2,Sunset,GIANTX,FNATIC,GIANTX,Cloud,Sova,227.0,16,16,10,154.0,25.0,1
VCT 2025 EMEA Stage 2,https://www.vlr.gg/530930/giantx-vs-fnatic-vct-2025-emea-stage-2-lr2,Sunset,GIANTX,FNATIC,GIANTX,ara,Neon,195.0,15,15,6,130.0,25.0,1
VCT 2025 EMEA Stage 2,https://www.vlr.gg/530930/giantx-vs-fnatic-vct-2025-emea-stage-2-lr2,Sunset,FNATIC,GIANTX,GIANTX,kaajak,Yoru,327.0,26,16,4,213.0,25.0,0
VCT 2025 EMEA Stage 2,https://www.vlr.gg/530930/giantx-vs-fnatic-vct-2025-emea-stage-2-lr2,Sunset,FNATIC,GIANTX,GIANTX,Chronicle,Cypher,196.0,17,15,7,135.0,28.0,0
VCT 2025 EMEA Stage 2,https://www.vlr.gg/530930/giantx-vs-fnatic-vct-2025-emea-stage-2-lr2,Sunset,FNATIC,GIANTX,GIANTX,crashies,Sova,133.0,10,14,11,99.0,27.0,0
VCT 2025 EMEA Stage 2,https://www.vlr.gg/530930/giantx-vs-fnatic-vct-2025-emea-stage-2-lr2,Sunset,FNATIC,GIANTX,GIANTX,Boaster,Omen,161.0,13,18,6,115.0,56.0,0
VCT 2025 EMEA Stage 2,https://www.vlr.gg/530930/giantx-vs-fnatic-vct-2025-emea-stage-2-lr2,Sunset,FNATIC,GIANTX,GIANTX,Alfajer,Neon,136.0,11,20,2,86.0,30.0,0
VCT 2025 EMEA Stage 2,https://www.vlr.gg/530931/team-heretics-vs-natus-vincere-vct-2025-emea-stage-2-lr2,Icebox,Team Heretics,Natus Vincere,Natus Vincere,Wo0t,Jett,212.0,11,14,3,139.0,43.0,0
VCT 2025 EMEA Stage 2,https://www.vlr.gg/530931/team-heretics-vs-natus-vincere-vct-2025-emea-stage-2-lr2,Icebox,Team Heretics,Natus Vincere,Natus Vincere,benjyfishy,Killjoy,215.0,12,16,2,140.0,37.0,0
VCT 2025 EMEA Stage 2,https://www.vlr.gg/530931/team-heretics-vs-natus-vincere-vct-2025-emea-stage-2-lr2,Icebox,Team Heretics,Natus Vincere,Natus Vincere,RieNs,Sova,176.0,8,15,3,119.0,32.0,0
VCT 2025 EMEA Stage 2,https://www.vlr.gg/530931/team-heretics-vs-natus-vincere-vct-2025-emea-stage-2-lr2,Icebox,Team Heretics,Natus Vincere,Natus Vincere,MiniBoo,Yoru,158.0,9,16,0,111.0,19.0,0
VCT 2025 EMEA Stage 2,https://www.vlr.gg/530931/team-heretics-vs-natus-vincere-vct-2025-emea-stage-2-lr2,Icebox,Team Heretics,Natus Vincere,Natus Vincere,Boo,Viper,86.0,4,15,1,65.0,26.0,0
VCT 2025 EMEA Stage 2,https://www.vlr.gg/530931/team-heretics-vs-natus-vincere-vct-2025-emea-stage-2-lr2,Icebox,Natus Vincere,Team Heretics,Natus Vincere,Ruxic,Viper,304.0,18,8,5,195.0,30.0,1
VCT 2025 EMEA Stage 2,https://www.vlr.gg/530931/team-heretics-vs-natus-vincere-vct-2025-emea-stage-2-lr2,Icebox,Natus Vincere,Team Heretics,Natus Vincere,hiro,Killjoy,294.0,20,7,3,187.0,39.0,1
VCT 2025 EMEA Stage 2,https://www.vlr.gg/530931/team-heretics-vs-natus-vincere-vct-2025-emea-stage-2-lr2,Icebox,Natus Vincere,Team Heretics,Natus Vincere,Shao,Sage,242.0,15,9,7,150.0,34.0,1
VCT 2025 EMEA Stage 2,https://www.vlr.gg/530931/team-heretics-vs-natus-vincere-vct-2025-emea-stage-2-lr2,Icebox,Natus Vincere,Team Heretics,Natus Vincere,alexiiik,Jett,204.0,13,9,3,149.0,19.0,1
VCT 2025 EMEA Stage 2,https://www.vlr.gg/530931/team-heretics-vs-natus-vincere-vct-2025-emea-stage-2-lr2,Icebox,Natus Vincere,Team Heretics,Natus Vincere,ANGE1,Sova,196.0,10,11,6,138.0,36.0,1
VCT 2025 EMEA Stage 2,https://www.vlr.gg/530931/team-heretics-vs-natus-vincere-vct-2025-emea-stage-2-lr2,Haven,Team Heretics,Natus Vincere,Natus Vincere,benjyfishy,Cypher,202.0,14,14,5,130.0,44.0,0
VCT 2025 EMEA Stage 2,https://www.vlr.gg/530931/team-heretics-vs-natus-vincere-vct-2025-emea-stage-2-lr2,Haven,Team Heretics,Natus Vincere,Natus Vincere,MiniBoo,Yoru,224.0,15,17,2,149.0,33.0,0
VCT 2025 EMEA Stage 2,https://www.vlr.gg/530931/team-heretics-vs-natus-vincere-vct-2025-emea-stage-2-lr2,Haven,Team Heretics,Natus Vincere,Natus Vincere,Wo0t,Iso,192.0,13,15,6,137.0,42.0,0
VCT 2025 EMEA Stage 2,https://www.vlr.gg/530931/team-heretics-vs-natus-vincere-vct-2025-emea-stage-2-lr2,Haven,Team Heretics,Natus Vincere,Natus Vincere,RieNs,Sova,166.0,12,15,4,114.0,30.0,0
VCT 2025 EMEA Stage 2,https://www.vlr.gg/530931/team-heretics-vs-natus-vincere-vct-2025-emea-stage-2-lr2,Haven,Team Heretics,Natus Vincere,Natus Vincere,Boo,Omen,150.0,10,15,4,100.0,38.0,0
VCT 2025 EMEA Stage 2,https://www.vlr.gg/530931/team-heretics-vs-natus-vincere-vct-2025-emea-stage-2-lr2,Haven,Natus Vincere,Team Heretics,Natus Vincere,Shao,Omen,302.0,22,12,4,183.0,43.0,1
VCT 2025 EMEA Stage 2,https://www.vlr.gg/530931/team-heretics-vs-natus-vincere-vct-2025-emea-stage-2-lr2,Haven,Natus Vincere,Team Heretics,Natus Vincere,Ruxic,Viper,248.0,19,14,6,170.0,25.0,1
VCT 2025 EMEA Stage 2,https://www.vlr.gg/530931/team-heretics-vs-natus-vincere-vct-2025-emea-stage-2-lr2,Haven,Natus Vincere,Team Heretics,Natus Vincere,hiro,Killjoy,228.0,16,13,6,141.0,30.0,1
VCT 2025 EMEA Stage 2,https://www.vlr.gg/530931/team-heretics-vs-natus-vincere-vct-2025-emea-stage-2-lr2,Haven,Natus Vincere,Team Heretics,Natus Vincere,alexiiik,Neon,192.0,12,13,6,120.0,18.0,1
VCT 2025 EMEA Stage 2,https://www.vlr.gg/530931/team-heretics-vs-natus-vincere-vct-2025-emea-stage-2-lr2,Haven,Natus Vincere,Team Heretics,Natus Vincere,ANGE1,Sova,101.0,7,12,7,71.0,28.0,1
VCT 2025 EMEA Stage 2,https://www.vlr.gg/530932/bbl-esports-vs-team-liquid-vct-2025-emea-stage-2-ubf,Ascent,BBL Esports,Team Liquid,Team Liquid,PROFEK,Omen,241.0,18,16,8,154.0,16.0,0
VCT 2025 EMEA Stage 2,https://www.vlr.gg/530932/bbl-esports-vs-team-liquid-vct-2025-emea-stage-2-ubf,Ascent,BBL Esports,Team Liquid,Team Liquid,LewN,Jett,245.0,20,19,1,142.0,30.0,0
VCT 2025 EMEA Stage 2,https://www.vlr.gg/530932/bbl-esports-vs-team-liquid-vct-2025-emea-stage-2-ubf,Ascent,BBL Esports,Team Liquid,Team Liquid,Jamppi,Kayo,183.0,14,16,8,121.0,20.0,0
VCT 2025 EMEA Stage 2,https://www.vlr.gg/530932/bbl-esports-vs-team-liquid-vct-2025-emea-stage-2-ubf,Ascent,BBL Esports,Team Liquid,Team Liquid,MAGNUM,Fade,175.0,13,19,7,115.0,23.0,0
VCT 2025 EMEA Stage 2,https://www.vlr.gg/530932/bbl-esports-vs-team-liquid-vct-2025-emea-stage-2-ubf,Ascent,BBL Esports,Team Liquid,Team Liquid,sociablEE,Tejo,93.0,7,19,2,68.0,33.0,0
VCT 2025 EMEA Stage 2,https://www.vlr.gg/530932/bbl-esports-vs-team-liquid-vct-2025-emea-stage-2-ubf,Ascent,Team Liquid,BBL Esports,Team Liquid,nAts,Cypher,279.0,23,13,3,180.0,23.0,1
VCT 2025 EMEA Stage 2,https://www.vlr.gg/530932/bbl-esports-vs-team-liquid-vct-2025-emea-stage-2-ubf,Ascent,Team Liquid,BBL Esports,Team Liquid,trexx,Sova,217.0,17,12,6,149.0,25.0,1
VCT 2025 EMEA Stage 2,https://www.vlr.gg/530932/bbl-esports-vs-team-liquid-vct-2025-emea-stage-2-ubf,Ascent,Team Liquid,BBL Esports,Team Liquid,paTiTek,Kayo,258.0,21,16,13,162.0,32.0,1
VCT 2025 EMEA Stage 2,https://www.vlr.gg/530932/bbl-esports-vs-team-liquid-vct-2025-emea-stage-2-ubf,Ascent,Team Liquid,BBL Esports,Team Liquid,keiko,Omen,162.0,12,13,16,96.0,34.0,1
VCT 2025 EMEA Stage 2,https://www.vlr.gg/530932/bbl-esports-vs-team-liquid-vct-2025-emea-stage-2-ubf,Ascent,Team Liquid,BBL Esports,Team Liquid,kamo,Jett,182.0,16,18,2,103.0,17.0,1
VCT 2025 EMEA Stage 2,https://www.vlr.gg/530932/bbl-esports-vs-team-liquid-vct-2025-emea-stage-2-ubf,Sunset,BBL Esports,Team Liquid,BBL Esports,sociablEE,Deadlock,411.0,36,15,1,256.0,38.0,1
VCT 2025 EMEA Stage 2,https://www.vlr.gg/530932/bbl-esports-vs-team-liquid-vct-2025-emea-stage-2-ubf,Sunset,BBL Esports,Team Liquid,BBL Esports,PROFEK,Omen,171.0,15,17,5,122.0,30.0,1
VCT 2025 EMEA Stage 2,https://www.vlr.gg/530932/bbl-esports-vs-team-liquid-vct-2025-emea-stage-2-ubf,Sunset,BBL Esports,Team Liquid,BBL Esports,MAGNUM,Viper,169.0,14,18,4,112.0,23.0,1
VCT 2025 EMEA Stage 2,https://www.vlr.gg/530932/bbl-esports-vs-team-liquid-vct-2025-emea-stage-2-ubf,Sunset,BBL Esports,Team Liquid,BBL Esports,Jamppi,Sova,168.0,13,17,5,109.0,32.0,1
VCT 2025 EMEA Stage 2,https://www.vlr.gg/530932/bbl-esports-vs-team-liquid-vct-2025-emea-stage-2-ubf,Sunset,BBL Esports,Team Liquid,BBL Esports,LewN,Neon,131.0,9,17,5,89.0,26.0,1
VCT 2025 EMEA Stage 2,https://www.vlr.gg/530932/bbl-esports-vs-team-liquid-vct-2025-emea-stage-2-ubf,Sunset,Team Liquid,BBL Esports,BBL Esports,keiko,Raze,261.0,24,17,1,165.0,27.0,0
VCT 2025 EMEA Stage 2,https://www.vlr.gg/530932/bbl-esports-vs-team-liquid-vct-2025-emea-stage-2-ubf,Sunset,Team Liquid,BBL Esports,BBL Esports,nAts,Cypher,212.0,17,18,12,144.0,18.0,0
VCT 2025 EMEA Stage 2,https://www.vlr.gg/530932/bbl-esports-vs-team-liquid-vct-2025-emea-stage-2-ubf,Sunset,Team Liquid,BBL Esports,BBL Esports,kamo,Yoru,205.0,17,16,7,138.0,25.0,0
VCT 2025 EMEA Stage 2,https://www.vlr.gg/530932/bbl-esports-vs-team-liquid-vct-2025-emea-stage-2-ubf,Sunset,Team Liquid,BBL Esports,BBL Esports,paTiTek,Omen,157.0,13,18,11,109.0,27.0,0
VCT 2025 EMEA Stage 2,https://www.vlr.gg/530932/bbl-esports-vs-team-liquid-vct-2025-emea-stage-2-ubf,Sunset,Team Liquid,BBL Esports,BBL Esports,trexx,Fade,177.0,13,18,10,106.0,18.0,0
VCT 2025 EMEA Stage 2,https://www.vlr.gg/530932/bbl-esports-vs-team-liquid-vct-2025-emea-stage-2-ubf,Bind,BBL Esports,Team Liquid,Team Liquid,PROFEK,Brimstone,264.0,24,17,16,176.0,23.0,0
VCT 2025 EMEA Stage 2,https://www.vlr.gg/530932/bbl-esports-vs-team-liquid-vct-2025-emea-stage-2-ubf,Bind,BBL Esports,Team Liquid,Team Liquid,LewN,Iso,248.0,22,22,4,165.0,33.0,0
VCT 2025 EMEA Stage 2,https://www.vlr.gg/530932/bbl-esports-vs-team-liquid-vct-2025-emea-stage-2-ubf,Bind,BBL Esports,Team Liquid,Team Liquid,MAGNUM,Viper,177.0,17,19,9,110.0,25.0,0
VCT 2025 EMEA Stage 2,https://www.vlr.gg/530932/bbl-esports-vs-team-liquid-vct-2025-emea-stage-2-ubf,Bind,BBL Esports,Team Liquid,Team Liquid,Jamppi,Fade,169.0,15,18,6,120.0,34.0,0
VCT 2025 EMEA Stage 2,https://www.vlr.gg/530932/bbl-esports-vs-team-liquid-vct-2025-emea-stage-2-ubf,Bind,BBL Esports,Team Liquid,Team Liquid,sociablEE,Yoru,184.0,17,21,2,119.0,32.0,0
VCT 2025 EMEA Stage 2,https://www.vlr.gg/530932/bbl-esports-vs-team-liquid-vct-2025-emea-stage-2-ubf,Bind,Team Liquid,BBL Esports,Team Liquid,nAts,Viper,333.0,30,18,8,223.0,29.0,1
VCT 2025 EMEA Stage 2,https://www.vlr.gg/530932/bbl-esports-vs-team-liquid-vct-2025-emea-stage-2-ubf,Bind,Team Liquid,BBL Esports,Team Liquid,paTiTek,Skye,201.0,19,17,11,133.0,24.0,1
VCT 2025 EMEA Stage 2,https://www.vlr.gg/530932/bbl-esports-vs-team-liquid-vct-2025-emea-stage-2-ubf,Bind,Team Liquid,BBL Esports,Team Liquid,trexx,Gekko,216.0,21,19,12,135.0,24.0,1
VCT 2025 EMEA Stage 2,https://www.vlr.gg/530932/bbl-esports-vs-team-liquid-vct-2025-emea-stage-2-ubf,Bind,Team Liquid,BBL Esports,Team Liquid,keiko,Brimstone,189.0,16,18,15,132.0,31.0,1
VCT 2025 EMEA Stage 2,https://www.vlr.gg/530932/bbl-esports-vs-team-liquid-vct-2025-emea-stage-2-ubf,Bind,Team Liquid,BBL Esports,Team Liquid,kamo,Raze,149.0,11,23,4,106.0,16.0,1
VCT 2025 EMEA Stage 2,https://www.vlr.gg/530933/giantx-vs-natus-vincere-vct-2025-emea-stage-2-lr3,Icebox,GIANTX,Natus Vincere,Natus Vincere,westside,Killjoy,271.0,18,16,2,165.0,38.0,0
VCT 2025 EMEA Stage 2,https://www.vlr.gg/530933/giantx-vs-natus-vincere-vct-2025-emea-stage-2-lr3,Icebox,GIANTX,Natus Vincere,Natus Vincere,ara,Jett,208.0,14,12,1,141.0,20.0,0
VCT 2025 EMEA Stage 2,https://www.vlr.gg/530933/giantx-vs-natus-vincere-vct-2025-emea-stage-2-lr3,Icebox,GIANTX,Natus Vincere,Natus Vincere,Flickless,Kayo,241.0,14,17,8,168.0,34.0,0
VCT 2025 EMEA Stage 2,https://www.vlr.gg/530933/giantx-vs-natus-vincere-vct-2025-emea-stage-2-lr3,Icebox,GIANTX,Natus Vincere,Natus Vincere,Cloud,Gekko,104.0,5,16,10,74.0,7.0,0
VCT 2025 EMEA Stage 2,https://www.vlr.gg/530933/giantx-vs-natus-vincere-vct-2025-emea-stage-2-lr3,Icebox,GIANTX,Natus Vincere,Natus Vincere,grubinho,Viper,108.0,7,16,3,82.0,35.0,0
VCT 2025 EMEA Stage 2,https://www.vlr.gg/530933/giantx-vs-natus-vincere-vct-2025-emea-stage-2-lr3,Icebox,Natus Vincere,GIANTX,Natus Vincere,hiro,Killjoy,265.0,19,8,3,179.0,30.0,1
VCT 2025 EMEA Stage 2,https://www.vlr.gg/530933/giantx-vs-natus-vincere-vct-2025-emea-stage-2-lr3,Icebox,Natus Vincere,GIANTX,Natus Vincere,Ruxic,Viper,285.0,20,10,4,174.0,28.0,1
VCT 2025 EMEA Stage 2,https://www.vlr.gg/530933/giantx-vs-natus-vincere-vct-2025-emea-stage-2-lr3,Icebox,Natus Vincere,GIANTX,Natus Vincere,alexiiik,Jett,187.0,14,11,1,132.0,30.0,1
VCT 2025 EMEA Stage 2,https://www.vlr.gg/530933/giantx-vs-natus-vincere-vct-2025-emea-stage-2-lr3,Icebox,Natus Vincere,GIANTX,Natus Vincere,ANGE1,Sova,221.0,15,16,8,151.0,36.0,1
VCT 2025 EMEA Stage 2,https://www.vlr.gg/530933/giantx-vs-natus-vincere-vct-2025-emea-stage-2-lr3,Icebox,Natus Vincere,GIANTX,Natus Vincere,Shao,Sage,141.0,9,13,7,87.0,14.0,1
VCT 2025 EMEA Stage 2,https://www.vlr.gg/530933/giantx-vs-natus-vincere-vct-2025-emea-stage-2-lr3,Sunset,GIANTX,Natus Vincere,GIANTX,ara,Neon,311.0,23,9,3,214.0,29.0,1
VCT 2025 EMEA Stage 2,https://www.vlr.gg/530933/giantx-vs-natus-vincere-vct-2025-emea-stage-2-lr3,Sunset,GIANTX,Natus Vincere,GIANTX,Cloud,Sova,289.0,20,9,5,163.0,23.0,1
VCT 2025 EMEA Stage 2,https://www.vlr.gg/530933/giantx-vs-natus-vincere-vct-2025-emea-stage-2-lr3,Sunset,GIANTX,Natus Vincere,GIANTX,westside,Cypher,237.0,16,10,7,152.0,43.0,1
VCT 2025 EMEA Stage 2,https://www.vlr.gg/530933/giantx-vs-natus-vincere-vct-2025-emea-stage-2-lr3,Sunset,GIANTX,Natus Vincere,GIANTX,Flickless,Breach,172.0,11,11,11,121.0,24.0,1
VCT 2025 EMEA Stage 2,https://www.vlr.gg/530933/giantx-vs-natus-vincere-vct-2025-emea-stage-2-lr3,Sunset,GIANTX,Natus Vincere,GIANTX,grubinho,Omen,130.0,8,16,8,85.0,21.0,1
VCT 2025 EMEA Stage 2,https://www.vlr.gg/530933/giantx-vs-natus-vincere-vct-2025-emea-stage-2-lr3,Sunset,Natus Vincere,GIANTX,GIANTX,Shao,Fade,244.0,16,14,5,150.0,51.0,0
VCT 2025 EMEA Stage 2,https://www.vlr.gg/530933/giantx-vs-natus-vincere-vct-2025-emea-stage-2-lr3,Sunset,Natus Vincere,GIANTX,GIANTX,hiro,Cypher,246.0,16,16,4,157.0,44.0,0
VCT 2025 EMEA Stage 2,https://www.vlr.gg/530933/giantx-vs-natus-vincere-vct-2025-emea-stage-2-lr3,Sunset,Natus Vincere,GIANTX,GIANTX,Ruxic,Omen,175.0,13,15,4,114.0,33.0,0
VCT 2025 EMEA Stage 2,https://www.vlr.gg/530933/giantx-vs-natus-vincere-vct-2025-emea-stage-2-lr3,Sunset,Natus Vincere,GIANTX,GIANTX,ANGE1,Breach,86.0,5,16,5,54.0,55.0,0
VCT 2025 EMEA Stage 2,https://www.vlr.gg/530933/giantx-vs-natus-vincere-vct-2025-emea-stage-2-lr3,Sunset,Natus Vincere,GIANTX,GIANTX,alexiiik,Raze,98.0,5,17,4,64.0,3.0,0
VCT 2025 EMEA Stage 2,https://www.vlr.gg/530933/giantx-vs-natus-vincere-vct-2025-emea-stage-2-lr3,Haven,GIANTX,Natus Vincere,GIANTX,ara,Neon,277.0,19,7,1,159.0,23.0,1
VCT 2025 EMEA Stage 2,https://www.vlr.gg/530933/giantx-vs-natus-vincere-vct-2025-emea-stage-2-lr3,Haven,GIANTX,Natus Vincere,GIANTX,westside,Cypher,262.0,17,9,4,180.0,53.0,1
VCT 2025 EMEA Stage 2,https://www.vlr.gg/530933/giantx-vs-natus-vincere-vct-2025-emea-stage-2-lr3,Haven,GIANTX,Natus Vincere,GIANTX,grubinho,Omen,266.0,16,12,9,184.0,31.0,1
VCT 2025 EMEA Stage 2,https://www.vlr.gg/530933/giantx-vs-natus-vincere-vct-2025-emea-stage-2-lr3,Haven,GIANTX,Natus Vincere,GIANTX,Cloud,Sova,171.0,11,8,4,129.0,35.0,1
VCT 2025 EMEA Stage 2,https://www.vlr.gg/530933/giantx-vs-natus-vincere-vct-2025-emea-stage-2-lr3,Haven,GIANTX,Natus Vincere,GIANTX,Flickless,Breach,133.0,7,8,10,90.0,16.0,1
VCT 2025 EMEA Stage 2,https://www.vlr.gg/530933/giantx-vs-natus-vincere-vct-2025-emea-stage-2-lr3,Haven,Natus Vincere,GIANTX,GIANTX,hiro,Killjoy,220.0,12,13,4,139.0,23.0,0
VCT 2025 EMEA Stage 2,https://www.vlr.gg/530933/giantx-vs-natus-vincere-vct-2025-emea-stage-2-lr3,Haven,Natus Vincere,GIANTX,GIANTX,alexiiik,Neon,152.0,10,13,1,109.0,63.0,0
VCT 2025 EMEA Stage 2,https://www.vlr.gg/530933/giantx-vs-natus-vincere-vct-2025-emea-stage-2-lr3,Haven,Natus Vincere,GIANTX,GIANTX,Ruxic,Viper,174.0,10,14,3,104.0,23.0,0
VCT 2025 EMEA Stage 2,https://www.vlr.gg/530933/giantx-vs-natus-vincere-vct-2025-emea-stage-2-lr3,Haven,Natus Vincere,GIANTX,GIANTX,Shao,Omen,119.0,6,15,5,76.0,24.0,0
VCT 2025 EMEA Stage 2,https://www.vlr.gg/530933/giantx-vs-natus-vincere-vct-2025-emea-stage-2-lr3,Haven,Natus Vincere,GIANTX,GIANTX,ANGE1,Sova,111.0,6,15,4,78.0,40.0,0
VCT 2025 EMEA Stage 2,https://www.vlr.gg/530934/bbl-esports-vs-giantx-vct-2025-emea-stage-2-lbf,Ascent,BBL Esports,GIANTX,GIANTX,sociablEE,Tejo,199.0,11,14,0,129.0,20.0,0
VCT 2025 EMEA Stage 2,https://www.vlr.gg/530934/bbl-esports-vs-giantx-vct-2025-emea-stage-2-lbf,Ascent,BBL Esports,GIANTX,GIANTX,Jamppi,Kayo,137.0,6,12,7,95.0,30.0,0
VCT 2025 EMEA Stage 2,https://www.vlr.gg/530934/bbl-esports-vs-giantx-vct-2025-emea-stage-2-lbf,Ascent,BBL Esports,GIANTX,GIANTX,MAGNUM,Fade,169.0,8,14,4,112.0,32.0,0
VCT 2025 EMEA Stage 2,https://www.vlr.gg/530934/bbl-esports-vs-giantx-vct-2025-emea-stage-2-lbf,Ascent,BBL Esports,GIANTX,GIANTX,PROFEK,Omen,82.0,2,15,2,62.0,17.0,0
VCT 2025 EMEA Stage 2,https://www.vlr.gg/530934/bbl-esports-vs-giantx-vct-2025-emea-stage-2-lbf,Ascent,BBL Esports,GIANTX,GIANTX,LewN,Jett,73.0,2,15,3,64.0,10.0,0
VCT 2025 EMEA Stage 2,https://www.vlr.gg/530934/bbl-esports-vs-giantx-vct-2025-emea-stage-2-lbf,Ascent,GIANTX,BBL Esports,GIANTX,Flickless,Kayo,309.0,16,5,10,184.0,30.0,1
VCT 2025 EMEA Stage 2,https://www.vlr.gg/530934/bbl-esports-vs-giantx-vct-2025-emea-stage-2-lbf,Ascent,GIANTX,BBL Esports,GIANTX,westside,Cypher,275.0,18,4,3,195.0,46.0,1
VCT 2025 EMEA Stage 2,https://www.vlr.gg/530934/bbl-esports-vs-giantx-vct-2025-emea-stage-2-lbf,Ascent,GIANTX,BBL Esports,GIANTX,grubinho,Omen,226.0,13,5,10,139.0,41.0,1
VCT 2025 EMEA Stage 2,https://www.vlr.gg/530934/bbl-esports-vs-giantx-vct-2025-emea-stage-2-lbf,Ascent,GIANTX,BBL Esports,GIANTX,ara,Jett,287.0,15,9,4,193.0,17.0,1
VCT 2025 EMEA Stage 2,https://www.vlr.gg/530934/bbl-esports-vs-giantx-vct-2025-emea-stage-2-lbf,Ascent,GIANTX,BBL Esports,GIANTX,Cloud,Sova,165.0,8,6,8,109.0,32.0,1
VCT 2025 EMEA Stage 2,https://www.vlr.gg/530934/bbl-esports-vs-giantx-vct-2025-emea-stage-2-lbf,Sunset,BBL Esports,GIANTX,GIANTX,sociablEE,Deadlock,244.0,19,17,2,147.0,50.0,0
VCT 2025 EMEA Stage 2,https://www.vlr.gg/530934/bbl-esports-vs-giantx-vct-2025-emea-stage-2-lbf,Sunset,BBL Esports,GIANTX,GIANTX,PROFEK,Omen,189.0,13,14,4,120.0,34.0,0
VCT 2025 EMEA Stage 2,https://www.vlr.gg/530934/bbl-esports-vs-giantx-vct-2025-emea-stage-2-lbf,Sunset,BBL Esports,GIANTX,GIANTX,MAGNUM,Viper,154.0,11,16,3,104.0,26.0,0
VCT 2025 EMEA Stage 2,https://www.vlr.gg/530934/bbl-esports-vs-giantx-vct-2025-emea-stage-2-lbf,Sunset,BBL Esports,GIANTX,GIANTX,Jamppi,Sova,143.0,9,17,5,106.0,29.0,0
VCT 2025 EMEA Stage 2,https://www.vlr.gg/530934/bbl-esports-vs-giantx-vct-2025-emea-stage-2-lbf,Sunset,BBL Esports,GIANTX,GIANTX,LewN,Neon,95.0,7,16,2,65.0,25.0,0
VCT 2025 EMEA Stage 2,https://www.vlr.gg/530934/bbl-esports-vs-giantx-vct-2025-emea-stage-2-lbf,Sunset,GIANTX,BBL Esports,GIANTX,grubinho,Omen,318.0,23,13,9,207.0,31.0,1
VCT 2025 EMEA Stage 2,https://www.vlr.gg/530934/bbl-esports-vs-giantx-vct-2025-emea-stage-2-lbf,Sunset,GIANTX,BBL Esports,GIANTX,ara,Neon,305.0,24,13,1,188.0,37.0,1
VCT 2025 EMEA Stage 2,https://www.vlr.gg/530934/bbl-esports-vs-giantx-vct-2025-emea-stage-2-lbf,Sunset,GIANTX,BBL Esports,GIANTX,westside,Cypher,207.0,17,12,2,133.0,65.0,1
VCT 2025 EMEA Stage 2,https://www.vlr.gg/530934/bbl-esports-vs-giantx-vct-2025-emea-stage-2-lbf,Sunset,GIANTX,BBL Esports,GIANTX,Flickless,Breach,99.0,7,8,10,63.0,47.0,1
VCT 2025 EMEA Stage 2,https://www.vlr.gg/530934/bbl-esports-vs-giantx-vct-2025-emea-stage-2-lbf,Sunset,GIANTX,BBL Esports,GIANTX,Cloud,Sova,140.0,9,13,8,101.0,13.0,1
VCT 2025 EMEA Stage 2,https://www.vlr.gg/530934/bbl-esports-vs-giantx-vct-2025-emea-stage-2-lbf,Bind,BBL Esports,GIANTX,GIANTX,Jamppi,Fade,143.0,9,14,2,99.0,31.0,0
VCT 2025 EMEA Stage 2,https://www.vlr.gg/530934/bbl-esports-vs-giantx-vct-2025-emea-stage-2-lbf,Bind,BBL Esports,GIANTX,GIANTX,LewN,Iso,197.0,12,16,2,137.0,38.0,0
VCT 2025 EMEA Stage 2,https://www.vlr.gg/530934/bbl-esports-vs-giantx-vct-2025-emea-stage-2-lbf,Bind,BBL Esports,GIANTX,GIANTX,MAGNUM,Viper,150.0,10,15,1,100.0,27.0,0
VCT 2025 EMEA Stage 2,https://www.vlr.gg/530934/bbl-esports-vs-giantx-vct-2025-emea-stage-2-lbf,Bind,BBL Esports,GIANTX,GIANTX,PROFEK,Brimstone,113.0,7,17,0,96.0,20.0,0
VCT 2025 EMEA Stage 2,https://www.vlr.gg/530934/bbl-esports-vs-giantx-vct-2025-emea-stage-2-lbf,Bind,BBL Esports,GIANTX,GIANTX,sociablEE,Yoru,118.0,8,18,1,79.0,42.0,0
VCT 2025 EMEA Stage 2,https://www.vlr.gg/530934/bbl-esports-vs-giantx-vct-2025-emea-stage-2-lbf,Bind,GIANTX,BBL Esports,GIANTX,ara,Raze,316.0,20,9,6,202.0,28.0,1
VCT 2025 EMEA Stage 2,https://www.vlr.gg/530934/bbl-esports-vs-giantx-vct-2025-emea-stage-2-lbf,Bind,GIANTX,BBL Esports,GIANTX,grubinho,Astra,196.0,15,7,9,136.0,31.0,1
VCT 2025 EMEA Stage 2,https://www.vlr.gg/530934/bbl-esports-vs-giantx-vct-2025-emea-stage-2-lbf,Bind,GIANTX,BBL Esports,GIANTX,Flickless,Viper,227.0,15,10,12,160.0,29.0,1
VCT 2025 EMEA Stage 2,https://www.vlr.gg/530934/bbl-esports-vs-giantx-vct-2025-emea-stage-2-lbf,Bind,GIANTX,BBL Esports,GIANTX,Cloud,Gekko,169.0,13,9,3,109.0,24.0,1
VCT 2025 EMEA Stage 2,https://www.vlr.gg/530934/bbl-esports-vs-giantx-vct-2025-emea-stage-2-lbf,Bind,GIANTX,BBL Esports,GIANTX,westside,Deadlock,224.0,17,11,4,127.0,36.0,1
VCT 2025 EMEA Stage 2,https://www.vlr.gg/530935/team-liquid-vs-giantx-vct-2025-emea-stage-2-gf,Bind,Team Liquid,GIANTX,Team Liquid,nAts,Viper,310.0,25,18,4,212.0,39.0,1
VCT 2025 EMEA Stage 2,https://www.vlr.gg/530935/team-liquid-vs-giantx-vct-2025-emea-stage-2-gf,Bind,Team Liquid,GIANTX,Team Liquid,kamo,Raze,246.0,20,15,3,153.0,25.0,1
VCT 2025 EMEA Stage 2,https://www.vlr.gg/530935/team-liquid-vs-giantx-vct-2025-emea-stage-2-gf,Bind,Team Liquid,GIANTX,Team Liquid,keiko,Brimstone,176.0,15,14,8,118.0,63.0,1
VCT 2025 EMEA Stage 2,https://www.vlr.gg/530935/team-liquid-vs-giantx-vct-2025-emea-stage-2-gf,Bind,Team Liquid,GIANTX,Team Liquid,trexx,Gekko,168.0,14,14,4,119.0,25.0,1
VCT 2025 EMEA Stage 2,https://www.vlr.gg/530935/team-liquid-vs-giantx-vct-2025-emea-stage-2-gf,Bind,Team Liquid,GIANTX,Team Liquid,paTiTek,Skye,137.0,10,15,7,101.0,38.0,1
VCT 2025 EMEA Stage 2,https://www.vlr.gg/530935/team-liquid-vs-giantx-vct-2025-emea-stage-2-gf,Bind,GIANTX,Team Liquid,Team Liquid,grubinho,Astra,218.0,18,14,8,153.0,27.0,0
VCT 2025 EMEA Stage 2,https://www.vlr.gg/530935/team-liquid-vs-giantx-vct-2025-emea-stage-2-gf,Bind,GIANTX,Team Liquid,Team Liquid,westside,Deadlock,154.0,14,14,6,92.0,42.0,0
VCT 2025 EMEA Stage 2,https://www.vlr.gg/530935/team-liquid-vs-giantx-vct-2025-emea-stage-2-gf,Bind,GIANTX,Team Liquid,Team Liquid,ara,Raze,206.0,16,18,2,136.0,37.0,0
VCT 2025 EMEA Stage 2,https://www.vlr.gg/530935/team-liquid-vs-giantx-vct-2025-emea-stage-2-gf,Bind,GIANTX,Team Liquid,Team Liquid,Flickless,Viper,161.0,13,18,3,108.0,22.0,0
VCT 2025 EMEA Stage 2,https://www.vlr.gg/530935/team-liquid-vs-giantx-vct-2025-emea-stage-2-gf,Bind,GIANTX,Team Liquid,Team Liquid,Cloud,Gekko,192.0,15,20,5,126.0,33.0,0
VCT 2025 EMEA Stage 2,https://www.vlr.gg/530935/team-liquid-vs-giantx-vct-2025-emea-stage-2-gf,Lotus,Team Liquid,GIANTX,Team Liquid,trexx,Fade,359.0,26,16,17,222.0,28.0,1
VCT 2025 EMEA Stage 2,https://www.vlr.gg/530935/team-liquid-vs-giantx-vct-2025-emea-stage-2-gf,Lotus,Team Liquid,GIANTX,Team Liquid,nAts,Vyse,242.0,19,12,11,151.0,29.0,1
VCT 2025 EMEA Stage 2,https://www.vlr.gg/530935/team-liquid-vs-giantx-vct-2025-emea-stage-2-gf,Lotus,Team Liquid,GIANTX,Team Liquid,keiko,Raze,232.0,20,14,3,159.0,22.0,1
VCT 2025 EMEA Stage 2,https://www.vlr.gg/530935/team-liquid-vs-giantx-vct-2025-emea-stage-2-gf,Lotus,Team Liquid,GIANTX,Team Liquid,paTiTek,Omen,179.0,16,15,9,117.0,44.0,1
VCT 2025 EMEA Stage 2,https://www.vlr.gg/530935/team-liquid-vs-giantx-vct-2025-emea-stage-2-gf,Lotus,Team Liquid,GIANTX,Team Liquid,kamo,Yoru,191.0,15,15,11,131.0,30.0,1
VCT 2025 EMEA Stage 2,https://www.vlr.gg/530935/team-liquid-vs-giantx-vct-2025-emea-stage-2-gf,Lotus,GIANTX,Team Liquid,Team Liquid,ara,Raze,220.0,17,17,4,146.0,17.0,0
VCT 2025 EMEA Stage 2,https://www.vlr.gg/530935/team-liquid-vs-giantx-vct-2025-emea-stage-2-gf,Lotus,GIANTX,Team Liquid,Team Liquid,grubinho,Omen,236.0,18,21,3,152.0,35.0,0
VCT 2025 EMEA Stage 2,https://www.vlr.gg/530935/team-liquid-vs-giantx-vct-2025-emea-stage-2-gf,Lotus,GIANTX,Team Liquid,Team Liquid,westside,Cypher,160.0,13,17,3,108.0,44.0,0
VCT 2025 EMEA Stage 2,https://www.vlr.gg/530935/team-liquid-vs-giantx-vct-2025-emea-stage-2-gf,Lotus,GIANTX,Team Liquid,Team Liquid,Flickless,Viper,174.0,13,20,5,106.0,39.0,0
VCT 2025 EMEA Stage 2,https://www.vlr.gg/530935/team-liquid-vs-giantx-vct-2025-emea-stage-2-gf,Lotus,GIANTX,Team Liquid,Team Liquid,Cloud,Fade,144.0,11,21,4,103.0,60.0,0
VCT 2025 EMEA Stage 2,https://www.vlr.gg/530935/team-liquid-vs-giantx-vct-2025-emea-stage-2-gf,Sunset,Team Liquid,GIANTX,Team Liquid,paTiTek,Omen,251.0,21,16,8,161.0,30.0,1
VCT 2025 EMEA Stage 2,https://www.vlr.gg/530935/team-liquid-vs-giantx-vct-2025-emea-stage-2-gf,Sunset,Team Liquid,GIANTX,Team Liquid,keiko,Raze,252.0,21,17,4,173.0,33.0,1
VCT 2025 EMEA Stage 2,https://www.vlr.gg/530935/team-liquid-vs-giantx-vct-2025-emea-stage-2-gf,Sunset,Team Liquid,GIANTX,Team Liquid,trexx,Fade,140.0,12,12,13,95.0,17.0,1
VCT 2025 EMEA Stage 2,https://www.vlr.gg/530935/team-liquid-vs-giantx-vct-2025-emea-stage-2-gf,Sunset,Team Liquid,GIANTX,Team Liquid,kamo,Yoru,210.0,17,17,6,142.0,23.0,1
VCT 2025 EMEA Stage 2,https://www.vlr.gg/530935/team-liquid-vs-giantx-vct-2025-emea-stage-2-gf,Sunset,Team Liquid,GIANTX,Team Liquid,nAts,Cypher,201.0,16,18,7,123.0,24.0,1
VCT 2025 EMEA Stage 2,https://www.vlr.gg/530935/team-liquid-vs-giantx-vct-2025-emea-stage-2-gf,Sunset,GIANTX,Team Liquid,Team Liquid,grubinho,Omen,266.0,23,17,6,171.0,46.0,0
VCT 2025 EMEA Stage 2,https://www.vlr.gg/530935/team-liquid-vs-giantx-vct-2025-emea-stage-2-gf,Sunset,GIANTX,Team Liquid,Team Liquid,Flickless,Breach,235.0,20,18,8,154.0,32.0,0
VCT 2025 EMEA Stage 2,https://www.vlr.gg/530935/team-liquid-vs-giantx-vct-2025-emea-stage-2-gf,Sunset,GIANTX,Team Liquid,Team Liquid,Cloud,Sova,186.0,14,17,7,134.0,22.0,0
VCT 2025 EMEA Stage 2,https://www.vlr.gg/530935/team-liquid-vs-giantx-vct-2025-emea-stage-2-gf,Sunset,GIANTX,Team Liquid,Team Liquid,westside,Cypher,162.0,14,17,5,119.0,40.0,0
VCT 2025 EMEA Stage 2,https://www.vlr.gg/530935/team-liquid-vs-giantx-vct-2025-emea-stage-2-gf,Sunset,GIANTX,Team Liquid,Team Liquid,ara,Neon,141.0,9,18,6,107.0,28.0,0
VCT 2025 Pacific Stage 2,https://www.vlr.gg/530354/talon-vs-nongshim-redforce-vct-2025-pacific-stage-2-ur1,Lotus,TALON,Nongshim RedForce,TALON,thyy,Raze,379.0,25,11,6,247.0,30.0,1
VCT 2025 Pacific Stage 2,https://www.vlr.gg/530354/talon-vs-nongshim-redforce-vct-2025-pacific-stage-2-ur1,Lotus,TALON,Nongshim RedForce,TALON,primmie,Yoru,232.0,15,10,5,145.0,42.0,1
VCT 2025 Pacific Stage 2,https://www.vlr.gg/530354/talon-vs-nongshim-redforce-vct-2025-pacific-stage-2-ur1,Lotus,TALON,Nongshim RedForce,TALON,Killua,Fade,172.0,11,10,12,131.0,27.0,1
VCT 2025 Pacific Stage 2,https://www.vlr.gg/530354/talon-vs-nongshim-redforce-vct-2025-pacific-stage-2-ur1,Lotus,TALON,Nongshim RedForce,TALON,Crws,Omen,134.0,9,6,6,80.0,34.0,1
VCT 2025 Pacific Stage 2,https://www.vlr.gg/530354/talon-vs-nongshim-redforce-vct-2025-pacific-stage-2-ur1,Lotus,TALON,Nongshim RedForce,TALON,JitBoyS,Vyse,99.0,7,6,3,62.0,17.0,1
VCT 2025 Pacific Stage 2,https://www.vlr.gg/530354/talon-vs-nongshim-redforce-vct-2025-pacific-stage-2-ur1,Lotus,Nongshim RedForce,TALON,TALON,Ivy,Fade,199.0,12,13,3,117.0,24.0,0
VCT 2025 Pacific Stage 2,https://www.vlr.gg/530354/talon-vs-nongshim-redforce-vct-2025-pacific-stage-2-ur1,Lotus,Nongshim RedForce,TALON,TALON,Dambi,Waylay,189.0,11,15,3,122.0,53.0,0
VCT 2025 Pacific Stage 2,https://www.vlr.gg/530354/talon-vs-nongshim-redforce-vct-2025-pacific-stage-2-ur1,Lotus,Nongshim RedForce,TALON,TALON,Francis,Breach,143.0,8,14,6,87.0,23.0,0
VCT 2025 Pacific Stage 2,https://www.vlr.gg/530354/talon-vs-nongshim-redforce-vct-2025-pacific-stage-2-ur1,Lotus,Nongshim RedForce,TALON,TALON,Rb,Viper,116.0,7,14,2,80.0,60.0,0
VCT 2025 Pacific Stage 2,https://www.vlr.gg/530354/talon-vs-nongshim-redforce-vct-2025-pacific-stage-2-ur1,Lotus,Nongshim RedForce,TALON,TALON,Persia,Omen,82.0,5,11,4,54.0,33.0,0
VCT 2025 Pacific Stage 2,https://www.vlr.gg/530354/talon-vs-nongshim-redforce-vct-2025-pacific-stage-2-ur1,Corrode,TALON,Nongshim RedForce,TALON,primmie,Deadlock,262.0,30,19,4,163.0,36.0,1
VCT 2025 Pacific Stage 2,https://www.vlr.gg/530354/talon-vs-nongshim-redforce-vct-2025-pacific-stage-2-ur1,Corrode,TALON,Nongshim RedForce,TALON,Killua,Sova,255.0,27,22,8,158.0,51.0,1
VCT 2025 Pacific Stage 2,https://www.vlr.gg/530354/talon-vs-nongshim-redforce-vct-2025-pacific-stage-2-ur1,Corrode,TALON,Nongshim RedForce,TALON,JitBoyS,Cypher,214.0,23,21,9,139.0,37.0,1
VCT 2025 Pacific Stage 2,https://www.vlr.gg/530354/talon-vs-nongshim-redforce-vct-2025-pacific-stage-2-ur1,Corrode,TALON,Nongshim RedForce,TALON,Crws,Omen,200.0,17,20,13,129.0,13.0,1
VCT 2025 Pacific Stage 2,https://www.vlr.gg/530354/talon-vs-nongshim-redforce-vct-2025-pacific-stage-2-ur1,Corrode,TALON,Nongshim RedForce,TALON,thyy,Yoru,133.0,14,22,7,90.0,38.0,1
VCT 2025 Pacific Stage 2,https://www.vlr.gg/530354/talon-vs-nongshim-redforce-vct-2025-pacific-stage-2-ur1,Corrode,Nongshim RedForce,TALON,TALON,Persia,Omen,251.0,27,20,8,164.0,40.0,0
VCT 2025 Pacific Stage 2,https://www.vlr.gg/530354/talon-vs-nongshim-redforce-vct-2025-pacific-stage-2-ur1,Corrode,Nongshim RedForce,TALON,TALON,Rb,Viper,179.0,20,21,4,130.0,23.0,0
VCT 2025 Pacific Stage 2,https://www.vlr.gg/530354/talon-vs-nongshim-redforce-vct-2025-pacific-stage-2-ur1,Corrode,Nongshim RedForce,TALON,TALON,Francis,Fade,198.0,20,23,12,121.0,26.0,0
VCT 2025 Pacific Stage 2,https://www.vlr.gg/530354/talon-vs-nongshim-redforce-vct-2025-pacific-stage-2-ur1,Corrode,Nongshim RedForce,TALON,TALON,Ivy,Deadlock,177.0,19,23,3,113.0,25.0,0
VCT 2025 Pacific Stage 2,https://www.vlr.gg/530354/talon-vs-nongshim-redforce-vct-2025-pacific-stage-2-ur1,Corrode,Nongshim RedForce,TALON,TALON,Dambi,Neon,185.0,18,24,8,116.0,28.0,0
VCT 2025 Pacific Stage 2,https://www.vlr.gg/530355/rex-regum-qeon-vs-t1-vct-2025-pacific-stage-2-ur1,Bind,Rex Regum Qeon,T1,T1,Jemkin,Yoru,282.0,23,17,3,156.0,35.0,0
VCT 2025 Pacific Stage 2,https://www.vlr.gg/530355/rex-regum-qeon-vs-t1-vct-2025-pacific-stage-2-ur1,Bind,Rex Regum Qeon,T1,T1,crazyguy,Gekko,220.0,15,15,6,151.0,57.0,0
VCT 2025 Pacific Stage 2,https://www.vlr.gg/530355/rex-regum-qeon-vs-t1-vct-2025-pacific-stage-2-ur1,Bind,Rex Regum Qeon,T1,T1,xffero,Astra,149.0,12,15,9,89.0,38.0,0
VCT 2025 Pacific Stage 2,https://www.vlr.gg/530355/rex-regum-qeon-vs-t1-vct-2025-pacific-stage-2-ur1,Bind,Rex Regum Qeon,T1,T1,Monyet,Waylay,144.0,10,16,6,91.0,32.0,0
VCT 2025 Pacific Stage 2,https://www.vlr.gg/530355/rex-regum-qeon-vs-t1-vct-2025-pacific-stage-2-ur1,Bind,Rex Regum Qeon,T1,T1,Kushy,Deadlock,93.0,8,16,1,63.0,23.0,0
VCT 2025 Pacific Stage 2,https://www.vlr.gg/530355/rex-regum-qeon-vs-t1-vct-2025-pacific-stage-2-ur1,Bind,T1,Rex Regum Qeon,T1,Meteor,Viper,301.0,24,14,6,176.0,44.0,1
VCT 2025 Pacific Stage 2,https://www.vlr.gg/530355/rex-regum-qeon-vs-t1-vct-2025-pacific-stage-2-ur1,Bind,T1,Rex Regum Qeon,T1,iZu,Gekko,216.0,17,12,9,134.0,38.0,1
VCT 2025 Pacific Stage 2,https://www.vlr.gg/530355/rex-regum-qeon-vs-t1-vct-2025-pacific-stage-2-ur1,Bind,T1,Rex Regum Qeon,T1,DH,Brimstone,178.0,14,13,10,119.0,38.0,1
VCT 2025 Pacific Stage 2,https://www.vlr.gg/530355/rex-regum-qeon-vs-t1-vct-2025-pacific-stage-2-ur1,Bind,T1,Rex Regum Qeon,T1,BuZz,Raze,211.0,15,17,5,139.0,19.0,1
VCT 2025 Pacific Stage 2,https://www.vlr.gg/530355/rex-regum-qeon-vs-t1-vct-2025-pacific-stage-2-ur1,Bind,T1,Rex Regum Qeon,T1,stax,Kayo,116.0,9,12,7,84.0,35.0,1
VCT 2025 Pacific Stage 2,https://www.vlr.gg/530355/rex-regum-qeon-vs-t1-vct-2025-pacific-stage-2-ur1,Haven,Rex Regum Qeon,T1,Rex Regum Qeon,xffero,Cypher,266.0,21,10,3,175.0,37.0,1
VCT 2025 Pacific Stage 2,https://www.vlr.gg/530355/rex-regum-qeon-vs-t1-vct-2025-pacific-stage-2-ur1,Haven,Rex Regum Qeon,T1,Rex Regum Qeon,Jemkin,Yoru,234.0,18,10,3,154.0,29.0,1
VCT 2025 Pacific Stage 2,https://www.vlr.gg/530355/rex-regum-qeon-vs-t1-vct-2025-pacific-stage-2-ur1,Haven,Rex Regum Qeon,T1,Rex Regum Qeon,Kushy,Sova,176.0,13,9,6,113.0,27.0,1
VCT 2025 Pacific Stage 2,https://www.vlr.gg/530355/rex-regum-qeon-vs-t1-vct-2025-pacific-stage-2-ur1,Haven,Rex Regum Qeon,T1,Rex Regum Qeon,Monyet,Neon,264.0,17,15,7,159.0,23.0,1
VCT 2025 Pacific Stage 2,https://www.vlr.gg/530355/rex-regum-qeon-vs-t1-vct-2025-pacific-stage-2-ur1,Haven,Rex Regum Qeon,T1,Rex Regum Qeon,crazyguy,Omen,164.0,10,14,16,92.0,16.0,1
VCT 2025 Pacific Stage 2,https://www.vlr.gg/530355/rex-regum-qeon-vs-t1-vct-2025-pacific-stage-2-ur1,Haven,T1,Rex Regum Qeon,Rex Regum Qeon,DH,Omen,268.0,18,16,8,158.0,47.0,0
VCT 2025 Pacific Stage 2,https://www.vlr.gg/530355/rex-regum-qeon-vs-t1-vct-2025-pacific-stage-2-ur1,Haven,T1,Rex Regum Qeon,Rex Regum Qeon,iZu,Neon,199.0,13,15,3,121.0,26.0,0
VCT 2025 Pacific Stage 2,https://www.vlr.gg/530355/rex-regum-qeon-vs-t1-vct-2025-pacific-stage-2-ur1,Haven,T1,Rex Regum Qeon,Rex Regum Qeon,stax,Sova,160.0,11,14,5,118.0,29.0,0
VCT 2025 Pacific Stage 2,https://www.vlr.gg/530355/rex-regum-qeon-vs-t1-vct-2025-pacific-stage-2-ur1,Haven,T1,Rex Regum Qeon,Rex Regum Qeon,BuZz,Yoru,116.0,8,16,1,82.0,31.0,0
VCT 2025 Pacific Stage 2,https://www.vlr.gg/530355/rex-regum-qeon-vs-t1-vct-2025-pacific-stage-2-ur1,Haven,T1,Rex Regum Qeon,Rex Regum Qeon,Meteor,Cypher,124.0,8,18,5,74.0,29.0,0
VCT 2025 Pacific Stage 2,https://www.vlr.gg/530355/rex-regum-qeon-vs-t1-vct-2025-pacific-stage-2-ur1,Sunset,Rex Regum Qeon,T1,T1,Jemkin,Waylay,262.0,19,15,2,153.0,31.0,0
VCT 2025 Pacific Stage 2,https://www.vlr.gg/530355/rex-regum-qeon-vs-t1-vct-2025-pacific-stage-2-ur1,Sunset,Rex Regum Qeon,T1,T1,Monyet,Omen,206.0,16,16,5,125.0,33.0,0
VCT 2025 Pacific Stage 2,https://www.vlr.gg/530355/rex-regum-qeon-vs-t1-vct-2025-pacific-stage-2-ur1,Sunset,Rex Regum Qeon,T1,T1,Kushy,Fade,163.0,12,14,5,110.0,31.0,0
VCT 2025 Pacific Stage 2,https://www.vlr.gg/530355/rex-regum-qeon-vs-t1-vct-2025-pacific-stage-2-ur1,Sunset,Rex Regum Qeon,T1,T1,xffero,Cypher,165.0,12,14,5,120.0,33.0,0
VCT 2025 Pacific Stage 2,https://www.vlr.gg/530355/rex-regum-qeon-vs-t1-vct-2025-pacific-stage-2-ur1,Sunset,Rex Regum Qeon,T1,T1,crazyguy,Breach,142.0,8,19,7,102.0,28.0,0
VCT 2025 Pacific Stage 2,https://www.vlr.gg/530355/rex-regum-qeon-vs-t1-vct-2025-pacific-stage-2-ur1,Sunset,T1,Rex Regum Qeon,T1,BuZz,Yoru,247.0,18,15,8,161.0,33.0,1
VCT 2025 Pacific Stage 2,https://www.vlr.gg/530355/rex-regum-qeon-vs-t1-vct-2025-pacific-stage-2-ur1,Sunset,T1,Rex Regum Qeon,T1,stax,Sova,157.0,13,9,4,111.0,25.0,1
VCT 2025 Pacific Stage 2,https://www.vlr.gg/530355/rex-regum-qeon-vs-t1-vct-2025-pacific-stage-2-ur1,Sunset,T1,Rex Regum Qeon,T1,Meteor,Cypher,228.0,17,12,7,152.0,24.0,1
VCT 2025 Pacific Stage 2,https://www.vlr.gg/530355/rex-regum-qeon-vs-t1-vct-2025-pacific-stage-2-ur1,Sunset,T1,Rex Regum Qeon,T1,iZu,Neon,220.0,15,15,7,134.0,29.0,1
VCT 2025 Pacific Stage 2,https://www.vlr.gg/530355/rex-regum-qeon-vs-t1-vct-2025-pacific-stage-2-ur1,Sunset,T1,Rex Regum Qeon,T1,DH,Omen,196.0,15,16,12,120.0,31.0,1
VCT 2025 Pacific Stage 2,https://www.vlr.gg/530356/drx-vs-talon-vct-2025-pacific-stage-2-ubsf,Bind,DRX,TALON,DRX,HYUNMIN,Raze,254.0,22,16,1,168.0,29.0,1
VCT 2025 Pacific Stage 2,https://www.vlr.gg/530356/drx-vs-talon-vct-2025-pacific-stage-2-ubsf,Bind,DRX,TALON,DRX,free1ng,Viper,206.0,17,14,7,126.0,28.0,1
VCT 2025 Pacific Stage 2,https://www.vlr.gg/530356/drx-vs-talon-vct-2025-pacific-stage-2-ubsf,Bind,DRX,TALON,DRX,MaKo,Brimstone,181.0,14,15,12,116.0,20.0,1
VCT 2025 Pacific Stage 2,https://www.vlr.gg/530356/drx-vs-talon-vct-2025-pacific-stage-2-ubsf,Bind,DRX,TALON,DRX,Estrella,Fade,172.0,13,14,10,117.0,28.0,1
VCT 2025 Pacific Stage 2,https://www.vlr.gg/530356/drx-vs-talon-vct-2025-pacific-stage-2-ubsf,Bind,DRX,TALON,DRX,Flashback,Vyse,154.0,13,16,6,100.0,38.0,1
VCT 2025 Pacific Stage 2,https://www.vlr.gg/530356/drx-vs-talon-vct-2025-pacific-stage-2-ubsf,Bind,TALON,DRX,DRX,thyy,Raze,229.0,20,16,5,148.0,28.0,0
VCT 2025 Pacific Stage 2,https://www.vlr.gg/530356/drx-vs-talon-vct-2025-pacific-stage-2-ubsf,Bind,TALON,DRX,DRX,JitBoyS,Astra,204.0,13,16,15,143.0,30.0,0
VCT 2025 Pacific Stage 2,https://www.vlr.gg/530356/drx-vs-talon-vct-2025-pacific-stage-2-ubsf,Bind,TALON,DRX,DRX,primmie,Deadlock,189.0,18,16,2,131.0,44.0,0
VCT 2025 Pacific Stage 2,https://www.vlr.gg/530356/drx-vs-talon-vct-2025-pacific-stage-2-ubsf,Bind,TALON,DRX,DRX,Crws,Fade,136.0,11,14,5,88.0,18.0,0
VCT 2025 Pacific Stage 2,https://www.vlr.gg/530356/drx-vs-talon-vct-2025-pacific-stage-2-ubsf,Bind,TALON,DRX,DRX,Killua,Gekko,124.0,12,17,4,83.0,40.0,0
VCT 2025 Pacific Stage 2,https://www.vlr.gg/530356/drx-vs-talon-vct-2025-pacific-stage-2-ubsf,Haven,DRX,TALON,TALON,Flashback,Vyse,280.0,23,16,4,180.0,33.0,0
VCT 2025 Pacific Stage 2,https://www.vlr.gg/530356/drx-vs-talon-vct-2025-pacific-stage-2-ubsf,Haven,DRX,TALON,TALON,HYUNMIN,Neon,225.0,19,16,2,144.0,23.0,0
VCT 2025 Pacific Stage 2,https://www.vlr.gg/530356/drx-vs-talon-vct-2025-pacific-stage-2-ubsf,Haven,DRX,TALON,TALON,free1ng,Viper,160.0,10,16,8,103.0,22.0,0
VCT 2025 Pacific Stage 2,https://www.vlr.gg/530356/drx-vs-talon-vct-2025-pacific-stage-2-ubsf,Haven,DRX,TALON,TALON,Estrella,Fade,123.0,9,16,6,99.0,27.0,0
VCT 2025 Pacific Stage 2,https://www.vlr.gg/530356/drx-vs-talon-vct-2025-pacific-stage-2-ubsf,Haven,DRX,TALON,TALON,MaKo,Omen,98.0,6,16,5,66.0,35.0,0
VCT 2025 Pacific Stage 2,https://www.vlr.gg/530356/drx-vs-talon-vct-2025-pacific-stage-2-ubsf,Haven,TALON,DRX,TALON,JitBoyS,Cypher,246.0,20,13,1,161.0,40.0,1
VCT 2025 Pacific Stage 2,https://www.vlr.gg/530356/drx-vs-talon-vct-2025-pacific-stage-2-ubsf,Haven,TALON,DRX,TALON,primmie,Yoru,223.0,17,15,6,151.0,28.0,1
VCT 2025 Pacific Stage 2,https://www.vlr.gg/530356/drx-vs-talon-vct-2025-pacific-stage-2-ubsf,Haven,TALON,DRX,TALON,Crws,Deadlock,202.0,15,14,3,126.0,33.0,1
VCT 2025 Pacific Stage 2,https://www.vlr.gg/530356/drx-vs-talon-vct-2025-pacific-stage-2-ubsf,Haven,TALON,DRX,TALON,thyy,Omen,166.0,13,12,10,109.0,43.0,1
VCT 2025 Pacific Stage 2,https://www.vlr.gg/530356/drx-vs-talon-vct-2025-pacific-stage-2-ubsf,Haven,TALON,DRX,TALON,Killua,Sova,171.0,15,13,3,117.0,26.0,1
VCT 2025 Pacific Stage 2,https://www.vlr.gg/530356/drx-vs-talon-vct-2025-pacific-stage-2-ubsf,Lotus,DRX,TALON,TALON,Estrella,Fade,179.0,12,13,9,112.0,26.0,0
VCT 2025 Pacific Stage 2,https://www.vlr.gg/530356/drx-vs-talon-vct-2025-pacific-stage-2-ubsf,Lotus,DRX,TALON,TALON,free1ng,Viper,196.0,13,13,8,125.0,44.0,0
VCT 2025 Pacific Stage 2,https://www.vlr.gg/530356/drx-vs-talon-vct-2025-pacific-stage-2-ubsf,Lotus,DRX,TALON,TALON,HYUNMIN,Raze,207.0,13,18,5,140.0,24.0,0
VCT 2025 Pacific Stage 2,https://www.vlr.gg/530356/drx-vs-talon-vct-2025-pacific-stage-2-ubsf,Lotus,DRX,TALON,TALON,Flashback,Vyse,178.0,13,16,3,109.0,39.0,0
VCT 2025 Pacific Stage 2,https://www.vlr.gg/530356/drx-vs-talon-vct-2025-pacific-stage-2-ubsf,Lotus,DRX,TALON,TALON,MaKo,Omen,115.0,7,16,6,66.0,25.0,0
VCT 2025 Pacific Stage 2,https://www.vlr.gg/530356/drx-vs-talon-vct-2025-pacific-stage-2-ubsf,Lotus,TALON,DRX,TALON,Killua,Fade,256.0,20,11,9,168.0,57.0,1
VCT 2025 Pacific Stage 2,https://www.vlr.gg/530356/drx-vs-talon-vct-2025-pacific-stage-2-ubsf,Lotus,TALON,DRX,TALON,JitBoyS,Vyse,201.0,15,10,4,125.0,16.0,1
VCT 2025 Pacific Stage 2,https://www.vlr.gg/530356/drx-vs-talon-vct-2025-pacific-stage-2-ubsf,Lotus,TALON,DRX,TALON,thyy,Raze,263.0,19,15,6,168.0,31.0,1
VCT 2025 Pacific Stage 2,https://www.vlr.gg/530356/drx-vs-talon-vct-2025-pacific-stage-2-ubsf,Lotus,TALON,DRX,TALON,Crws,Omen,126.0,9,9,10,74.0,26.0,1
VCT 2025 Pacific Stage 2,https://www.vlr.gg/530356/drx-vs-talon-vct-2025-pacific-stage-2-ubsf,Lotus,TALON,DRX,TALON,primmie,Yoru,166.0,13,13,4,100.0,32.0,1
VCT 2025 Pacific Stage 2,https://www.vlr.gg/530357/paper-rex-vs-t1-vct-2025-pacific-stage-2-ubsf,Sunset,Paper Rex,T1,Paper Rex,f0rsakeN,Omen,251.0,19,12,7,156.0,31.0,1
VCT 2025 Pacific Stage 2,https://www.vlr.gg/530357/paper-rex-vs-t1-vct-2025-pacific-stage-2-ubsf,Sunset,Paper Rex,T1,Paper Rex,Jinggg,Raze,288.0,20,16,6,187.0,27.0,1
VCT 2025 Pacific Stage 2,https://www.vlr.gg/530357/paper-rex-vs-t1-vct-2025-pacific-stage-2-ubsf,Sunset,Paper Rex,T1,Paper Rex,d4v41,Sage,182.0,15,12,6,112.0,39.0,1
VCT 2025 Pacific Stage 2,https://www.vlr.gg/530357/paper-rex-vs-t1-vct-2025-pacific-stage-2-ubsf,Sunset,Paper Rex,T1,Paper Rex,something,Sova,197.0,14,13,5,136.0,32.0,1
VCT 2025 Pacific Stage 2,https://www.vlr.gg/530357/paper-rex-vs-t1-vct-2025-pacific-stage-2-ubsf,Sunset,Paper Rex,T1,Paper Rex,PatMen,Viper,135.0,10,13,3,98.0,41.0,1
VCT 2025 Pacific Stage 2,https://www.vlr.gg/530357/paper-rex-vs-t1-vct-2025-pacific-stage-2-ubsf,Sunset,T1,Paper Rex,Paper Rex,Meteor,Cypher,258.0,19,15,5,149.0,21.0,0
VCT 2025 Pacific Stage 2,https://www.vlr.gg/530357/paper-rex-vs-t1-vct-2025-pacific-stage-2-ubsf,Sunset,T1,Paper Rex,Paper Rex,BuZz,Yoru,240.0,18,16,3,154.0,29.0,0
VCT 2025 Pacific Stage 2,https://www.vlr.gg/530357/paper-rex-vs-t1-vct-2025-pacific-stage-2-ubsf,Sunset,T1,Paper Rex,Paper Rex,DH,Omen,142.0,10,14,9,109.0,38.0,0
VCT 2025 Pacific Stage 2,https://www.vlr.gg/530357/paper-rex-vs-t1-vct-2025-pacific-stage-2-ubsf,Sunset,T1,Paper Rex,Paper Rex,stax,Sova,125.0,10,15,4,79.0,16.0,0
VCT 2025 Pacific Stage 2,https://www.vlr.gg/530357/paper-rex-vs-t1-vct-2025-pacific-stage-2-ubsf,Sunset,T1,Paper Rex,Paper Rex,iZu,Neon,161.0,9,18,8,108.0,16.0,0
VCT 2025 Pacific Stage 2,https://www.vlr.gg/530357/paper-rex-vs-t1-vct-2025-pacific-stage-2-ubsf,Bind,Paper Rex,T1,Paper Rex,Jinggg,Raze,352.0,24,9,3,226.0,24.0,1
VCT 2025 Pacific Stage 2,https://www.vlr.gg/530357/paper-rex-vs-t1-vct-2025-pacific-stage-2-ubsf,Bind,Paper Rex,T1,Paper Rex,f0rsakeN,Brimstone,221.0,16,10,9,160.0,44.0,1
VCT 2025 Pacific Stage 2,https://www.vlr.gg/530357/paper-rex-vs-t1-vct-2025-pacific-stage-2-ubsf,Bind,Paper Rex,T1,Paper Rex,something,Yoru,189.0,12,12,9,126.0,57.0,1
VCT 2025 Pacific Stage 2,https://www.vlr.gg/530357/paper-rex-vs-t1-vct-2025-pacific-stage-2-ubsf,Bind,Paper Rex,T1,Paper Rex,d4v41,Viper,162.0,12,12,4,110.0,32.0,1
VCT 2025 Pacific Stage 2,https://www.vlr.gg/530357/paper-rex-vs-t1-vct-2025-pacific-stage-2-ubsf,Bind,Paper Rex,T1,Paper Rex,PatMen,Fade,161.0,11,11,7,96.0,35.0,1
VCT 2025 Pacific Stage 2,https://www.vlr.gg/530357/paper-rex-vs-t1-vct-2025-pacific-stage-2-ubsf,Bind,T1,Paper Rex,Paper Rex,stax,Kayo,219.0,14,15,9,137.0,37.0,0
VCT 2025 Pacific Stage 2,https://www.vlr.gg/530357/paper-rex-vs-t1-vct-2025-pacific-stage-2-ubsf,Bind,T1,Paper Rex,Paper Rex,Meteor,Viper,227.0,14,15,3,144.0,21.0,0
VCT 2025 Pacific Stage 2,https://www.vlr.gg/530357/paper-rex-vs-t1-vct-2025-pacific-stage-2-ubsf,Bind,T1,Paper Rex,Paper Rex,DH,Brimstone,120.0,8,15,8,71.0,40.0,0
VCT 2025 Pacific Stage 2,https://www.vlr.gg/530357/paper-rex-vs-t1-vct-2025-pacific-stage-2-ubsf,Bind,T1,Paper Rex,Paper Rex,iZu,Gekko,140.0,8,14,4,98.0,23.0,0
VCT 2025 Pacific Stage 2,https://www.vlr.gg/530357/paper-rex-vs-t1-vct-2025-pacific-stage-2-ubsf,Bind,T1,Paper Rex,Paper Rex,BuZz,Raze,162.0,10,16,1,115.0,18.0,0
VCT 2025 Pacific Stage 2,https://www.vlr.gg/530358/nongshim-redforce-vs-detonation-focusme-vct-2025-pacific-stage-2-lr1,Lotus,Nongshim RedForce,DetonatioN FocusMe,Nongshim RedForce,Persia,Omen,245.0,18,9,8,164.0,33.0,1
VCT 2025 Pacific Stage 2,https://www.vlr.gg/530358/nongshim-redforce-vs-detonation-focusme-vct-2025-pacific-stage-2-lr1,Lotus,Nongshim RedForce,DetonatioN FocusMe,Nongshim RedForce,Dambi,Neon,280.0,20,11,7,173.0,17.0,1
VCT 2025 Pacific Stage 2,https://www.vlr.gg/530358/nongshim-redforce-vs-detonation-focusme-vct-2025-pacific-stage-2-lr1,Lotus,Nongshim RedForce,DetonatioN FocusMe,Nongshim RedForce,Ivy,Deadlock,156.0,12,6,10,88.0,28.0,1
VCT 2025 Pacific Stage 2,https://www.vlr.gg/530358/nongshim-redforce-vs-detonation-focusme-vct-2025-pacific-stage-2-lr1,Lotus,Nongshim RedForce,DetonatioN FocusMe,Nongshim RedForce,Francis,Fade,226.0,17,10,5,145.0,33.0,1
VCT 2025 Pacific Stage 2,https://www.vlr.gg/530358/nongshim-redforce-vs-detonation-focusme-vct-2025-pacific-stage-2-lr1,Lotus,Nongshim RedForce,DetonatioN FocusMe,Nongshim RedForce,Rb,Viper,141.0,9,13,1,98.0,31.0,1
VCT 2025 Pacific Stage 2,https://www.vlr.gg/530358/nongshim-redforce-vs-detonation-focusme-vct-2025-pacific-stage-2-lr1,Lotus,DetonatioN FocusMe,Nongshim RedForce,Nongshim RedForce,Akame,Raze,236.0,14,16,5,160.0,16.0,0
VCT 2025 Pacific Stage 2,https://www.vlr.gg/530358/nongshim-redforce-vs-detonation-focusme-vct-2025-pacific-stage-2-lr1,Lotus,DetonatioN FocusMe,Nongshim RedForce,Nongshim RedForce,Meiy,Yoru,194.0,12,13,5,130.0,45.0,0
VCT 2025 Pacific Stage 2,https://www.vlr.gg/530358/nongshim-redforce-vs-detonation-focusme-vct-2025-pacific-stage-2-lr1,Lotus,DetonatioN FocusMe,Nongshim RedForce,Nongshim RedForce,Jinboong,Fade,133.0,8,16,4,94.0,25.0,0
VCT 2025 Pacific Stage 2,https://www.vlr.gg/530358/nongshim-redforce-vs-detonation-focusme-vct-2025-pacific-stage-2-lr1,Lotus,DetonatioN FocusMe,Nongshim RedForce,Nongshim RedForce,gyen,Viper,145.0,10,17,1,96.0,38.0,0
VCT 2025 Pacific Stage 2,https://www.vlr.gg/530358/nongshim-redforce-vs-detonation-focusme-vct-2025-pacific-stage-2-lr1,Lotus,DetonatioN FocusMe,Nongshim RedForce,Nongshim RedForce,SSeeS,Omen,89.0,5,14,4,56.0,13.0,0
VCT 2025 Pacific Stage 2,https://www.vlr.gg/530358/nongshim-redforce-vs-detonation-focusme-vct-2025-pacific-stage-2-lr1,Ascent,Nongshim RedForce,DetonatioN FocusMe,Nongshim RedForce,Rb,Viper,230.0,19,12,8,156.0,25.0,1
VCT 2025 Pacific Stage 2,https://www.vlr.gg/530358/nongshim-redforce-vs-detonation-focusme-vct-2025-pacific-stage-2-lr1,Ascent,Nongshim RedForce,DetonatioN FocusMe,Nongshim RedForce,Dambi,Neon,200.0,18,15,8,126.0,16.0,1
VCT 2025 Pacific Stage 2,https://www.vlr.gg/530358/nongshim-redforce-vs-detonation-focusme-vct-2025-pacific-stage-2-lr1,Ascent,Nongshim RedForce,DetonatioN FocusMe,Nongshim RedForce,Francis,Sova,197.0,17,15,9,131.0,26.0,1
VCT 2025 Pacific Stage 2,https://www.vlr.gg/530358/nongshim-redforce-vs-detonation-focusme-vct-2025-pacific-stage-2-lr1,Ascent,Nongshim RedForce,DetonatioN FocusMe,Nongshim RedForce,Persia,Omen,160.0,12,15,11,98.0,21.0,1
VCT 2025 Pacific Stage 2,https://www.vlr.gg/530358/nongshim-redforce-vs-detonation-focusme-vct-2025-pacific-stage-2-lr1,Ascent,Nongshim RedForce,DetonatioN FocusMe,Nongshim RedForce,Ivy,Killjoy,167.0,14,15,4,115.0,27.0,1
VCT 2025 Pacific Stage 2,https://www.vlr.gg/530358/nongshim-redforce-vs-detonation-focusme-vct-2025-pacific-stage-2-lr1,Ascent,DetonatioN FocusMe,Nongshim RedForce,Nongshim RedForce,gyen,Omen,213.0,19,14,11,142.0,33.0,0
VCT 2025 Pacific Stage 2,https://www.vlr.gg/530358/nongshim-redforce-vs-detonation-focusme-vct-2025-pacific-stage-2-lr1,Ascent,DetonatioN FocusMe,Nongshim RedForce,Nongshim RedForce,Jinboong,Killjoy,236.0,17,16,4,160.0,33.0,0
VCT 2025 Pacific Stage 2,https://www.vlr.gg/530358/nongshim-redforce-vs-detonation-focusme-vct-2025-pacific-stage-2-lr1,Ascent,DetonatioN FocusMe,Nongshim RedForce,Nongshim RedForce,Meiy,Jett,206.0,17,17,3,124.0,23.0,0
VCT 2025 Pacific Stage 2,https://www.vlr.gg/530358/nongshim-redforce-vs-detonation-focusme-vct-2025-pacific-stage-2-lr1,Ascent,DetonatioN FocusMe,Nongshim RedForce,Nongshim RedForce,SSeeS,Sova,161.0,12,16,3,107.0,22.0,0
VCT 2025 Pacific Stage 2,https://www.vlr.gg/530358/nongshim-redforce-vs-detonation-focusme-vct-2025-pacific-stage-2-lr1,Ascent,DetonatioN FocusMe,Nongshim RedForce,Nongshim RedForce,Akame,Kayo,107.0,7,18,9,82.0,25.0,0
VCT 2025 Pacific Stage 2,https://www.vlr.gg/530359/rex-regum-qeon-vs-gen-g-vct-2025-pacific-stage-2-lr1,Haven,Rex Regum Qeon,Gen.G,Gen.G,crazyguy,Omen,224.0,17,13,13,129.0,24.0,0
VCT 2025 Pacific Stage 2,https://www.vlr.gg/530359/rex-regum-qeon-vs-gen-g-vct-2025-pacific-stage-2-lr1,Haven,Rex Regum Qeon,Gen.G,Gen.G,Jemkin,Yoru,229.0,18,15,6,134.0,21.0,0
VCT 2025 Pacific Stage 2,https://www.vlr.gg/530359/rex-regum-qeon-vs-gen-g-vct-2025-pacific-stage-2-lr1,Haven,Rex Regum Qeon,Gen.G,Gen.G,Monyet,Neon,222.0,16,16,8,141.0,32.0,0
VCT 2025 Pacific Stage 2,https://www.vlr.gg/530359/rex-regum-qeon-vs-gen-g-vct-2025-pacific-stage-2-lr1,Haven,Rex Regum Qeon,Gen.G,Gen.G,Kushy,Sova,105.0,7,16,6,75.0,20.0,0
VCT 2025 Pacific Stage 2,https://www.vlr.gg/530359/rex-regum-qeon-vs-gen-g-vct-2025-pacific-stage-2-lr1,Haven,Rex Regum Qeon,Gen.G,Gen.G,xffero,Cypher,96.0,8,15,1,58.0,26.0,0
VCT 2025 Pacific Stage 2,https://www.vlr.gg/530359/rex-regum-qeon-vs-gen-g-vct-2025-pacific-stage-2-lr1,Haven,Gen.G,Rex Regum Qeon,Gen.G,t3xture,Neon,272.0,23,13,3,165.0,31.0,1
VCT 2025 Pacific Stage 2,https://www.vlr.gg/530359/rex-regum-qeon-vs-gen-g-vct-2025-pacific-stage-2-lr1,Haven,Gen.G,Rex Regum Qeon,Gen.G,Foxy9,Killjoy,160.0,12,11,2,132.0,27.0,1
VCT 2025 Pacific Stage 2,https://www.vlr.gg/530359/rex-regum-qeon-vs-gen-g-vct-2025-pacific-stage-2-lr1,Haven,Gen.G,Rex Regum Qeon,Gen.G,Karon,Omen,164.0,14,13,9,95.0,50.0,1
VCT 2025 Pacific Stage 2,https://www.vlr.gg/530359/rex-regum-qeon-vs-gen-g-vct-2025-pacific-stage-2-lr1,Haven,Gen.G,Rex Regum Qeon,Gen.G,Munchkin,Viper,181.0,14,15,13,115.0,17.0,1
VCT 2025 Pacific Stage 2,https://www.vlr.gg/530359/rex-regum-qeon-vs-gen-g-vct-2025-pacific-stage-2-lr1,Haven,Gen.G,Rex Regum Qeon,Gen.G,Ash,Sova,179.0,12,14,7,122.0,7.0,1
VCT 2025 Pacific Stage 2,https://www.vlr.gg/530359/rex-regum-qeon-vs-gen-g-vct-2025-pacific-stage-2-lr1,Sunset,Rex Regum Qeon,Gen.G,Rex Regum Qeon,Jemkin,Waylay,271.0,24,15,4,172.0,45.0,1
VCT 2025 Pacific Stage 2,https://www.vlr.gg/530359/rex-regum-qeon-vs-gen-g-vct-2025-pacific-stage-2-lr1,Sunset,Rex Regum Qeon,Gen.G,Rex Regum Qeon,crazyguy,Breach,228.0,19,13,8,141.0,59.0,1
VCT 2025 Pacific Stage 2,https://www.vlr.gg/530359/rex-regum-qeon-vs-gen-g-vct-2025-pacific-stage-2-lr1,Sunset,Rex Regum Qeon,Gen.G,Rex Regum Qeon,xffero,Cypher,154.0,14,10,7,100.0,23.0,1
VCT 2025 Pacific Stage 2,https://www.vlr.gg/530359/rex-regum-qeon-vs-gen-g-vct-2025-pacific-stage-2-lr1,Sunset,Rex Regum Qeon,Gen.G,Rex Regum Qeon,Monyet,Omen,202.0,17,14,11,140.0,44.0,1
VCT 2025 Pacific Stage 2,https://www.vlr.gg/530359/rex-regum-qeon-vs-gen-g-vct-2025-pacific-stage-2-lr1,Sunset,Rex Regum Qeon,Gen.G,Rex Regum Qeon,Kushy,Fade,104.0,10,16,5,76.0,33.0,1
VCT 2025 Pacific Stage 2,https://www.vlr.gg/530359/rex-regum-qeon-vs-gen-g-vct-2025-pacific-stage-2-lr1,Sunset,Gen.G,Rex Regum Qeon,Rex Regum Qeon,Karon,Omen,151.0,14,13,10,101.0,32.0,0
VCT 2025 Pacific Stage 2,https://www.vlr.gg/530359/rex-regum-qeon-vs-gen-g-vct-2025-pacific-stage-2-lr1,Sunset,Gen.G,Rex Regum Qeon,Rex Regum Qeon,Ash,Sova,159.0,13,17,4,108.0,20.0,0
VCT 2025 Pacific Stage 2,https://www.vlr.gg/530359/rex-regum-qeon-vs-gen-g-vct-2025-pacific-stage-2-lr1,Sunset,Gen.G,Rex Regum Qeon,Rex Regum Qeon,t3xture,Neon,202.0,15,20,7,130.0,25.0,0
VCT 2025 Pacific Stage 2,https://www.vlr.gg/530359/rex-regum-qeon-vs-gen-g-vct-2025-pacific-stage-2-lr1,Sunset,Gen.G,Rex Regum Qeon,Rex Regum Qeon,Munchkin,Viper,168.0,12,16,6,108.0,29.0,0
VCT 2025 Pacific Stage 2,https://www.vlr.gg/530359/rex-regum-qeon-vs-gen-g-vct-2025-pacific-stage-2-lr1,Sunset,Gen.G,Rex Regum Qeon,Rex Regum Qeon,Foxy9,Deadlock,156.0,14,18,5,101.0,48.0,0
VCT 2025 Pacific Stage 2,https://www.vlr.gg/530359/rex-regum-qeon-vs-gen-g-vct-2025-pacific-stage-2-lr1,Corrode,Rex Regum Qeon,Gen.G,Rex Regum Qeon,xffero,Viper,279.0,18,9,6,195.0,35.0,1
VCT 2025 Pacific Stage 2,https://www.vlr.gg/530359/rex-regum-qeon-vs-gen-g-vct-2025-pacific-stage-2-lr1,Corrode,Rex Regum Qeon,Gen.G,Rex Regum Qeon,Monyet,Neon,276.0,19,12,5,178.0,27.0,1
VCT 2025 Pacific Stage 2,https://www.vlr.gg/530359/rex-regum-qeon-vs-gen-g-vct-2025-pacific-stage-2-lr1,Corrode,Rex Regum Qeon,Gen.G,Rex Regum Qeon,Kushy,Fade,223.0,15,12,9,134.0,31.0,1
VCT 2025 Pacific Stage 2,https://www.vlr.gg/530359/rex-regum-qeon-vs-gen-g-vct-2025-pacific-stage-2-lr1,Corrode,Rex Regum Qeon,Gen.G,Rex Regum Qeon,crazyguy,Omen,194.0,14,10,6,126.0,32.0,1
VCT 2025 Pacific Stage 2,https://www.vlr.gg/530359/rex-regum-qeon-vs-gen-g-vct-2025-pacific-stage-2-lr1,Corrode,Rex Regum Qeon,Gen.G,Rex Regum Qeon,Jemkin,Waylay,209.0,15,12,0,114.0,23.0,1
VCT 2025 Pacific Stage 2,https://www.vlr.gg/530359/rex-regum-qeon-vs-gen-g-vct-2025-pacific-stage-2-lr1,Corrode,Gen.G,Rex Regum Qeon,Rex Regum Qeon,Karon,Omen,154.0,10,16,12,107.0,50.0,0
VCT 2025 Pacific Stage 2,https://www.vlr.gg/530359/rex-regum-qeon-vs-gen-g-vct-2025-pacific-stage-2-lr1,Corrode,Gen.G,Rex Regum Qeon,Rex Regum Qeon,t3xture,Neon,233.0,14,18,4,153.0,32.0,0
VCT 2025 Pacific Stage 2,https://www.vlr.gg/530359/rex-regum-qeon-vs-gen-g-vct-2025-pacific-stage-2-lr1,Corrode,Gen.G,Rex Regum Qeon,Rex Regum Qeon,Munchkin,Viper,170.0,12,15,4,104.0,28.0,0
VCT 2025 Pacific Stage 2,https://www.vlr.gg/530359/rex-regum-qeon-vs-gen-g-vct-2025-pacific-stage-2-lr1,Corrode,Gen.G,Rex Regum Qeon,Rex Regum Qeon,Ash,Fade,139.0,10,16,5,85.0,32.0,0
VCT 2025 Pacific Stage 2,https://www.vlr.gg/530359/rex-regum-qeon-vs-gen-g-vct-2025-pacific-stage-2-lr1,Corrode,Gen.G,Rex Regum Qeon,Rex Regum Qeon,Foxy9,Sage,146.0,9,16,6,97.0,30.0,0
VCT 2025 Pacific Stage 2,https://www.vlr.gg/530360/t1-vs-nongshim-redforce-vct-2025-pacific-stage-2-lr2,Ascent,T1,Nongshim RedForce,T1,DH,Omen,204.0,18,13,11,127.0,44.0,1
VCT 2025 Pacific Stage 2,https://www.vlr.gg/530360/t1-vs-nongshim-redforce-vct-2025-pacific-stage-2-lr2,Ascent,T1,Nongshim RedForce,T1,Meteor,Vyse,254.0,19,16,8,157.0,28.0,1
VCT 2025 Pacific Stage 2,https://www.vlr.gg/530360/t1-vs-nongshim-redforce-vct-2025-pacific-stage-2-lr2,Ascent,T1,Nongshim RedForce,T1,BuZz,Chamber,192.0,16,14,3,123.0,16.0,1
VCT 2025 Pacific Stage 2,https://www.vlr.gg/530360/t1-vs-nongshim-redforce-vct-2025-pacific-stage-2-lr2,Ascent,T1,Nongshim RedForce,T1,stax,Sova,153.0,11,14,6,107.0,12.0,1
VCT 2025 Pacific Stage 2,https://www.vlr.gg/530360/t1-vs-nongshim-redforce-vct-2025-pacific-stage-2-lr2,Ascent,T1,Nongshim RedForce,T1,iZu,Yoru,178.0,15,16,3,117.0,26.0,1
VCT 2025 Pacific Stage 2,https://www.vlr.gg/530360/t1-vs-nongshim-redforce-vct-2025-pacific-stage-2-lr2,Ascent,Nongshim RedForce,T1,T1,Rb,Viper,333.0,27,14,2,198.0,35.0,0
VCT 2025 Pacific Stage 2,https://www.vlr.gg/530360/t1-vs-nongshim-redforce-vct-2025-pacific-stage-2-lr2,Ascent,Nongshim RedForce,T1,T1,Francis,Sova,201.0,13,17,5,139.0,30.0,0
VCT 2025 Pacific Stage 2,https://www.vlr.gg/530360/t1-vs-nongshim-redforce-vct-2025-pacific-stage-2-lr2,Ascent,Nongshim RedForce,T1,T1,Dambi,Neon,184.0,14,17,1,106.0,18.0,0
VCT 2025 Pacific Stage 2,https://www.vlr.gg/530360/t1-vs-nongshim-redforce-vct-2025-pacific-stage-2-lr2,Ascent,Nongshim RedForce,T1,T1,Ivy,Killjoy,141.0,10,16,2,97.0,36.0,0
VCT 2025 Pacific Stage 2,https://www.vlr.gg/530360/t1-vs-nongshim-redforce-vct-2025-pacific-stage-2-lr2,Ascent,Nongshim RedForce,T1,T1,Persia,Omen,114.0,9,15,7,64.0,21.0,0
VCT 2025 Pacific Stage 2,https://www.vlr.gg/530360/t1-vs-nongshim-redforce-vct-2025-pacific-stage-2-lr2,Lotus,T1,Nongshim RedForce,T1,Meteor,Vyse,230.0,17,11,6,156.0,31.0,1
VCT 2025 Pacific Stage 2,https://www.vlr.gg/530360/t1-vs-nongshim-redforce-vct-2025-pacific-stage-2-lr2,Lotus,T1,Nongshim RedForce,T1,stax,Fade,169.0,11,8,10,118.0,33.0,1
VCT 2025 Pacific Stage 2,https://www.vlr.gg/530360/t1-vs-nongshim-redforce-vct-2025-pacific-stage-2-lr2,Lotus,T1,Nongshim RedForce,T1,BuZz,Yoru,242.0,16,10,7,161.0,24.0,1
VCT 2025 Pacific Stage 2,https://www.vlr.gg/530360/t1-vs-nongshim-redforce-vct-2025-pacific-stage-2-lr2,Lotus,T1,Nongshim RedForce,T1,DH,Omen,184.0,12,10,14,128.0,36.0,1
VCT 2025 Pacific Stage 2,https://www.vlr.gg/530360/t1-vs-nongshim-redforce-vct-2025-pacific-stage-2-lr2,Lotus,T1,Nongshim RedForce,T1,iZu,Neon,289.0,20,15,6,197.0,25.0,1
VCT 2025 Pacific Stage 2,https://www.vlr.gg/530360/t1-vs-nongshim-redforce-vct-2025-pacific-stage-2-lr2,Lotus,Nongshim RedForce,T1,T1,Dambi,Neon,229.0,15,16,3,149.0,26.0,0
VCT 2025 Pacific Stage 2,https://www.vlr.gg/530360/t1-vs-nongshim-redforce-vct-2025-pacific-stage-2-lr2,Lotus,Nongshim RedForce,T1,T1,Ivy,Deadlock,220.0,13,14,4,140.0,27.0,0
VCT 2025 Pacific Stage 2,https://www.vlr.gg/530360/t1-vs-nongshim-redforce-vct-2025-pacific-stage-2-lr2,Lotus,Nongshim RedForce,T1,T1,Persia,Omen,139.0,9,17,9,84.0,24.0,0
VCT 2025 Pacific Stage 2,https://www.vlr.gg/530360/t1-vs-nongshim-redforce-vct-2025-pacific-stage-2-lr2,Lotus,Nongshim RedForce,T1,T1,Rb,Viper,149.0,10,15,3,92.0,21.0,0
VCT 2025 Pacific Stage 2,https://www.vlr.gg/530360/t1-vs-nongshim-redforce-vct-2025-pacific-stage-2-lr2,Lotus,Nongshim RedForce,T1,T1,Francis,Fade,125.0,7,14,8,83.0,16.0,0
VCT 2025 Pacific Stage 2,https://www.vlr.gg/530361/drx-vs-rex-regum-qeon-vct-2025-pacific-stage-2-lr2,Icebox,DRX,Rex Regum Qeon,Rex Regum Qeon,MaKo,Viper,216.0,15,16,5,157.0,28.0,0
VCT 2025 Pacific Stage 2,https://www.vlr.gg/530361/drx-vs-rex-regum-qeon-vct-2025-pacific-stage-2-lr2,Icebox,DRX,Rex Regum Qeon,Rex Regum Qeon,Flashback,Killjoy,196.0,14,16,4,130.0,39.0,0
VCT 2025 Pacific Stage 2,https://www.vlr.gg/530361/drx-vs-rex-regum-qeon-vct-2025-pacific-stage-2-lr2,Icebox,DRX,Rex Regum Qeon,Rex Regum Qeon,free1ng,Sova,202.0,13,17,4,138.0,36.0,0
VCT 2025 Pacific Stage 2,https://www.vlr.gg/530361/drx-vs-rex-regum-qeon-vct-2025-pacific-stage-2-lr2,Icebox,DRX,Rex Regum Qeon,Rex Regum Qeon,HYUNMIN,Jett,184.0,11,15,4,125.0,22.0,0
VCT 2025 Pacific Stage 2,https://www.vlr.gg/530361/drx-vs-rex-regum-qeon-vct-2025-pacific-stage-2-lr2,Icebox,DRX,Rex Regum Qeon,Rex Regum Qeon,Estrella,Sage,131.0,8,16,13,81.0,36.0,0
VCT 2025 Pacific Stage 2,https://www.vlr.gg/530361/drx-vs-rex-regum-qeon-vct-2025-pacific-stage-2-lr2,Icebox,Rex Regum Qeon,DRX,Rex Regum Qeon,Kushy,Sova,306.0,23,12,7,195.0,36.0,1
VCT 2025 Pacific Stage 2,https://www.vlr.gg/530361/drx-vs-rex-regum-qeon-vct-2025-pacific-stage-2-lr2,Icebox,Rex Regum Qeon,DRX,Rex Regum Qeon,crazyguy,Sage,232.0,15,13,13,145.0,37.0,1
VCT 2025 Pacific Stage 2,https://www.vlr.gg/530361/drx-vs-rex-regum-qeon-vct-2025-pacific-stage-2-lr2,Icebox,Rex Regum Qeon,DRX,Rex Regum Qeon,xffero,Killjoy,218.0,16,10,2,141.0,28.0,1
VCT 2025 Pacific Stage 2,https://www.vlr.gg/530361/drx-vs-rex-regum-qeon-vct-2025-pacific-stage-2-lr2,Icebox,Rex Regum Qeon,DRX,Rex Regum Qeon,Monyet,Viper,209.0,13,12,12,146.0,15.0,1
VCT 2025 Pacific Stage 2,https://www.vlr.gg/530361/drx-vs-rex-regum-qeon-vct-2025-pacific-stage-2-lr2,Icebox,Rex Regum Qeon,DRX,Rex Regum Qeon,Jemkin,Jett,161.0,13,14,1,107.0,55.0,1
VCT 2025 Pacific Stage 2,https://www.vlr.gg/530361/drx-vs-rex-regum-qeon-vct-2025-pacific-stage-2-lr2,Corrode,DRX,Rex Regum Qeon,Rex Regum Qeon,HYUNMIN,Neon,268.0,21,17,2,176.0,30.0,0
VCT 2025 Pacific Stage 2,https://www.vlr.gg/530361/drx-vs-rex-regum-qeon-vct-2025-pacific-stage-2-lr2,Corrode,DRX,Rex Regum Qeon,Rex Regum Qeon,Flashback,Vyse,246.0,18,14,1,157.0,32.0,0
VCT 2025 Pacific Stage 2,https://www.vlr.gg/530361/drx-vs-rex-regum-qeon-vct-2025-pacific-stage-2-lr2,Corrode,DRX,Rex Regum Qeon,Rex Regum Qeon,MaKo,Omen,183.0,13,17,6,106.0,42.0,0
VCT 2025 Pacific Stage 2,https://www.vlr.gg/530361/drx-vs-rex-regum-qeon-vct-2025-pacific-stage-2-lr2,Corrode,DRX,Rex Regum Qeon,Rex Regum Qeon,free1ng,Viper,144.0,12,16,2,115.0,28.0,0
VCT 2025 Pacific Stage 2,https://www.vlr.gg/530361/drx-vs-rex-regum-qeon-vct-2025-pacific-stage-2-lr2,Corrode,DRX,Rex Regum Qeon,Rex Regum Qeon,Estrella,Fade,91.0,5,18,6,64.0,31.0,0
VCT 2025 Pacific Stage 2,https://www.vlr.gg/530361/drx-vs-rex-regum-qeon-vct-2025-pacific-stage-2-lr2,Corrode,Rex Regum Qeon,DRX,Rex Regum Qeon,Monyet,Neon,307.0,24,15,6,177.0,16.0,1
VCT 2025 Pacific Stage 2,https://www.vlr.gg/530361/drx-vs-rex-regum-qeon-vct-2025-pacific-stage-2-lr2,Corrode,Rex Regum Qeon,DRX,Rex Regum Qeon,xffero,Viper,217.0,19,11,4,131.0,30.0,1
VCT 2025 Pacific Stage 2,https://www.vlr.gg/530361/drx-vs-rex-regum-qeon-vct-2025-pacific-stage-2-lr2,Corrode,Rex Regum Qeon,DRX,Rex Regum Qeon,Jemkin,Waylay,230.0,18,14,5,131.0,37.0,1
VCT 2025 Pacific Stage 2,https://www.vlr.gg/530361/drx-vs-rex-regum-qeon-vct-2025-pacific-stage-2-lr2,Corrode,Rex Regum Qeon,DRX,Rex Regum Qeon,crazyguy,Omen,148.0,11,14,11,105.0,31.0,1
VCT 2025 Pacific Stage 2,https://www.vlr.gg/530361/drx-vs-rex-regum-qeon-vct-2025-pacific-stage-2-lr2,Corrode,Rex Regum Qeon,DRX,Rex Regum Qeon,Kushy,Fade,142.0,10,15,9,95.0,23.0,1
VCT 2025 Pacific Stage 2,https://www.vlr.gg/530362/talon-vs-paper-rex-vct-2025-pacific-stage-2-ubf,Haven,TALON,Paper Rex,Paper Rex,primmie,Yoru,242.0,22,19,4,156.0,43.0,0
VCT 2025 Pacific Stage 2,https://www.vlr.gg/530362/talon-vs-paper-rex-vct-2025-pacific-stage-2-ubf,Haven,TALON,Paper Rex,Paper Rex,thyy,Omen,198.0,17,18,7,139.0,32.0,0
VCT 2025 Pacific Stage 2,https://www.vlr.gg/530362/talon-vs-paper-rex-vct-2025-pacific-stage-2-ubf,Haven,TALON,Paper Rex,Paper Rex,JitBoyS,Cypher,182.0,15,17,9,113.0,30.0,0
VCT 2025 Pacific Stage 2,https://www.vlr.gg/530362/talon-vs-paper-rex-vct-2025-pacific-stage-2-ubf,Haven,TALON,Paper Rex,Paper Rex,Killua,Sova,165.0,14,20,5,129.0,28.0,0
VCT 2025 Pacific Stage 2,https://www.vlr.gg/530362/talon-vs-paper-rex-vct-2025-pacific-stage-2-ubf,Haven,TALON,Paper Rex,Paper Rex,Crws,Deadlock,130.0,10,18,6,95.0,22.0,0
VCT 2025 Pacific Stage 2,https://www.vlr.gg/530362/talon-vs-paper-rex-vct-2025-pacific-stage-2-ubf,Haven,Paper Rex,TALON,Paper Rex,something,Yoru,282.0,27,12,2,171.0,20.0,1
VCT 2025 Pacific Stage 2,https://www.vlr.gg/530362/talon-vs-paper-rex-vct-2025-pacific-stage-2-ubf,Haven,Paper Rex,TALON,Paper Rex,Jinggg,Omen,243.0,20,17,13,166.0,32.0,1
VCT 2025 Pacific Stage 2,https://www.vlr.gg/530362/talon-vs-paper-rex-vct-2025-pacific-stage-2-ubf,Haven,Paper Rex,TALON,Paper Rex,PatMen,Fade,190.0,17,17,3,121.0,34.0,1
VCT 2025 Pacific Stage 2,https://www.vlr.gg/530362/talon-vs-paper-rex-vct-2025-pacific-stage-2-ubf,Haven,Paper Rex,TALON,Paper Rex,d4v41,Vyse,156.0,11,14,6,114.0,29.0,1
VCT 2025 Pacific Stage 2,https://www.vlr.gg/530362/talon-vs-paper-rex-vct-2025-pacific-stage-2-ubf,Haven,Paper Rex,TALON,Paper Rex,f0rsakeN,Waylay,194.0,17,18,5,133.0,28.0,1
VCT 2025 Pacific Stage 2,https://www.vlr.gg/530362/talon-vs-paper-rex-vct-2025-pacific-stage-2-ubf,Bind,TALON,Paper Rex,Paper Rex,Killua,Gekko,219.0,16,15,4,137.0,38.0,0
VCT 2025 Pacific Stage 2,https://www.vlr.gg/530362/talon-vs-paper-rex-vct-2025-pacific-stage-2-ubf,Bind,TALON,Paper Rex,Paper Rex,thyy,Raze,230.0,16,17,4,159.0,33.0,0
VCT 2025 Pacific Stage 2,https://www.vlr.gg/530362/talon-vs-paper-rex-vct-2025-pacific-stage-2-ubf,Bind,TALON,Paper Rex,Paper Rex,primmie,Deadlock,194.0,14,15,8,119.0,43.0,0
VCT 2025 Pacific Stage 2,https://www.vlr.gg/530362/talon-vs-paper-rex-vct-2025-pacific-stage-2-ubf,Bind,TALON,Paper Rex,Paper Rex,JitBoyS,Astra,138.0,9,14,5,97.0,54.0,0
VCT 2025 Pacific Stage 2,https://www.vlr.gg/530362/talon-vs-paper-rex-vct-2025-pacific-stage-2-ubf,Bind,TALON,Paper Rex,Paper Rex,Crws,Fade,79.0,5,17,7,49.0,17.0,0
VCT 2025 Pacific Stage 2,https://www.vlr.gg/530362/talon-vs-paper-rex-vct-2025-pacific-stage-2-ubf,Bind,Paper Rex,TALON,Paper Rex,f0rsakeN,Brimstone,263.0,21,9,4,175.0,40.0,1
VCT 2025 Pacific Stage 2,https://www.vlr.gg/530362/talon-vs-paper-rex-vct-2025-pacific-stage-2-ubf,Bind,Paper Rex,TALON,Paper Rex,PatMen,Fade,165.0,13,10,10,112.0,35.0,1
VCT 2025 Pacific Stage 2,https://www.vlr.gg/530362/talon-vs-paper-rex-vct-2025-pacific-stage-2-ubf,Bind,Paper Rex,TALON,Paper Rex,Jinggg,Raze,224.0,16,14,4,153.0,17.0,1
VCT 2025 Pacific Stage 2,https://www.vlr.gg/530362/talon-vs-paper-rex-vct-2025-pacific-stage-2-ubf,Bind,Paper Rex,TALON,Paper Rex,something,Yoru,203.0,15,12,4,117.0,37.0,1
VCT 2025 Pacific Stage 2,https://www.vlr.gg/530362/talon-vs-paper-rex-vct-2025-pacific-stage-2-ubf,Bind,Paper Rex,TALON,Paper Rex,d4v41,Viper,195.0,13,15,8,129.0,21.0,1
VCT 2025 Pacific Stage 2,https://www.vlr.gg/530363/t1-vs-rex-regum-qeon-vct-2025-pacific-stage-2-lr3,Sunset,T1,Rex Regum Qeon,T1,iZu,Neon,337.0,29,18,6,207.0,24.0,1
VCT 2025 Pacific Stage 2,https://www.vlr.gg/530363/t1-vs-rex-regum-qeon-vct-2025-pacific-stage-2-lr3,Sunset,T1,Rex Regum Qeon,T1,DH,Omen,231.0,20,14,6,150.0,43.0,1
VCT 2025 Pacific Stage 2,https://www.vlr.gg/530363/t1-vs-rex-regum-qeon-vct-2025-pacific-stage-2-lr3,Sunset,T1,Rex Regum Qeon,T1,Meteor,Cypher,250.0,20,19,11,164.0,28.0,1
VCT 2025 Pacific Stage 2,https://www.vlr.gg/530363/t1-vs-rex-regum-qeon-vct-2025-pacific-stage-2-lr3,Sunset,T1,Rex Regum Qeon,T1,stax,Sova,147.0,13,14,3,99.0,28.0,1
VCT 2025 Pacific Stage 2,https://www.vlr.gg/530363/t1-vs-rex-regum-qeon-vct-2025-pacific-stage-2-lr3,Sunset,T1,Rex Regum Qeon,T1,BuZz,Yoru,123.0,11,16,5,81.0,35.0,1
VCT 2025 Pacific Stage 2,https://www.vlr.gg/530363/t1-vs-rex-regum-qeon-vct-2025-pacific-stage-2-lr3,Sunset,Rex Regum Qeon,T1,T1,Monyet,Omen,276.0,21,18,14,199.0,36.0,0
VCT 2025 Pacific Stage 2,https://www.vlr.gg/530363/t1-vs-rex-regum-qeon-vct-2025-pacific-stage-2-lr3,Sunset,Rex Regum Qeon,T1,T1,xffero,Cypher,145.0,14,15,3,97.0,23.0,0
VCT 2025 Pacific Stage 2,https://www.vlr.gg/530363/t1-vs-rex-regum-qeon-vct-2025-pacific-stage-2-lr3,Sunset,Rex Regum Qeon,T1,T1,crazyguy,Breach,188.0,17,23,4,120.0,21.0,0
VCT 2025 Pacific Stage 2,https://www.vlr.gg/530363/t1-vs-rex-regum-qeon-vct-2025-pacific-stage-2-lr3,Sunset,Rex Regum Qeon,T1,T1,Jemkin,Waylay,197.0,17,19,6,128.0,34.0,0
VCT 2025 Pacific Stage 2,https://www.vlr.gg/530363/t1-vs-rex-regum-qeon-vct-2025-pacific-stage-2-lr3,Sunset,Rex Regum Qeon,T1,T1,Kushy,Fade,148.0,12,18,7,102.0,33.0,0
VCT 2025 Pacific Stage 2,https://www.vlr.gg/530363/t1-vs-rex-regum-qeon-vct-2025-pacific-stage-2-lr3,Haven,T1,Rex Regum Qeon,Rex Regum Qeon,DH,Omen,229.0,23,16,17,150.0,32.0,0
VCT 2025 Pacific Stage 2,https://www.vlr.gg/530363/t1-vs-rex-regum-qeon-vct-2025-pacific-stage-2-lr3,Haven,T1,Rex Regum Qeon,Rex Regum Qeon,Meteor,Cypher,259.0,22,21,9,185.0,33.0,0
VCT 2025 Pacific Stage 2,https://www.vlr.gg/530363/t1-vs-rex-regum-qeon-vct-2025-pacific-stage-2-lr3,Haven,T1,Rex Regum Qeon,Rex Regum Qeon,BuZz,Yoru,228.0,23,22,8,138.0,31.0,0
VCT 2025 Pacific Stage 2,https://www.vlr.gg/530363/t1-vs-rex-regum-qeon-vct-2025-pacific-stage-2-lr3,Haven,T1,Rex Regum Qeon,Rex Regum Qeon,iZu,Neon,153.0,15,21,5,112.0,28.0,0
VCT 2025 Pacific Stage 2,https://www.vlr.gg/530363/t1-vs-rex-regum-qeon-vct-2025-pacific-stage-2-lr3,Haven,T1,Rex Regum Qeon,Rex Regum Qeon,stax,Sova,85.0,7,20,4,69.0,25.0,0
VCT 2025 Pacific Stage 2,https://www.vlr.gg/530363/t1-vs-rex-regum-qeon-vct-2025-pacific-stage-2-lr3,Haven,Rex Regum Qeon,T1,Rex Regum Qeon,xffero,Cypher,235.0,25,12,6,172.0,32.0,1
VCT 2025 Pacific Stage 2,https://www.vlr.gg/530363/t1-vs-rex-regum-qeon-vct-2025-pacific-stage-2-lr3,Haven,Rex Regum Qeon,T1,Rex Regum Qeon,crazyguy,Omen,244.0,24,20,20,149.0,18.0,1
VCT 2025 Pacific Stage 2,https://www.vlr.gg/530363/t1-vs-rex-regum-qeon-vct-2025-pacific-stage-2-lr3,Haven,Rex Regum Qeon,T1,Rex Regum Qeon,Jemkin,Yoru,242.0,23,18,4,155.0,48.0,1
VCT 2025 Pacific Stage 2,https://www.vlr.gg/530363/t1-vs-rex-regum-qeon-vct-2025-pacific-stage-2-lr3,Haven,Rex Regum Qeon,T1,Rex Regum Qeon,Kushy,Sova,144.0,12,18,8,104.0,25.0,1
VCT 2025 Pacific Stage 2,https://www.vlr.gg/530363/t1-vs-rex-regum-qeon-vct-2025-pacific-stage-2-lr3,Haven,Rex Regum Qeon,T1,Rex Regum Qeon,Monyet,Neon,168.0,16,22,7,111.0,17.0,1
VCT 2025 Pacific Stage 2,https://www.vlr.gg/530363/t1-vs-rex-regum-qeon-vct-2025-pacific-stage-2-lr3,Ascent,T1,Rex Regum Qeon,Rex Regum Qeon,BuZz,Chamber,275.0,18,15,2,169.0,22.0,0
VCT 2025 Pacific Stage 2,https://www.vlr.gg/530363/t1-vs-rex-regum-qeon-vct-2025-pacific-stage-2-lr3,Ascent,T1,Rex Regum Qeon,Rex Regum Qeon,iZu,Yoru,213.0,15,16,5,129.0,27.0,0
VCT 2025 Pacific Stage 2,https://www.vlr.gg/530363/t1-vs-rex-regum-qeon-vct-2025-pacific-stage-2-lr3,Ascent,T1,Rex Regum Qeon,Rex Regum Qeon,Meteor,Vyse,179.0,13,15,4,108.0,30.0,0
VCT 2025 Pacific Stage 2,https://www.vlr.gg/530363/t1-vs-rex-regum-qeon-vct-2025-pacific-stage-2-lr3,Ascent,T1,Rex Regum Qeon,Rex Regum Qeon,stax,Sova,131.0,8,14,4,84.0,23.0,0
VCT 2025 Pacific Stage 2,https://www.vlr.gg/530363/t1-vs-rex-regum-qeon-vct-2025-pacific-stage-2-lr3,Ascent,T1,Rex Regum Qeon,Rex Regum Qeon,DH,Omen,96.0,9,16,2,65.0,30.0,0
VCT 2025 Pacific Stage 2,https://www.vlr.gg/530363/t1-vs-rex-regum-qeon-vct-2025-pacific-stage-2-lr3,Ascent,Rex Regum Qeon,T1,Rex Regum Qeon,Monyet,Omen,229.0,17,12,12,155.0,51.0,1
VCT 2025 Pacific Stage 2,https://www.vlr.gg/530363/t1-vs-rex-regum-qeon-vct-2025-pacific-stage-2-lr3,Ascent,Rex Regum Qeon,T1,Rex Regum Qeon,Kushy,Sova,220.0,15,11,6,151.0,43.0,1
VCT 2025 Pacific Stage 2,https://www.vlr.gg/530363/t1-vs-rex-regum-qeon-vct-2025-pacific-stage-2-lr3,Ascent,Rex Regum Qeon,T1,Rex Regum Qeon,crazyguy,Tejo,238.0,18,15,4,138.0,27.0,1
VCT 2025 Pacific Stage 2,https://www.vlr.gg/530363/t1-vs-rex-regum-qeon-vct-2025-pacific-stage-2-lr3,Ascent,Rex Regum Qeon,T1,Rex Regum Qeon,xffero,Cypher,192.0,13,12,6,143.0,28.0,1
VCT 2025 Pacific Stage 2,https://www.vlr.gg/530363/t1-vs-rex-regum-qeon-vct-2025-pacific-stage-2-lr3,Ascent,Rex Regum Qeon,T1,Rex Regum Qeon,Jemkin,Yoru,189.0,13,13,3,134.0,32.0,1
VCT 2025 Pacific Stage 2,https://www.vlr.gg/530364/talon-vs-rex-regum-qeon-vct-2025-pacific-stage-2-lf,Bind,TALON,Rex Regum Qeon,TALON,JitBoyS,Viper,300.0,19,9,5,165.0,39.0,1
VCT 2025 Pacific Stage 2,https://www.vlr.gg/530364/talon-vs-rex-regum-qeon-vct-2025-pacific-stage-2-lf,Bind,TALON,Rex Regum Qeon,TALON,primmie,Yoru,274.0,19,9,4,172.0,38.0,1
VCT 2025 Pacific Stage 2,https://www.vlr.gg/530364/talon-vs-rex-regum-qeon-vct-2025-pacific-stage-2-lf,Bind,TALON,Rex Regum Qeon,TALON,thyy,Raze,227.0,16,7,4,166.0,33.0,1
VCT 2025 Pacific Stage 2,https://www.vlr.gg/530364/talon-vs-rex-regum-qeon-vct-2025-pacific-stage-2-lf,Bind,TALON,Rex Regum Qeon,TALON,Crws,Brimstone,188.0,10,7,10,130.0,20.0,1
VCT 2025 Pacific Stage 2,https://www.vlr.gg/530364/talon-vs-rex-regum-qeon-vct-2025-pacific-stage-2-lf,Bind,TALON,Rex Regum Qeon,TALON,Killua,Fade,173.0,10,11,7,129.0,44.0,1
VCT 2025 Pacific Stage 2,https://www.vlr.gg/530364/talon-vs-rex-regum-qeon-vct-2025-pacific-stage-2-lf,Bind,Rex Regum Qeon,TALON,TALON,xffero,Viper,205.0,12,13,2,130.0,25.0,0
VCT 2025 Pacific Stage 2,https://www.vlr.gg/530364/talon-vs-rex-regum-qeon-vct-2025-pacific-stage-2-lf,Bind,Rex Regum Qeon,TALON,TALON,Monyet,Raze,185.0,8,15,5,131.0,32.0,0
VCT 2025 Pacific Stage 2,https://www.vlr.gg/530364/talon-vs-rex-regum-qeon-vct-2025-pacific-stage-2-lf,Bind,Rex Regum Qeon,TALON,TALON,crazyguy,Brimstone,130.0,8,14,3,93.0,29.0,0
VCT 2025 Pacific Stage 2,https://www.vlr.gg/530364/talon-vs-rex-regum-qeon-vct-2025-pacific-stage-2-lf,Bind,Rex Regum Qeon,TALON,TALON,Jemkin,Yoru,122.0,8,16,1,80.0,54.0,0
VCT 2025 Pacific Stage 2,https://www.vlr.gg/530364/talon-vs-rex-regum-qeon-vct-2025-pacific-stage-2-lf,Bind,Rex Regum Qeon,TALON,TALON,Kushy,Fade,117.0,7,16,0,66.0,33.0,0
VCT 2025 Pacific Stage 2,https://www.vlr.gg/530364/talon-vs-rex-regum-qeon-vct-2025-pacific-stage-2-lf,Haven,TALON,Rex Regum Qeon,TALON,primmie,Yoru,296.0,22,13,1,173.0,44.0,1
VCT 2025 Pacific Stage 2,https://www.vlr.gg/530364/talon-vs-rex-regum-qeon-vct-2025-pacific-stage-2-lf,Haven,TALON,Rex Regum Qeon,TALON,Crws,Deadlock,218.0,14,9,9,129.0,20.0,1
VCT 2025 Pacific Stage 2,https://www.vlr.gg/530364/talon-vs-rex-regum-qeon-vct-2025-pacific-stage-2-lf,Haven,TALON,Rex Regum Qeon,TALON,JitBoyS,Cypher,200.0,15,13,6,130.0,45.0,1
VCT 2025 Pacific Stage 2,https://www.vlr.gg/530364/talon-vs-rex-regum-qeon-vct-2025-pacific-stage-2-lf,Haven,TALON,Rex Regum Qeon,TALON,thyy,Omen,198.0,14,14,11,137.0,45.0,1
VCT 2025 Pacific Stage 2,https://www.vlr.gg/530364/talon-vs-rex-regum-qeon-vct-2025-pacific-stage-2-lf,Haven,TALON,Rex Regum Qeon,TALON,Killua,Sova,162.0,13,14,4,112.0,57.0,1
VCT 2025 Pacific Stage 2,https://www.vlr.gg/530364/talon-vs-rex-regum-qeon-vct-2025-pacific-stage-2-lf,Haven,Rex Regum Qeon,TALON,TALON,xffero,Cypher,178.0,14,12,3,117.0,30.0,0
VCT 2025 Pacific Stage 2,https://www.vlr.gg/530364/talon-vs-rex-regum-qeon-vct-2025-pacific-stage-2-lf,Haven,Rex Regum Qeon,TALON,TALON,Jemkin,Yoru,201.0,16,15,2,130.0,29.0,0
VCT 2025 Pacific Stage 2,https://www.vlr.gg/530364/talon-vs-rex-regum-qeon-vct-2025-pacific-stage-2-lf,Haven,Rex Regum Qeon,TALON,TALON,crazyguy,Omen,201.0,12,16,11,142.0,19.0,0
VCT 2025 Pacific Stage 2,https://www.vlr.gg/530364/talon-vs-rex-regum-qeon-vct-2025-pacific-stage-2-lf,Haven,Rex Regum Qeon,TALON,TALON,Kushy,Sova,153.0,11,19,3,102.0,37.0,0
VCT 2025 Pacific Stage 2,https://www.vlr.gg/530364/talon-vs-rex-regum-qeon-vct-2025-pacific-stage-2-lf,Haven,Rex Regum Qeon,TALON,TALON,Monyet,Neon,173.0,10,16,6,116.0,25.0,0
VCT 2025 Pacific Stage 2,https://www.vlr.gg/530364/talon-vs-rex-regum-qeon-vct-2025-pacific-stage-2-lf,Corrode,TALON,Rex Regum Qeon,Rex Regum Qeon,JitBoyS,Cypher,205.0,16,13,4,125.0,43.0,0
VCT 2025 Pacific Stage 2,https://www.vlr.gg/530364/talon-vs-rex-regum-qeon-vct-2025-pacific-stage-2-lf,Corrode,TALON,Rex Regum Qeon,Rex Regum Qeon,Killua,Sova,184.0,15,15,5,125.0,39.0,0
VCT 2025 Pacific Stage 2,https://www.vlr.gg/530364/talon-vs-rex-regum-qeon-vct-2025-pacific-stage-2-lf,Corrode,TALON,Rex Regum Qeon,Rex Regum Qeon,primmie,Deadlock,187.0,16,17,2,121.0,25.0,0
VCT 2025 Pacific Stage 2,https://www.vlr.gg/530364/talon-vs-rex-regum-qeon-vct-2025-pacific-stage-2-lf,Corrode,TALON,Rex Regum Qeon,Rex Regum Qeon,Crws,Omen,145.0,11,17,13,91.0,22.0,0
VCT 2025 Pacific Stage 2,https://www.vlr.gg/530364/talon-vs-rex-regum-qeon-vct-2025-pacific-stage-2-lf,Corrode,TALON,Rex Regum Qeon,Rex Regum Qeon,thyy,Yoru,201.0,16,20,3,130.0,33.0,0
VCT 2025 Pacific Stage 2,https://www.vlr.gg/530364/talon-vs-rex-regum-qeon-vct-2025-pacific-stage-2-lf,Corrode,Rex Regum Qeon,TALON,Rex Regum Qeon,xffero,Viper,285.0,25,13,2,169.0,47.0,1
VCT 2025 Pacific Stage 2,https://www.vlr.gg/530364/talon-vs-rex-regum-qeon-vct-2025-pacific-stage-2-lf,Corrode,Rex Regum Qeon,TALON,Rex Regum Qeon,Monyet,Neon,226.0,17,16,8,145.0,42.0,1
VCT 2025 Pacific Stage 2,https://www.vlr.gg/530364/talon-vs-rex-regum-qeon-vct-2025-pacific-stage-2-lf,Corrode,Rex Regum Qeon,TALON,Rex Regum Qeon,Kushy,Fade,167.0,12,16,6,120.0,38.0,1
VCT 2025 Pacific Stage 2,https://www.vlr.gg/530364/talon-vs-rex-regum-qeon-vct-2025-pacific-stage-2-lf,Corrode,Rex Regum Qeon,TALON,Rex Regum Qeon,crazyguy,Omen,149.0,13,12,6,96.0,35.0,1
VCT 2025 Pacific Stage 2,https://www.vlr.gg/530364/talon-vs-rex-regum-qeon-vct-2025-pacific-stage-2-lf,Corrode,Rex Regum Qeon,TALON,Rex Regum Qeon,Jemkin,Waylay,185.0,15,17,6,122.0,42.0,1
VCT 2025 Pacific Stage 2,https://www.vlr.gg/530364/talon-vs-rex-regum-qeon-vct-2025-pacific-stage-2-lf,Icebox,TALON,Rex Regum Qeon,Rex Regum Qeon,primmie,Sage,229.0,15,16,3,135.0,41.0,0
VCT 2025 Pacific Stage 2,https://www.vlr.gg/530364/talon-vs-rex-regum-qeon-vct-2025-pacific-stage-2-lf,Icebox,TALON,Rex Regum Qeon,Rex Regum Qeon,thyy,Jett,224.0,16,17,0,134.0,36.0,0
VCT 2025 Pacific Stage 2,https://www.vlr.gg/530364/talon-vs-rex-regum-qeon-vct-2025-pacific-stage-2-lf,Icebox,TALON,Rex Regum Qeon,Rex Regum Qeon,Killua,Sova,133.0,8,14,4,88.0,27.0,0
VCT 2025 Pacific Stage 2,https://www.vlr.gg/530364/talon-vs-rex-regum-qeon-vct-2025-pacific-stage-2-lf,Icebox,TALON,Rex Regum Qeon,Rex Regum Qeon,Crws,Viper,117.0,6,15,4,88.0,19.0,0
VCT 2025 Pacific Stage 2,https://www.vlr.gg/530364/talon-vs-rex-regum-qeon-vct-2025-pacific-stage-2-lf,Icebox,TALON,Rex Regum Qeon,Rex Regum Qeon,JitBoyS,Killjoy,129.0,8,15,1,98.0,27.0,0
VCT 2025 Pacific Stage 2,https://www.vlr.gg/530364/talon-vs-rex-regum-qeon-vct-2025-pacific-stage-2-lf,Icebox,Rex Regum Qeon,TALON,Rex Regum Qeon,Monyet,Viper,317.0,21,9,9,208.0,39.0,1
VCT 2025 Pacific Stage 2,https://www.vlr.gg/530364/talon-vs-rex-regum-qeon-vct-2025-pacific-stage-2-lf,Icebox,Rex Regum Qeon,TALON,Rex Regum Qeon,Jemkin,Jett,279.0,21,8,2,195.0,36.0,1
VCT 2025 Pacific Stage 2,https://www.vlr.gg/530364/talon-vs-rex-regum-qeon-vct-2025-pacific-stage-2-lf,Icebox,Rex Regum Qeon,TALON,Rex Regum Qeon,xffero,Killjoy,281.0,17,13,6,188.0,28.0,1
VCT 2025 Pacific Stage 2,https://www.vlr.gg/530364/talon-vs-rex-regum-qeon-vct-2025-pacific-stage-2-lf,Icebox,Rex Regum Qeon,TALON,Rex Regum Qeon,crazyguy,Sage,128.0,9,10,12,90.0,37.0,1
VCT 2025 Pacific Stage 2,https://www.vlr.gg/530364/talon-vs-rex-regum-qeon-vct-2025-pacific-stage-2-lf,Icebox,Rex Regum Qeon,TALON,Rex Regum Qeon,Kushy,Sova,119.0,9,13,3,83.0,60.0,1
VCT 2025 Pacific Stage 2,https://www.vlr.gg/530364/talon-vs-rex-regum-qeon-vct-2025-pacific-stage-2-lf,Sunset,TALON,Rex Regum Qeon,Rex Regum Qeon,Killua,Sova,264.0,25,20,4,165.0,40.0,0
VCT 2025 Pacific Stage 2,https://www.vlr.gg/530364/talon-vs-rex-regum-qeon-vct-2025-pacific-stage-2-lf,Sunset,TALON,Rex Regum Qeon,Rex Regum Qeon,JitBoyS,Omen,240.0,22,20,10,142.0,47.0,0
VCT 2025 Pacific Stage 2,https://www.vlr.gg/530364/talon-vs-rex-regum-qeon-vct-2025-pacific-stage-2-lf,Sunset,TALON,Rex Regum Qeon,Rex Regum Qeon,Crws,Viper,172.0,15,18,4,126.0,24.0,0
VCT 2025 Pacific Stage 2,https://www.vlr.gg/530364/talon-vs-rex-regum-qeon-vct-2025-pacific-stage-2-lf,Sunset,TALON,Rex Regum Qeon,Rex Regum Qeon,thyy,Raze,166.0,16,21,3,109.0,26.0,0
VCT 2025 Pacific Stage 2,https://www.vlr.gg/530364/talon-vs-rex-regum-qeon-vct-2025-pacific-stage-2-lf,Sunset,TALON,Rex Regum Qeon,Rex Regum Qeon,primmie,Sage,123.0,9,19,14,86.0,28.0,0
VCT 2025 Pacific Stage 2,https://www.vlr.gg/530364/talon-vs-rex-regum-qeon-vct-2025-pacific-stage-2-lf,Sunset,Rex Regum Qeon,TALON,Rex Regum Qeon,Jemkin,Waylay,335.0,31,19,4,206.0,30.0,1
VCT 2025 Pacific Stage 2,https://www.vlr.gg/530364/talon-vs-rex-regum-qeon-vct-2025-pacific-stage-2-lf,Sunset,Rex Regum Qeon,TALON,Rex Regum Qeon,Kushy,Fade,241.0,23,16,5,155.0,35.0,1
VCT 2025 Pacific Stage 2,https://www.vlr.gg/530364/talon-vs-rex-regum-qeon-vct-2025-pacific-stage-2-lf,Sunset,Rex Regum Qeon,TALON,Rex Regum Qeon,crazyguy,Breach,185.0,16,15,13,130.0,33.0,1
VCT 2025 Pacific Stage 2,https://www.vlr.gg/530364/talon-vs-rex-regum-qeon-vct-2025-pacific-stage-2-lf,Sunset,Rex Regum Qeon,TALON,Rex Regum Qeon,Monyet,Omen,146.0,13,19,10,109.0,31.0,1
VCT 2025 Pacific Stage 2,https://www.vlr.gg/530364/talon-vs-rex-regum-qeon-vct-2025-pacific-stage-2-lf,Sunset,Rex Regum Qeon,TALON,Rex Regum Qeon,xffero,Cypher,180.0,15,18,8,124.0,28.0,1
VCT 2025 Pacific Stage 2,https://www.vlr.gg/530365/paper-rex-vs-rex-regum-qeon-vct-2025-pacific-stage-2-gf,Ascent,Paper Rex,Rex Regum Qeon,Paper Rex,f0rsakeN,Omen,280.0,21,13,9,188.0,30.0,1
VCT 2025 Pacific Stage 2,https://www.vlr.gg/530365/paper-rex-vs-rex-regum-qeon-vct-2025-pacific-stage-2-gf,Ascent,Paper Rex,Rex Regum Qeon,Paper Rex,Jinggg,Sage,243.0,16,11,9,158.0,22.0,1
VCT 2025 Pacific Stage 2,https://www.vlr.gg/530365/paper-rex-vs-rex-regum-qeon-vct-2025-pacific-stage-2-gf,Ascent,Paper Rex,Rex Regum Qeon,Paper Rex,something,Yoru,254.0,18,10,3,142.0,11.0,1
VCT 2025 Pacific Stage 2,https://www.vlr.gg/530365/paper-rex-vs-rex-regum-qeon-vct-2025-pacific-stage-2-gf,Ascent,Paper Rex,Rex Regum Qeon,Paper Rex,d4v41,Vyse,142.0,11,8,2,100.0,20.0,1
VCT 2025 Pacific Stage 2,https://www.vlr.gg/530365/paper-rex-vs-rex-regum-qeon-vct-2025-pacific-stage-2-gf,Ascent,Paper Rex,Rex Regum Qeon,Paper Rex,PatMen,Sova,165.0,12,13,3,106.0,40.0,1
VCT 2025 Pacific Stage 2,https://www.vlr.gg/530365/paper-rex-vs-rex-regum-qeon-vct-2025-pacific-stage-2-gf,Ascent,Rex Regum Qeon,Paper Rex,Paper Rex,Kushy,Sova,189.0,12,15,5,135.0,46.0,0
VCT 2025 Pacific Stage 2,https://www.vlr.gg/530365/paper-rex-vs-rex-regum-qeon-vct-2025-pacific-stage-2-gf,Ascent,Rex Regum Qeon,Paper Rex,Paper Rex,Monyet,Omen,186.0,13,17,8,113.0,17.0,0
VCT 2025 Pacific Stage 2,https://www.vlr.gg/530365/paper-rex-vs-rex-regum-qeon-vct-2025-pacific-stage-2-gf,Ascent,Rex Regum Qeon,Paper Rex,Paper Rex,Jemkin,Yoru,206.0,15,17,4,121.0,38.0,0
VCT 2025 Pacific Stage 2,https://www.vlr.gg/530365/paper-rex-vs-rex-regum-qeon-vct-2025-pacific-stage-2-gf,Ascent,Rex Regum Qeon,Paper Rex,Paper Rex,crazyguy,Tejo,100.0,6,14,5,75.0,12.0,0
VCT 2025 Pacific Stage 2,https://www.vlr.gg/530365/paper-rex-vs-rex-regum-qeon-vct-2025-pacific-stage-2-gf,Ascent,Rex Regum Qeon,Paper Rex,Paper Rex,xffero,Cypher,131.0,9,15,2,83.0,37.0,0
VCT 2025 Pacific Stage 2,https://www.vlr.gg/530365/paper-rex-vs-rex-regum-qeon-vct-2025-pacific-stage-2-gf,Lotus,Paper Rex,Rex Regum Qeon,Rex Regum Qeon,Jinggg,Raze,256.0,17,13,3,162.0,30.0,0
VCT 2025 Pacific Stage 2,https://www.vlr.gg/530365/paper-rex-vs-rex-regum-qeon-vct-2025-pacific-stage-2-gf,Lotus,Paper Rex,Rex Regum Qeon,Rex Regum Qeon,something,Yoru,268.0,15,14,4,169.0,27.0,0
VCT 2025 Pacific Stage 2,https://www.vlr.gg/530365/paper-rex-vs-rex-regum-qeon-vct-2025-pacific-stage-2-gf,Lotus,Paper Rex,Rex Regum Qeon,Rex Regum Qeon,f0rsakeN,Omen,224.0,15,13,8,136.0,20.0,0
VCT 2025 Pacific Stage 2,https://www.vlr.gg/530365/paper-rex-vs-rex-regum-qeon-vct-2025-pacific-stage-2-gf,Lotus,Paper Rex,Rex Regum Qeon,Rex Regum Qeon,PatMen,Fade,116.0,8,17,3,71.0,20.0,0
VCT 2025 Pacific Stage 2,https://www.vlr.gg/530365/paper-rex-vs-rex-regum-qeon-vct-2025-pacific-stage-2-gf,Lotus,Paper Rex,Rex Regum Qeon,Rex Regum Qeon,d4v41,Vyse,110.0,7,16,5,79.0,20.0,0
VCT 2025 Pacific Stage 2,https://www.vlr.gg/530365/paper-rex-vs-rex-regum-qeon-vct-2025-pacific-stage-2-gf,Lotus,Rex Regum Qeon,Paper Rex,Rex Regum Qeon,crazyguy,Omen,215.0,16,9,7,151.0,29.0,1
VCT 2025 Pacific Stage 2,https://www.vlr.gg/530365/paper-rex-vs-rex-regum-qeon-vct-2025-pacific-stage-2-gf,Lotus,Rex Regum Qeon,Paper Rex,Rex Regum Qeon,Jemkin,Yoru,272.0,18,13,4,198.0,29.0,1
VCT 2025 Pacific Stage 2,https://www.vlr.gg/530365/paper-rex-vs-rex-regum-qeon-vct-2025-pacific-stage-2-gf,Lotus,Rex Regum Qeon,Paper Rex,Rex Regum Qeon,Monyet,Raze,240.0,18,13,2,146.0,30.0,1
VCT 2025 Pacific Stage 2,https://www.vlr.gg/530365/paper-rex-vs-rex-regum-qeon-vct-2025-pacific-stage-2-gf,Lotus,Rex Regum Qeon,Paper Rex,Rex Regum Qeon,xffero,Viper,193.0,13,14,3,125.0,29.0,1
VCT 2025 Pacific Stage 2,https://www.vlr.gg/530365/paper-rex-vs-rex-regum-qeon-vct-2025-pacific-stage-2-gf,Lotus,Rex Regum Qeon,Paper Rex,Rex Regum Qeon,Kushy,Fade,137.0,8,13,5,92.0,25.0,1
VCT 2025 Pacific Stage 2,https://www.vlr.gg/530365/paper-rex-vs-rex-regum-qeon-vct-2025-pacific-stage-2-gf,Haven,Paper Rex,Rex Regum Qeon,Paper Rex,d4v41,Vyse,205.0,14,11,7,145.0,18.0,1
VCT 2025 Pacific Stage 2,https://www.vlr.gg/530365/paper-rex-vs-rex-regum-qeon-vct-2025-pacific-stage-2-gf,Haven,Paper Rex,Rex Regum Qeon,Paper Rex,PatMen,Fade,174.0,14,10,6,107.0,32.0,1
VCT 2025 Pacific Stage 2,https://www.vlr.gg/530365/paper-rex-vs-rex-regum-qeon-vct-2025-pacific-stage-2-gf,Haven,Paper Rex,Rex Regum Qeon,Paper Rex,something,Yoru,200.0,14,11,8,129.0,31.0,1
VCT 2025 Pacific Stage 2,https://www.vlr.gg/530365/paper-rex-vs-rex-regum-qeon-vct-2025-pacific-stage-2-gf,Haven,Paper Rex,Rex Regum Qeon,Paper Rex,f0rsakeN,Waylay,258.0,18,15,6,168.0,31.0,1
VCT 2025 Pacific Stage 2,https://www.vlr.gg/530365/paper-rex-vs-rex-regum-qeon-vct-2025-pacific-stage-2-gf,Haven,Paper Rex,Rex Regum Qeon,Paper Rex,Jinggg,Omen,185.0,14,13,8,118.0,26.0,1
VCT 2025 Pacific Stage 2,https://www.vlr.gg/530365/paper-rex-vs-rex-regum-qeon-vct-2025-pacific-stage-2-gf,Haven,Rex Regum Qeon,Paper Rex,Paper Rex,xffero,Cypher,197.0,13,14,7,127.0,23.0,0
VCT 2025 Pacific Stage 2,https://www.vlr.gg/530365/paper-rex-vs-rex-regum-qeon-vct-2025-pacific-stage-2-gf,Haven,Rex Regum Qeon,Paper Rex,Paper Rex,Monyet,Neon,198.0,15,13,4,122.0,20.0,0
VCT 2025 Pacific Stage 2,https://www.vlr.gg/530365/paper-rex-vs-rex-regum-qeon-vct-2025-pacific-stage-2-gf,Haven,Rex Regum Qeon,Paper Rex,Paper Rex,crazyguy,Omen,176.0,12,16,9,113.0,36.0,0
VCT 2025 Pacific Stage 2,https://www.vlr.gg/530365/paper-rex-vs-rex-regum-qeon-vct-2025-pacific-stage-2-gf,Haven,Rex Regum Qeon,Paper Rex,Paper Rex,Jemkin,Yoru,164.0,12,16,3,97.0,26.0,0
VCT 2025 Pacific Stage 2,https://www.vlr.gg/530365/paper-rex-vs-rex-regum-qeon-vct-2025-pacific-stage-2-gf,Haven,Rex Regum Qeon,Paper Rex,Paper Rex,Kushy,Sova,122.0,8,15,4,80.0,43.0,0
VCT 2025 Pacific Stage 2,https://www.vlr.gg/530365/paper-rex-vs-rex-regum-qeon-vct-2025-pacific-stage-2-gf,Bind,Paper Rex,Rex Regum Qeon,Paper Rex,something,Yoru,278.0,22,12,4,167.0,27.0,1
VCT 2025 Pacific Stage 2,https://www.vlr.gg/530365/paper-rex-vs-rex-regum-qeon-vct-2025-pacific-stage-2-gf,Bind,Paper Rex,Rex Regum Qeon,Paper Rex,d4v41,Viper,164.0,14,9,7,115.0,32.0,1
VCT 2025 Pacific Stage 2,https://www.vlr.gg/530365/paper-rex-vs-rex-regum-qeon-vct-2025-pacific-stage-2-gf,Bind,Paper Rex,Rex Regum Qeon,Paper Rex,PatMen,Fade,174.0,14,12,8,121.0,25.0,1
VCT 2025 Pacific Stage 2,https://www.vlr.gg/530365/paper-rex-vs-rex-regum-qeon-vct-2025-pacific-stage-2-gf,Bind,Paper Rex,Rex Regum Qeon,Paper Rex,Jinggg,Raze,248.0,18,15,6,164.0,21.0,1
VCT 2025 Pacific Stage 2,https://www.vlr.gg/530365/paper-rex-vs-rex-regum-qeon-vct-2025-pacific-stage-2-gf,Bind,Paper Rex,Rex Regum Qeon,Paper Rex,f0rsakeN,Brimstone,212.0,16,16,6,141.0,36.0,1
VCT 2025 Pacific Stage 2,https://www.vlr.gg/530365/paper-rex-vs-rex-regum-qeon-vct-2025-pacific-stage-2-gf,Bind,Rex Regum Qeon,Paper Rex,Paper Rex,Kushy,Fade,219.0,16,16,5,141.0,35.0,0
VCT 2025 Pacific Stage 2,https://www.vlr.gg/530365/paper-rex-vs-rex-regum-qeon-vct-2025-pacific-stage-2-gf,Bind,Rex Regum Qeon,Paper Rex,Paper Rex,xffero,Viper,181.0,12,14,5,132.0,15.0,0
VCT 2025 Pacific Stage 2,https://www.vlr.gg/530365/paper-rex-vs-rex-regum-qeon-vct-2025-pacific-stage-2-gf,Bind,Rex Regum Qeon,Paper Rex,Paper Rex,Monyet,Astra,173.0,13,17,5,119.0,28.0,0
VCT 2025 Pacific Stage 2,https://www.vlr.gg/530365/paper-rex-vs-rex-regum-qeon-vct-2025-pacific-stage-2-gf,Bind,Rex Regum Qeon,Paper Rex,Paper Rex,Jemkin,Yoru,143.0,12,18,2,99.0,48.0,0
VCT 2025 Pacific Stage 2,https://www.vlr.gg/530365/paper-rex-vs-rex-regum-qeon-vct-2025-pacific-stage-2-gf,Bind,Rex Regum Qeon,Paper Rex,Paper Rex,crazyguy,Tejo,151.0,11,19,5,113.0,26.0,0
VCT 2025 China Stage 2,https://www.vlr.gg/527577/all-gamers-vs-tyloo-vct-2025-china-stage-2-ubqf,Lotus,All Gamers,TYLOO,TYLOO,Shr1mp,Fade,277.0,16,11,4,173.0,40.0,0
VCT 2025 China Stage 2,https://www.vlr.gg/527577/all-gamers-vs-tyloo-vct-2025-china-stage-2-ubqf,Lotus,All Gamers,TYLOO,TYLOO,HanChe,Viper,128.0,6,13,7,101.0,25.0,0
VCT 2025 China Stage 2,https://www.vlr.gg/527577/all-gamers-vs-tyloo-vct-2025-china-stage-2-ubqf,Lotus,All Gamers,TYLOO,TYLOO,deLb,Omen,139.0,8,13,4,83.0,32.0,0
VCT 2025 China Stage 2,https://www.vlr.gg/527577/all-gamers-vs-tyloo-vct-2025-china-stage-2-ubqf,Lotus,All Gamers,TYLOO,TYLOO,Spitfires,Yoru,121.0,7,13,0,78.0,21.0,0
VCT 2025 China Stage 2,https://www.vlr.gg/527577/all-gamers-vs-tyloo-vct-2025-china-stage-2-ubqf,Lotus,All Gamers,TYLOO,TYLOO,K1ra,Raze,128.0,6,15,4,93.0,19.0,0
VCT 2025 China Stage 2,https://www.vlr.gg/527577/all-gamers-vs-tyloo-vct-2025-china-stage-2-ubqf,Lotus,TYLOO,All Gamers,TYLOO,slowly,Omen,247.0,15,5,2,152.0,47.0,1
VCT 2025 China Stage 2,https://www.vlr.gg/527577/all-gamers-vs-tyloo-vct-2025-china-stage-2-ubqf,Lotus,TYLOO,All Gamers,TYLOO,Yoyo,Raze,297.0,16,12,4,206.0,25.0,1
VCT 2025 China Stage 2,https://www.vlr.gg/527577/all-gamers-vs-tyloo-vct-2025-china-stage-2-ubqf,Lotus,TYLOO,All Gamers,TYLOO,Scales,Viper,255.0,14,10,3,161.0,26.0,1
VCT 2025 China Stage 2,https://www.vlr.gg/527577/all-gamers-vs-tyloo-vct-2025-china-stage-2-ubqf,Lotus,TYLOO,All Gamers,TYLOO,Ninebody,Vyse,202.0,12,9,3,135.0,37.0,1
VCT 2025 China Stage 2,https://www.vlr.gg/527577/all-gamers-vs-tyloo-vct-2025-china-stage-2-ubqf,Lotus,TYLOO,All Gamers,TYLOO,sword9,Fade,119.0,8,7,8,83.0,14.0,1
VCT 2025 China Stage 2,https://www.vlr.gg/527577/all-gamers-vs-tyloo-vct-2025-china-stage-2-ubqf,Icebox,All Gamers,TYLOO,TYLOO,Spitfires,Jett,309.0,27,17,5,192.0,25.0,0
VCT 2025 China Stage 2,https://www.vlr.gg/527577/all-gamers-vs-tyloo-vct-2025-china-stage-2-ubqf,Icebox,All Gamers,TYLOO,TYLOO,HanChe,Killjoy,204.0,17,17,1,148.0,31.0,0
VCT 2025 China Stage 2,https://www.vlr.gg/527577/all-gamers-vs-tyloo-vct-2025-china-stage-2-ubqf,Icebox,All Gamers,TYLOO,TYLOO,deLb,Omen,166.0,14,18,13,119.0,27.0,0
VCT 2025 China Stage 2,https://www.vlr.gg/527577/all-gamers-vs-tyloo-vct-2025-china-stage-2-ubqf,Icebox,All Gamers,TYLOO,TYLOO,K1ra,Viper,179.0,13,19,7,130.0,39.0,0
VCT 2025 China Stage 2,https://www.vlr.gg/527577/all-gamers-vs-tyloo-vct-2025-china-stage-2-ubqf,Icebox,All Gamers,TYLOO,TYLOO,Shr1mp,Sova,152.0,11,18,10,109.0,26.0,0
VCT 2025 China Stage 2,https://www.vlr.gg/527577/all-gamers-vs-tyloo-vct-2025-china-stage-2-ubqf,Icebox,TYLOO,All Gamers,TYLOO,Yoyo,Viper,243.0,21,14,8,162.0,33.0,1
VCT 2025 China Stage 2,https://www.vlr.gg/527577/all-gamers-vs-tyloo-vct-2025-china-stage-2-ubqf,Icebox,TYLOO,All Gamers,TYLOO,Ninebody,Killjoy,237.0,20,17,4,158.0,43.0,1
VCT 2025 China Stage 2,https://www.vlr.gg/527577/all-gamers-vs-tyloo-vct-2025-china-stage-2-ubqf,Icebox,TYLOO,All Gamers,TYLOO,slowly,Jett,248.0,21,17,3,154.0,27.0,1
VCT 2025 China Stage 2,https://www.vlr.gg/527577/all-gamers-vs-tyloo-vct-2025-china-stage-2-ubqf,Icebox,TYLOO,All Gamers,TYLOO,Scales,Sova,194.0,16,18,3,114.0,22.0,1
VCT 2025 China Stage 2,https://www.vlr.gg/527577/all-gamers-vs-tyloo-vct-2025-china-stage-2-ubqf,Icebox,TYLOO,All Gamers,TYLOO,sword9,Omen,129.0,11,16,8,94.0,32.0,1
VCT 2025 China Stage 2,https://www.vlr.gg/527576/edward-gaming-vs-dragon-ranger-gaming-vct-2025-china-stage-2-ubqf,Lotus,EDward Gaming,Dragon Ranger Gaming,Dragon Ranger Gaming,ZmjjKK,Raze,327.0,28,20,8,208.0,24.0,0
VCT 2025 China Stage 2,https://www.vlr.gg/527576/edward-gaming-vs-dragon-ranger-gaming-vct-2025-china-stage-2-ubqf,Lotus,EDward Gaming,Dragon Ranger Gaming,Dragon Ranger Gaming,Jieni7,Omen,243.0,23,18,9,153.0,36.0,0
VCT 2025 China Stage 2,https://www.vlr.gg/527576/edward-gaming-vs-dragon-ranger-gaming-vct-2025-china-stage-2-ubqf,Lotus,EDward Gaming,Dragon Ranger Gaming,Dragon Ranger Gaming,CHICHOO,Vyse,186.0,18,18,5,130.0,39.0,0
VCT 2025 China Stage 2,https://www.vlr.gg/527576/edward-gaming-vs-dragon-ranger-gaming-vct-2025-china-stage-2-ubqf,Lotus,EDward Gaming,Dragon Ranger Gaming,Dragon Ranger Gaming,Smoggy,Fade,155.0,16,20,10,106.0,38.0,0
VCT 2025 China Stage 2,https://www.vlr.gg/527576/edward-gaming-vs-dragon-ranger-gaming-vct-2025-china-stage-2-ubqf,Lotus,EDward Gaming,Dragon Ranger Gaming,Dragon Ranger Gaming,nobody,Yoru,129.0,9,22,9,86.0,31.0,0
VCT 2025 China Stage 2,https://www.vlr.gg/527576/edward-gaming-vs-dragon-ranger-gaming-vct-2025-china-stage-2-ubqf,Lotus,Dragon Ranger Gaming,EDward Gaming,Dragon Ranger Gaming,SpiritZ1,Yoru,266.0,25,18,9,167.0,42.0,1
VCT 2025 China Stage 2,https://www.vlr.gg/527576/edward-gaming-vs-dragon-ranger-gaming-vct-2025-china-stage-2-ubqf,Lotus,Dragon Ranger Gaming,EDward Gaming,Dragon Ranger Gaming,Nicc,Breach,229.0,20,18,12,159.0,48.0,1
VCT 2025 China Stage 2,https://www.vlr.gg/527576/edward-gaming-vs-dragon-ranger-gaming-vct-2025-china-stage-2-ubqf,Lotus,Dragon Ranger Gaming,EDward Gaming,Dragon Ranger Gaming,Flex1n,Omen,215.0,20,20,11,130.0,46.0,1
VCT 2025 China Stage 2,https://www.vlr.gg/527576/edward-gaming-vs-dragon-ranger-gaming-vct-2025-china-stage-2-ubqf,Lotus,Dragon Ranger Gaming,EDward Gaming,Dragon Ranger Gaming,Akeman,Neon,243.0,21,22,6,173.0,31.0,1
VCT 2025 China Stage 2,https://www.vlr.gg/527576/edward-gaming-vs-dragon-ranger-gaming-vct-2025-china-stage-2-ubqf,Lotus,Dragon Ranger Gaming,EDward Gaming,Dragon Ranger Gaming,vo0kashu,Cypher,129.0,12,16,9,91.0,40.0,1
VCT 2025 China Stage 2,https://www.vlr.gg/527576/edward-gaming-vs-dragon-ranger-gaming-vct-2025-china-stage-2-ubqf,Corrode,EDward Gaming,Dragon Ranger Gaming,Dragon Ranger Gaming,Smoggy,Fade,253.0,24,14,14,139.0,19.0,0
VCT 2025 China Stage 2,https://www.vlr.gg/527576/edward-gaming-vs-dragon-ranger-gaming-vct-2025-china-stage-2-ubqf,Corrode,EDward Gaming,Dragon Ranger Gaming,Dragon Ranger Gaming,ZmjjKK,Neon,316.0,24,19,9,202.0,35.0,0
VCT 2025 China Stage 2,https://www.vlr.gg/527576/edward-gaming-vs-dragon-ranger-gaming-vct-2025-china-stage-2-ubqf,Corrode,EDward Gaming,Dragon Ranger Gaming,Dragon Ranger Gaming,CHICHOO,Viper,209.0,18,15,9,146.0,35.0,0
VCT 2025 China Stage 2,https://www.vlr.gg/527576/edward-gaming-vs-dragon-ranger-gaming-vct-2025-china-stage-2-ubqf,Corrode,EDward Gaming,Dragon Ranger Gaming,Dragon Ranger Gaming,Jieni7,Omen,151.0,12,16,11,89.0,38.0,0
VCT 2025 China Stage 2,https://www.vlr.gg/527576/edward-gaming-vs-dragon-ranger-gaming-vct-2025-china-stage-2-ubqf,Corrode,EDward Gaming,Dragon Ranger Gaming,Dragon Ranger Gaming,nobody,Yoru,117.0,8,19,8,89.0,24.0,0
VCT 2025 China Stage 2,https://www.vlr.gg/527576/edward-gaming-vs-dragon-ranger-gaming-vct-2025-china-stage-2-ubqf,Corrode,Dragon Ranger Gaming,EDward Gaming,Dragon Ranger Gaming,SpiritZ1,Yoru,331.0,27,16,4,213.0,35.0,1
VCT 2025 China Stage 2,https://www.vlr.gg/527576/edward-gaming-vs-dragon-ranger-gaming-vct-2025-china-stage-2-ubqf,Corrode,Dragon Ranger Gaming,EDward Gaming,Dragon Ranger Gaming,Flex1n,Omen,260.0,21,16,12,152.0,38.0,1
VCT 2025 China Stage 2,https://www.vlr.gg/527576/edward-gaming-vs-dragon-ranger-gaming-vct-2025-china-stage-2-ubqf,Corrode,Dragon Ranger Gaming,EDward Gaming,Dragon Ranger Gaming,Nicc,Gekko,186.0,15,18,4,121.0,33.0,1
VCT 2025 China Stage 2,https://www.vlr.gg/527576/edward-gaming-vs-dragon-ranger-gaming-vct-2025-china-stage-2-ubqf,Corrode,Dragon Ranger Gaming,EDward Gaming,Dragon Ranger Gaming,vo0kashu,Cypher,141.0,11,17,6,94.0,50.0,1
VCT 2025 China Stage 2,https://www.vlr.gg/527576/edward-gaming-vs-dragon-ranger-gaming-vct-2025-china-stage-2-ubqf,Corrode,Dragon Ranger Gaming,EDward Gaming,Dragon Ranger Gaming,Akeman,Clove,124.0,9,19,11,81.0,19.0,1
VCT 2025 China Stage 2,https://www.vlr.gg/527584/all-gamers-vs-funplus-phoenix-vct-2025-china-stage-2-lr1,Sunset,All Gamers,FunPlus Phoenix,All Gamers,Spitfires,Neon,344.0,28,16,8,219.0,22.0,1
VCT 2025 China Stage 2,https://www.vlr.gg/527584/all-gamers-vs-funplus-phoenix-vct-2025-china-stage-2-lr1,Sunset,All Gamers,FunPlus Phoenix,All Gamers,Shr1mp,Sova,215.0,18,12,5,134.0,22.0,1
VCT 2025 China Stage 2,https://www.vlr.gg/527584/all-gamers-vs-funplus-phoenix-vct-2025-china-stage-2-lr1,Sunset,All Gamers,FunPlus Phoenix,All Gamers,HanChe,Viper,202.0,16,14,6,135.0,28.0,1
VCT 2025 China Stage 2,https://www.vlr.gg/527584/all-gamers-vs-funplus-phoenix-vct-2025-china-stage-2-lr1,Sunset,All Gamers,FunPlus Phoenix,All Gamers,K1ra,Omen,111.0,10,12,8,78.0,69.0,1
VCT 2025 China Stage 2,https://www.vlr.gg/527584/all-gamers-vs-funplus-phoenix-vct-2025-china-stage-2-lr1,Sunset,All Gamers,FunPlus Phoenix,All Gamers,deLb,Deadlock,140.0,12,17,6,74.0,38.0,1
VCT 2025 China Stage 2,https://www.vlr.gg/527584/all-gamers-vs-funplus-phoenix-vct-2025-china-stage-2-lr1,Sunset,FunPlus Phoenix,All Gamers,All Gamers,Life,Jett,218.0,18,16,2,129.0,18.0,0
VCT 2025 China Stage 2,https://www.vlr.gg/527584/all-gamers-vs-funplus-phoenix-vct-2025-china-stage-2-lr1,Sunset,FunPlus Phoenix,All Gamers,All Gamers,BerLIN,Omen,193.0,15,17,5,116.0,36.0,0
VCT 2025 China Stage 2,https://www.vlr.gg/527584/all-gamers-vs-funplus-phoenix-vct-2025-china-stage-2-lr1,Sunset,FunPlus Phoenix,All Gamers,All Gamers,AAAAY,Sova,166.0,15,15,1,109.0,33.0,0
VCT 2025 China Stage 2,https://www.vlr.gg/527584/all-gamers-vs-funplus-phoenix-vct-2025-china-stage-2-lr1,Sunset,FunPlus Phoenix,All Gamers,All Gamers,Autumn,Yoru,200.0,16,17,4,129.0,37.0,0
VCT 2025 China Stage 2,https://www.vlr.gg/527584/all-gamers-vs-funplus-phoenix-vct-2025-china-stage-2-lr1,Sunset,FunPlus Phoenix,All Gamers,All Gamers,yosemite,Cypher,103.0,7,19,6,69.0,26.0,0
VCT 2025 China Stage 2,https://www.vlr.gg/527584/all-gamers-vs-funplus-phoenix-vct-2025-china-stage-2-lr1,Haven,All Gamers,FunPlus Phoenix,FunPlus Phoenix,Shr1mp,Sova,179.0,10,12,2,132.0,34.0,0
VCT 2025 China Stage 2,https://www.vlr.gg/527584/all-gamers-vs-funplus-phoenix-vct-2025-china-stage-2-lr1,Haven,All Gamers,FunPlus Phoenix,FunPlus Phoenix,HanChe,Killjoy,147.0,7,12,4,103.0,30.0,0
VCT 2025 China Stage 2,https://www.vlr.gg/527584/all-gamers-vs-funplus-phoenix-vct-2025-china-stage-2-lr1,Haven,All Gamers,FunPlus Phoenix,FunPlus Phoenix,Spitfires,Neon,128.0,8,10,1,80.0,50.0,0
VCT 2025 China Stage 2,https://www.vlr.gg/527584/all-gamers-vs-funplus-phoenix-vct-2025-china-stage-2-lr1,Haven,All Gamers,FunPlus Phoenix,FunPlus Phoenix,K1ra,Viper,152.0,7,13,1,100.0,35.0,0
VCT 2025 China Stage 2,https://www.vlr.gg/527584/all-gamers-vs-funplus-phoenix-vct-2025-china-stage-2-lr1,Haven,All Gamers,FunPlus Phoenix,FunPlus Phoenix,deLb,Omen,115.0,6,10,5,77.0,23.0,0
VCT 2025 China Stage 2,https://www.vlr.gg/527584/all-gamers-vs-funplus-phoenix-vct-2025-china-stage-2-lr1,Haven,FunPlus Phoenix,All Gamers,FunPlus Phoenix,Life,Neon,286.0,17,10,4,174.0,52.0,1
VCT 2025 China Stage 2,https://www.vlr.gg/527584/all-gamers-vs-funplus-phoenix-vct-2025-china-stage-2-lr1,Haven,FunPlus Phoenix,All Gamers,FunPlus Phoenix,BerLIN,Omen,194.0,10,8,8,130.0,21.0,1
VCT 2025 China Stage 2,https://www.vlr.gg/527584/all-gamers-vs-funplus-phoenix-vct-2025-china-stage-2-lr1,Haven,FunPlus Phoenix,All Gamers,FunPlus Phoenix,AAAAY,Sova,180.0,11,7,3,145.0,45.0,1
VCT 2025 China Stage 2,https://www.vlr.gg/527584/all-gamers-vs-funplus-phoenix-vct-2025-china-stage-2-lr1,Haven,FunPlus Phoenix,All Gamers,FunPlus Phoenix,yosemite,Viper,170.0,9,7,6,115.0,44.0,1
VCT 2025 China Stage 2,https://www.vlr.gg/527584/all-gamers-vs-funplus-phoenix-vct-2025-china-stage-2-lr1,Haven,FunPlus Phoenix,All Gamers,FunPlus Phoenix,Autumn,Killjoy,171.0,10,6,2,117.0,24.0,1
VCT 2025 China Stage 2,https://www.vlr.gg/527584/all-gamers-vs-funplus-phoenix-vct-2025-china-stage-2-lr1,Icebox,All Gamers,FunPlus Phoenix,All Gamers,K1ra,Viper,270.0,19,11,12,166.0,36.0,1
VCT 2025 China Stage 2,https://www.vlr.gg/527584/all-gamers-vs-funplus-phoenix-vct-2025-china-stage-2-lr1,Icebox,All Gamers,FunPlus Phoenix,All Gamers,Shr1mp,Sova,270.0,21,11,6,167.0,17.0,1
VCT 2025 China Stage 2,https://www.vlr.gg/527584/all-gamers-vs-funplus-phoenix-vct-2025-china-stage-2-lr1,Icebox,All Gamers,FunPlus Phoenix,All Gamers,HanChe,Killjoy,208.0,14,12,2,154.0,36.0,1
VCT 2025 China Stage 2,https://www.vlr.gg/527584/all-gamers-vs-funplus-phoenix-vct-2025-china-stage-2-lr1,Icebox,All Gamers,FunPlus Phoenix,All Gamers,Spitfires,Jett,251.0,17,14,2,163.0,24.0,1
VCT 2025 China Stage 2,https://www.vlr.gg/527584/all-gamers-vs-funplus-phoenix-vct-2025-china-stage-2-lr1,Icebox,All Gamers,FunPlus Phoenix,All Gamers,deLb,Omen,189.0,13,14,6,118.0,56.0,1
VCT 2025 China Stage 2,https://www.vlr.gg/527584/all-gamers-vs-funplus-phoenix-vct-2025-china-stage-2-lr1,Icebox,FunPlus Phoenix,All Gamers,All Gamers,yosemite,Viper,252.0,16,16,7,172.0,27.0,0
VCT 2025 China Stage 2,https://www.vlr.gg/527584/all-gamers-vs-funplus-phoenix-vct-2025-china-stage-2-lr1,Icebox,FunPlus Phoenix,All Gamers,All Gamers,Autumn,Killjoy,252.0,17,17,2,160.0,26.0,0
VCT 2025 China Stage 2,https://www.vlr.gg/527584/all-gamers-vs-funplus-phoenix-vct-2025-china-stage-2-lr1,Icebox,FunPlus Phoenix,All Gamers,All Gamers,BerLIN,Omen,173.0,12,16,3,106.0,36.0,0
VCT 2025 China Stage 2,https://www.vlr.gg/527584/all-gamers-vs-funplus-phoenix-vct-2025-china-stage-2-lr1,Icebox,FunPlus Phoenix,All Gamers,All Gamers,Life,Jett,159.0,11,17,4,116.0,36.0,0
VCT 2025 China Stage 2,https://www.vlr.gg/527584/all-gamers-vs-funplus-phoenix-vct-2025-china-stage-2-lr1,Icebox,FunPlus Phoenix,All Gamers,All Gamers,AAAAY,Sova,103.0,6,18,4,66.0,25.0,0
VCT 2025 China Stage 2,https://www.vlr.gg/527583/edward-gaming-vs-trace-esports-vct-2025-china-stage-2-lr1,Lotus,EDward Gaming,Trace Esports,Trace Esports,CHICHOO,Vyse,251.0,18,12,2,165.0,26.0,0
VCT 2025 China Stage 2,https://www.vlr.gg/527583/edward-gaming-vs-trace-esports-vct-2025-china-stage-2-lr1,Lotus,EDward Gaming,Trace Esports,Trace Esports,ZmjjKK,Raze,261.0,17,15,3,159.0,16.0,0
VCT 2025 China Stage 2,https://www.vlr.gg/527583/edward-gaming-vs-trace-esports-vct-2025-china-stage-2-lr1,Lotus,EDward Gaming,Trace Esports,Trace Esports,Jieni7,Omen,187.0,13,15,5,110.0,28.0,0
VCT 2025 China Stage 2,https://www.vlr.gg/527583/edward-gaming-vs-trace-esports-vct-2025-china-stage-2-lr1,Lotus,EDward Gaming,Trace Esports,Trace Esports,nobody,Yoru,142.0,11,15,3,94.0,52.0,0
VCT 2025 China Stage 2,https://www.vlr.gg/527583/edward-gaming-vs-trace-esports-vct-2025-china-stage-2-lr1,Lotus,EDward Gaming,Trace Esports,Trace Esports,Smoggy,Fade,107.0,8,15,3,69.0,25.0,0
VCT 2025 China Stage 2,https://www.vlr.gg/527583/edward-gaming-vs-trace-esports-vct-2025-china-stage-2-lr1,Lotus,Trace Esports,EDward Gaming,Trace Esports,MarT1n,Viper,276.0,20,12,6,166.0,25.0,1
VCT 2025 China Stage 2,https://www.vlr.gg/527583/edward-gaming-vs-trace-esports-vct-2025-china-stage-2-lr1,Lotus,Trace Esports,EDward Gaming,Trace Esports,Biank,Fade,202.0,13,14,13,129.0,20.0,1
VCT 2025 China Stage 2,https://www.vlr.gg/527583/edward-gaming-vs-trace-esports-vct-2025-china-stage-2-lr1,Lotus,Trace Esports,EDward Gaming,Trace Esports,LuoK1ng,Omen,192.0,13,14,14,111.0,48.0,1
VCT 2025 China Stage 2,https://www.vlr.gg/527583/edward-gaming-vs-trace-esports-vct-2025-china-stage-2-lr1,Lotus,Trace Esports,EDward Gaming,Trace Esports,Kai,Killjoy,196.0,15,14,2,130.0,29.0,1
VCT 2025 China Stage 2,https://www.vlr.gg/527583/edward-gaming-vs-trace-esports-vct-2025-china-stage-2-lr1,Lotus,Trace Esports,EDward Gaming,Trace Esports,FengF,Raze,165.0,11,13,3,112.0,26.0,1
VCT 2025 China Stage 2,https://www.vlr.gg/527583/edward-gaming-vs-trace-esports-vct-2025-china-stage-2-lr1,Sunset,EDward Gaming,Trace Esports,EDward Gaming,CHICHOO,Cypher,275.0,23,12,4,174.0,32.0,1
VCT 2025 China Stage 2,https://www.vlr.gg/527583/edward-gaming-vs-trace-esports-vct-2025-china-stage-2-lr1,Sunset,EDward Gaming,Trace Esports,EDward Gaming,Jieni7,Breach,210.0,18,15,9,148.0,26.0,1
VCT 2025 China Stage 2,https://www.vlr.gg/527583/edward-gaming-vs-trace-esports-vct-2025-china-stage-2-lr1,Sunset,EDward Gaming,Trace Esports,EDward Gaming,Smoggy,Omen,183.0,15,16,7,113.0,42.0,1
VCT 2025 China Stage 2,https://www.vlr.gg/527583/edward-gaming-vs-trace-esports-vct-2025-china-stage-2-lr1,Sunset,EDward Gaming,Trace Esports,EDward Gaming,ZmjjKK,Neon,200.0,18,17,5,116.0,17.0,1
VCT 2025 China Stage 2,https://www.vlr.gg/527583/edward-gaming-vs-trace-esports-vct-2025-china-stage-2-lr1,Sunset,EDward Gaming,Trace Esports,EDward Gaming,nobody,Sova,118.0,9,16,7,90.0,35.0,1
VCT 2025 China Stage 2,https://www.vlr.gg/527583/edward-gaming-vs-trace-esports-vct-2025-china-stage-2-lr1,Sunset,Trace Esports,EDward Gaming,EDward Gaming,Biank,Sova,222.0,17,16,7,149.0,19.0,0
VCT 2025 China Stage 2,https://www.vlr.gg/527583/edward-gaming-vs-trace-esports-vct-2025-china-stage-2-lr1,Sunset,Trace Esports,EDward Gaming,EDward Gaming,Kai,Neon,238.0,18,19,4,152.0,25.0,0
VCT 2025 China Stage 2,https://www.vlr.gg/527583/edward-gaming-vs-trace-esports-vct-2025-china-stage-2-lr1,Sunset,Trace Esports,EDward Gaming,EDward Gaming,MarT1n,Deadlock,149.0,14,14,4,97.0,39.0,0
VCT 2025 China Stage 2,https://www.vlr.gg/527583/edward-gaming-vs-trace-esports-vct-2025-china-stage-2-lr1,Sunset,Trace Esports,EDward Gaming,EDward Gaming,FengF,Cypher,164.0,12,17,8,106.0,26.0,0
VCT 2025 China Stage 2,https://www.vlr.gg/527583/edward-gaming-vs-trace-esports-vct-2025-china-stage-2-lr1,Sunset,Trace Esports,EDward Gaming,EDward Gaming,LuoK1ng,Omen,178.0,15,17,6,107.0,29.0,0
VCT 2025 China Stage 2,https://www.vlr.gg/527583/edward-gaming-vs-trace-esports-vct-2025-china-stage-2-lr1,Ascent,EDward Gaming,Trace Esports,EDward Gaming,nobody,Sova,309.0,26,13,8,203.0,36.0,1
VCT 2025 China Stage 2,https://www.vlr.gg/527583/edward-gaming-vs-trace-esports-vct-2025-china-stage-2-lr1,Ascent,EDward Gaming,Trace Esports,EDward Gaming,Smoggy,Omen,219.0,19,16,8,143.0,36.0,1
VCT 2025 China Stage 2,https://www.vlr.gg/527583/edward-gaming-vs-trace-esports-vct-2025-china-stage-2-lr1,Ascent,EDward Gaming,Trace Esports,EDward Gaming,Jieni7,Kayo,171.0,14,16,9,114.0,23.0,1
VCT 2025 China Stage 2,https://www.vlr.gg/527583/edward-gaming-vs-trace-esports-vct-2025-china-stage-2-lr1,Ascent,EDward Gaming,Trace Esports,EDward Gaming,CHICHOO,Cypher,139.0,12,16,6,74.0,28.0,1
VCT 2025 China Stage 2,https://www.vlr.gg/527583/edward-gaming-vs-trace-esports-vct-2025-china-stage-2-lr1,Ascent,EDward Gaming,Trace Esports,EDward Gaming,ZmjjKK,Jett,164.0,16,18,2,114.0,21.0,1
VCT 2025 China Stage 2,https://www.vlr.gg/527583/edward-gaming-vs-trace-esports-vct-2025-china-stage-2-lr1,Ascent,Trace Esports,EDward Gaming,EDward Gaming,Kai,Yoru,267.0,24,17,7,158.0,18.0,0
VCT 2025 China Stage 2,https://www.vlr.gg/527583/edward-gaming-vs-trace-esports-vct-2025-china-stage-2-lr1,Ascent,Trace Esports,EDward Gaming,EDward Gaming,FengF,Cypher,201.0,17,17,6,133.0,26.0,0
VCT 2025 China Stage 2,https://www.vlr.gg/527583/edward-gaming-vs-trace-esports-vct-2025-china-stage-2-lr1,Ascent,Trace Esports,EDward Gaming,EDward Gaming,Biank,Sova,206.0,15,17,10,146.0,22.0,0
VCT 2025 China Stage 2,https://www.vlr.gg/527583/edward-gaming-vs-trace-esports-vct-2025-china-stage-2-lr1,Ascent,Trace Esports,EDward Gaming,EDward Gaming,MarT1n,Deadlock,154.0,12,17,8,113.0,35.0,0
VCT 2025 China Stage 2,https://www.vlr.gg/527583/edward-gaming-vs-trace-esports-vct-2025-china-stage-2-lr1,Ascent,Trace Esports,EDward Gaming,EDward Gaming,LuoK1ng,Omen,138.0,11,19,17,86.0,29.0,0
VCT 2025 China Stage 2,https://www.vlr.gg/527580/bilibili-gaming-vs-tyloo-vct-2025-china-stage-2-ubsf,Bind,"Guangzhou Huadu Bilibili Gaming						
							(Bilibili Gaming)",TYLOO,"Guangzhou Huadu Bilibili Gaming						
							(Bilibili Gaming)",whzy,Raze,346.0,24,13,5,245.0,30.0,1
VCT 2025 China Stage 2,https://www.vlr.gg/527580/bilibili-gaming-vs-tyloo-vct-2025-china-stage-2-ubsf,Bind,"Guangzhou Huadu Bilibili Gaming						
							(Bilibili Gaming)",TYLOO,"Guangzhou Huadu Bilibili Gaming						
							(Bilibili Gaming)",rushia,Brimstone,232.0,19,11,8,136.0,12.0,1
VCT 2025 China Stage 2,https://www.vlr.gg/527580/bilibili-gaming-vs-tyloo-vct-2025-china-stage-2-ubsf,Bind,"Guangzhou Huadu Bilibili Gaming						
							(Bilibili Gaming)",TYLOO,"Guangzhou Huadu Bilibili Gaming						
							(Bilibili Gaming)",Knight,Fade,213.0,17,12,5,125.0,27.0,1
VCT 2025 China Stage 2,https://www.vlr.gg/527580/bilibili-gaming-vs-tyloo-vct-2025-china-stage-2-ubsf,Bind,"Guangzhou Huadu Bilibili Gaming						
							(Bilibili Gaming)",TYLOO,"Guangzhou Huadu Bilibili Gaming						
							(Bilibili Gaming)",Levius,Viper,191.0,12,11,8,126.0,30.0,1
VCT 2025 China Stage 2,https://www.vlr.gg/527580/bilibili-gaming-vs-tyloo-vct-2025-china-stage-2-ubsf,Bind,"Guangzhou Huadu Bilibili Gaming						
							(Bilibili Gaming)",TYLOO,"Guangzhou Huadu Bilibili Gaming						
							(Bilibili Gaming)",nephh,Kayo,163.0,13,13,8,83.0,28.0,1
VCT 2025 China Stage 2,https://www.vlr.gg/527580/bilibili-gaming-vs-tyloo-vct-2025-china-stage-2-ubsf,Bind,TYLOO,"Guangzhou Huadu Bilibili Gaming						
							(Bilibili Gaming)","Guangzhou Huadu Bilibili Gaming						
							(Bilibili Gaming)",slowly,Yoru,220.0,15,16,8,164.0,33.0,0
VCT 2025 China Stage 2,https://www.vlr.gg/527580/bilibili-gaming-vs-tyloo-vct-2025-china-stage-2-ubsf,Bind,TYLOO,"Guangzhou Huadu Bilibili Gaming						
							(Bilibili Gaming)","Guangzhou Huadu Bilibili Gaming						
							(Bilibili Gaming)",Ninebody,Raze,184.0,12,17,5,124.0,12.0,0
VCT 2025 China Stage 2,https://www.vlr.gg/527580/bilibili-gaming-vs-tyloo-vct-2025-china-stage-2-ubsf,Bind,TYLOO,"Guangzhou Huadu Bilibili Gaming						
							(Bilibili Gaming)","Guangzhou Huadu Bilibili Gaming						
							(Bilibili Gaming)",Scales,Viper,220.0,15,18,6,158.0,30.0,0
VCT 2025 China Stage 2,https://www.vlr.gg/527580/bilibili-gaming-vs-tyloo-vct-2025-china-stage-2-ubsf,Bind,TYLOO,"Guangzhou Huadu Bilibili Gaming						
							(Bilibili Gaming)","Guangzhou Huadu Bilibili Gaming						
							(Bilibili Gaming)",sword9,Fade,169.0,12,17,4,115.0,31.0,0
VCT 2025 China Stage 2,https://www.vlr.gg/527580/bilibili-gaming-vs-tyloo-vct-2025-china-stage-2-ubsf,Bind,TYLOO,"Guangzhou Huadu Bilibili Gaming						
							(Bilibili Gaming)","Guangzhou Huadu Bilibili Gaming						
							(Bilibili Gaming)",Yoyo,Brimstone,125.0,6,17,7,92.0,21.0,0
VCT 2025 China Stage 2,https://www.vlr.gg/527580/bilibili-gaming-vs-tyloo-vct-2025-china-stage-2-ubsf,Icebox,"Guangzhou Huadu Bilibili Gaming						
							(Bilibili Gaming)",TYLOO,TYLOO,Knight,Sova,232.0,19,16,0,151.0,33.0,0
VCT 2025 China Stage 2,https://www.vlr.gg/527580/bilibili-gaming-vs-tyloo-vct-2025-china-stage-2-ubsf,Icebox,"Guangzhou Huadu Bilibili Gaming						
							(Bilibili Gaming)",TYLOO,TYLOO,nephh,Viper,208.0,15,17,10,119.0,14.0,0
VCT 2025 China Stage 2,https://www.vlr.gg/527580/bilibili-gaming-vs-tyloo-vct-2025-china-stage-2-ubsf,Icebox,"Guangzhou Huadu Bilibili Gaming						
							(Bilibili Gaming)",TYLOO,TYLOO,whzy,Jett,215.0,16,16,5,143.0,25.0,0
VCT 2025 China Stage 2,https://www.vlr.gg/527580/bilibili-gaming-vs-tyloo-vct-2025-china-stage-2-ubsf,Icebox,"Guangzhou Huadu Bilibili Gaming						
							(Bilibili Gaming)",TYLOO,TYLOO,Levius,Killjoy,181.0,12,17,3,124.0,17.0,0
VCT 2025 China Stage 2,https://www.vlr.gg/527580/bilibili-gaming-vs-tyloo-vct-2025-china-stage-2-ubsf,Icebox,"Guangzhou Huadu Bilibili Gaming						
							(Bilibili Gaming)",TYLOO,TYLOO,rushia,Harbor,97.0,6,19,7,65.0,17.0,0
VCT 2025 China Stage 2,https://www.vlr.gg/527580/bilibili-gaming-vs-tyloo-vct-2025-china-stage-2-ubsf,Icebox,TYLOO,"Guangzhou Huadu Bilibili Gaming						
							(Bilibili Gaming)",TYLOO,slowly,Jett,376.0,31,13,0,226.0,35.0,1
VCT 2025 China Stage 2,https://www.vlr.gg/527580/bilibili-gaming-vs-tyloo-vct-2025-china-stage-2-ubsf,Icebox,TYLOO,"Guangzhou Huadu Bilibili Gaming						
							(Bilibili Gaming)",TYLOO,Ninebody,Killjoy,244.0,19,12,4,168.0,28.0,1
VCT 2025 China Stage 2,https://www.vlr.gg/527580/bilibili-gaming-vs-tyloo-vct-2025-china-stage-2-ubsf,Icebox,TYLOO,"Guangzhou Huadu Bilibili Gaming						
							(Bilibili Gaming)",TYLOO,Yoyo,Viper,177.0,15,14,7,127.0,46.0,1
VCT 2025 China Stage 2,https://www.vlr.gg/527580/bilibili-gaming-vs-tyloo-vct-2025-china-stage-2-ubsf,Icebox,TYLOO,"Guangzhou Huadu Bilibili Gaming						
							(Bilibili Gaming)",TYLOO,Scales,Sova,140.0,9,13,6,105.0,26.0,1
VCT 2025 China Stage 2,https://www.vlr.gg/527580/bilibili-gaming-vs-tyloo-vct-2025-china-stage-2-ubsf,Icebox,TYLOO,"Guangzhou Huadu Bilibili Gaming						
							(Bilibili Gaming)",TYLOO,sword9,Omen,141.0,11,16,5,101.0,27.0,1
VCT 2025 China Stage 2,https://www.vlr.gg/527580/bilibili-gaming-vs-tyloo-vct-2025-china-stage-2-ubsf,Lotus,"Guangzhou Huadu Bilibili Gaming						
							(Bilibili Gaming)",TYLOO,"Guangzhou Huadu Bilibili Gaming						
							(Bilibili Gaming)",Knight,Fade,427.0,27,14,9,,,1
VCT 2025 China Stage 2,https://www.vlr.gg/527580/bilibili-gaming-vs-tyloo-vct-2025-china-stage-2-ubsf,Lotus,"Guangzhou Huadu Bilibili Gaming						
							(Bilibili Gaming)",TYLOO,"Guangzhou Huadu Bilibili Gaming						
							(Bilibili Gaming)",rushia,Viper,242.0,16,9,6,,,1
VCT 2025 China Stage 2,https://www.vlr.gg/527580/bilibili-gaming-vs-tyloo-vct-2025-china-stage-2-ubsf,Lotus,"Guangzhou Huadu Bilibili Gaming						
							(Bilibili Gaming)",TYLOO,"Guangzhou Huadu Bilibili Gaming						
							(Bilibili Gaming)",Levius,Vyse,210.0,15,10,6,,,1
VCT 2025 China Stage 2,https://www.vlr.gg/527580/bilibili-gaming-vs-tyloo-vct-2025-china-stage-2-ubsf,Lotus,"Guangzhou Huadu Bilibili Gaming						
							(Bilibili Gaming)",TYLOO,"Guangzhou Huadu Bilibili Gaming						
							(Bilibili Gaming)",whzy,Raze,166.0,10,13,6,,,1
VCT 2025 China Stage 2,https://www.vlr.gg/527580/bilibili-gaming-vs-tyloo-vct-2025-china-stage-2-ubsf,Lotus,"Guangzhou Huadu Bilibili Gaming						
							(Bilibili Gaming)",TYLOO,"Guangzhou Huadu Bilibili Gaming						
							(Bilibili Gaming)",nephh,Omen,136.0,10,12,5,,,1
VCT 2025 China Stage 2,https://www.vlr.gg/527580/bilibili-gaming-vs-tyloo-vct-2025-china-stage-2-ubsf,Lotus,TYLOO,"Guangzhou Huadu Bilibili Gaming						
							(Bilibili Gaming)","Guangzhou Huadu Bilibili Gaming						
							(Bilibili Gaming)",slowly,Omen,239.0,15,14,5,,,0
VCT 2025 China Stage 2,https://www.vlr.gg/527580/bilibili-gaming-vs-tyloo-vct-2025-china-stage-2-ubsf,Lotus,TYLOO,"Guangzhou Huadu Bilibili Gaming						
							(Bilibili Gaming)","Guangzhou Huadu Bilibili Gaming						
							(Bilibili Gaming)",Yoyo,Raze,212.0,11,17,5,,,0
VCT 2025 China Stage 2,https://www.vlr.gg/527580/bilibili-gaming-vs-tyloo-vct-2025-china-stage-2-ubsf,Lotus,TYLOO,"Guangzhou Huadu Bilibili Gaming						
							(Bilibili Gaming)","Guangzhou Huadu Bilibili Gaming						
							(Bilibili Gaming)",sword9,Fade,188.0,12,15,2,,,0
VCT 2025 China Stage 2,https://www.vlr.gg/527580/bilibili-gaming-vs-tyloo-vct-2025-china-stage-2-ubsf,Lotus,TYLOO,"Guangzhou Huadu Bilibili Gaming						
							(Bilibili Gaming)","Guangzhou Huadu Bilibili Gaming						
							(Bilibili Gaming)",Ninebody,Vyse,179.0,12,16,3,,,0
VCT 2025 China Stage 2,https://www.vlr.gg/527580/bilibili-gaming-vs-tyloo-vct-2025-china-stage-2-ubsf,Lotus,TYLOO,"Guangzhou Huadu Bilibili Gaming						
							(Bilibili Gaming)","Guangzhou Huadu Bilibili Gaming						
							(Bilibili Gaming)",Scales,Viper,126.0,8,16,5,,,0
VCT 2025 China Stage 2,https://www.vlr.gg/527579/xi-lai-gaming-vs-dragon-ranger-gaming-vct-2025-china-stage-2-ubsf,Lotus,Xi Lai Gaming,Dragon Ranger Gaming,Dragon Ranger Gaming,Rarga,Sage,311.0,27,21,8,217.0,29.0,0
VCT 2025 China Stage 2,https://www.vlr.gg/527579/xi-lai-gaming-vs-dragon-ranger-gaming-vct-2025-china-stage-2-ubsf,Lotus,Xi Lai Gaming,Dragon Ranger Gaming,Dragon Ranger Gaming,happywei,Cypher,311.0,21,21,9,217.0,29.0,0
VCT 2025 China Stage 2,https://www.vlr.gg/527579/xi-lai-gaming-vs-dragon-ranger-gaming-vct-2025-china-stage-2-ubsf,Lotus,Xi Lai Gaming,Dragon Ranger Gaming,Dragon Ranger Gaming,Viva,Fade,214.0,19,18,9,150.0,27.0,0
VCT 2025 China Stage 2,https://www.vlr.gg/527579/xi-lai-gaming-vs-dragon-ranger-gaming-vct-2025-china-stage-2-ubsf,Lotus,Xi Lai Gaming,Dragon Ranger Gaming,Dragon Ranger Gaming,coconut,Omen,154.0,13,21,9,113.0,24.0,0
VCT 2025 China Stage 2,https://www.vlr.gg/527579/xi-lai-gaming-vs-dragon-ranger-gaming-vct-2025-china-stage-2-ubsf,Lotus,Xi Lai Gaming,Dragon Ranger Gaming,Dragon Ranger Gaming,NoMan,Deadlock,144.0,13,23,7,82.0,25.0,0
VCT 2025 China Stage 2,https://www.vlr.gg/527579/xi-lai-gaming-vs-dragon-ranger-gaming-vct-2025-china-stage-2-ubsf,Lotus,Dragon Ranger Gaming,Xi Lai Gaming,Dragon Ranger Gaming,Flex1n,Omen,228.0,21,18,19,136.0,23.0,1
VCT 2025 China Stage 2,https://www.vlr.gg/527579/xi-lai-gaming-vs-dragon-ranger-gaming-vct-2025-china-stage-2-ubsf,Lotus,Dragon Ranger Gaming,Xi Lai Gaming,Dragon Ranger Gaming,SpiritZ1,Yoru,326.0,29,20,7,196.0,27.0,1
VCT 2025 China Stage 2,https://www.vlr.gg/527579/xi-lai-gaming-vs-dragon-ranger-gaming-vct-2025-china-stage-2-ubsf,Lotus,Dragon Ranger Gaming,Xi Lai Gaming,Dragon Ranger Gaming,vo0kashu,Cypher,234.0,23,19,8,160.0,31.0,1
VCT 2025 China Stage 2,https://www.vlr.gg/527579/xi-lai-gaming-vs-dragon-ranger-gaming-vct-2025-china-stage-2-ubsf,Lotus,Dragon Ranger Gaming,Xi Lai Gaming,Dragon Ranger Gaming,Nicc,Breach,191.0,17,16,16,124.0,35.0,1
VCT 2025 China Stage 2,https://www.vlr.gg/527579/xi-lai-gaming-vs-dragon-ranger-gaming-vct-2025-china-stage-2-ubsf,Lotus,Dragon Ranger Gaming,Xi Lai Gaming,Dragon Ranger Gaming,Akeman,Neon,179.0,14,20,10,124.0,18.0,1
VCT 2025 China Stage 2,https://www.vlr.gg/527579/xi-lai-gaming-vs-dragon-ranger-gaming-vct-2025-china-stage-2-ubsf,Bind,Xi Lai Gaming,Dragon Ranger Gaming,Xi Lai Gaming,happywei,Viper,339.0,22,7,9,232.0,26.0,1
VCT 2025 China Stage 2,https://www.vlr.gg/527579/xi-lai-gaming-vs-dragon-ranger-gaming-vct-2025-china-stage-2-ubsf,Bind,Xi Lai Gaming,Dragon Ranger Gaming,Xi Lai Gaming,NoMan,Skye,273.0,18,8,5,170.0,29.0,1
VCT 2025 China Stage 2,https://www.vlr.gg/527579/xi-lai-gaming-vs-dragon-ranger-gaming-vct-2025-china-stage-2-ubsf,Bind,Xi Lai Gaming,Dragon Ranger Gaming,Xi Lai Gaming,Viva,Brimstone,128.0,8,9,8,98.0,27.0,1
VCT 2025 China Stage 2,https://www.vlr.gg/527579/xi-lai-gaming-vs-dragon-ranger-gaming-vct-2025-china-stage-2-ubsf,Bind,Xi Lai Gaming,Dragon Ranger Gaming,Xi Lai Gaming,Rarga,Waylay,186.0,12,12,5,151.0,25.0,1
VCT 2025 China Stage 2,https://www.vlr.gg/527579/xi-lai-gaming-vs-dragon-ranger-gaming-vct-2025-china-stage-2-ubsf,Bind,Xi Lai Gaming,Dragon Ranger Gaming,Xi Lai Gaming,coconut,Gekko,126.0,8,10,4,72.0,20.0,1
VCT 2025 China Stage 2,https://www.vlr.gg/527579/xi-lai-gaming-vs-dragon-ranger-gaming-vct-2025-china-stage-2-ubsf,Bind,Dragon Ranger Gaming,Xi Lai Gaming,Xi Lai Gaming,vo0kashu,Vyse,252.0,14,14,5,169.0,26.0,0
VCT 2025 China Stage 2,https://www.vlr.gg/527579/xi-lai-gaming-vs-dragon-ranger-gaming-vct-2025-china-stage-2-ubsf,Bind,Dragon Ranger Gaming,Xi Lai Gaming,Xi Lai Gaming,Flex1n,Astra,164.0,10,11,5,100.0,23.0,0
VCT 2025 China Stage 2,https://www.vlr.gg/527579/xi-lai-gaming-vs-dragon-ranger-gaming-vct-2025-china-stage-2-ubsf,Bind,Dragon Ranger Gaming,Xi Lai Gaming,Xi Lai Gaming,Nicc,Gekko,202.0,12,15,1,155.0,30.0,0
VCT 2025 China Stage 2,https://www.vlr.gg/527579/xi-lai-gaming-vs-dragon-ranger-gaming-vct-2025-china-stage-2-ubsf,Bind,Dragon Ranger Gaming,Xi Lai Gaming,Xi Lai Gaming,Akeman,Neon,99.0,6,14,3,67.0,14.0,0
VCT 2025 China Stage 2,https://www.vlr.gg/527579/xi-lai-gaming-vs-dragon-ranger-gaming-vct-2025-china-stage-2-ubsf,Bind,Dragon Ranger Gaming,Xi Lai Gaming,Xi Lai Gaming,SpiritZ1,Yoru,73.0,4,14,2,54.0,19.0,0
VCT 2025 China Stage 2,https://www.vlr.gg/527579/xi-lai-gaming-vs-dragon-ranger-gaming-vct-2025-china-stage-2-ubsf,Sunset,Xi Lai Gaming,Dragon Ranger Gaming,Dragon Ranger Gaming,Rarga,Neon,283.0,17,15,1,160.0,39.0,0
VCT 2025 China Stage 2,https://www.vlr.gg/527579/xi-lai-gaming-vs-dragon-ranger-gaming-vct-2025-china-stage-2-ubsf,Sunset,Xi Lai Gaming,Dragon Ranger Gaming,Dragon Ranger Gaming,coconut,Omen,186.0,11,12,5,116.0,24.0,0
VCT 2025 China Stage 2,https://www.vlr.gg/527579/xi-lai-gaming-vs-dragon-ranger-gaming-vct-2025-china-stage-2-ubsf,Sunset,Xi Lai Gaming,Dragon Ranger Gaming,Dragon Ranger Gaming,happywei,Viper,197.0,12,16,3,119.0,40.0,0
VCT 2025 China Stage 2,https://www.vlr.gg/527579/xi-lai-gaming-vs-dragon-ranger-gaming-vct-2025-china-stage-2-ubsf,Sunset,Xi Lai Gaming,Dragon Ranger Gaming,Dragon Ranger Gaming,Viva,Sova,124.0,7,14,5,96.0,41.0,0
VCT 2025 China Stage 2,https://www.vlr.gg/527579/xi-lai-gaming-vs-dragon-ranger-gaming-vct-2025-china-stage-2-ubsf,Sunset,Xi Lai Gaming,Dragon Ranger Gaming,Dragon Ranger Gaming,NoMan,Deadlock,95.0,4,16,6,63.0,36.0,0
VCT 2025 China Stage 2,https://www.vlr.gg/527579/xi-lai-gaming-vs-dragon-ranger-gaming-vct-2025-china-stage-2-ubsf,Sunset,Dragon Ranger Gaming,Xi Lai Gaming,Dragon Ranger Gaming,Nicc,Fade,230.0,15,10,9,166.0,37.0,1
VCT 2025 China Stage 2,https://www.vlr.gg/527579/xi-lai-gaming-vs-dragon-ranger-gaming-vct-2025-china-stage-2-ubsf,Sunset,Dragon Ranger Gaming,Xi Lai Gaming,Dragon Ranger Gaming,SpiritZ1,Yoru,230.0,14,9,7,149.0,42.0,1
VCT 2025 China Stage 2,https://www.vlr.gg/527579/xi-lai-gaming-vs-dragon-ranger-gaming-vct-2025-china-stage-2-ubsf,Sunset,Dragon Ranger Gaming,Xi Lai Gaming,Dragon Ranger Gaming,vo0kashu,Cypher,220.0,15,10,3,146.0,34.0,1
VCT 2025 China Stage 2,https://www.vlr.gg/527579/xi-lai-gaming-vs-dragon-ranger-gaming-vct-2025-china-stage-2-ubsf,Sunset,Dragon Ranger Gaming,Xi Lai Gaming,Dragon Ranger Gaming,Flex1n,Omen,188.0,13,9,12,118.0,23.0,1
VCT 2025 China Stage 2,https://www.vlr.gg/527579/xi-lai-gaming-vs-dragon-ranger-gaming-vct-2025-china-stage-2-ubsf,Sunset,Dragon Ranger Gaming,Xi Lai Gaming,Dragon Ranger Gaming,Akeman,Neon,256.0,16,13,5,156.0,21.0,1
VCT 2025 China Stage 2,https://www.vlr.gg/527585/tyloo-vs-edward-gaming-vct-2025-china-stage-2-lr2,Haven,TYLOO,EDward Gaming,EDward Gaming,Scales,Iso,358.0,19,14,2,229.0,36.0,0
VCT 2025 China Stage 2,https://www.vlr.gg/527585/tyloo-vs-edward-gaming-vct-2025-china-stage-2-lr2,Haven,TYLOO,EDward Gaming,EDward Gaming,slowly,Yoru,212.0,13,15,2,144.0,30.0,0
VCT 2025 China Stage 2,https://www.vlr.gg/527585/tyloo-vs-edward-gaming-vct-2025-china-stage-2-lr2,Haven,TYLOO,EDward Gaming,EDward Gaming,Ninebody,Cypher,175.0,8,14,3,123.0,38.0,0
VCT 2025 China Stage 2,https://www.vlr.gg/527585/tyloo-vs-edward-gaming-vct-2025-china-stage-2-lr2,Haven,TYLOO,EDward Gaming,EDward Gaming,sword9,Omen,109.0,5,14,9,79.0,17.0,0
VCT 2025 China Stage 2,https://www.vlr.gg/527585/tyloo-vs-edward-gaming-vct-2025-china-stage-2-lr2,Haven,TYLOO,EDward Gaming,EDward Gaming,Yoyo,Sova,119.0,6,15,5,84.0,40.0,0
VCT 2025 China Stage 2,https://www.vlr.gg/527585/tyloo-vs-edward-gaming-vct-2025-china-stage-2-lr2,Haven,EDward Gaming,TYLOO,EDward Gaming,ZmjjKK,Yoru,335.0,20,8,8,203.0,27.0,1
VCT 2025 China Stage 2,https://www.vlr.gg/527585/tyloo-vs-edward-gaming-vct-2025-china-stage-2-lr2,Haven,EDward Gaming,TYLOO,EDward Gaming,Jieni7,Neon,343.0,21,11,4,204.0,25.0,1
VCT 2025 China Stage 2,https://www.vlr.gg/527585/tyloo-vs-edward-gaming-vct-2025-china-stage-2-lr2,Haven,EDward Gaming,TYLOO,EDward Gaming,CHICHOO,Cypher,225.0,14,8,3,140.0,27.0,1
VCT 2025 China Stage 2,https://www.vlr.gg/527585/tyloo-vs-edward-gaming-vct-2025-china-stage-2-lr2,Haven,EDward Gaming,TYLOO,EDward Gaming,Smoggy,Omen,182.0,11,11,5,125.0,27.0,1
VCT 2025 China Stage 2,https://www.vlr.gg/527585/tyloo-vs-edward-gaming-vct-2025-china-stage-2-lr2,Haven,EDward Gaming,TYLOO,EDward Gaming,nobody,Sova,115.0,6,13,3,80.0,24.0,1
VCT 2025 China Stage 2,https://www.vlr.gg/527585/tyloo-vs-edward-gaming-vct-2025-china-stage-2-lr2,Ascent,TYLOO,EDward Gaming,EDward Gaming,slowly,Killjoy,245.0,21,16,3,177.0,47.0,0
VCT 2025 China Stage 2,https://www.vlr.gg/527585/tyloo-vs-edward-gaming-vct-2025-china-stage-2-lr2,Ascent,TYLOO,EDward Gaming,EDward Gaming,sword9,Sova,254.0,23,18,6,180.0,29.0,0
VCT 2025 China Stage 2,https://www.vlr.gg/527585/tyloo-vs-edward-gaming-vct-2025-china-stage-2-lr2,Ascent,TYLOO,EDward Gaming,EDward Gaming,Yoyo,Kayo,163.0,11,19,12,118.0,22.0,0
VCT 2025 China Stage 2,https://www.vlr.gg/527585/tyloo-vs-edward-gaming-vct-2025-china-stage-2-lr2,Ascent,TYLOO,EDward Gaming,EDward Gaming,Ninebody,Jett,206.0,17,20,4,122.0,13.0,0
VCT 2025 China Stage 2,https://www.vlr.gg/527585/tyloo-vs-edward-gaming-vct-2025-china-stage-2-lr2,Ascent,TYLOO,EDward Gaming,EDward Gaming,Scales,Omen,89.0,7,17,5,61.0,29.0,0
VCT 2025 China Stage 2,https://www.vlr.gg/527585/tyloo-vs-edward-gaming-vct-2025-china-stage-2-lr2,Ascent,EDward Gaming,TYLOO,EDward Gaming,nobody,Sova,280.0,24,14,10,197.0,27.0,1
VCT 2025 China Stage 2,https://www.vlr.gg/527585/tyloo-vs-edward-gaming-vct-2025-china-stage-2-lr2,Ascent,EDward Gaming,TYLOO,EDward Gaming,ZmjjKK,Jett,228.0,19,17,4,153.0,18.0,1
VCT 2025 China Stage 2,https://www.vlr.gg/527585/tyloo-vs-edward-gaming-vct-2025-china-stage-2-lr2,Ascent,EDward Gaming,TYLOO,EDward Gaming,CHICHOO,Cypher,150.0,14,13,6,111.0,13.0,1
VCT 2025 China Stage 2,https://www.vlr.gg/527585/tyloo-vs-edward-gaming-vct-2025-china-stage-2-lr2,Ascent,EDward Gaming,TYLOO,EDward Gaming,Jieni7,Kayo,212.0,17,18,11,131.0,16.0,1
VCT 2025 China Stage 2,https://www.vlr.gg/527585/tyloo-vs-edward-gaming-vct-2025-china-stage-2-lr2,Ascent,EDward Gaming,TYLOO,EDward Gaming,Smoggy,Omen,176.0,16,17,6,123.0,32.0,1
VCT 2025 China Stage 2,https://www.vlr.gg/527586/xi-lai-gaming-vs-all-gamers-vct-2025-china-stage-2-lr2,Ascent,Xi Lai Gaming,All Gamers,Xi Lai Gaming,Viva,Sova,299.0,24,10,3,203.0,32.0,1
VCT 2025 China Stage 2,https://www.vlr.gg/527586/xi-lai-gaming-vs-all-gamers-vct-2025-china-stage-2-lr2,Ascent,Xi Lai Gaming,All Gamers,Xi Lai Gaming,NoMan,Chamber,236.0,17,13,4,151.0,14.0,1
VCT 2025 China Stage 2,https://www.vlr.gg/527586/xi-lai-gaming-vs-all-gamers-vct-2025-china-stage-2-lr2,Ascent,Xi Lai Gaming,All Gamers,Xi Lai Gaming,happywei,Vyse,176.0,14,12,1,116.0,29.0,1
VCT 2025 China Stage 2,https://www.vlr.gg/527586/xi-lai-gaming-vs-all-gamers-vct-2025-china-stage-2-lr2,Ascent,Xi Lai Gaming,All Gamers,Xi Lai Gaming,Rarga,Yoru,215.0,16,17,0,137.0,44.0,1
VCT 2025 China Stage 2,https://www.vlr.gg/527586/xi-lai-gaming-vs-all-gamers-vct-2025-china-stage-2-lr2,Ascent,Xi Lai Gaming,All Gamers,Xi Lai Gaming,coconut,Omen,144.0,10,16,11,98.0,34.0,1
VCT 2025 China Stage 2,https://www.vlr.gg/527586/xi-lai-gaming-vs-all-gamers-vct-2025-china-stage-2-lr2,Ascent,All Gamers,Xi Lai Gaming,Xi Lai Gaming,Shr1mp,Sova,181.0,15,15,2,110.0,30.0,0
VCT 2025 China Stage 2,https://www.vlr.gg/527586/xi-lai-gaming-vs-all-gamers-vct-2025-china-stage-2-lr2,Ascent,All Gamers,Xi Lai Gaming,Xi Lai Gaming,K1ra,Omen,166.0,10,14,7,110.0,22.0,0
VCT 2025 China Stage 2,https://www.vlr.gg/527586/xi-lai-gaming-vs-all-gamers-vct-2025-china-stage-2-lr2,Ascent,All Gamers,Xi Lai Gaming,Xi Lai Gaming,Spitfires,Yoru,278.0,19,20,4,163.0,19.0,0
VCT 2025 China Stage 2,https://www.vlr.gg/527586/xi-lai-gaming-vs-all-gamers-vct-2025-china-stage-2-lr2,Ascent,All Gamers,Xi Lai Gaming,Xi Lai Gaming,HanChe,Cypher,175.0,12,15,5,122.0,21.0,0
VCT 2025 China Stage 2,https://www.vlr.gg/527586/xi-lai-gaming-vs-all-gamers-vct-2025-china-stage-2-lr2,Ascent,All Gamers,Xi Lai Gaming,Xi Lai Gaming,deLb,Deadlock,160.0,12,17,1,100.0,34.0,0
VCT 2025 China Stage 2,https://www.vlr.gg/527586/xi-lai-gaming-vs-all-gamers-vct-2025-china-stage-2-lr2,Icebox,Xi Lai Gaming,All Gamers,All Gamers,NoMan,Killjoy,243.0,19,14,2,172.0,46.0,0
VCT 2025 China Stage 2,https://www.vlr.gg/527586/xi-lai-gaming-vs-all-gamers-vct-2025-china-stage-2-lr2,Icebox,Xi Lai Gaming,All Gamers,All Gamers,happywei,Sage,228.0,19,15,5,146.0,32.0,0
VCT 2025 China Stage 2,https://www.vlr.gg/527586/xi-lai-gaming-vs-all-gamers-vct-2025-china-stage-2-lr2,Icebox,Xi Lai Gaming,All Gamers,All Gamers,coconut,Viper,207.0,16,17,9,130.0,25.0,0
VCT 2025 China Stage 2,https://www.vlr.gg/527586/xi-lai-gaming-vs-all-gamers-vct-2025-china-stage-2-lr2,Icebox,Xi Lai Gaming,All Gamers,All Gamers,Viva,Sova,145.0,11,17,7,108.0,37.0,0
VCT 2025 China Stage 2,https://www.vlr.gg/527586/xi-lai-gaming-vs-all-gamers-vct-2025-china-stage-2-lr2,Icebox,Xi Lai Gaming,All Gamers,All Gamers,Rarga,Jett,116.0,8,18,4,81.0,35.0,0
VCT 2025 China Stage 2,https://www.vlr.gg/527586/xi-lai-gaming-vs-all-gamers-vct-2025-china-stage-2-lr2,Icebox,All Gamers,Xi Lai Gaming,All Gamers,K1ra,Viper,333.0,26,14,3,204.0,34.0,1
VCT 2025 China Stage 2,https://www.vlr.gg/527586/xi-lai-gaming-vs-all-gamers-vct-2025-china-stage-2-lr2,Icebox,All Gamers,Xi Lai Gaming,All Gamers,deLb,Omen,171.0,15,13,6,122.0,40.0,1
VCT 2025 China Stage 2,https://www.vlr.gg/527586/xi-lai-gaming-vs-all-gamers-vct-2025-china-stage-2-lr2,Icebox,All Gamers,Xi Lai Gaming,All Gamers,HanChe,Killjoy,202.0,15,15,2,143.0,30.0,1
VCT 2025 China Stage 2,https://www.vlr.gg/527586/xi-lai-gaming-vs-all-gamers-vct-2025-china-stage-2-lr2,Icebox,All Gamers,Xi Lai Gaming,All Gamers,Shr1mp,Sova,166.0,11,13,9,123.0,15.0,1
VCT 2025 China Stage 2,https://www.vlr.gg/527586/xi-lai-gaming-vs-all-gamers-vct-2025-china-stage-2-lr2,Icebox,All Gamers,Xi Lai Gaming,All Gamers,Spitfires,Jett,209.0,14,18,4,137.0,27.0,1
VCT 2025 China Stage 2,https://www.vlr.gg/527586/xi-lai-gaming-vs-all-gamers-vct-2025-china-stage-2-lr2,Lotus,Xi Lai Gaming,All Gamers,Xi Lai Gaming,Rarga,Sage,452.0,23,4,12,247.0,29.0,1
VCT 2025 China Stage 2,https://www.vlr.gg/527586/xi-lai-gaming-vs-all-gamers-vct-2025-china-stage-2-lr2,Lotus,Xi Lai Gaming,All Gamers,Xi Lai Gaming,happywei,Cypher,287.0,16,6,3,184.0,34.0,1
VCT 2025 China Stage 2,https://www.vlr.gg/527586/xi-lai-gaming-vs-all-gamers-vct-2025-china-stage-2-lr2,Lotus,Xi Lai Gaming,All Gamers,Xi Lai Gaming,NoMan,Deadlock,142.0,8,4,3,94.0,37.0,1
VCT 2025 China Stage 2,https://www.vlr.gg/527586/xi-lai-gaming-vs-all-gamers-vct-2025-china-stage-2-lr2,Lotus,Xi Lai Gaming,All Gamers,Xi Lai Gaming,Viva,Fade,130.0,7,5,6,85.0,39.0,1
VCT 2025 China Stage 2,https://www.vlr.gg/527586/xi-lai-gaming-vs-all-gamers-vct-2025-china-stage-2-lr2,Lotus,Xi Lai Gaming,All Gamers,Xi Lai Gaming,coconut,Omen,181.0,9,10,9,127.0,20.0,1
VCT 2025 China Stage 2,https://www.vlr.gg/527586/xi-lai-gaming-vs-all-gamers-vct-2025-china-stage-2-lr2,Lotus,All Gamers,Xi Lai Gaming,Xi Lai Gaming,K1ra,Raze,209.0,9,13,3,114.0,12.0,0
VCT 2025 China Stage 2,https://www.vlr.gg/527586/xi-lai-gaming-vs-all-gamers-vct-2025-china-stage-2-lr2,Lotus,All Gamers,Xi Lai Gaming,Xi Lai Gaming,Spitfires,Yoru,160.0,7,11,1,112.0,24.0,0
VCT 2025 China Stage 2,https://www.vlr.gg/527586/xi-lai-gaming-vs-all-gamers-vct-2025-china-stage-2-lr2,Lotus,All Gamers,Xi Lai Gaming,Xi Lai Gaming,HanChe,Viper,143.0,6,13,3,97.0,19.0,0
VCT 2025 China Stage 2,https://www.vlr.gg/527586/xi-lai-gaming-vs-all-gamers-vct-2025-china-stage-2-lr2,Lotus,All Gamers,Xi Lai Gaming,Xi Lai Gaming,deLb,Omen,90.0,4,12,2,52.0,50.0,0
VCT 2025 China Stage 2,https://www.vlr.gg/527586/xi-lai-gaming-vs-all-gamers-vct-2025-china-stage-2-lr2,Lotus,All Gamers,Xi Lai Gaming,Xi Lai Gaming,Shr1mp,Fade,93.0,3,14,6,60.0,0.0,0
VCT 2025 China Stage 2,https://www.vlr.gg/527581/dragon-ranger-gaming-vs-bilibili-gaming-vct-2025-china-stage-2-ubf,Haven,Dragon Ranger Gaming,"Guangzhou Huadu Bilibili Gaming						
							(Bilibili Gaming)",Dragon Ranger Gaming,vo0kashu,Iso,228.0,19,14,5,159.0,29.0,1
VCT 2025 China Stage 2,https://www.vlr.gg/527581/dragon-ranger-gaming-vs-bilibili-gaming-vct-2025-china-stage-2-ubf,Haven,Dragon Ranger Gaming,"Guangzhou Huadu Bilibili Gaming						
							(Bilibili Gaming)",Dragon Ranger Gaming,SpiritZ1,Yoru,261.0,21,19,5,173.0,34.0,1
VCT 2025 China Stage 2,https://www.vlr.gg/527581/dragon-ranger-gaming-vs-bilibili-gaming-vct-2025-china-stage-2-ubf,Haven,Dragon Ranger Gaming,"Guangzhou Huadu Bilibili Gaming						
							(Bilibili Gaming)",Dragon Ranger Gaming,Nicc,Sova,204.0,16,16,11,146.0,23.0,1
VCT 2025 China Stage 2,https://www.vlr.gg/527581/dragon-ranger-gaming-vs-bilibili-gaming-vct-2025-china-stage-2-ubf,Haven,Dragon Ranger Gaming,"Guangzhou Huadu Bilibili Gaming						
							(Bilibili Gaming)",Dragon Ranger Gaming,Flex1n,Omen,166.0,15,15,11,109.0,18.0,1
VCT 2025 China Stage 2,https://www.vlr.gg/527581/dragon-ranger-gaming-vs-bilibili-gaming-vct-2025-china-stage-2-ubf,Haven,Dragon Ranger Gaming,"Guangzhou Huadu Bilibili Gaming						
							(Bilibili Gaming)",Dragon Ranger Gaming,Akeman,Cypher,178.0,15,17,3,112.0,36.0,1
VCT 2025 China Stage 2,https://www.vlr.gg/527581/dragon-ranger-gaming-vs-bilibili-gaming-vct-2025-china-stage-2-ubf,Haven,"Guangzhou Huadu Bilibili Gaming						
							(Bilibili Gaming)",Dragon Ranger Gaming,Dragon Ranger Gaming,Knight,Sova,301.0,23,16,6,175.0,19.0,0
VCT 2025 China Stage 2,https://www.vlr.gg/527581/dragon-ranger-gaming-vs-bilibili-gaming-vct-2025-china-stage-2-ubf,Haven,"Guangzhou Huadu Bilibili Gaming						
							(Bilibili Gaming)",Dragon Ranger Gaming,Dragon Ranger Gaming,rushia,Omen,231.0,19,17,6,153.0,25.0,0
VCT 2025 China Stage 2,https://www.vlr.gg/527581/dragon-ranger-gaming-vs-bilibili-gaming-vct-2025-china-stage-2-ubf,Haven,"Guangzhou Huadu Bilibili Gaming						
							(Bilibili Gaming)",Dragon Ranger Gaming,Dragon Ranger Gaming,nephh,Breach,204.0,17,17,8,131.0,16.0,0
VCT 2025 China Stage 2,https://www.vlr.gg/527581/dragon-ranger-gaming-vs-bilibili-gaming-vct-2025-china-stage-2-ubf,Haven,"Guangzhou Huadu Bilibili Gaming						
							(Bilibili Gaming)",Dragon Ranger Gaming,Dragon Ranger Gaming,whzy,Neon,159.0,11,18,5,100.0,19.0,0
VCT 2025 China Stage 2,https://www.vlr.gg/527581/dragon-ranger-gaming-vs-bilibili-gaming-vct-2025-china-stage-2-ubf,Haven,"Guangzhou Huadu Bilibili Gaming						
							(Bilibili Gaming)",Dragon Ranger Gaming,Dragon Ranger Gaming,Levius,Cypher,125.0,11,18,5,87.0,12.0,0
VCT 2025 China Stage 2,https://www.vlr.gg/527581/dragon-ranger-gaming-vs-bilibili-gaming-vct-2025-china-stage-2-ubf,Lotus,Dragon Ranger Gaming,"Guangzhou Huadu Bilibili Gaming						
							(Bilibili Gaming)","Guangzhou Huadu Bilibili Gaming						
							(Bilibili Gaming)",vo0kashu,Cypher,282.0,23,17,4,183.0,30.0,0
VCT 2025 China Stage 2,https://www.vlr.gg/527581/dragon-ranger-gaming-vs-bilibili-gaming-vct-2025-china-stage-2-ubf,Lotus,Dragon Ranger Gaming,"Guangzhou Huadu Bilibili Gaming						
							(Bilibili Gaming)","Guangzhou Huadu Bilibili Gaming						
							(Bilibili Gaming)",Akeman,Neon,245.0,17,20,2,173.0,34.0,0
VCT 2025 China Stage 2,https://www.vlr.gg/527581/dragon-ranger-gaming-vs-bilibili-gaming-vct-2025-china-stage-2-ubf,Lotus,Dragon Ranger Gaming,"Guangzhou Huadu Bilibili Gaming						
							(Bilibili Gaming)","Guangzhou Huadu Bilibili Gaming						
							(Bilibili Gaming)",Flex1n,Omen,158.0,12,16,7,99.0,39.0,0
VCT 2025 China Stage 2,https://www.vlr.gg/527581/dragon-ranger-gaming-vs-bilibili-gaming-vct-2025-china-stage-2-ubf,Lotus,Dragon Ranger Gaming,"Guangzhou Huadu Bilibili Gaming						
							(Bilibili Gaming)","Guangzhou Huadu Bilibili Gaming						
							(Bilibili Gaming)",SpiritZ1,Yoru,175.0,14,18,4,116.0,28.0,0
VCT 2025 China Stage 2,https://www.vlr.gg/527581/dragon-ranger-gaming-vs-bilibili-gaming-vct-2025-china-stage-2-ubf,Lotus,Dragon Ranger Gaming,"Guangzhou Huadu Bilibili Gaming						
							(Bilibili Gaming)","Guangzhou Huadu Bilibili Gaming						
							(Bilibili Gaming)",Nicc,Breach,121.0,8,19,9,80.0,15.0,0
VCT 2025 China Stage 2,https://www.vlr.gg/527581/dragon-ranger-gaming-vs-bilibili-gaming-vct-2025-china-stage-2-ubf,Lotus,"Guangzhou Huadu Bilibili Gaming						
							(Bilibili Gaming)",Dragon Ranger Gaming,"Guangzhou Huadu Bilibili Gaming						
							(Bilibili Gaming)",nephh,Omen,271.0,24,13,10,139.0,26.0,1
VCT 2025 China Stage 2,https://www.vlr.gg/527581/dragon-ranger-gaming-vs-bilibili-gaming-vct-2025-china-stage-2-ubf,Lotus,"Guangzhou Huadu Bilibili Gaming						
							(Bilibili Gaming)",Dragon Ranger Gaming,"Guangzhou Huadu Bilibili Gaming						
							(Bilibili Gaming)",Knight,Fade,206.0,16,11,10,134.0,28.0,1
VCT 2025 China Stage 2,https://www.vlr.gg/527581/dragon-ranger-gaming-vs-bilibili-gaming-vct-2025-china-stage-2-ubf,Lotus,"Guangzhou Huadu Bilibili Gaming						
							(Bilibili Gaming)",Dragon Ranger Gaming,"Guangzhou Huadu Bilibili Gaming						
							(Bilibili Gaming)",rushia,Viper,251.0,19,15,11,144.0,19.0,1
VCT 2025 China Stage 2,https://www.vlr.gg/527581/dragon-ranger-gaming-vs-bilibili-gaming-vct-2025-china-stage-2-ubf,Lotus,"Guangzhou Huadu Bilibili Gaming						
							(Bilibili Gaming)",Dragon Ranger Gaming,"Guangzhou Huadu Bilibili Gaming						
							(Bilibili Gaming)",whzy,Raze,232.0,18,18,4,146.0,26.0,1
VCT 2025 China Stage 2,https://www.vlr.gg/527581/dragon-ranger-gaming-vs-bilibili-gaming-vct-2025-china-stage-2-ubf,Lotus,"Guangzhou Huadu Bilibili Gaming						
							(Bilibili Gaming)",Dragon Ranger Gaming,"Guangzhou Huadu Bilibili Gaming						
							(Bilibili Gaming)",Levius,Vyse,179.0,13,17,7,116.0,23.0,1
VCT 2025 China Stage 2,https://www.vlr.gg/527581/dragon-ranger-gaming-vs-bilibili-gaming-vct-2025-china-stage-2-ubf,Sunset,Dragon Ranger Gaming,"Guangzhou Huadu Bilibili Gaming						
							(Bilibili Gaming)",Dragon Ranger Gaming,Flex1n,Omen,244.0,20,12,12,164.0,27.0,1
VCT 2025 China Stage 2,https://www.vlr.gg/527581/dragon-ranger-gaming-vs-bilibili-gaming-vct-2025-china-stage-2-ubf,Sunset,Dragon Ranger Gaming,"Guangzhou Huadu Bilibili Gaming						
							(Bilibili Gaming)",Dragon Ranger Gaming,Nicc,Fade,219.0,20,17,9,149.0,41.0,1
VCT 2025 China Stage 2,https://www.vlr.gg/527581/dragon-ranger-gaming-vs-bilibili-gaming-vct-2025-china-stage-2-ubf,Sunset,Dragon Ranger Gaming,"Guangzhou Huadu Bilibili Gaming						
							(Bilibili Gaming)",Dragon Ranger Gaming,vo0kashu,Cypher,203.0,17,13,6,130.0,19.0,1
VCT 2025 China Stage 2,https://www.vlr.gg/527581/dragon-ranger-gaming-vs-bilibili-gaming-vct-2025-china-stage-2-ubf,Sunset,Dragon Ranger Gaming,"Guangzhou Huadu Bilibili Gaming						
							(Bilibili Gaming)",Dragon Ranger Gaming,SpiritZ1,Yoru,236.0,19,19,8,153.0,30.0,1
VCT 2025 China Stage 2,https://www.vlr.gg/527581/dragon-ranger-gaming-vs-bilibili-gaming-vct-2025-china-stage-2-ubf,Sunset,Dragon Ranger Gaming,"Guangzhou Huadu Bilibili Gaming						
							(Bilibili Gaming)",Dragon Ranger Gaming,Akeman,Neon,164.0,13,19,4,116.0,22.0,1
VCT 2025 China Stage 2,https://www.vlr.gg/527581/dragon-ranger-gaming-vs-bilibili-gaming-vct-2025-china-stage-2-ubf,Sunset,"Guangzhou Huadu Bilibili Gaming						
							(Bilibili Gaming)",Dragon Ranger Gaming,Dragon Ranger Gaming,whzy,Neon,314.0,28,21,3,197.0,29.0,0
VCT 2025 China Stage 2,https://www.vlr.gg/527581/dragon-ranger-gaming-vs-bilibili-gaming-vct-2025-china-stage-2-ubf,Sunset,"Guangzhou Huadu Bilibili Gaming						
							(Bilibili Gaming)",Dragon Ranger Gaming,Dragon Ranger Gaming,Levius,Cypher,184.0,16,14,4,122.0,29.0,0
VCT 2025 China Stage 2,https://www.vlr.gg/527581/dragon-ranger-gaming-vs-bilibili-gaming-vct-2025-china-stage-2-ubf,Sunset,"Guangzhou Huadu Bilibili Gaming						
							(Bilibili Gaming)",Dragon Ranger Gaming,Dragon Ranger Gaming,Knight,Sova,197.0,16,18,7,141.0,31.0,0
VCT 2025 China Stage 2,https://www.vlr.gg/527581/dragon-ranger-gaming-vs-bilibili-gaming-vct-2025-china-stage-2-ubf,Sunset,"Guangzhou Huadu Bilibili Gaming						
							(Bilibili Gaming)",Dragon Ranger Gaming,Dragon Ranger Gaming,rushia,Omen,172.0,12,19,17,116.0,10.0,0
VCT 2025 China Stage 2,https://www.vlr.gg/527581/dragon-ranger-gaming-vs-bilibili-gaming-vct-2025-china-stage-2-ubf,Sunset,"Guangzhou Huadu Bilibili Gaming						
							(Bilibili Gaming)",Dragon Ranger Gaming,Dragon Ranger Gaming,nephh,Kayo,104.0,8,17,18,60.0,12.0,0
VCT 2025 China Stage 2,https://www.vlr.gg/527587/edward-gaming-vs-xi-lai-gaming-vct-2025-china-stage-2-lr3,Lotus,EDward Gaming,Xi Lai Gaming,EDward Gaming,Jieni7,Raze,289.0,24,15,3,187.0,33.0,1
VCT 2025 China Stage 2,https://www.vlr.gg/527587/edward-gaming-vs-xi-lai-gaming-vct-2025-china-stage-2-lr3,Lotus,EDward Gaming,Xi Lai Gaming,EDward Gaming,nobody,Fade,240.0,20,14,4,160.0,36.0,1
VCT 2025 China Stage 2,https://www.vlr.gg/527587/edward-gaming-vs-xi-lai-gaming-vct-2025-china-stage-2-lr3,Lotus,EDward Gaming,Xi Lai Gaming,EDward Gaming,Smoggy,Omen,192.0,16,14,6,125.0,26.0,1
VCT 2025 China Stage 2,https://www.vlr.gg/527587/edward-gaming-vs-xi-lai-gaming-vct-2025-china-stage-2-lr3,Lotus,EDward Gaming,Xi Lai Gaming,EDward Gaming,ZmjjKK,Yoru,226.0,20,17,1,138.0,26.0,1
VCT 2025 China Stage 2,https://www.vlr.gg/527587/edward-gaming-vs-xi-lai-gaming-vct-2025-china-stage-2-lr3,Lotus,EDward Gaming,Xi Lai Gaming,EDward Gaming,CHICHOO,Vyse,98.0,8,12,3,66.0,35.0,1
VCT 2025 China Stage 2,https://www.vlr.gg/527587/edward-gaming-vs-xi-lai-gaming-vct-2025-china-stage-2-lr3,Lotus,Xi Lai Gaming,EDward Gaming,EDward Gaming,Rarga,Sage,291.0,23,20,10,179.0,53.0,0
VCT 2025 China Stage 2,https://www.vlr.gg/527587/edward-gaming-vs-xi-lai-gaming-vct-2025-china-stage-2-lr3,Lotus,Xi Lai Gaming,EDward Gaming,EDward Gaming,coconut,Omen,246.0,20,16,7,155.0,31.0,0
VCT 2025 China Stage 2,https://www.vlr.gg/527587/edward-gaming-vs-xi-lai-gaming-vct-2025-china-stage-2-lr3,Lotus,Xi Lai Gaming,EDward Gaming,EDward Gaming,Viva,Fade,166.0,13,15,9,99.0,25.0,0
VCT 2025 China Stage 2,https://www.vlr.gg/527587/edward-gaming-vs-xi-lai-gaming-vct-2025-china-stage-2-lr3,Lotus,Xi Lai Gaming,EDward Gaming,EDward Gaming,NoMan,Deadlock,108.0,8,18,4,67.0,29.0,0
VCT 2025 China Stage 2,https://www.vlr.gg/527587/edward-gaming-vs-xi-lai-gaming-vct-2025-china-stage-2-lr3,Lotus,Xi Lai Gaming,EDward Gaming,EDward Gaming,happywei,Cypher,99.0,8,19,7,73.0,17.0,0
VCT 2025 China Stage 2,https://www.vlr.gg/527587/edward-gaming-vs-xi-lai-gaming-vct-2025-china-stage-2-lr3,Corrode,EDward Gaming,Xi Lai Gaming,EDward Gaming,CHICHOO,Viper,238.0,16,8,3,160.0,26.0,1
VCT 2025 China Stage 2,https://www.vlr.gg/527587/edward-gaming-vs-xi-lai-gaming-vct-2025-china-stage-2-lr3,Corrode,EDward Gaming,Xi Lai Gaming,EDward Gaming,Smoggy,Omen,251.0,14,10,13,162.0,33.0,1
VCT 2025 China Stage 2,https://www.vlr.gg/527587/edward-gaming-vs-xi-lai-gaming-vct-2025-china-stage-2-lr3,Corrode,EDward Gaming,Xi Lai Gaming,EDward Gaming,ZmjjKK,Yoru,246.0,17,10,3,151.0,18.0,1
VCT 2025 China Stage 2,https://www.vlr.gg/527587/edward-gaming-vs-xi-lai-gaming-vct-2025-china-stage-2-lr3,Corrode,EDward Gaming,Xi Lai Gaming,EDward Gaming,Jieni7,Neon,271.0,18,12,4,170.0,35.0,1
VCT 2025 China Stage 2,https://www.vlr.gg/527587/edward-gaming-vs-xi-lai-gaming-vct-2025-china-stage-2-lr3,Corrode,EDward Gaming,Xi Lai Gaming,EDward Gaming,nobody,Fade,137.0,9,12,3,97.0,44.0,1
VCT 2025 China Stage 2,https://www.vlr.gg/527587/edward-gaming-vs-xi-lai-gaming-vct-2025-china-stage-2-lr3,Corrode,Xi Lai Gaming,EDward Gaming,EDward Gaming,Rarga,Neon,200.0,12,15,4,126.0,36.0,0
VCT 2025 China Stage 2,https://www.vlr.gg/527587/edward-gaming-vs-xi-lai-gaming-vct-2025-china-stage-2-lr3,Corrode,Xi Lai Gaming,EDward Gaming,EDward Gaming,NoMan,Vyse,202.0,12,15,1,127.0,24.0,0
VCT 2025 China Stage 2,https://www.vlr.gg/527587/edward-gaming-vs-xi-lai-gaming-vct-2025-china-stage-2-lr3,Corrode,Xi Lai Gaming,EDward Gaming,EDward Gaming,Viva,Fade,164.0,10,14,4,100.0,18.0,0
VCT 2025 China Stage 2,https://www.vlr.gg/527587/edward-gaming-vs-xi-lai-gaming-vct-2025-china-stage-2-lr3,Corrode,Xi Lai Gaming,EDward Gaming,EDward Gaming,happywei,Viper,162.0,9,16,4,120.0,32.0,0
VCT 2025 China Stage 2,https://www.vlr.gg/527587/edward-gaming-vs-xi-lai-gaming-vct-2025-china-stage-2-lr3,Corrode,Xi Lai Gaming,EDward Gaming,EDward Gaming,coconut,Omen,137.0,9,14,11,74.0,30.0,0
VCT 2025 China Stage 2,https://www.vlr.gg/527588/bilibili-gaming-vs-edward-gaming-vct-2025-china-stage-2-lbf,Bind,"Guangzhou Huadu Bilibili Gaming						
							(Bilibili Gaming)",EDward Gaming,EDward Gaming,nephh,Kayo,340.0,29,17,26,206.0,24.0,0
VCT 2025 China Stage 2,https://www.vlr.gg/527588/bilibili-gaming-vs-edward-gaming-vct-2025-china-stage-2-lbf,Bind,"Guangzhou Huadu Bilibili Gaming						
							(Bilibili Gaming)",EDward Gaming,EDward Gaming,whzy,Raze,200.0,18,21,4,139.0,20.0,0
VCT 2025 China Stage 2,https://www.vlr.gg/527588/bilibili-gaming-vs-edward-gaming-vct-2025-china-stage-2-lbf,Bind,"Guangzhou Huadu Bilibili Gaming						
							(Bilibili Gaming)",EDward Gaming,EDward Gaming,Knight,Fade,183.0,16,19,9,113.0,24.0,0
VCT 2025 China Stage 2,https://www.vlr.gg/527588/bilibili-gaming-vs-edward-gaming-vct-2025-china-stage-2-lbf,Bind,"Guangzhou Huadu Bilibili Gaming						
							(Bilibili Gaming)",EDward Gaming,EDward Gaming,rushia,Brimstone,146.0,12,18,11,98.0,25.0,0
VCT 2025 China Stage 2,https://www.vlr.gg/527588/bilibili-gaming-vs-edward-gaming-vct-2025-china-stage-2-lbf,Bind,"Guangzhou Huadu Bilibili Gaming						
							(Bilibili Gaming)",EDward Gaming,EDward Gaming,Levius,Viper,132.0,11,19,6,85.0,17.0,0
VCT 2025 China Stage 2,https://www.vlr.gg/527588/bilibili-gaming-vs-edward-gaming-vct-2025-china-stage-2-lbf,Bind,EDward Gaming,"Guangzhou Huadu Bilibili Gaming						
							(Bilibili Gaming)",EDward Gaming,CHICHOO,Viper,238.0,24,14,3,163.0,25.0,1
VCT 2025 China Stage 2,https://www.vlr.gg/527588/bilibili-gaming-vs-edward-gaming-vct-2025-china-stage-2-lbf,Bind,EDward Gaming,"Guangzhou Huadu Bilibili Gaming						
							(Bilibili Gaming)",EDward Gaming,nobody,Fade,241.0,23,18,6,144.0,28.0,1
VCT 2025 China Stage 2,https://www.vlr.gg/527588/bilibili-gaming-vs-edward-gaming-vct-2025-china-stage-2-lbf,Bind,EDward Gaming,"Guangzhou Huadu Bilibili Gaming						
							(Bilibili Gaming)",EDward Gaming,Jieni7,Raze,233.0,21,19,2,153.0,20.0,1
VCT 2025 China Stage 2,https://www.vlr.gg/527588/bilibili-gaming-vs-edward-gaming-vct-2025-china-stage-2-lbf,Bind,EDward Gaming,"Guangzhou Huadu Bilibili Gaming						
							(Bilibili Gaming)",EDward Gaming,Smoggy,Brimstone,159.0,13,15,13,109.0,21.0,1
VCT 2025 China Stage 2,https://www.vlr.gg/527588/bilibili-gaming-vs-edward-gaming-vct-2025-china-stage-2-lbf,Bind,EDward Gaming,"Guangzhou Huadu Bilibili Gaming						
							(Bilibili Gaming)",EDward Gaming,ZmjjKK,Yoru,143.0,13,20,8,90.0,22.0,1
VCT 2025 China Stage 2,https://www.vlr.gg/527588/bilibili-gaming-vs-edward-gaming-vct-2025-china-stage-2-lbf,Haven,"Guangzhou Huadu Bilibili Gaming						
							(Bilibili Gaming)",EDward Gaming,"Guangzhou Huadu Bilibili Gaming						
							(Bilibili Gaming)",rushia,Omen,229.0,17,10,14,135.0,19.0,1
VCT 2025 China Stage 2,https://www.vlr.gg/527588/bilibili-gaming-vs-edward-gaming-vct-2025-china-stage-2-lbf,Haven,"Guangzhou Huadu Bilibili Gaming						
							(Bilibili Gaming)",EDward Gaming,"Guangzhou Huadu Bilibili Gaming						
							(Bilibili Gaming)",Knight,Sova,239.0,18,9,6,166.0,22.0,1
VCT 2025 China Stage 2,https://www.vlr.gg/527588/bilibili-gaming-vs-edward-gaming-vct-2025-china-stage-2-lbf,Haven,"Guangzhou Huadu Bilibili Gaming						
							(Bilibili Gaming)",EDward Gaming,"Guangzhou Huadu Bilibili Gaming						
							(Bilibili Gaming)",whzy,Neon,299.0,23,16,5,183.0,34.0,1
VCT 2025 China Stage 2,https://www.vlr.gg/527588/bilibili-gaming-vs-edward-gaming-vct-2025-china-stage-2-lbf,Haven,"Guangzhou Huadu Bilibili Gaming						
							(Bilibili Gaming)",EDward Gaming,"Guangzhou Huadu Bilibili Gaming						
							(Bilibili Gaming)",nephh,Breach,160.0,11,11,10,119.0,18.0,1
VCT 2025 China Stage 2,https://www.vlr.gg/527588/bilibili-gaming-vs-edward-gaming-vct-2025-china-stage-2-lbf,Haven,"Guangzhou Huadu Bilibili Gaming						
							(Bilibili Gaming)",EDward Gaming,"Guangzhou Huadu Bilibili Gaming						
							(Bilibili Gaming)",Levius,Cypher,189.0,13,14,3,117.0,29.0,1
VCT 2025 China Stage 2,https://www.vlr.gg/527588/bilibili-gaming-vs-edward-gaming-vct-2025-china-stage-2-lbf,Haven,EDward Gaming,"Guangzhou Huadu Bilibili Gaming						
							(Bilibili Gaming)","Guangzhou Huadu Bilibili Gaming						
							(Bilibili Gaming)",nobody,Sova,226.0,17,16,2,167.0,20.0,0
VCT 2025 China Stage 2,https://www.vlr.gg/527588/bilibili-gaming-vs-edward-gaming-vct-2025-china-stage-2-lbf,Haven,EDward Gaming,"Guangzhou Huadu Bilibili Gaming						
							(Bilibili Gaming)","Guangzhou Huadu Bilibili Gaming						
							(Bilibili Gaming)",Smoggy,Omen,197.0,17,17,5,114.0,42.0,0
VCT 2025 China Stage 2,https://www.vlr.gg/527588/bilibili-gaming-vs-edward-gaming-vct-2025-china-stage-2-lbf,Haven,EDward Gaming,"Guangzhou Huadu Bilibili Gaming						
							(Bilibili Gaming)","Guangzhou Huadu Bilibili Gaming						
							(Bilibili Gaming)",CHICHOO,Cypher,146.0,6,13,9,116.0,15.0,0
VCT 2025 China Stage 2,https://www.vlr.gg/527588/bilibili-gaming-vs-edward-gaming-vct-2025-china-stage-2-lbf,Haven,EDward Gaming,"Guangzhou Huadu Bilibili Gaming						
							(Bilibili Gaming)","Guangzhou Huadu Bilibili Gaming						
							(Bilibili Gaming)",ZmjjKK,Yoru,162.0,12,17,6,112.0,28.0,0
VCT 2025 China Stage 2,https://www.vlr.gg/527588/bilibili-gaming-vs-edward-gaming-vct-2025-china-stage-2-lbf,Haven,EDward Gaming,"Guangzhou Huadu Bilibili Gaming						
							(Bilibili Gaming)","Guangzhou Huadu Bilibili Gaming						
							(Bilibili Gaming)",Jieni7,Neon,117.0,8,19,3,75.0,37.0,0
VCT 2025 China Stage 2,https://www.vlr.gg/527588/bilibili-gaming-vs-edward-gaming-vct-2025-china-stage-2-lbf,Lotus,"Guangzhou Huadu Bilibili Gaming						
							(Bilibili Gaming)",EDward Gaming,"Guangzhou Huadu Bilibili Gaming						
							(Bilibili Gaming)",rushia,Viper,307.0,25,12,6,202.0,30.0,1
VCT 2025 China Stage 2,https://www.vlr.gg/527588/bilibili-gaming-vs-edward-gaming-vct-2025-china-stage-2-lbf,Lotus,"Guangzhou Huadu Bilibili Gaming						
							(Bilibili Gaming)",EDward Gaming,"Guangzhou Huadu Bilibili Gaming						
							(Bilibili Gaming)",whzy,Raze,238.0,20,15,7,164.0,17.0,1
VCT 2025 China Stage 2,https://www.vlr.gg/527588/bilibili-gaming-vs-edward-gaming-vct-2025-china-stage-2-lbf,Lotus,"Guangzhou Huadu Bilibili Gaming						
							(Bilibili Gaming)",EDward Gaming,"Guangzhou Huadu Bilibili Gaming						
							(Bilibili Gaming)",nephh,Omen,193.0,18,16,10,115.0,17.0,1
VCT 2025 China Stage 2,https://www.vlr.gg/527588/bilibili-gaming-vs-edward-gaming-vct-2025-china-stage-2-lbf,Lotus,"Guangzhou Huadu Bilibili Gaming						
							(Bilibili Gaming)",EDward Gaming,"Guangzhou Huadu Bilibili Gaming						
							(Bilibili Gaming)",Knight,Fade,175.0,14,15,7,116.0,26.0,1
VCT 2025 China Stage 2,https://www.vlr.gg/527588/bilibili-gaming-vs-edward-gaming-vct-2025-china-stage-2-lbf,Lotus,"Guangzhou Huadu Bilibili Gaming						
							(Bilibili Gaming)",EDward Gaming,"Guangzhou Huadu Bilibili Gaming						
							(Bilibili Gaming)",Levius,Vyse,165.0,13,19,5,123.0,31.0,1
VCT 2025 China Stage 2,https://www.vlr.gg/527588/bilibili-gaming-vs-edward-gaming-vct-2025-china-stage-2-lbf,Lotus,EDward Gaming,"Guangzhou Huadu Bilibili Gaming						
							(Bilibili Gaming)","Guangzhou Huadu Bilibili Gaming						
							(Bilibili Gaming)",ZmjjKK,Yoru,253.0,21,17,2,151.0,21.0,0
VCT 2025 China Stage 2,https://www.vlr.gg/527588/bilibili-gaming-vs-edward-gaming-vct-2025-china-stage-2-lbf,Lotus,EDward Gaming,"Guangzhou Huadu Bilibili Gaming						
							(Bilibili Gaming)","Guangzhou Huadu Bilibili Gaming						
							(Bilibili Gaming)",Jieni7,Raze,243.0,17,17,4,165.0,20.0,0
VCT 2025 China Stage 2,https://www.vlr.gg/527588/bilibili-gaming-vs-edward-gaming-vct-2025-china-stage-2-lbf,Lotus,EDward Gaming,"Guangzhou Huadu Bilibili Gaming						
							(Bilibili Gaming)","Guangzhou Huadu Bilibili Gaming						
							(Bilibili Gaming)",nobody,Fade,135.0,12,16,6,79.0,34.0,0
VCT 2025 China Stage 2,https://www.vlr.gg/527588/bilibili-gaming-vs-edward-gaming-vct-2025-china-stage-2-lbf,Lotus,EDward Gaming,"Guangzhou Huadu Bilibili Gaming						
							(Bilibili Gaming)","Guangzhou Huadu Bilibili Gaming						
							(Bilibili Gaming)",Smoggy,Omen,168.0,13,19,6,110.0,31.0,0
VCT 2025 China Stage 2,https://www.vlr.gg/527588/bilibili-gaming-vs-edward-gaming-vct-2025-china-stage-2-lbf,Lotus,EDward Gaming,"Guangzhou Huadu Bilibili Gaming						
							(Bilibili Gaming)","Guangzhou Huadu Bilibili Gaming						
							(Bilibili Gaming)",CHICHOO,Vyse,196.0,14,21,7,135.0,28.0,0
VCT 2025 China Stage 2,https://www.vlr.gg/527588/bilibili-gaming-vs-edward-gaming-vct-2025-china-stage-2-lbf,Ascent,"Guangzhou Huadu Bilibili Gaming						
							(Bilibili Gaming)",EDward Gaming,"Guangzhou Huadu Bilibili Gaming						
							(Bilibili Gaming)",whzy,Neon,324.0,22,13,8,196.0,36.0,1
VCT 2025 China Stage 2,https://www.vlr.gg/527588/bilibili-gaming-vs-edward-gaming-vct-2025-china-stage-2-lbf,Ascent,"Guangzhou Huadu Bilibili Gaming						
							(Bilibili Gaming)",EDward Gaming,"Guangzhou Huadu Bilibili Gaming						
							(Bilibili Gaming)",Knight,Sova,292.0,22,10,4,185.0,16.0,1
VCT 2025 China Stage 2,https://www.vlr.gg/527588/bilibili-gaming-vs-edward-gaming-vct-2025-china-stage-2-lbf,Ascent,"Guangzhou Huadu Bilibili Gaming						
							(Bilibili Gaming)",EDward Gaming,"Guangzhou Huadu Bilibili Gaming						
							(Bilibili Gaming)",nephh,Kayo,183.0,12,10,17,121.0,21.0,1
VCT 2025 China Stage 2,https://www.vlr.gg/527588/bilibili-gaming-vs-edward-gaming-vct-2025-china-stage-2-lbf,Ascent,"Guangzhou Huadu Bilibili Gaming						
							(Bilibili Gaming)",EDward Gaming,"Guangzhou Huadu Bilibili Gaming						
							(Bilibili Gaming)",rushia,Omen,178.0,13,9,8,109.0,24.0,1
VCT 2025 China Stage 2,https://www.vlr.gg/527588/bilibili-gaming-vs-edward-gaming-vct-2025-china-stage-2-lbf,Ascent,"Guangzhou Huadu Bilibili Gaming						
							(Bilibili Gaming)",EDward Gaming,"Guangzhou Huadu Bilibili Gaming						
							(Bilibili Gaming)",Levius,Killjoy,170.0,13,11,3,112.0,21.0,1
VCT 2025 China Stage 2,https://www.vlr.gg/527588/bilibili-gaming-vs-edward-gaming-vct-2025-china-stage-2-lbf,Ascent,EDward Gaming,"Guangzhou Huadu Bilibili Gaming						
							(Bilibili Gaming)","Guangzhou Huadu Bilibili Gaming						
							(Bilibili Gaming)",Smoggy,Omen,172.0,13,14,3,126.0,35.0,0
VCT 2025 China Stage 2,https://www.vlr.gg/527588/bilibili-gaming-vs-edward-gaming-vct-2025-china-stage-2-lbf,Ascent,EDward Gaming,"Guangzhou Huadu Bilibili Gaming						
							(Bilibili Gaming)","Guangzhou Huadu Bilibili Gaming						
							(Bilibili Gaming)",Jieni7,Kayo,177.0,12,17,10,114.0,28.0,0
VCT 2025 China Stage 2,https://www.vlr.gg/527588/bilibili-gaming-vs-edward-gaming-vct-2025-china-stage-2-lbf,Ascent,EDward Gaming,"Guangzhou Huadu Bilibili Gaming						
							(Bilibili Gaming)","Guangzhou Huadu Bilibili Gaming						
							(Bilibili Gaming)",nobody,Sova,149.0,10,17,3,101.0,14.0,0
VCT 2025 China Stage 2,https://www.vlr.gg/527588/bilibili-gaming-vs-edward-gaming-vct-2025-china-stage-2-lbf,Ascent,EDward Gaming,"Guangzhou Huadu Bilibili Gaming						
							(Bilibili Gaming)","Guangzhou Huadu Bilibili Gaming						
							(Bilibili Gaming)",ZmjjKK,Jett,171.0,10,19,2,109.0,21.0,0
VCT 2025 China Stage 2,https://www.vlr.gg/527588/bilibili-gaming-vs-edward-gaming-vct-2025-china-stage-2-lbf,Ascent,EDward Gaming,"Guangzhou Huadu Bilibili Gaming						
							(Bilibili Gaming)","Guangzhou Huadu Bilibili Gaming						
							(Bilibili Gaming)",CHICHOO,Cypher,114.0,8,15,3,71.0,28.0,0
VCT 2025 China Stage 2,https://www.vlr.gg/527582/dragon-ranger-gaming-vs-bilibili-gaming-vct-2025-china-stage-2-gf,Sunset,Dragon Ranger Gaming,"Guangzhou Huadu Bilibili Gaming						
							(Bilibili Gaming)",Dragon Ranger Gaming,Akeman,Neon,328.0,18,7,2,204.0,23.0,1
VCT 2025 China Stage 2,https://www.vlr.gg/527582/dragon-ranger-gaming-vs-bilibili-gaming-vct-2025-china-stage-2-gf,Sunset,Dragon Ranger Gaming,"Guangzhou Huadu Bilibili Gaming						
							(Bilibili Gaming)",Dragon Ranger Gaming,Nicc,Fade,254.0,15,5,6,153.0,42.0,1
VCT 2025 China Stage 2,https://www.vlr.gg/527582/dragon-ranger-gaming-vs-bilibili-gaming-vct-2025-china-stage-2-gf,Sunset,Dragon Ranger Gaming,"Guangzhou Huadu Bilibili Gaming						
							(Bilibili Gaming)",Dragon Ranger Gaming,vo0kashu,Cypher,229.0,14,7,5,166.0,19.0,1
VCT 2025 China Stage 2,https://www.vlr.gg/527582/dragon-ranger-gaming-vs-bilibili-gaming-vct-2025-china-stage-2-gf,Sunset,Dragon Ranger Gaming,"Guangzhou Huadu Bilibili Gaming						
							(Bilibili Gaming)",Dragon Ranger Gaming,SpiritZ1,Yoru,282.0,16,11,3,175.0,28.0,1
VCT 2025 China Stage 2,https://www.vlr.gg/527582/dragon-ranger-gaming-vs-bilibili-gaming-vct-2025-china-stage-2-gf,Sunset,Dragon Ranger Gaming,"Guangzhou Huadu Bilibili Gaming						
							(Bilibili Gaming)",Dragon Ranger Gaming,Flex1n,Omen,178.0,10,7,9,116.0,31.0,1
VCT 2025 China Stage 2,https://www.vlr.gg/527582/dragon-ranger-gaming-vs-bilibili-gaming-vct-2025-china-stage-2-gf,Sunset,"Guangzhou Huadu Bilibili Gaming						
							(Bilibili Gaming)",Dragon Ranger Gaming,Dragon Ranger Gaming,Knight,Sova,254.0,11,14,1,169.0,29.0,0
VCT 2025 China Stage 2,https://www.vlr.gg/527582/dragon-ranger-gaming-vs-bilibili-gaming-vct-2025-china-stage-2-gf,Sunset,"Guangzhou Huadu Bilibili Gaming						
							(Bilibili Gaming)",Dragon Ranger Gaming,Dragon Ranger Gaming,rushia,Omen,152.0,8,14,5,105.0,21.0,0
VCT 2025 China Stage 2,https://www.vlr.gg/527582/dragon-ranger-gaming-vs-bilibili-gaming-vct-2025-china-stage-2-gf,Sunset,"Guangzhou Huadu Bilibili Gaming						
							(Bilibili Gaming)",Dragon Ranger Gaming,Dragon Ranger Gaming,nephh,Kayo,159.0,7,15,5,105.0,29.0,0
VCT 2025 China Stage 2,https://www.vlr.gg/527582/dragon-ranger-gaming-vs-bilibili-gaming-vct-2025-china-stage-2-gf,Sunset,"Guangzhou Huadu Bilibili Gaming						
							(Bilibili Gaming)",Dragon Ranger Gaming,Dragon Ranger Gaming,Levius,Cypher,122.0,6,15,3,90.0,47.0,0
VCT 2025 China Stage 2,https://www.vlr.gg/527582/dragon-ranger-gaming-vs-bilibili-gaming-vct-2025-china-stage-2-gf,Sunset,"Guangzhou Huadu Bilibili Gaming						
							(Bilibili Gaming)",Dragon Ranger Gaming,Dragon Ranger Gaming,whzy,Neon,116.0,5,15,1,81.0,35.0,0
VCT 2025 China Stage 2,https://www.vlr.gg/527582/dragon-ranger-gaming-vs-bilibili-gaming-vct-2025-china-stage-2-gf,Haven,Dragon Ranger Gaming,"Guangzhou Huadu Bilibili Gaming						
							(Bilibili Gaming)","Guangzhou Huadu Bilibili Gaming						
							(Bilibili Gaming)",Flex1n,Omen,248.0,17,12,11,156.0,25.0,0
VCT 2025 China Stage 2,https://www.vlr.gg/527582/dragon-ranger-gaming-vs-bilibili-gaming-vct-2025-china-stage-2-gf,Haven,Dragon Ranger Gaming,"Guangzhou Huadu Bilibili Gaming						
							(Bilibili Gaming)","Guangzhou Huadu Bilibili Gaming						
							(Bilibili Gaming)",SpiritZ1,Yoru,206.0,14,17,0,147.0,42.0,0
VCT 2025 China Stage 2,https://www.vlr.gg/527582/dragon-ranger-gaming-vs-bilibili-gaming-vct-2025-china-stage-2-gf,Haven,Dragon Ranger Gaming,"Guangzhou Huadu Bilibili Gaming						
							(Bilibili Gaming)","Guangzhou Huadu Bilibili Gaming						
							(Bilibili Gaming)",Nicc,Sova,164.0,9,17,10,111.0,31.0,0
VCT 2025 China Stage 2,https://www.vlr.gg/527582/dragon-ranger-gaming-vs-bilibili-gaming-vct-2025-china-stage-2-gf,Haven,Dragon Ranger Gaming,"Guangzhou Huadu Bilibili Gaming						
							(Bilibili Gaming)","Guangzhou Huadu Bilibili Gaming						
							(Bilibili Gaming)",Akeman,Cypher,144.0,10,17,7,95.0,16.0,0
VCT 2025 China Stage 2,https://www.vlr.gg/527582/dragon-ranger-gaming-vs-bilibili-gaming-vct-2025-china-stage-2-gf,Haven,Dragon Ranger Gaming,"Guangzhou Huadu Bilibili Gaming						
							(Bilibili Gaming)","Guangzhou Huadu Bilibili Gaming						
							(Bilibili Gaming)",vo0kashu,Iso,118.0,8,15,4,75.0,21.0,0
VCT 2025 China Stage 2,https://www.vlr.gg/527582/dragon-ranger-gaming-vs-bilibili-gaming-vct-2025-china-stage-2-gf,Haven,"Guangzhou Huadu Bilibili Gaming						
							(Bilibili Gaming)",Dragon Ranger Gaming,"Guangzhou Huadu Bilibili Gaming						
							(Bilibili Gaming)",whzy,Neon,312.0,23,13,3,202.0,38.0,1
VCT 2025 China Stage 2,https://www.vlr.gg/527582/dragon-ranger-gaming-vs-bilibili-gaming-vct-2025-china-stage-2-gf,Haven,"Guangzhou Huadu Bilibili Gaming						
							(Bilibili Gaming)",Dragon Ranger Gaming,"Guangzhou Huadu Bilibili Gaming						
							(Bilibili Gaming)",nephh,Breach,182.0,14,8,10,132.0,34.0,1
VCT 2025 China Stage 2,https://www.vlr.gg/527582/dragon-ranger-gaming-vs-bilibili-gaming-vct-2025-china-stage-2-gf,Haven,"Guangzhou Huadu Bilibili Gaming						
							(Bilibili Gaming)",Dragon Ranger Gaming,"Guangzhou Huadu Bilibili Gaming						
							(Bilibili Gaming)",Levius,Cypher,185.0,13,12,8,109.0,33.0,1
VCT 2025 China Stage 2,https://www.vlr.gg/527582/dragon-ranger-gaming-vs-bilibili-gaming-vct-2025-china-stage-2-gf,Haven,"Guangzhou Huadu Bilibili Gaming						
							(Bilibili Gaming)",Dragon Ranger Gaming,"Guangzhou Huadu Bilibili Gaming						
							(Bilibili Gaming)",rushia,Omen,176.0,12,12,8,111.0,24.0,1
VCT 2025 China Stage 2,https://www.vlr.gg/527582/dragon-ranger-gaming-vs-bilibili-gaming-vct-2025-china-stage-2-gf,Haven,"Guangzhou Huadu Bilibili Gaming						
							(Bilibili Gaming)",Dragon Ranger Gaming,"Guangzhou Huadu Bilibili Gaming						
							(Bilibili Gaming)",Knight,Sova,187.0,16,13,3,115.0,25.0,1
VCT 2025 China Stage 2,https://www.vlr.gg/527582/dragon-ranger-gaming-vs-bilibili-gaming-vct-2025-china-stage-2-gf,Corrode,Dragon Ranger Gaming,"Guangzhou Huadu Bilibili Gaming						
							(Bilibili Gaming)","Guangzhou Huadu Bilibili Gaming						
							(Bilibili Gaming)",SpiritZ1,Yoru,257.0,21,16,3,160.0,50.0,0
VCT 2025 China Stage 2,https://www.vlr.gg/527582/dragon-ranger-gaming-vs-bilibili-gaming-vct-2025-china-stage-2-gf,Corrode,Dragon Ranger Gaming,"Guangzhou Huadu Bilibili Gaming						
							(Bilibili Gaming)","Guangzhou Huadu Bilibili Gaming						
							(Bilibili Gaming)",vo0kashu,Cypher,203.0,19,16,0,129.0,27.0,0
VCT 2025 China Stage 2,https://www.vlr.gg/527582/dragon-ranger-gaming-vs-bilibili-gaming-vct-2025-china-stage-2-gf,Corrode,Dragon Ranger Gaming,"Guangzhou Huadu Bilibili Gaming						
							(Bilibili Gaming)","Guangzhou Huadu Bilibili Gaming						
							(Bilibili Gaming)",Nicc,Gekko,197.0,14,17,5,148.0,40.0,0
VCT 2025 China Stage 2,https://www.vlr.gg/527582/dragon-ranger-gaming-vs-bilibili-gaming-vct-2025-china-stage-2-gf,Corrode,Dragon Ranger Gaming,"Guangzhou Huadu Bilibili Gaming						
							(Bilibili Gaming)","Guangzhou Huadu Bilibili Gaming						
							(Bilibili Gaming)",Flex1n,Omen,135.0,11,16,11,81.0,29.0,0
VCT 2025 China Stage 2,https://www.vlr.gg/527582/dragon-ranger-gaming-vs-bilibili-gaming-vct-2025-china-stage-2-gf,Corrode,Dragon Ranger Gaming,"Guangzhou Huadu Bilibili Gaming						
							(Bilibili Gaming)","Guangzhou Huadu Bilibili Gaming						
							(Bilibili Gaming)",Akeman,Clove,189.0,12,21,12,130.0,35.0,0
VCT 2025 China Stage 2,https://www.vlr.gg/527582/dragon-ranger-gaming-vs-bilibili-gaming-vct-2025-china-stage-2-gf,Corrode,"Guangzhou Huadu Bilibili Gaming						
							(Bilibili Gaming)",Dragon Ranger Gaming,"Guangzhou Huadu Bilibili Gaming						
							(Bilibili Gaming)",rushia,Omen,210.0,17,11,5,132.0,22.0,1
VCT 2025 China Stage 2,https://www.vlr.gg/527582/dragon-ranger-gaming-vs-bilibili-gaming-vct-2025-china-stage-2-gf,Corrode,"Guangzhou Huadu Bilibili Gaming						
							(Bilibili Gaming)",Dragon Ranger Gaming,"Guangzhou Huadu Bilibili Gaming						
							(Bilibili Gaming)",Knight,Sova,221.0,19,15,5,136.0,22.0,1
VCT 2025 China Stage 2,https://www.vlr.gg/527582/dragon-ranger-gaming-vs-bilibili-gaming-vct-2025-china-stage-2-gf,Corrode,"Guangzhou Huadu Bilibili Gaming						
							(Bilibili Gaming)",Dragon Ranger Gaming,"Guangzhou Huadu Bilibili Gaming						
							(Bilibili Gaming)",nephh,Deadlock,210.0,17,16,10,134.0,17.0,1
VCT 2025 China Stage 2,https://www.vlr.gg/527582/dragon-ranger-gaming-vs-bilibili-gaming-vct-2025-china-stage-2-gf,Corrode,"Guangzhou Huadu Bilibili Gaming						
							(Bilibili Gaming)",Dragon Ranger Gaming,"Guangzhou Huadu Bilibili Gaming						
							(Bilibili Gaming)",Levius,Viper,201.0,16,15,8,126.0,29.0,1
VCT 2025 China Stage 2,https://www.vlr.gg/527582/dragon-ranger-gaming-vs-bilibili-gaming-vct-2025-china-stage-2-gf,Corrode,"Guangzhou Huadu Bilibili Gaming						
							(Bilibili Gaming)",Dragon Ranger Gaming,"Guangzhou Huadu Bilibili Gaming						
							(Bilibili Gaming)",whzy,Neon,196.0,17,20,6,105.0,30.0,1
VCT 2025 China Stage 2,https://www.vlr.gg/527582/dragon-ranger-gaming-vs-bilibili-gaming-vct-2025-china-stage-2-gf,Lotus,Dragon Ranger Gaming,"Guangzhou Huadu Bilibili Gaming						
							(Bilibili Gaming)","Guangzhou Huadu Bilibili Gaming						
							(Bilibili Gaming)",vo0kashu,Cypher,269.0,20,15,6,176.0,26.0,0
VCT 2025 China Stage 2,https://www.vlr.gg/527582/dragon-ranger-gaming-vs-bilibili-gaming-vct-2025-china-stage-2-gf,Lotus,Dragon Ranger Gaming,"Guangzhou Huadu Bilibili Gaming						
							(Bilibili Gaming)","Guangzhou Huadu Bilibili Gaming						
							(Bilibili Gaming)",Flex1n,Omen,185.0,15,14,6,129.0,40.0,0
VCT 2025 China Stage 2,https://www.vlr.gg/527582/dragon-ranger-gaming-vs-bilibili-gaming-vct-2025-china-stage-2-gf,Lotus,Dragon Ranger Gaming,"Guangzhou Huadu Bilibili Gaming						
							(Bilibili Gaming)","Guangzhou Huadu Bilibili Gaming						
							(Bilibili Gaming)",Nicc,Breach,174.0,13,16,11,126.0,23.0,0
VCT 2025 China Stage 2,https://www.vlr.gg/527582/dragon-ranger-gaming-vs-bilibili-gaming-vct-2025-china-stage-2-gf,Lotus,Dragon Ranger Gaming,"Guangzhou Huadu Bilibili Gaming						
							(Bilibili Gaming)","Guangzhou Huadu Bilibili Gaming						
							(Bilibili Gaming)",SpiritZ1,Yoru,185.0,14,18,5,109.0,28.0,0
VCT 2025 China Stage 2,https://www.vlr.gg/527582/dragon-ranger-gaming-vs-bilibili-gaming-vct-2025-china-stage-2-gf,Lotus,Dragon Ranger Gaming,"Guangzhou Huadu Bilibili Gaming						
							(Bilibili Gaming)","Guangzhou Huadu Bilibili Gaming						
							(Bilibili Gaming)",Akeman,Neon,161.0,14,18,1,100.0,24.0,0
VCT 2025 China Stage 2,https://www.vlr.gg/527582/dragon-ranger-gaming-vs-bilibili-gaming-vct-2025-china-stage-2-gf,Lotus,"Guangzhou Huadu Bilibili Gaming						
							(Bilibili Gaming)",Dragon Ranger Gaming,"Guangzhou Huadu Bilibili Gaming						
							(Bilibili Gaming)",whzy,Raze,263.0,21,16,4,179.0,26.0,1
VCT 2025 China Stage 2,https://www.vlr.gg/527582/dragon-ranger-gaming-vs-bilibili-gaming-vct-2025-china-stage-2-gf,Lotus,"Guangzhou Huadu Bilibili Gaming						
							(Bilibili Gaming)",Dragon Ranger Gaming,"Guangzhou Huadu Bilibili Gaming						
							(Bilibili Gaming)",rushia,Viper,281.0,21,14,7,173.0,23.0,1
VCT 2025 China Stage 2,https://www.vlr.gg/527582/dragon-ranger-gaming-vs-bilibili-gaming-vct-2025-china-stage-2-gf,Lotus,"Guangzhou Huadu Bilibili Gaming						
							(Bilibili Gaming)",Dragon Ranger Gaming,"Guangzhou Huadu Bilibili Gaming						
							(Bilibili Gaming)",Levius,Vyse,281.0,16,14,5,173.0,23.0,1
VCT 2025 China Stage 2,https://www.vlr.gg/527582/dragon-ranger-gaming-vs-bilibili-gaming-vct-2025-china-stage-2-gf,Lotus,"Guangzhou Huadu Bilibili Gaming						
							(Bilibili Gaming)",Dragon Ranger Gaming,"Guangzhou Huadu Bilibili Gaming						
							(Bilibili Gaming)",Knight,Fade,157.0,13,15,7,101.0,21.0,1
VCT 2025 China Stage 2,https://www.vlr.gg/527582/dragon-ranger-gaming-vs-bilibili-gaming-vct-2025-china-stage-2-gf,Lotus,"Guangzhou Huadu Bilibili Gaming						
							(Bilibili Gaming)",Dragon Ranger Gaming,"Guangzhou Huadu Bilibili Gaming						
							(Bilibili Gaming)",nephh,Omen,142.0,10,17,7,91.0,5.0,1
Valorant Masters Toronto 2025,https://www.vlr.gg/498622/g2-esports-vs-paper-rex-valorant-masters-toronto-2025-ubqf,Split,G2 Esports,Paper Rex,Paper Rex,jawgemo,Yoru,237.0,18,16,5,167.0,18.0,0
Valorant Masters Toronto 2025,https://www.vlr.gg/498622/g2-esports-vs-paper-rex-valorant-masters-toronto-2025-ubqf,Split,G2 Esports,Paper Rex,Paper Rex,trent,Fade,196.0,17,15,5,123.0,26.0,0
Valorant Masters Toronto 2025,https://www.vlr.gg/498622/g2-esports-vs-paper-rex-valorant-masters-toronto-2025-ubqf,Split,G2 Esports,Paper Rex,Paper Rex,JonahP,Breach,196.0,15,16,8,132.0,40.0,0
Valorant Masters Toronto 2025,https://www.vlr.gg/498622/g2-esports-vs-paper-rex-valorant-masters-toronto-2025-ubqf,Split,G2 Esports,Paper Rex,Paper Rex,leaf,Viper,200.0,15,18,8,129.0,18.0,0
Valorant Masters Toronto 2025,https://www.vlr.gg/498622/g2-esports-vs-paper-rex-valorant-masters-toronto-2025-ubqf,Split,G2 Esports,Paper Rex,Paper Rex,valyn,Omen,183.0,16,19,8,105.0,13.0,0
Valorant Masters Toronto 2025,https://www.vlr.gg/498622/g2-esports-vs-paper-rex-valorant-masters-toronto-2025-ubqf,Split,Paper Rex,G2 Esports,Paper Rex,PatMen,Fade,249.0,21,14,7,145.0,27.0,1
Valorant Masters Toronto 2025,https://www.vlr.gg/498622/g2-esports-vs-paper-rex-valorant-masters-toronto-2025-ubqf,Split,Paper Rex,G2 Esports,Paper Rex,f0rsakeN,Omen,205.0,14,17,13,132.0,24.0,1
Valorant Masters Toronto 2025,https://www.vlr.gg/498622/g2-esports-vs-paper-rex-valorant-masters-toronto-2025-ubqf,Split,Paper Rex,G2 Esports,Paper Rex,something,Yoru,194.0,18,16,0,130.0,24.0,1
Valorant Masters Toronto 2025,https://www.vlr.gg/498622/g2-esports-vs-paper-rex-valorant-masters-toronto-2025-ubqf,Split,Paper Rex,G2 Esports,Paper Rex,Jinggg,Raze,194.0,14,17,10,145.0,24.0,1
Valorant Masters Toronto 2025,https://www.vlr.gg/498622/g2-esports-vs-paper-rex-valorant-masters-toronto-2025-ubqf,Split,Paper Rex,G2 Esports,Paper Rex,d4v41,Viper,197.0,17,17,2,135.0,27.0,1
Valorant Masters Toronto 2025,https://www.vlr.gg/498622/g2-esports-vs-paper-rex-valorant-masters-toronto-2025-ubqf,Lotus,G2 Esports,Paper Rex,Paper Rex,trent,Sova,263.0,22,13,6,178.0,31.0,0
Valorant Masters Toronto 2025,https://www.vlr.gg/498622/g2-esports-vs-paper-rex-valorant-masters-toronto-2025-ubqf,Lotus,G2 Esports,Paper Rex,Paper Rex,valyn,Omen,198.0,15,17,7,133.0,30.0,0
Valorant Masters Toronto 2025,https://www.vlr.gg/498622/g2-esports-vs-paper-rex-valorant-masters-toronto-2025-ubqf,Lotus,G2 Esports,Paper Rex,Paper Rex,jawgemo,Neon,213.0,18,19,4,153.0,37.0,0
Valorant Masters Toronto 2025,https://www.vlr.gg/498622/g2-esports-vs-paper-rex-valorant-masters-toronto-2025-ubqf,Lotus,G2 Esports,Paper Rex,Paper Rex,leaf,Viper,185.0,14,17,7,117.0,27.0,0
Valorant Masters Toronto 2025,https://www.vlr.gg/498622/g2-esports-vs-paper-rex-valorant-masters-toronto-2025-ubqf,Lotus,G2 Esports,Paper Rex,Paper Rex,JonahP,Breach,112.0,9,16,11,64.0,15.0,0
Valorant Masters Toronto 2025,https://www.vlr.gg/498622/g2-esports-vs-paper-rex-valorant-masters-toronto-2025-ubqf,Lotus,Paper Rex,G2 Esports,Paper Rex,Jinggg,Raze,231.0,20,15,4,147.0,18.0,1
Valorant Masters Toronto 2025,https://www.vlr.gg/498622/g2-esports-vs-paper-rex-valorant-masters-toronto-2025-ubqf,Lotus,Paper Rex,G2 Esports,Paper Rex,something,Yoru,246.0,19,17,8,146.0,33.0,1
Valorant Masters Toronto 2025,https://www.vlr.gg/498622/g2-esports-vs-paper-rex-valorant-masters-toronto-2025-ubqf,Lotus,Paper Rex,G2 Esports,Paper Rex,f0rsakeN,Omen,185.0,14,15,11,123.0,23.0,1
Valorant Masters Toronto 2025,https://www.vlr.gg/498622/g2-esports-vs-paper-rex-valorant-masters-toronto-2025-ubqf,Lotus,Paper Rex,G2 Esports,Paper Rex,d4v41,Vyse,172.0,16,16,5,113.0,26.0,1
Valorant Masters Toronto 2025,https://www.vlr.gg/498622/g2-esports-vs-paper-rex-valorant-masters-toronto-2025-ubqf,Lotus,Paper Rex,G2 Esports,Paper Rex,PatMen,Fade,161.0,13,15,13,122.0,33.0,1
Valorant Masters Toronto 2025,https://www.vlr.gg/498621/xi-lai-gaming-vs-sentinels-valorant-masters-toronto-2025-ubqf,Sunset,Xi Lai Gaming,Sentinels,Sentinels,happywei,Cypher,297.0,18,17,3,189.0,43.0,0
Valorant Masters Toronto 2025,https://www.vlr.gg/498621/xi-lai-gaming-vs-sentinels-valorant-masters-toronto-2025-ubqf,Sunset,Xi Lai Gaming,Sentinels,Sentinels,Rarga,Neon,215.0,15,13,4,134.0,52.0,0
Valorant Masters Toronto 2025,https://www.vlr.gg/498621/xi-lai-gaming-vs-sentinels-valorant-masters-toronto-2025-ubqf,Sunset,Xi Lai Gaming,Sentinels,Sentinels,coconut,Omen,128.0,8,15,4,90.0,19.0,0
Valorant Masters Toronto 2025,https://www.vlr.gg/498621/xi-lai-gaming-vs-sentinels-valorant-masters-toronto-2025-ubqf,Sunset,Xi Lai Gaming,Sentinels,Sentinels,Midi,Breach,119.0,8,16,6,71.0,20.0,0
Valorant Masters Toronto 2025,https://www.vlr.gg/498621/xi-lai-gaming-vs-sentinels-valorant-masters-toronto-2025-ubqf,Sunset,Xi Lai Gaming,Sentinels,Sentinels,Viva,Sova,107.0,6,18,2,74.0,25.0,0
Valorant Masters Toronto 2025,https://www.vlr.gg/498621/xi-lai-gaming-vs-sentinels-valorant-masters-toronto-2025-ubqf,Sunset,Sentinels,Xi Lai Gaming,Sentinels,zekken,Neon,401.0,27,10,6,259.0,34.0,1
Valorant Masters Toronto 2025,https://www.vlr.gg/498621/xi-lai-gaming-vs-sentinels-valorant-masters-toronto-2025-ubqf,Sunset,Sentinels,Xi Lai Gaming,Sentinels,johnqt,Breach,249.0,18,10,10,149.0,24.0,1
Valorant Masters Toronto 2025,https://www.vlr.gg/498621/xi-lai-gaming-vs-sentinels-valorant-masters-toronto-2025-ubqf,Sunset,Sentinels,Xi Lai Gaming,Sentinels,N4RRATE,Fade,222.0,14,10,6,145.0,16.0,1
Valorant Masters Toronto 2025,https://www.vlr.gg/498621/xi-lai-gaming-vs-sentinels-valorant-masters-toronto-2025-ubqf,Sunset,Sentinels,Xi Lai Gaming,Sentinels,bang,Omen,158.0,12,13,6,93.0,36.0,1
Valorant Masters Toronto 2025,https://www.vlr.gg/498621/xi-lai-gaming-vs-sentinels-valorant-masters-toronto-2025-ubqf,Sunset,Sentinels,Xi Lai Gaming,Sentinels,Zellsis,Cypher,116.0,8,12,3,93.0,13.0,1
Valorant Masters Toronto 2025,https://www.vlr.gg/498621/xi-lai-gaming-vs-sentinels-valorant-masters-toronto-2025-ubqf,Lotus,Xi Lai Gaming,Sentinels,Sentinels,Viva,Sova,194.0,11,16,9,146.0,27.0,0
Valorant Masters Toronto 2025,https://www.vlr.gg/498621/xi-lai-gaming-vs-sentinels-valorant-masters-toronto-2025-ubqf,Lotus,Xi Lai Gaming,Sentinels,Sentinels,happywei,Cypher,179.0,11,15,4,125.0,40.0,0
Valorant Masters Toronto 2025,https://www.vlr.gg/498621/xi-lai-gaming-vs-sentinels-valorant-masters-toronto-2025-ubqf,Lotus,Xi Lai Gaming,Sentinels,Sentinels,coconut,Omen,155.0,12,15,6,88.0,45.0,0
Valorant Masters Toronto 2025,https://www.vlr.gg/498621/xi-lai-gaming-vs-sentinels-valorant-masters-toronto-2025-ubqf,Lotus,Xi Lai Gaming,Sentinels,Sentinels,Rarga,Neon,165.0,12,17,2,105.0,28.0,0
Valorant Masters Toronto 2025,https://www.vlr.gg/498621/xi-lai-gaming-vs-sentinels-valorant-masters-toronto-2025-ubqf,Lotus,Xi Lai Gaming,Sentinels,Sentinels,Midi,Breach,149.0,9,16,3,97.0,34.0,0
Valorant Masters Toronto 2025,https://www.vlr.gg/498621/xi-lai-gaming-vs-sentinels-valorant-masters-toronto-2025-ubqf,Lotus,Sentinels,Xi Lai Gaming,Sentinels,johnqt,Viper,239.0,16,10,10,166.0,36.0,1
Valorant Masters Toronto 2025,https://www.vlr.gg/498621/xi-lai-gaming-vs-sentinels-valorant-masters-toronto-2025-ubqf,Lotus,Sentinels,Xi Lai Gaming,Sentinels,bang,Omen,239.0,18,11,9,114.0,31.0,1
Valorant Masters Toronto 2025,https://www.vlr.gg/498621/xi-lai-gaming-vs-sentinels-valorant-masters-toronto-2025-ubqf,Lotus,Sentinels,Xi Lai Gaming,Sentinels,Zellsis,Vyse,241.0,16,11,8,147.0,30.0,1
Valorant Masters Toronto 2025,https://www.vlr.gg/498621/xi-lai-gaming-vs-sentinels-valorant-masters-toronto-2025-ubqf,Lotus,Sentinels,Xi Lai Gaming,Sentinels,zekken,Raze,200.0,14,10,3,125.0,13.0,1
Valorant Masters Toronto 2025,https://www.vlr.gg/498621/xi-lai-gaming-vs-sentinels-valorant-masters-toronto-2025-ubqf,Lotus,Sentinels,Xi Lai Gaming,Sentinels,N4RRATE,Fade,240.0,15,13,10,153.0,23.0,1
Valorant Masters Toronto 2025,https://www.vlr.gg/498623/rex-regum-qeon-vs-wolves-esports-valorant-masters-toronto-2025-ubqf,Ascent,Rex Regum Qeon,Wolves Esports,Wolves Esports,Kushy,Sova,251.0,23,16,5,159.0,43.0,0
Valorant Masters Toronto 2025,https://www.vlr.gg/498623/rex-regum-qeon-vs-wolves-esports-valorant-masters-toronto-2025-ubqf,Ascent,Rex Regum Qeon,Wolves Esports,Wolves Esports,Monyet,Omen,200.0,15,17,11,132.0,27.0,0
Valorant Masters Toronto 2025,https://www.vlr.gg/498623/rex-regum-qeon-vs-wolves-esports-valorant-masters-toronto-2025-ubqf,Ascent,Rex Regum Qeon,Wolves Esports,Wolves Esports,Jemkin,Jett,202.0,16,17,5,141.0,37.0,0
Valorant Masters Toronto 2025,https://www.vlr.gg/498623/rex-regum-qeon-vs-wolves-esports-valorant-masters-toronto-2025-ubqf,Ascent,Rex Regum Qeon,Wolves Esports,Wolves Esports,crazyguy,Kayo,137.0,10,15,12,89.0,13.0,0
Valorant Masters Toronto 2025,https://www.vlr.gg/498623/rex-regum-qeon-vs-wolves-esports-valorant-masters-toronto-2025-ubqf,Ascent,Rex Regum Qeon,Wolves Esports,Wolves Esports,xffero,Cypher,170.0,15,19,5,113.0,41.0,0
Valorant Masters Toronto 2025,https://www.vlr.gg/498623/rex-regum-qeon-vs-wolves-esports-valorant-masters-toronto-2025-ubqf,Ascent,Wolves Esports,Rex Regum Qeon,Wolves Esports,Spring,Omen,225.0,18,13,11,148.0,19.0,1
Valorant Masters Toronto 2025,https://www.vlr.gg/498623/rex-regum-qeon-vs-wolves-esports-valorant-masters-toronto-2025-ubqf,Ascent,Wolves Esports,Rex Regum Qeon,Wolves Esports,SiuFatBB,Sova,193.0,17,13,3,120.0,22.0,1
Valorant Masters Toronto 2025,https://www.vlr.gg/498623/rex-regum-qeon-vs-wolves-esports-valorant-masters-toronto-2025-ubqf,Ascent,Wolves Esports,Rex Regum Qeon,Wolves Esports,Yuicaw,Cypher,200.0,19,18,6,128.0,31.0,1
Valorant Masters Toronto 2025,https://www.vlr.gg/498623/rex-regum-qeon-vs-wolves-esports-valorant-masters-toronto-2025-ubqf,Ascent,Wolves Esports,Rex Regum Qeon,Wolves Esports,Juicy,Yoru,233.0,17,17,8,170.0,26.0,1
Valorant Masters Toronto 2025,https://www.vlr.gg/498623/rex-regum-qeon-vs-wolves-esports-valorant-masters-toronto-2025-ubqf,Ascent,Wolves Esports,Rex Regum Qeon,Wolves Esports,Lysoar,Deadlock,146.0,13,18,8,93.0,32.0,1
Valorant Masters Toronto 2025,https://www.vlr.gg/498623/rex-regum-qeon-vs-wolves-esports-valorant-masters-toronto-2025-ubqf,Icebox,Rex Regum Qeon,Wolves Esports,Wolves Esports,Monyet,Viper,227.0,17,13,7,136.0,27.0,0
Valorant Masters Toronto 2025,https://www.vlr.gg/498623/rex-regum-qeon-vs-wolves-esports-valorant-masters-toronto-2025-ubqf,Icebox,Rex Regum Qeon,Wolves Esports,Wolves Esports,Jemkin,Jett,280.0,19,17,6,195.0,24.0,0
Valorant Masters Toronto 2025,https://www.vlr.gg/498623/rex-regum-qeon-vs-wolves-esports-valorant-masters-toronto-2025-ubqf,Icebox,Rex Regum Qeon,Wolves Esports,Wolves Esports,xffero,Killjoy,178.0,14,14,5,131.0,26.0,0
Valorant Masters Toronto 2025,https://www.vlr.gg/498623/rex-regum-qeon-vs-wolves-esports-valorant-masters-toronto-2025-ubqf,Icebox,Rex Regum Qeon,Wolves Esports,Wolves Esports,Kushy,Sova,129.0,10,15,3,89.0,38.0,0
Valorant Masters Toronto 2025,https://www.vlr.gg/498623/rex-regum-qeon-vs-wolves-esports-valorant-masters-toronto-2025-ubqf,Icebox,Rex Regum Qeon,Wolves Esports,Wolves Esports,crazyguy,Omen,120.0,9,17,4,73.0,45.0,0
Valorant Masters Toronto 2025,https://www.vlr.gg/498623/rex-regum-qeon-vs-wolves-esports-valorant-masters-toronto-2025-ubqf,Icebox,Wolves Esports,Rex Regum Qeon,Wolves Esports,Juicy,Jett,302.0,23,14,4,190.0,28.0,1
Valorant Masters Toronto 2025,https://www.vlr.gg/498623/rex-regum-qeon-vs-wolves-esports-valorant-masters-toronto-2025-ubqf,Icebox,Wolves Esports,Rex Regum Qeon,Wolves Esports,Lysoar,Killjoy,232.0,18,13,5,171.0,26.0,1
Valorant Masters Toronto 2025,https://www.vlr.gg/498623/rex-regum-qeon-vs-wolves-esports-valorant-masters-toronto-2025-ubqf,Icebox,Wolves Esports,Rex Regum Qeon,Wolves Esports,Spring,Viper,219.0,17,17,4,150.0,33.0,1
Valorant Masters Toronto 2025,https://www.vlr.gg/498623/rex-regum-qeon-vs-wolves-esports-valorant-masters-toronto-2025-ubqf,Icebox,Wolves Esports,Rex Regum Qeon,Wolves Esports,Yuicaw,Gekko,147.0,10,13,9,108.0,22.0,1
Valorant Masters Toronto 2025,https://www.vlr.gg/498623/rex-regum-qeon-vs-wolves-esports-valorant-masters-toronto-2025-ubqf,Icebox,Wolves Esports,Rex Regum Qeon,Wolves Esports,SiuFatBB,Sova,115.0,8,12,4,82.0,29.0,1
Valorant Masters Toronto 2025,https://www.vlr.gg/498624/fnatic-vs-gen-g-valorant-masters-toronto-2025-ubqf,Haven,FNATIC,Gen.G,Gen.G,crashies,Sova,240.0,21,16,7,166.0,40.0,0
Valorant Masters Toronto 2025,https://www.vlr.gg/498624/fnatic-vs-gen-g-valorant-masters-toronto-2025-ubqf,Haven,FNATIC,Gen.G,Gen.G,kaajak,Yoru,263.0,20,17,7,170.0,44.0,0
Valorant Masters Toronto 2025,https://www.vlr.gg/498624/fnatic-vs-gen-g-valorant-masters-toronto-2025-ubqf,Haven,FNATIC,Gen.G,Gen.G,Chronicle,Cypher,178.0,15,15,6,124.0,27.0,0
Valorant Masters Toronto 2025,https://www.vlr.gg/498624/fnatic-vs-gen-g-valorant-masters-toronto-2025-ubqf,Haven,FNATIC,Gen.G,Gen.G,Boaster,Omen,120.0,9,16,8,79.0,20.0,0
Valorant Masters Toronto 2025,https://www.vlr.gg/498624/fnatic-vs-gen-g-valorant-masters-toronto-2025-ubqf,Haven,FNATIC,Gen.G,Gen.G,Alfajer,Iso,127.0,11,20,4,86.0,28.0,0
Valorant Masters Toronto 2025,https://www.vlr.gg/498624/fnatic-vs-gen-g-valorant-masters-toronto-2025-ubqf,Haven,Gen.G,FNATIC,Gen.G,Munchkin,Viper,258.0,21,15,13,157.0,26.0,1
Valorant Masters Toronto 2025,https://www.vlr.gg/498624/fnatic-vs-gen-g-valorant-masters-toronto-2025-ubqf,Haven,Gen.G,FNATIC,Gen.G,t3xture,Neon,224.0,20,16,7,139.0,28.0,1
Valorant Masters Toronto 2025,https://www.vlr.gg/498624/fnatic-vs-gen-g-valorant-masters-toronto-2025-ubqf,Haven,Gen.G,FNATIC,Gen.G,Karon,Omen,218.0,18,16,9,143.0,26.0,1
Valorant Masters Toronto 2025,https://www.vlr.gg/498624/fnatic-vs-gen-g-valorant-masters-toronto-2025-ubqf,Haven,Gen.G,FNATIC,Gen.G,Ash,Sova,135.0,13,13,2,109.0,30.0,1
Valorant Masters Toronto 2025,https://www.vlr.gg/498624/fnatic-vs-gen-g-valorant-masters-toronto-2025-ubqf,Haven,Gen.G,FNATIC,Gen.G,Foxy9,Killjoy,141.0,12,16,1,98.0,38.0,1
Valorant Masters Toronto 2025,https://www.vlr.gg/498624/fnatic-vs-gen-g-valorant-masters-toronto-2025-ubqf,Split,FNATIC,Gen.G,FNATIC,Alfajer,Raze,305.0,28,22,4,196.0,26.0,1
Valorant Masters Toronto 2025,https://www.vlr.gg/498624/fnatic-vs-gen-g-valorant-masters-toronto-2025-ubqf,Split,FNATIC,Gen.G,FNATIC,kaajak,Yoru,218.0,20,17,9,147.0,42.0,1
Valorant Masters Toronto 2025,https://www.vlr.gg/498624/fnatic-vs-gen-g-valorant-masters-toronto-2025-ubqf,Split,FNATIC,Gen.G,FNATIC,Chronicle,Viper,196.0,17,17,8,157.0,28.0,1
Valorant Masters Toronto 2025,https://www.vlr.gg/498624/fnatic-vs-gen-g-valorant-masters-toronto-2025-ubqf,Split,FNATIC,Gen.G,FNATIC,crashies,Fade,182.0,16,14,7,113.0,30.0,1
Valorant Masters Toronto 2025,https://www.vlr.gg/498624/fnatic-vs-gen-g-valorant-masters-toronto-2025-ubqf,Split,FNATIC,Gen.G,FNATIC,Boaster,Astra,133.0,14,17,7,91.0,35.0,1
Valorant Masters Toronto 2025,https://www.vlr.gg/498624/fnatic-vs-gen-g-valorant-masters-toronto-2025-ubqf,Split,Gen.G,FNATIC,FNATIC,Karon,Omen,223.0,21,17,12,137.0,35.0,0
Valorant Masters Toronto 2025,https://www.vlr.gg/498624/fnatic-vs-gen-g-valorant-masters-toronto-2025-ubqf,Split,Gen.G,FNATIC,FNATIC,t3xture,Neon,210.0,19,19,7,126.0,22.0,0
Valorant Masters Toronto 2025,https://www.vlr.gg/498624/fnatic-vs-gen-g-valorant-masters-toronto-2025-ubqf,Split,Gen.G,FNATIC,FNATIC,Ash,Tejo,212.0,19,19,4,134.0,29.0,0
Valorant Masters Toronto 2025,https://www.vlr.gg/498624/fnatic-vs-gen-g-valorant-masters-toronto-2025-ubqf,Split,Gen.G,FNATIC,FNATIC,Munchkin,Viper,205.0,18,20,7,130.0,15.0,0
Valorant Masters Toronto 2025,https://www.vlr.gg/498624/fnatic-vs-gen-g-valorant-masters-toronto-2025-ubqf,Split,Gen.G,FNATIC,FNATIC,Foxy9,Deadlock,97.0,10,20,3,65.0,33.0,0
Valorant Masters Toronto 2025,https://www.vlr.gg/498624/fnatic-vs-gen-g-valorant-masters-toronto-2025-ubqf,Sunset,FNATIC,Gen.G,Gen.G,crashies,Sova,189.0,11,11,4,142.0,39.0,0
Valorant Masters Toronto 2025,https://www.vlr.gg/498624/fnatic-vs-gen-g-valorant-masters-toronto-2025-ubqf,Sunset,FNATIC,Gen.G,Gen.G,Alfajer,Cypher,218.0,15,16,0,139.0,58.0,0
Valorant Masters Toronto 2025,https://www.vlr.gg/498624/fnatic-vs-gen-g-valorant-masters-toronto-2025-ubqf,Sunset,FNATIC,Gen.G,Gen.G,kaajak,Neon,177.0,12,14,2,135.0,24.0,0
Valorant Masters Toronto 2025,https://www.vlr.gg/498624/fnatic-vs-gen-g-valorant-masters-toronto-2025-ubqf,Sunset,FNATIC,Gen.G,Gen.G,Chronicle,Viper,166.0,10,15,2,118.0,29.0,0
Valorant Masters Toronto 2025,https://www.vlr.gg/498624/fnatic-vs-gen-g-valorant-masters-toronto-2025-ubqf,Sunset,FNATIC,Gen.G,Gen.G,Boaster,Omen,85.0,4,12,5,66.0,15.0,0
Valorant Masters Toronto 2025,https://www.vlr.gg/498624/fnatic-vs-gen-g-valorant-masters-toronto-2025-ubqf,Sunset,Gen.G,FNATIC,Gen.G,t3xture,Neon,317.0,21,10,4,196.0,24.0,1
Valorant Masters Toronto 2025,https://www.vlr.gg/498624/fnatic-vs-gen-g-valorant-masters-toronto-2025-ubqf,Sunset,Gen.G,FNATIC,Gen.G,Foxy9,Deadlock,262.0,21,10,3,159.0,47.0,1
Valorant Masters Toronto 2025,https://www.vlr.gg/498624/fnatic-vs-gen-g-valorant-masters-toronto-2025-ubqf,Sunset,Gen.G,FNATIC,Gen.G,Ash,Sova,184.0,11,9,5,117.0,48.0,1
Valorant Masters Toronto 2025,https://www.vlr.gg/498624/fnatic-vs-gen-g-valorant-masters-toronto-2025-ubqf,Sunset,Gen.G,FNATIC,Gen.G,Munchkin,Viper,127.0,8,11,3,90.0,31.0,1
Valorant Masters Toronto 2025,https://www.vlr.gg/498624/fnatic-vs-gen-g-valorant-masters-toronto-2025-ubqf,Sunset,Gen.G,FNATIC,Gen.G,Karon,Omen,101.0,7,12,4,69.0,23.0,1
Valorant Masters Toronto 2025,https://www.vlr.gg/498629/xi-lai-gaming-vs-g2-esports-valorant-masters-toronto-2025-lr1,Icebox,Xi Lai Gaming,G2 Esports,G2 Esports,Viva,Sova,148.0,7,14,4,110.0,29.0,0
Valorant Masters Toronto 2025,https://www.vlr.gg/498629/xi-lai-gaming-vs-g2-esports-valorant-masters-toronto-2025-lr1,Icebox,Xi Lai Gaming,G2 Esports,G2 Esports,Rarga,Jett,201.0,10,16,2,133.0,43.0,0
Valorant Masters Toronto 2025,https://www.vlr.gg/498629/xi-lai-gaming-vs-g2-esports-valorant-masters-toronto-2025-lr1,Icebox,Xi Lai Gaming,G2 Esports,G2 Esports,happywei,Killjoy,146.0,8,14,1,99.0,52.0,0
Valorant Masters Toronto 2025,https://www.vlr.gg/498629/xi-lai-gaming-vs-g2-esports-valorant-masters-toronto-2025-lr1,Icebox,Xi Lai Gaming,G2 Esports,G2 Esports,coconut,Viper,117.0,7,14,3,78.0,32.0,0
Valorant Masters Toronto 2025,https://www.vlr.gg/498629/xi-lai-gaming-vs-g2-esports-valorant-masters-toronto-2025-lr1,Icebox,Xi Lai Gaming,G2 Esports,G2 Esports,Midi,Gekko,107.0,5,15,1,75.0,32.0,0
Valorant Masters Toronto 2025,https://www.vlr.gg/498629/xi-lai-gaming-vs-g2-esports-valorant-masters-toronto-2025-lr1,Icebox,G2 Esports,Xi Lai Gaming,G2 Esports,leaf,Killjoy,358.0,22,5,2,213.0,24.0,1
Valorant Masters Toronto 2025,https://www.vlr.gg/498629/xi-lai-gaming-vs-g2-esports-valorant-masters-toronto-2025-lr1,Icebox,G2 Esports,Xi Lai Gaming,G2 Esports,trent,Sova,268.0,16,6,4,179.0,38.0,1
Valorant Masters Toronto 2025,https://www.vlr.gg/498629/xi-lai-gaming-vs-g2-esports-valorant-masters-toronto-2025-lr1,Icebox,G2 Esports,Xi Lai Gaming,G2 Esports,jawgemo,Sage,278.0,17,7,6,183.0,26.0,1
Valorant Masters Toronto 2025,https://www.vlr.gg/498629/xi-lai-gaming-vs-g2-esports-valorant-masters-toronto-2025-lr1,Icebox,G2 Esports,Xi Lai Gaming,G2 Esports,JonahP,Viper,210.0,13,10,4,144.0,24.0,1
Valorant Masters Toronto 2025,https://www.vlr.gg/498629/xi-lai-gaming-vs-g2-esports-valorant-masters-toronto-2025-lr1,Icebox,G2 Esports,Xi Lai Gaming,G2 Esports,valyn,Omen,76.0,5,9,5,35.0,20.0,1
Valorant Masters Toronto 2025,https://www.vlr.gg/498629/xi-lai-gaming-vs-g2-esports-valorant-masters-toronto-2025-lr1,Haven,Xi Lai Gaming,G2 Esports,G2 Esports,happywei,Cypher,270.0,20,13,5,165.0,47.0,0
Valorant Masters Toronto 2025,https://www.vlr.gg/498629/xi-lai-gaming-vs-g2-esports-valorant-masters-toronto-2025-lr1,Haven,Xi Lai Gaming,G2 Esports,G2 Esports,Rarga,Yoru,287.0,20,19,4,168.0,47.0,0
Valorant Masters Toronto 2025,https://www.vlr.gg/498629/xi-lai-gaming-vs-g2-esports-valorant-masters-toronto-2025-lr1,Haven,Xi Lai Gaming,G2 Esports,G2 Esports,Midi,Breach,153.0,14,15,4,108.0,45.0,0
Valorant Masters Toronto 2025,https://www.vlr.gg/498629/xi-lai-gaming-vs-g2-esports-valorant-masters-toronto-2025-lr1,Haven,Xi Lai Gaming,G2 Esports,G2 Esports,Viva,Sova,139.0,9,17,6,102.0,26.0,0
Valorant Masters Toronto 2025,https://www.vlr.gg/498629/xi-lai-gaming-vs-g2-esports-valorant-masters-toronto-2025-lr1,Haven,Xi Lai Gaming,G2 Esports,G2 Esports,coconut,Omen,113.0,7,16,9,75.0,18.0,0
Valorant Masters Toronto 2025,https://www.vlr.gg/498629/xi-lai-gaming-vs-g2-esports-valorant-masters-toronto-2025-lr1,Haven,G2 Esports,Xi Lai Gaming,G2 Esports,leaf,Vyse,247.0,20,12,6,180.0,38.0,1
Valorant Masters Toronto 2025,https://www.vlr.gg/498629/xi-lai-gaming-vs-g2-esports-valorant-masters-toronto-2025-lr1,Haven,G2 Esports,Xi Lai Gaming,G2 Esports,jawgemo,Yoru,260.0,18,16,11,161.0,25.0,1
Valorant Masters Toronto 2025,https://www.vlr.gg/498629/xi-lai-gaming-vs-g2-esports-valorant-masters-toronto-2025-lr1,Haven,G2 Esports,Xi Lai Gaming,G2 Esports,JonahP,Viper,181.0,14,12,6,104.0,23.0,1
Valorant Masters Toronto 2025,https://www.vlr.gg/498629/xi-lai-gaming-vs-g2-esports-valorant-masters-toronto-2025-lr1,Haven,G2 Esports,Xi Lai Gaming,G2 Esports,valyn,Omen,207.0,14,15,8,133.0,25.0,1
Valorant Masters Toronto 2025,https://www.vlr.gg/498629/xi-lai-gaming-vs-g2-esports-valorant-masters-toronto-2025-lr1,Haven,G2 Esports,Xi Lai Gaming,G2 Esports,trent,Fade,173.0,13,15,6,110.0,41.0,1
Valorant Masters Toronto 2025,https://www.vlr.gg/498630/rex-regum-qeon-vs-fnatic-valorant-masters-toronto-2025-lr1,Lotus,Rex Regum Qeon,FNATIC,FNATIC,Monyet,Omen,188.0,10,16,5,131.0,29.0,0
Valorant Masters Toronto 2025,https://www.vlr.gg/498630/rex-regum-qeon-vs-fnatic-valorant-masters-toronto-2025-lr1,Lotus,Rex Regum Qeon,FNATIC,FNATIC,crazyguy,Fade,193.0,11,17,4,119.0,13.0,0
Valorant Masters Toronto 2025,https://www.vlr.gg/498630/rex-regum-qeon-vs-fnatic-valorant-masters-toronto-2025-lr1,Lotus,Rex Regum Qeon,FNATIC,FNATIC,xffero,Viper,149.0,9,15,3,103.0,26.0,0
Valorant Masters Toronto 2025,https://www.vlr.gg/498630/rex-regum-qeon-vs-fnatic-valorant-masters-toronto-2025-lr1,Lotus,Rex Regum Qeon,FNATIC,FNATIC,Kushy,Vyse,122.0,7,15,4,74.0,29.0,0
Valorant Masters Toronto 2025,https://www.vlr.gg/498630/rex-regum-qeon-vs-fnatic-valorant-masters-toronto-2025-lr1,Lotus,Rex Regum Qeon,FNATIC,FNATIC,Jemkin,Raze,99.0,6,16,0,71.0,21.0,0
Valorant Masters Toronto 2025,https://www.vlr.gg/498630/rex-regum-qeon-vs-fnatic-valorant-masters-toronto-2025-lr1,Lotus,FNATIC,Rex Regum Qeon,FNATIC,Chronicle,Viper,283.0,18,6,7,174.0,20.0,1
Valorant Masters Toronto 2025,https://www.vlr.gg/498630/rex-regum-qeon-vs-fnatic-valorant-masters-toronto-2025-lr1,Lotus,FNATIC,Rex Regum Qeon,FNATIC,crashies,Fade,201.0,15,6,10,122.0,26.0,1
Valorant Masters Toronto 2025,https://www.vlr.gg/498630/rex-regum-qeon-vs-fnatic-valorant-masters-toronto-2025-lr1,Lotus,FNATIC,Rex Regum Qeon,FNATIC,kaajak,Raze,308.0,21,11,5,221.0,35.0,1
Valorant Masters Toronto 2025,https://www.vlr.gg/498630/rex-regum-qeon-vs-fnatic-valorant-masters-toronto-2025-lr1,Lotus,FNATIC,Rex Regum Qeon,FNATIC,Alfajer,Killjoy,212.0,15,10,3,145.0,32.0,1
Valorant Masters Toronto 2025,https://www.vlr.gg/498630/rex-regum-qeon-vs-fnatic-valorant-masters-toronto-2025-lr1,Lotus,FNATIC,Rex Regum Qeon,FNATIC,Boaster,Omen,143.0,10,10,8,100.0,18.0,1
Valorant Masters Toronto 2025,https://www.vlr.gg/498630/rex-regum-qeon-vs-fnatic-valorant-masters-toronto-2025-lr1,Haven,Rex Regum Qeon,FNATIC,Rex Regum Qeon,Jemkin,Yoru,261.0,19,11,1,179.0,56.0,1
Valorant Masters Toronto 2025,https://www.vlr.gg/498630/rex-regum-qeon-vs-fnatic-valorant-masters-toronto-2025-lr1,Haven,Rex Regum Qeon,FNATIC,Rex Regum Qeon,xffero,Cypher,178.0,14,10,3,116.0,26.0,1
Valorant Masters Toronto 2025,https://www.vlr.gg/498630/rex-regum-qeon-vs-fnatic-valorant-masters-toronto-2025-lr1,Haven,Rex Regum Qeon,FNATIC,Rex Regum Qeon,crazyguy,Omen,144.0,10,8,9,99.0,46.0,1
Valorant Masters Toronto 2025,https://www.vlr.gg/498630/rex-regum-qeon-vs-fnatic-valorant-masters-toronto-2025-lr1,Haven,Rex Regum Qeon,FNATIC,Rex Regum Qeon,Monyet,Neon,242.0,16,13,6,164.0,25.0,1
Valorant Masters Toronto 2025,https://www.vlr.gg/498630/rex-regum-qeon-vs-fnatic-valorant-masters-toronto-2025-lr1,Haven,Rex Regum Qeon,FNATIC,Rex Regum Qeon,Kushy,Sova,137.0,9,12,5,90.0,32.0,1
Valorant Masters Toronto 2025,https://www.vlr.gg/498630/rex-regum-qeon-vs-fnatic-valorant-masters-toronto-2025-lr1,Haven,FNATIC,Rex Regum Qeon,Rex Regum Qeon,crashies,Sova,251.0,17,12,4,168.0,45.0,0
Valorant Masters Toronto 2025,https://www.vlr.gg/498630/rex-regum-qeon-vs-fnatic-valorant-masters-toronto-2025-lr1,Haven,FNATIC,Rex Regum Qeon,Rex Regum Qeon,Chronicle,Cypher,189.0,12,12,5,119.0,35.0,0
Valorant Masters Toronto 2025,https://www.vlr.gg/498630/rex-regum-qeon-vs-fnatic-valorant-masters-toronto-2025-lr1,Haven,FNATIC,Rex Regum Qeon,Rex Regum Qeon,kaajak,Yoru,215.0,13,15,2,131.0,35.0,0
Valorant Masters Toronto 2025,https://www.vlr.gg/498630/rex-regum-qeon-vs-fnatic-valorant-masters-toronto-2025-lr1,Haven,FNATIC,Rex Regum Qeon,Rex Regum Qeon,Alfajer,Iso,131.0,8,15,5,99.0,32.0,0
Valorant Masters Toronto 2025,https://www.vlr.gg/498630/rex-regum-qeon-vs-fnatic-valorant-masters-toronto-2025-lr1,Haven,FNATIC,Rex Regum Qeon,Rex Regum Qeon,Boaster,Omen,71.0,4,14,5,38.0,38.0,0
Valorant Masters Toronto 2025,https://www.vlr.gg/498630/rex-regum-qeon-vs-fnatic-valorant-masters-toronto-2025-lr1,Ascent,Rex Regum Qeon,FNATIC,FNATIC,xffero,Cypher,201.0,12,14,1,132.0,40.0,0
Valorant Masters Toronto 2025,https://www.vlr.gg/498630/rex-regum-qeon-vs-fnatic-valorant-masters-toronto-2025-lr1,Ascent,Rex Regum Qeon,FNATIC,FNATIC,Kushy,Sova,231.0,13,14,5,148.0,43.0,0
Valorant Masters Toronto 2025,https://www.vlr.gg/498630/rex-regum-qeon-vs-fnatic-valorant-masters-toronto-2025-lr1,Ascent,Rex Regum Qeon,FNATIC,FNATIC,Monyet,Omen,125.0,8,15,2,84.0,21.0,0
Valorant Masters Toronto 2025,https://www.vlr.gg/498630/rex-regum-qeon-vs-fnatic-valorant-masters-toronto-2025-lr1,Ascent,Rex Regum Qeon,FNATIC,FNATIC,crazyguy,Kayo,127.0,7,15,5,78.0,47.0,0
Valorant Masters Toronto 2025,https://www.vlr.gg/498630/rex-regum-qeon-vs-fnatic-valorant-masters-toronto-2025-lr1,Ascent,Rex Regum Qeon,FNATIC,FNATIC,Jemkin,Jett,142.0,9,17,2,92.0,42.0,0
Valorant Masters Toronto 2025,https://www.vlr.gg/498630/rex-regum-qeon-vs-fnatic-valorant-masters-toronto-2025-lr1,Ascent,FNATIC,Rex Regum Qeon,FNATIC,Alfajer,Chamber,349.0,24,13,0,211.0,26.0,1
Valorant Masters Toronto 2025,https://www.vlr.gg/498630/rex-regum-qeon-vs-fnatic-valorant-masters-toronto-2025-lr1,Ascent,FNATIC,Rex Regum Qeon,FNATIC,kaajak,Yoru,248.0,17,10,4,154.0,53.0,1
Valorant Masters Toronto 2025,https://www.vlr.gg/498630/rex-regum-qeon-vs-fnatic-valorant-masters-toronto-2025-lr1,Ascent,FNATIC,Rex Regum Qeon,FNATIC,crashies,Sova,177.0,11,9,7,124.0,26.0,1
Valorant Masters Toronto 2025,https://www.vlr.gg/498630/rex-regum-qeon-vs-fnatic-valorant-masters-toronto-2025-lr1,Ascent,FNATIC,Rex Regum Qeon,FNATIC,Boaster,Omen,176.0,13,8,5,119.0,47.0,1
Valorant Masters Toronto 2025,https://www.vlr.gg/498630/rex-regum-qeon-vs-fnatic-valorant-masters-toronto-2025-lr1,Ascent,FNATIC,Rex Regum Qeon,FNATIC,Chronicle,Vyse,183.0,10,9,8,118.0,29.0,1
Valorant Masters Toronto 2025,https://www.vlr.gg/498626/wolves-esports-vs-gen-g-valorant-masters-toronto-2025-ubsf,Split,Wolves Esports,Gen.G,Wolves Esports,Spring,Viper,239.0,19,12,6,163.0,24.0,1
Valorant Masters Toronto 2025,https://www.vlr.gg/498626/wolves-esports-vs-gen-g-valorant-masters-toronto-2025-ubsf,Split,Wolves Esports,Gen.G,Wolves Esports,Yuicaw,Cypher,204.0,18,14,2,143.0,33.0,1
Valorant Masters Toronto 2025,https://www.vlr.gg/498626/wolves-esports-vs-gen-g-valorant-masters-toronto-2025-ubsf,Split,Wolves Esports,Gen.G,Wolves Esports,Lysoar,Omen,221.0,19,15,8,140.0,26.0,1
Valorant Masters Toronto 2025,https://www.vlr.gg/498626/wolves-esports-vs-gen-g-valorant-masters-toronto-2025-ubsf,Split,Wolves Esports,Gen.G,Wolves Esports,SiuFatBB,Fade,146.0,13,14,4,98.0,24.0,1
Valorant Masters Toronto 2025,https://www.vlr.gg/498626/wolves-esports-vs-gen-g-valorant-masters-toronto-2025-ubsf,Split,Wolves Esports,Gen.G,Wolves Esports,Juicy,Raze,144.0,12,17,3,99.0,20.0,1
Valorant Masters Toronto 2025,https://www.vlr.gg/498626/wolves-esports-vs-gen-g-valorant-masters-toronto-2025-ubsf,Split,Gen.G,Wolves Esports,Wolves Esports,Karon,Omen,229.0,20,12,12,146.0,28.0,0
Valorant Masters Toronto 2025,https://www.vlr.gg/498626/wolves-esports-vs-gen-g-valorant-masters-toronto-2025-ubsf,Split,Gen.G,Wolves Esports,Wolves Esports,t3xture,Neon,225.0,19,17,3,124.0,32.0,0
Valorant Masters Toronto 2025,https://www.vlr.gg/498626/wolves-esports-vs-gen-g-valorant-masters-toronto-2025-ubsf,Split,Gen.G,Wolves Esports,Wolves Esports,Foxy9,Deadlock,199.0,18,19,6,117.0,26.0,0
Valorant Masters Toronto 2025,https://www.vlr.gg/498626/wolves-esports-vs-gen-g-valorant-masters-toronto-2025-ubsf,Split,Gen.G,Wolves Esports,Wolves Esports,Munchkin,Viper,137.0,9,18,12,97.0,11.0,0
Valorant Masters Toronto 2025,https://www.vlr.gg/498626/wolves-esports-vs-gen-g-valorant-masters-toronto-2025-ubsf,Split,Gen.G,Wolves Esports,Wolves Esports,Ash,Tejo,64.0,5,15,3,49.0,14.0,0
Valorant Masters Toronto 2025,https://www.vlr.gg/498626/wolves-esports-vs-gen-g-valorant-masters-toronto-2025-ubsf,Sunset,Wolves Esports,Gen.G,Wolves Esports,SiuFatBB,Sova,193.0,17,11,6,137.0,37.0,1
Valorant Masters Toronto 2025,https://www.vlr.gg/498626/wolves-esports-vs-gen-g-valorant-masters-toronto-2025-ubsf,Sunset,Wolves Esports,Gen.G,Wolves Esports,Spring,Omen,237.0,18,16,13,155.0,37.0,1
Valorant Masters Toronto 2025,https://www.vlr.gg/498626/wolves-esports-vs-gen-g-valorant-masters-toronto-2025-ubsf,Sunset,Wolves Esports,Gen.G,Wolves Esports,Lysoar,Cypher,173.0,13,14,5,116.0,24.0,1
Valorant Masters Toronto 2025,https://www.vlr.gg/498626/wolves-esports-vs-gen-g-valorant-masters-toronto-2025-ubsf,Sunset,Wolves Esports,Gen.G,Wolves Esports,Yuicaw,Raze,226.0,18,18,3,155.0,26.0,1
Valorant Masters Toronto 2025,https://www.vlr.gg/498626/wolves-esports-vs-gen-g-valorant-masters-toronto-2025-ubsf,Sunset,Wolves Esports,Gen.G,Wolves Esports,Juicy,Yoru,139.0,11,16,5,108.0,33.0,1
Valorant Masters Toronto 2025,https://www.vlr.gg/498626/wolves-esports-vs-gen-g-valorant-masters-toronto-2025-ubsf,Sunset,Gen.G,Wolves Esports,Wolves Esports,t3xture,Neon,298.0,25,16,6,200.0,34.0,0
Valorant Masters Toronto 2025,https://www.vlr.gg/498626/wolves-esports-vs-gen-g-valorant-masters-toronto-2025-ubsf,Sunset,Gen.G,Wolves Esports,Wolves Esports,Ash,Sova,232.0,19,15,5,163.0,47.0,0
Valorant Masters Toronto 2025,https://www.vlr.gg/498626/wolves-esports-vs-gen-g-valorant-masters-toronto-2025-ubsf,Sunset,Gen.G,Wolves Esports,Wolves Esports,Munchkin,Viper,165.0,11,13,6,114.0,21.0,0
Valorant Masters Toronto 2025,https://www.vlr.gg/498626/wolves-esports-vs-gen-g-valorant-masters-toronto-2025-ubsf,Sunset,Gen.G,Wolves Esports,Wolves Esports,Karon,Omen,157.0,11,16,8,98.0,28.0,0
Valorant Masters Toronto 2025,https://www.vlr.gg/498626/wolves-esports-vs-gen-g-valorant-masters-toronto-2025-ubsf,Sunset,Gen.G,Wolves Esports,Wolves Esports,Foxy9,Deadlock,114.0,9,17,4,71.0,38.0,0
Valorant Masters Toronto 2025,https://www.vlr.gg/498625/sentinels-vs-paper-rex-valorant-masters-toronto-2025-ubsf,Split,Sentinels,Paper Rex,Paper Rex,bang,Omen,240.0,13,13,4,147.0,41.0,0
Valorant Masters Toronto 2025,https://www.vlr.gg/498625/sentinels-vs-paper-rex-valorant-masters-toronto-2025-ubsf,Split,Sentinels,Paper Rex,Paper Rex,N4RRATE,Breach,230.0,13,15,7,146.0,29.0,0
Valorant Masters Toronto 2025,https://www.vlr.gg/498625/sentinels-vs-paper-rex-valorant-masters-toronto-2025-ubsf,Split,Sentinels,Paper Rex,Paper Rex,zekken,Yoru,209.0,11,15,5,126.0,17.0,0
Valorant Masters Toronto 2025,https://www.vlr.gg/498625/sentinels-vs-paper-rex-valorant-masters-toronto-2025-ubsf,Split,Sentinels,Paper Rex,Paper Rex,Zellsis,Viper,110.0,5,14,6,85.0,22.0,0
Valorant Masters Toronto 2025,https://www.vlr.gg/498625/sentinels-vs-paper-rex-valorant-masters-toronto-2025-ubsf,Split,Sentinels,Paper Rex,Paper Rex,johnqt,Skye,93.0,4,15,5,68.0,21.0,0
Valorant Masters Toronto 2025,https://www.vlr.gg/498625/sentinels-vs-paper-rex-valorant-masters-toronto-2025-ubsf,Split,Paper Rex,Sentinels,Paper Rex,PatMen,Fade,234.0,14,7,5,159.0,33.0,1
Valorant Masters Toronto 2025,https://www.vlr.gg/498625/sentinels-vs-paper-rex-valorant-masters-toronto-2025-ubsf,Split,Paper Rex,Sentinels,Paper Rex,Jinggg,Raze,257.0,16,9,1,172.0,36.0,1
Valorant Masters Toronto 2025,https://www.vlr.gg/498625/sentinels-vs-paper-rex-valorant-masters-toronto-2025-ubsf,Split,Paper Rex,Sentinels,Paper Rex,f0rsakeN,Omen,180.0,11,8,14,132.0,48.0,1
Valorant Masters Toronto 2025,https://www.vlr.gg/498625/sentinels-vs-paper-rex-valorant-masters-toronto-2025-ubsf,Split,Paper Rex,Sentinels,Paper Rex,something,Yoru,297.0,17,12,2,167.0,24.0,1
Valorant Masters Toronto 2025,https://www.vlr.gg/498625/sentinels-vs-paper-rex-valorant-masters-toronto-2025-ubsf,Split,Paper Rex,Sentinels,Paper Rex,d4v41,Viper,246.0,14,10,3,164.0,16.0,1
Valorant Masters Toronto 2025,https://www.vlr.gg/498625/sentinels-vs-paper-rex-valorant-masters-toronto-2025-ubsf,Sunset,Sentinels,Paper Rex,Paper Rex,zekken,Neon,247.0,21,16,4,138.0,15.0,0
Valorant Masters Toronto 2025,https://www.vlr.gg/498625/sentinels-vs-paper-rex-valorant-masters-toronto-2025-ubsf,Sunset,Sentinels,Paper Rex,Paper Rex,N4RRATE,Fade,226.0,16,17,13,144.0,24.0,0
Valorant Masters Toronto 2025,https://www.vlr.gg/498625/sentinels-vs-paper-rex-valorant-masters-toronto-2025-ubsf,Sunset,Sentinels,Paper Rex,Paper Rex,johnqt,Breach,159.0,14,15,8,115.0,30.0,0
Valorant Masters Toronto 2025,https://www.vlr.gg/498625/sentinels-vs-paper-rex-valorant-masters-toronto-2025-ubsf,Sunset,Sentinels,Paper Rex,Paper Rex,bang,Omen,202.0,16,17,9,120.0,29.0,0
Valorant Masters Toronto 2025,https://www.vlr.gg/498625/sentinels-vs-paper-rex-valorant-masters-toronto-2025-ubsf,Sunset,Sentinels,Paper Rex,Paper Rex,Zellsis,Cypher,142.0,11,18,6,89.0,15.0,0
Valorant Masters Toronto 2025,https://www.vlr.gg/498625/sentinels-vs-paper-rex-valorant-masters-toronto-2025-ubsf,Sunset,Paper Rex,Sentinels,Paper Rex,something,Sova,186.0,16,13,8,123.0,28.0,1
Valorant Masters Toronto 2025,https://www.vlr.gg/498625/sentinels-vs-paper-rex-valorant-masters-toronto-2025-ubsf,Sunset,Paper Rex,Sentinels,Paper Rex,d4v41,Sage,177.0,18,13,3,125.0,23.0,1
Valorant Masters Toronto 2025,https://www.vlr.gg/498625/sentinels-vs-paper-rex-valorant-masters-toronto-2025-ubsf,Sunset,Paper Rex,Sentinels,Paper Rex,Jinggg,Raze,285.0,23,18,3,183.0,22.0,1
Valorant Masters Toronto 2025,https://www.vlr.gg/498625/sentinels-vs-paper-rex-valorant-masters-toronto-2025-ubsf,Sunset,Paper Rex,Sentinels,Paper Rex,PatMen,Viper,182.0,15,17,5,110.0,26.0,1
Valorant Masters Toronto 2025,https://www.vlr.gg/498625/sentinels-vs-paper-rex-valorant-masters-toronto-2025-ubsf,Sunset,Paper Rex,Sentinels,Paper Rex,f0rsakeN,Omen,157.0,11,17,11,108.0,16.0,1
Valorant Masters Toronto 2025,https://www.vlr.gg/498631/gen-g-vs-g2-esports-valorant-masters-toronto-2025-lr2,Lotus,Gen.G,G2 Esports,G2 Esports,Munchkin,Viper,223.0,14,16,3,148.0,39.0,0
Valorant Masters Toronto 2025,https://www.vlr.gg/498631/gen-g-vs-g2-esports-valorant-masters-toronto-2025-lr2,Lotus,Gen.G,G2 Esports,G2 Esports,Karon,Omen,160.0,11,17,6,103.0,28.0,0
Valorant Masters Toronto 2025,https://www.vlr.gg/498631/gen-g-vs-g2-esports-valorant-masters-toronto-2025-lr2,Lotus,Gen.G,G2 Esports,G2 Esports,t3xture,Raze,142.0,12,15,1,84.0,22.0,0
Valorant Masters Toronto 2025,https://www.vlr.gg/498631/gen-g-vs-g2-esports-valorant-masters-toronto-2025-lr2,Lotus,Gen.G,G2 Esports,G2 Esports,Ash,Fade,169.0,11,17,3,120.0,27.0,0
Valorant Masters Toronto 2025,https://www.vlr.gg/498631/gen-g-vs-g2-esports-valorant-masters-toronto-2025-lr2,Lotus,Gen.G,G2 Esports,G2 Esports,Foxy9,Vyse,142.0,9,17,6,82.0,63.0,0
Valorant Masters Toronto 2025,https://www.vlr.gg/498631/gen-g-vs-g2-esports-valorant-masters-toronto-2025-lr2,Lotus,G2 Esports,Gen.G,G2 Esports,jawgemo,Yoru,285.0,19,12,9,179.0,21.0,1
Valorant Masters Toronto 2025,https://www.vlr.gg/498631/gen-g-vs-g2-esports-valorant-masters-toronto-2025-lr2,Lotus,G2 Esports,Gen.G,G2 Esports,valyn,Omen,239.0,20,11,6,152.0,51.0,1
Valorant Masters Toronto 2025,https://www.vlr.gg/498631/gen-g-vs-g2-esports-valorant-masters-toronto-2025-lr2,Lotus,G2 Esports,Gen.G,G2 Esports,leaf,Viper,188.0,15,11,9,133.0,40.0,1
Valorant Masters Toronto 2025,https://www.vlr.gg/498631/gen-g-vs-g2-esports-valorant-masters-toronto-2025-lr2,Lotus,G2 Esports,Gen.G,G2 Esports,JonahP,Fade,190.0,14,11,12,127.0,25.0,1
Valorant Masters Toronto 2025,https://www.vlr.gg/498631/gen-g-vs-g2-esports-valorant-masters-toronto-2025-lr2,Lotus,G2 Esports,Gen.G,G2 Esports,trent,Tejo,204.0,14,12,6,131.0,37.0,1
Valorant Masters Toronto 2025,https://www.vlr.gg/498631/gen-g-vs-g2-esports-valorant-masters-toronto-2025-lr2,Haven,Gen.G,G2 Esports,Gen.G,t3xture,Neon,248.0,22,14,5,154.0,26.0,1
Valorant Masters Toronto 2025,https://www.vlr.gg/498631/gen-g-vs-g2-esports-valorant-masters-toronto-2025-lr2,Haven,Gen.G,G2 Esports,Gen.G,Munchkin,Viper,244.0,20,17,7,165.0,30.0,1
Valorant Masters Toronto 2025,https://www.vlr.gg/498631/gen-g-vs-g2-esports-valorant-masters-toronto-2025-lr2,Haven,Gen.G,G2 Esports,Gen.G,Ash,Sova,170.0,16,13,8,115.0,32.0,1
Valorant Masters Toronto 2025,https://www.vlr.gg/498631/gen-g-vs-g2-esports-valorant-masters-toronto-2025-lr2,Haven,Gen.G,G2 Esports,Gen.G,Karon,Omen,183.0,16,13,4,132.0,36.0,1
Valorant Masters Toronto 2025,https://www.vlr.gg/498631/gen-g-vs-g2-esports-valorant-masters-toronto-2025-lr2,Haven,Gen.G,G2 Esports,Gen.G,Foxy9,Killjoy,143.0,12,16,5,101.0,25.0,1
Valorant Masters Toronto 2025,https://www.vlr.gg/498631/gen-g-vs-g2-esports-valorant-masters-toronto-2025-lr2,Haven,G2 Esports,Gen.G,Gen.G,leaf,Vyse,188.0,16,15,6,128.0,17.0,0
Valorant Masters Toronto 2025,https://www.vlr.gg/498631/gen-g-vs-g2-esports-valorant-masters-toronto-2025-lr2,Haven,G2 Esports,Gen.G,Gen.G,JonahP,Viper,225.0,20,17,6,143.0,22.0,0
Valorant Masters Toronto 2025,https://www.vlr.gg/498631/gen-g-vs-g2-esports-valorant-masters-toronto-2025-lr2,Haven,G2 Esports,Gen.G,Gen.G,trent,Fade,192.0,16,17,5,135.0,40.0,0
Valorant Masters Toronto 2025,https://www.vlr.gg/498631/gen-g-vs-g2-esports-valorant-masters-toronto-2025-lr2,Haven,G2 Esports,Gen.G,Gen.G,valyn,Omen,106.0,7,17,10,74.0,15.0,0
Valorant Masters Toronto 2025,https://www.vlr.gg/498631/gen-g-vs-g2-esports-valorant-masters-toronto-2025-lr2,Haven,G2 Esports,Gen.G,Gen.G,jawgemo,Yoru,172.0,14,20,1,123.0,17.0,0
Valorant Masters Toronto 2025,https://www.vlr.gg/498631/gen-g-vs-g2-esports-valorant-masters-toronto-2025-lr2,Icebox,Gen.G,G2 Esports,G2 Esports,Ash,Sova,207.0,18,15,4,131.0,25.0,0
Valorant Masters Toronto 2025,https://www.vlr.gg/498631/gen-g-vs-g2-esports-valorant-masters-toronto-2025-lr2,Icebox,Gen.G,G2 Esports,G2 Esports,t3xture,Jett,242.0,21,17,3,157.0,33.0,0
Valorant Masters Toronto 2025,https://www.vlr.gg/498631/gen-g-vs-g2-esports-valorant-masters-toronto-2025-lr2,Icebox,Gen.G,G2 Esports,G2 Esports,Munchkin,Viper,219.0,17,18,6,148.0,24.0,0
Valorant Masters Toronto 2025,https://www.vlr.gg/498631/gen-g-vs-g2-esports-valorant-masters-toronto-2025-lr2,Icebox,Gen.G,G2 Esports,G2 Esports,Foxy9,Killjoy,156.0,13,17,3,111.0,28.0,0
Valorant Masters Toronto 2025,https://www.vlr.gg/498631/gen-g-vs-g2-esports-valorant-masters-toronto-2025-lr2,Icebox,Gen.G,G2 Esports,G2 Esports,Karon,Omen,102.0,9,18,4,66.0,33.0,0
Valorant Masters Toronto 2025,https://www.vlr.gg/498631/gen-g-vs-g2-esports-valorant-masters-toronto-2025-lr2,Icebox,G2 Esports,Gen.G,G2 Esports,leaf,Killjoy,284.0,24,16,6,197.0,21.0,1
Valorant Masters Toronto 2025,https://www.vlr.gg/498631/gen-g-vs-g2-esports-valorant-masters-toronto-2025-lr2,Icebox,G2 Esports,Gen.G,G2 Esports,trent,Sova,207.0,19,16,5,132.0,41.0,1
Valorant Masters Toronto 2025,https://www.vlr.gg/498631/gen-g-vs-g2-esports-valorant-masters-toronto-2025-lr2,Icebox,G2 Esports,Gen.G,G2 Esports,jawgemo,Sage,185.0,16,15,10,127.0,30.0,1
Valorant Masters Toronto 2025,https://www.vlr.gg/498631/gen-g-vs-g2-esports-valorant-masters-toronto-2025-lr2,Icebox,G2 Esports,Gen.G,G2 Esports,valyn,Omen,211.0,17,15,7,127.0,16.0,1
Valorant Masters Toronto 2025,https://www.vlr.gg/498631/gen-g-vs-g2-esports-valorant-masters-toronto-2025-lr2,Icebox,G2 Esports,Gen.G,G2 Esports,JonahP,Viper,125.0,9,16,7,95.0,23.0,1
Valorant Masters Toronto 2025,https://www.vlr.gg/498632/sentinels-vs-fnatic-valorant-masters-toronto-2025-lr2,Sunset,Sentinels,FNATIC,Sentinels,Zellsis,Cypher,247.0,20,13,6,167.0,25.0,1
Valorant Masters Toronto 2025,https://www.vlr.gg/498632/sentinels-vs-fnatic-valorant-masters-toronto-2025-lr2,Sunset,Sentinels,FNATIC,Sentinels,N4RRATE,Fade,289.0,21,14,6,191.0,27.0,1
Valorant Masters Toronto 2025,https://www.vlr.gg/498632/sentinels-vs-fnatic-valorant-masters-toronto-2025-lr2,Sunset,Sentinels,FNATIC,Sentinels,bang,Omen,224.0,19,16,5,124.0,37.0,1
Valorant Masters Toronto 2025,https://www.vlr.gg/498632/sentinels-vs-fnatic-valorant-masters-toronto-2025-lr2,Sunset,Sentinels,FNATIC,Sentinels,zekken,Neon,185.0,14,14,6,106.0,15.0,1
Valorant Masters Toronto 2025,https://www.vlr.gg/498632/sentinels-vs-fnatic-valorant-masters-toronto-2025-lr2,Sunset,Sentinels,FNATIC,Sentinels,johnqt,Breach,84.0,6,11,6,62.0,26.0,1
Valorant Masters Toronto 2025,https://www.vlr.gg/498632/sentinels-vs-fnatic-valorant-masters-toronto-2025-lr2,Sunset,FNATIC,Sentinels,Sentinels,Alfajer,Cypher,245.0,20,16,2,163.0,35.0,0
Valorant Masters Toronto 2025,https://www.vlr.gg/498632/sentinels-vs-fnatic-valorant-masters-toronto-2025-lr2,Sunset,FNATIC,Sentinels,Sentinels,kaajak,Neon,229.0,17,16,2,141.0,36.0,0
Valorant Masters Toronto 2025,https://www.vlr.gg/498632/sentinels-vs-fnatic-valorant-masters-toronto-2025-lr2,Sunset,FNATIC,Sentinels,Sentinels,Chronicle,Viper,207.0,16,17,4,148.0,31.0,0
Valorant Masters Toronto 2025,https://www.vlr.gg/498632/sentinels-vs-fnatic-valorant-masters-toronto-2025-lr2,Sunset,FNATIC,Sentinels,Sentinels,Boaster,Omen,113.0,7,17,9,71.0,27.0,0
Valorant Masters Toronto 2025,https://www.vlr.gg/498632/sentinels-vs-fnatic-valorant-masters-toronto-2025-lr2,Sunset,FNATIC,Sentinels,Sentinels,crashies,Sova,99.0,8,15,4,79.0,33.0,0
Valorant Masters Toronto 2025,https://www.vlr.gg/498632/sentinels-vs-fnatic-valorant-masters-toronto-2025-lr2,Ascent,Sentinels,FNATIC,FNATIC,bang,Omen,216.0,15,14,5,143.0,33.0,0
Valorant Masters Toronto 2025,https://www.vlr.gg/498632/sentinels-vs-fnatic-valorant-masters-toronto-2025-lr2,Ascent,Sentinels,FNATIC,FNATIC,zekken,Waylay,227.0,15,16,3,132.0,27.0,0
Valorant Masters Toronto 2025,https://www.vlr.gg/498632/sentinels-vs-fnatic-valorant-masters-toronto-2025-lr2,Ascent,Sentinels,FNATIC,FNATIC,N4RRATE,Tejo,215.0,15,15,5,142.0,21.0,0
Valorant Masters Toronto 2025,https://www.vlr.gg/498632/sentinels-vs-fnatic-valorant-masters-toronto-2025-lr2,Ascent,Sentinels,FNATIC,FNATIC,Zellsis,Vyse,120.0,8,15,6,87.0,19.0,0
Valorant Masters Toronto 2025,https://www.vlr.gg/498632/sentinels-vs-fnatic-valorant-masters-toronto-2025-lr2,Ascent,Sentinels,FNATIC,FNATIC,johnqt,Kayo,73.0,5,16,8,49.0,19.0,0
Valorant Masters Toronto 2025,https://www.vlr.gg/498632/sentinels-vs-fnatic-valorant-masters-toronto-2025-lr2,Ascent,FNATIC,Sentinels,FNATIC,crashies,Sova,228.0,18,10,3,160.0,28.0,1
Valorant Masters Toronto 2025,https://www.vlr.gg/498632/sentinels-vs-fnatic-valorant-masters-toronto-2025-lr2,Ascent,FNATIC,Sentinels,FNATIC,Alfajer,Chamber,237.0,19,11,2,153.0,31.0,1
Valorant Masters Toronto 2025,https://www.vlr.gg/498632/sentinels-vs-fnatic-valorant-masters-toronto-2025-lr2,Ascent,FNATIC,Sentinels,FNATIC,Chronicle,Vyse,219.0,15,12,7,150.0,32.0,1
Valorant Masters Toronto 2025,https://www.vlr.gg/498632/sentinels-vs-fnatic-valorant-masters-toronto-2025-lr2,Ascent,FNATIC,Sentinels,FNATIC,Boaster,Omen,162.0,10,10,11,97.0,15.0,1
Valorant Masters Toronto 2025,https://www.vlr.gg/498632/sentinels-vs-fnatic-valorant-masters-toronto-2025-lr2,Ascent,FNATIC,Sentinels,FNATIC,kaajak,Yoru,189.0,14,15,2,120.0,50.0,1
Valorant Masters Toronto 2025,https://www.vlr.gg/498632/sentinels-vs-fnatic-valorant-masters-toronto-2025-lr2,Icebox,Sentinels,FNATIC,FNATIC,Zellsis,Killjoy,162.0,13,12,4,119.0,27.0,0
Valorant Masters Toronto 2025,https://www.vlr.gg/498632/sentinels-vs-fnatic-valorant-masters-toronto-2025-lr2,Icebox,Sentinels,FNATIC,FNATIC,N4RRATE,Gekko,246.0,17,19,6,155.0,24.0,0
Valorant Masters Toronto 2025,https://www.vlr.gg/498632/sentinels-vs-fnatic-valorant-masters-toronto-2025-lr2,Icebox,Sentinels,FNATIC,FNATIC,zekken,Omen,172.0,12,17,13,111.0,21.0,0
Valorant Masters Toronto 2025,https://www.vlr.gg/498632/sentinels-vs-fnatic-valorant-masters-toronto-2025-lr2,Icebox,Sentinels,FNATIC,FNATIC,johnqt,Kayo,180.0,14,16,6,112.0,30.0,0
Valorant Masters Toronto 2025,https://www.vlr.gg/498632/sentinels-vs-fnatic-valorant-masters-toronto-2025-lr2,Icebox,Sentinels,FNATIC,FNATIC,bang,Viper,128.0,11,17,8,73.0,29.0,0
Valorant Masters Toronto 2025,https://www.vlr.gg/498632/sentinels-vs-fnatic-valorant-masters-toronto-2025-lr2,Icebox,FNATIC,Sentinels,FNATIC,Alfajer,Killjoy,337.0,27,14,2,213.0,32.0,1
Valorant Masters Toronto 2025,https://www.vlr.gg/498632/sentinels-vs-fnatic-valorant-masters-toronto-2025-lr2,Icebox,FNATIC,Sentinels,FNATIC,kaajak,Jett,244.0,19,14,1,161.0,33.0,1
Valorant Masters Toronto 2025,https://www.vlr.gg/498632/sentinels-vs-fnatic-valorant-masters-toronto-2025-lr2,Icebox,FNATIC,Sentinels,FNATIC,crashies,Sova,168.0,14,12,4,139.0,28.0,1
Valorant Masters Toronto 2025,https://www.vlr.gg/498632/sentinels-vs-fnatic-valorant-masters-toronto-2025-lr2,Icebox,FNATIC,Sentinels,FNATIC,Chronicle,Sage,153.0,11,13,10,108.0,17.0,1
Valorant Masters Toronto 2025,https://www.vlr.gg/498632/sentinels-vs-fnatic-valorant-masters-toronto-2025-lr2,Icebox,FNATIC,Sentinels,FNATIC,Boaster,Viper,133.0,10,14,4,88.0,27.0,1
Valorant Masters Toronto 2025,https://www.vlr.gg/498627/paper-rex-vs-wolves-esports-valorant-masters-toronto-2025-ubf,Lotus,Paper Rex,Wolves Esports,Paper Rex,d4v41,Vyse,279.0,26,16,10,190.0,28.0,1
Valorant Masters Toronto 2025,https://www.vlr.gg/498627/paper-rex-vs-wolves-esports-valorant-masters-toronto-2025-ubf,Lotus,Paper Rex,Wolves Esports,Paper Rex,f0rsakeN,Omen,266.0,25,18,11,180.0,32.0,1
Valorant Masters Toronto 2025,https://www.vlr.gg/498627/paper-rex-vs-wolves-esports-valorant-masters-toronto-2025-ubf,Lotus,Paper Rex,Wolves Esports,Paper Rex,Jinggg,Raze,222.0,20,19,6,145.0,30.0,1
Valorant Masters Toronto 2025,https://www.vlr.gg/498627/paper-rex-vs-wolves-esports-valorant-masters-toronto-2025-ubf,Lotus,Paper Rex,Wolves Esports,Paper Rex,something,Yoru,154.0,16,18,9,88.0,30.0,1
Valorant Masters Toronto 2025,https://www.vlr.gg/498627/paper-rex-vs-wolves-esports-valorant-masters-toronto-2025-ubf,Lotus,Paper Rex,Wolves Esports,Paper Rex,PatMen,Fade,144.0,11,18,12,90.0,14.0,1
Valorant Masters Toronto 2025,https://www.vlr.gg/498627/paper-rex-vs-wolves-esports-valorant-masters-toronto-2025-ubf,Lotus,Wolves Esports,Paper Rex,Paper Rex,Yuicaw,Killjoy,243.0,24,17,2,160.0,26.0,0
Valorant Masters Toronto 2025,https://www.vlr.gg/498627/paper-rex-vs-wolves-esports-valorant-masters-toronto-2025-ubf,Lotus,Wolves Esports,Paper Rex,Paper Rex,Spring,Viper,217.0,18,19,9,161.0,30.0,0
Valorant Masters Toronto 2025,https://www.vlr.gg/498627/paper-rex-vs-wolves-esports-valorant-masters-toronto-2025-ubf,Lotus,Wolves Esports,Paper Rex,Paper Rex,SiuFatBB,Fade,149.0,15,17,5,100.0,24.0,0
Valorant Masters Toronto 2025,https://www.vlr.gg/498627/paper-rex-vs-wolves-esports-valorant-masters-toronto-2025-ubf,Lotus,Wolves Esports,Paper Rex,Paper Rex,Juicy,Raze,207.0,19,23,4,125.0,11.0,0
Valorant Masters Toronto 2025,https://www.vlr.gg/498627/paper-rex-vs-wolves-esports-valorant-masters-toronto-2025-ubf,Lotus,Wolves Esports,Paper Rex,Paper Rex,Lysoar,Omen,164.0,13,22,11,99.0,31.0,0
Valorant Masters Toronto 2025,https://www.vlr.gg/498627/paper-rex-vs-wolves-esports-valorant-masters-toronto-2025-ubf,Ascent,Paper Rex,Wolves Esports,Paper Rex,something,Jett,246.0,19,13,5,148.0,12.0,1
Valorant Masters Toronto 2025,https://www.vlr.gg/498627/paper-rex-vs-wolves-esports-valorant-masters-toronto-2025-ubf,Ascent,Paper Rex,Wolves Esports,Paper Rex,f0rsakeN,Fade,211.0,15,15,8,130.0,15.0,1
Valorant Masters Toronto 2025,https://www.vlr.gg/498627/paper-rex-vs-wolves-esports-valorant-masters-toronto-2025-ubf,Ascent,Paper Rex,Wolves Esports,Paper Rex,PatMen,Kayo,212.0,14,15,11,137.0,24.0,1
Valorant Masters Toronto 2025,https://www.vlr.gg/498627/paper-rex-vs-wolves-esports-valorant-masters-toronto-2025-ubf,Ascent,Paper Rex,Wolves Esports,Paper Rex,d4v41,Viper,180.0,14,15,4,135.0,26.0,1
Valorant Masters Toronto 2025,https://www.vlr.gg/498627/paper-rex-vs-wolves-esports-valorant-masters-toronto-2025-ubf,Ascent,Paper Rex,Wolves Esports,Paper Rex,Jinggg,Omen,188.0,15,14,6,121.0,30.0,1
Valorant Masters Toronto 2025,https://www.vlr.gg/498627/paper-rex-vs-wolves-esports-valorant-masters-toronto-2025-ubf,Ascent,Wolves Esports,Paper Rex,Paper Rex,Spring,Omen,254.0,17,15,9,176.0,28.0,0
Valorant Masters Toronto 2025,https://www.vlr.gg/498627/paper-rex-vs-wolves-esports-valorant-masters-toronto-2025-ubf,Ascent,Wolves Esports,Paper Rex,Paper Rex,Juicy,Yoru,253.0,18,16,8,155.0,28.0,0
Valorant Masters Toronto 2025,https://www.vlr.gg/498627/paper-rex-vs-wolves-esports-valorant-masters-toronto-2025-ubf,Ascent,Wolves Esports,Paper Rex,Paper Rex,Yuicaw,Cypher,165.0,11,15,6,107.0,31.0,0
Valorant Masters Toronto 2025,https://www.vlr.gg/498627/paper-rex-vs-wolves-esports-valorant-masters-toronto-2025-ubf,Ascent,Wolves Esports,Paper Rex,Paper Rex,SiuFatBB,Sova,142.0,13,14,3,91.0,39.0,0
Valorant Masters Toronto 2025,https://www.vlr.gg/498627/paper-rex-vs-wolves-esports-valorant-masters-toronto-2025-ubf,Ascent,Wolves Esports,Paper Rex,Paper Rex,Lysoar,Deadlock,171.0,13,17,4,106.0,43.0,0
Valorant Masters Toronto 2025,https://www.vlr.gg/498633/g2-esports-vs-fnatic-valorant-masters-toronto-2025-lr3,Lotus,G2 Esports,FNATIC,FNATIC,valyn,Omen,196.0,18,16,9,125.0,20.0,0
Valorant Masters Toronto 2025,https://www.vlr.gg/498633/g2-esports-vs-fnatic-valorant-masters-toronto-2025-lr3,Lotus,G2 Esports,FNATIC,FNATIC,leaf,Viper,208.0,17,17,4,138.0,18.0,0
Valorant Masters Toronto 2025,https://www.vlr.gg/498633/g2-esports-vs-fnatic-valorant-masters-toronto-2025-lr3,Lotus,G2 Esports,FNATIC,FNATIC,trent,Tejo,202.0,16,15,6,133.0,38.0,0
Valorant Masters Toronto 2025,https://www.vlr.gg/498633/g2-esports-vs-fnatic-valorant-masters-toronto-2025-lr3,Lotus,G2 Esports,FNATIC,FNATIC,JonahP,Fade,173.0,12,18,9,102.0,21.0,0
Valorant Masters Toronto 2025,https://www.vlr.gg/498633/g2-esports-vs-fnatic-valorant-masters-toronto-2025-lr3,Lotus,G2 Esports,FNATIC,FNATIC,jawgemo,Yoru,150.0,11,21,2,108.0,23.0,0
Valorant Masters Toronto 2025,https://www.vlr.gg/498633/g2-esports-vs-fnatic-valorant-masters-toronto-2025-lr3,Lotus,FNATIC,G2 Esports,FNATIC,Chronicle,Viper,354.0,27,13,10,232.0,25.0,1
Valorant Masters Toronto 2025,https://www.vlr.gg/498633/g2-esports-vs-fnatic-valorant-masters-toronto-2025-lr3,Lotus,FNATIC,G2 Esports,FNATIC,Alfajer,Killjoy,284.0,25,14,2,192.0,46.0,1
Valorant Masters Toronto 2025,https://www.vlr.gg/498633/g2-esports-vs-fnatic-valorant-masters-toronto-2025-lr3,Lotus,FNATIC,G2 Esports,FNATIC,kaajak,Raze,188.0,17,15,2,118.0,28.0,1
Valorant Masters Toronto 2025,https://www.vlr.gg/498633/g2-esports-vs-fnatic-valorant-masters-toronto-2025-lr3,Lotus,FNATIC,G2 Esports,FNATIC,crashies,Fade,134.0,11,16,6,89.0,18.0,1
Valorant Masters Toronto 2025,https://www.vlr.gg/498633/g2-esports-vs-fnatic-valorant-masters-toronto-2025-lr3,Lotus,FNATIC,G2 Esports,FNATIC,Boaster,Omen,105.0,7,16,10,76.0,24.0,1
Valorant Masters Toronto 2025,https://www.vlr.gg/498633/g2-esports-vs-fnatic-valorant-masters-toronto-2025-lr3,Split,G2 Esports,FNATIC,FNATIC,trent,Fade,223.0,19,16,6,130.0,28.0,0
Valorant Masters Toronto 2025,https://www.vlr.gg/498633/g2-esports-vs-fnatic-valorant-masters-toronto-2025-lr3,Split,G2 Esports,FNATIC,FNATIC,JonahP,Breach,197.0,14,17,14,120.0,24.0,0
Valorant Masters Toronto 2025,https://www.vlr.gg/498633/g2-esports-vs-fnatic-valorant-masters-toronto-2025-lr3,Split,G2 Esports,FNATIC,FNATIC,jawgemo,Yoru,174.0,13,18,2,112.0,16.0,0
Valorant Masters Toronto 2025,https://www.vlr.gg/498633/g2-esports-vs-fnatic-valorant-masters-toronto-2025-lr3,Split,G2 Esports,FNATIC,FNATIC,leaf,Viper,215.0,18,22,3,124.0,25.0,0
Valorant Masters Toronto 2025,https://www.vlr.gg/498633/g2-esports-vs-fnatic-valorant-masters-toronto-2025-lr3,Split,G2 Esports,FNATIC,FNATIC,valyn,Omen,133.0,9,21,13,89.0,20.0,0
Valorant Masters Toronto 2025,https://www.vlr.gg/498633/g2-esports-vs-fnatic-valorant-masters-toronto-2025-lr3,Split,FNATIC,G2 Esports,FNATIC,Boaster,Astra,241.0,21,14,10,170.0,33.0,1
Valorant Masters Toronto 2025,https://www.vlr.gg/498633/g2-esports-vs-fnatic-valorant-masters-toronto-2025-lr3,Split,FNATIC,G2 Esports,FNATIC,Alfajer,Raze,272.0,21,13,7,184.0,29.0,1
Valorant Masters Toronto 2025,https://www.vlr.gg/498633/g2-esports-vs-fnatic-valorant-masters-toronto-2025-lr3,Split,FNATIC,G2 Esports,FNATIC,Chronicle,Viper,236.0,20,16,7,156.0,21.0,1
Valorant Masters Toronto 2025,https://www.vlr.gg/498633/g2-esports-vs-fnatic-valorant-masters-toronto-2025-lr3,Split,FNATIC,G2 Esports,FNATIC,kaajak,Yoru,220.0,20,16,5,148.0,43.0,1
Valorant Masters Toronto 2025,https://www.vlr.gg/498633/g2-esports-vs-fnatic-valorant-masters-toronto-2025-lr3,Split,FNATIC,G2 Esports,FNATIC,crashies,Fade,149.0,12,14,8,110.0,39.0,1
Valorant Masters Toronto 2025,https://www.vlr.gg/498634/wolves-esports-vs-fnatic-valorant-masters-toronto-2025-lbf,Split,Wolves Esports,FNATIC,FNATIC,Juicy,Raze,215.0,16,16,2,140.0,24.0,0
Valorant Masters Toronto 2025,https://www.vlr.gg/498634/wolves-esports-vs-fnatic-valorant-masters-toronto-2025-lbf,Split,Wolves Esports,FNATIC,FNATIC,Lysoar,Omen,188.0,15,17,7,126.0,37.0,0
Valorant Masters Toronto 2025,https://www.vlr.gg/498634/wolves-esports-vs-fnatic-valorant-masters-toronto-2025-lbf,Split,Wolves Esports,FNATIC,FNATIC,Spring,Viper,231.0,17,16,3,149.0,25.0,0
Valorant Masters Toronto 2025,https://www.vlr.gg/498634/wolves-esports-vs-fnatic-valorant-masters-toronto-2025-lbf,Split,Wolves Esports,FNATIC,FNATIC,SiuFatBB,Fade,166.0,12,15,8,112.0,23.0,0
Valorant Masters Toronto 2025,https://www.vlr.gg/498634/wolves-esports-vs-fnatic-valorant-masters-toronto-2025-lbf,Split,Wolves Esports,FNATIC,FNATIC,Yuicaw,Cypher,111.0,8,18,0,81.0,28.0,0
Valorant Masters Toronto 2025,https://www.vlr.gg/498634/wolves-esports-vs-fnatic-valorant-masters-toronto-2025-lbf,Split,FNATIC,Wolves Esports,FNATIC,Chronicle,Viper,240.0,19,12,5,155.0,25.0,1
Valorant Masters Toronto 2025,https://www.vlr.gg/498634/wolves-esports-vs-fnatic-valorant-masters-toronto-2025-lbf,Split,FNATIC,Wolves Esports,FNATIC,crashies,Fade,172.0,14,13,11,125.0,32.0,1
Valorant Masters Toronto 2025,https://www.vlr.gg/498634/wolves-esports-vs-fnatic-valorant-masters-toronto-2025-lbf,Split,FNATIC,Wolves Esports,FNATIC,kaajak,Yoru,220.0,18,13,3,129.0,21.0,1
Valorant Masters Toronto 2025,https://www.vlr.gg/498634/wolves-esports-vs-fnatic-valorant-masters-toronto-2025-lbf,Split,FNATIC,Wolves Esports,FNATIC,Alfajer,Raze,267.0,21,17,3,165.0,25.0,1
Valorant Masters Toronto 2025,https://www.vlr.gg/498634/wolves-esports-vs-fnatic-valorant-masters-toronto-2025-lbf,Split,FNATIC,Wolves Esports,FNATIC,Boaster,Astra,139.0,10,13,6,92.0,33.0,1
Valorant Masters Toronto 2025,https://www.vlr.gg/498634/wolves-esports-vs-fnatic-valorant-masters-toronto-2025-lbf,Icebox,Wolves Esports,FNATIC,FNATIC,Spring,Viper,286.0,16,15,3,173.0,28.0,0
Valorant Masters Toronto 2025,https://www.vlr.gg/498634/wolves-esports-vs-fnatic-valorant-masters-toronto-2025-lbf,Icebox,Wolves Esports,FNATIC,FNATIC,Lysoar,Killjoy,218.0,13,14,1,136.0,23.0,0
Valorant Masters Toronto 2025,https://www.vlr.gg/498634/wolves-esports-vs-fnatic-valorant-masters-toronto-2025-lbf,Icebox,Wolves Esports,FNATIC,FNATIC,SiuFatBB,Sova,117.0,6,13,3,90.0,27.0,0
Valorant Masters Toronto 2025,https://www.vlr.gg/498634/wolves-esports-vs-fnatic-valorant-masters-toronto-2025-lbf,Icebox,Wolves Esports,FNATIC,FNATIC,Juicy,Jett,171.0,10,16,1,102.0,35.0,0
Valorant Masters Toronto 2025,https://www.vlr.gg/498634/wolves-esports-vs-fnatic-valorant-masters-toronto-2025-lbf,Icebox,Wolves Esports,FNATIC,FNATIC,Yuicaw,Gekko,88.0,5,16,4,51.0,50.0,0
Valorant Masters Toronto 2025,https://www.vlr.gg/498634/wolves-esports-vs-fnatic-valorant-masters-toronto-2025-lbf,Icebox,FNATIC,Wolves Esports,FNATIC,kaajak,Jett,285.0,16,8,5,197.0,57.0,1
Valorant Masters Toronto 2025,https://www.vlr.gg/498634/wolves-esports-vs-fnatic-valorant-masters-toronto-2025-lbf,Icebox,FNATIC,Wolves Esports,FNATIC,Boaster,Viper,254.0,16,9,5,154.0,20.0,1
Valorant Masters Toronto 2025,https://www.vlr.gg/498634/wolves-esports-vs-fnatic-valorant-masters-toronto-2025-lbf,Icebox,FNATIC,Wolves Esports,FNATIC,Alfajer,Killjoy,276.0,18,12,2,180.0,33.0,1
Valorant Masters Toronto 2025,https://www.vlr.gg/498634/wolves-esports-vs-fnatic-valorant-masters-toronto-2025-lbf,Icebox,FNATIC,Wolves Esports,FNATIC,Chronicle,Sage,178.0,11,9,11,111.0,31.0,1
Valorant Masters Toronto 2025,https://www.vlr.gg/498634/wolves-esports-vs-fnatic-valorant-masters-toronto-2025-lbf,Icebox,FNATIC,Wolves Esports,FNATIC,crashies,Sova,181.0,13,12,2,133.0,58.0,1
Valorant Masters Toronto 2025,https://www.vlr.gg/498634/wolves-esports-vs-fnatic-valorant-masters-toronto-2025-lbf,Lotus,Wolves Esports,FNATIC,Wolves Esports,Spring,Viper,300.0,26,11,6,188.0,23.0,1
Valorant Masters Toronto 2025,https://www.vlr.gg/498634/wolves-esports-vs-fnatic-valorant-masters-toronto-2025-lbf,Lotus,Wolves Esports,FNATIC,Wolves Esports,Juicy,Raze,273.0,21,15,5,183.0,30.0,1
Valorant Masters Toronto 2025,https://www.vlr.gg/498634/wolves-esports-vs-fnatic-valorant-masters-toronto-2025-lbf,Lotus,Wolves Esports,FNATIC,Wolves Esports,Lysoar,Omen,198.0,17,14,6,114.0,20.0,1
Valorant Masters Toronto 2025,https://www.vlr.gg/498634/wolves-esports-vs-fnatic-valorant-masters-toronto-2025-lbf,Lotus,Wolves Esports,FNATIC,Wolves Esports,SiuFatBB,Fade,94.0,9,12,6,60.0,27.0,1
Valorant Masters Toronto 2025,https://www.vlr.gg/498634/wolves-esports-vs-fnatic-valorant-masters-toronto-2025-lbf,Lotus,Wolves Esports,FNATIC,Wolves Esports,Yuicaw,Killjoy,124.0,11,13,4,92.0,25.0,1
Valorant Masters Toronto 2025,https://www.vlr.gg/498634/wolves-esports-vs-fnatic-valorant-masters-toronto-2025-lbf,Lotus,FNATIC,Wolves Esports,Wolves Esports,crashies,Fade,222.0,17,18,7,145.0,36.0,0
Valorant Masters Toronto 2025,https://www.vlr.gg/498634/wolves-esports-vs-fnatic-valorant-masters-toronto-2025-lbf,Lotus,FNATIC,Wolves Esports,Wolves Esports,Alfajer,Killjoy,223.0,19,17,5,156.0,32.0,0
Valorant Masters Toronto 2025,https://www.vlr.gg/498634/wolves-esports-vs-fnatic-valorant-masters-toronto-2025-lbf,Lotus,FNATIC,Wolves Esports,Wolves Esports,Chronicle,Viper,179.0,13,18,8,123.0,21.0,0
Valorant Masters Toronto 2025,https://www.vlr.gg/498634/wolves-esports-vs-fnatic-valorant-masters-toronto-2025-lbf,Lotus,FNATIC,Wolves Esports,Wolves Esports,Boaster,Omen,101.0,7,13,5,76.0,20.0,0
Valorant Masters Toronto 2025,https://www.vlr.gg/498634/wolves-esports-vs-fnatic-valorant-masters-toronto-2025-lbf,Lotus,FNATIC,Wolves Esports,Wolves Esports,kaajak,Raze,121.0,9,18,1,81.0,13.0,0
Valorant Masters Toronto 2025,https://www.vlr.gg/498634/wolves-esports-vs-fnatic-valorant-masters-toronto-2025-lbf,Ascent,Wolves Esports,FNATIC,FNATIC,Yuicaw,Cypher,204.0,11,16,3,126.0,26.0,0
Valorant Masters Toronto 2025,https://www.vlr.gg/498634/wolves-esports-vs-fnatic-valorant-masters-toronto-2025-lbf,Ascent,Wolves Esports,FNATIC,FNATIC,SiuFatBB,Sova,171.0,11,15,4,102.0,42.0,0
Valorant Masters Toronto 2025,https://www.vlr.gg/498634/wolves-esports-vs-fnatic-valorant-masters-toronto-2025-lbf,Ascent,Wolves Esports,FNATIC,FNATIC,Spring,Omen,159.0,10,15,2,107.0,31.0,0
Valorant Masters Toronto 2025,https://www.vlr.gg/498634/wolves-esports-vs-fnatic-valorant-masters-toronto-2025-lbf,Ascent,Wolves Esports,FNATIC,FNATIC,Lysoar,Deadlock,158.0,10,16,2,92.0,39.0,0
Valorant Masters Toronto 2025,https://www.vlr.gg/498634/wolves-esports-vs-fnatic-valorant-masters-toronto-2025-lbf,Ascent,Wolves Esports,FNATIC,FNATIC,Juicy,Yoru,91.0,5,16,2,61.0,24.0,0
Valorant Masters Toronto 2025,https://www.vlr.gg/498634/wolves-esports-vs-fnatic-valorant-masters-toronto-2025-lbf,Ascent,FNATIC,Wolves Esports,FNATIC,Alfajer,Chamber,338.0,22,12,6,202.0,31.0,1
Valorant Masters Toronto 2025,https://www.vlr.gg/498634/wolves-esports-vs-fnatic-valorant-masters-toronto-2025-lbf,Ascent,FNATIC,Wolves Esports,FNATIC,Boaster,Omen,232.0,16,7,5,152.0,37.0,1
Valorant Masters Toronto 2025,https://www.vlr.gg/498634/wolves-esports-vs-fnatic-valorant-masters-toronto-2025-lbf,Ascent,FNATIC,Wolves Esports,FNATIC,crashies,Sova,203.0,14,8,9,138.0,37.0,1
Valorant Masters Toronto 2025,https://www.vlr.gg/498634/wolves-esports-vs-fnatic-valorant-masters-toronto-2025-lbf,Ascent,FNATIC,Wolves Esports,FNATIC,Chronicle,Vyse,193.0,13,9,4,139.0,30.0,1
Valorant Masters Toronto 2025,https://www.vlr.gg/498634/wolves-esports-vs-fnatic-valorant-masters-toronto-2025-lbf,Ascent,FNATIC,Wolves Esports,FNATIC,kaajak,Yoru,202.0,13,11,6,130.0,32.0,1
Valorant Masters Toronto 2025,https://www.vlr.gg/498628/paper-rex-vs-fnatic-valorant-masters-toronto-2025-gf,Sunset,Paper Rex,FNATIC,Paper Rex,f0rsakeN,Omen,255.0,22,17,7,164.0,31.0,1
Valorant Masters Toronto 2025,https://www.vlr.gg/498628/paper-rex-vs-fnatic-valorant-masters-toronto-2025-gf,Sunset,Paper Rex,FNATIC,Paper Rex,d4v41,Sage,167.0,16,14,9,99.0,33.0,1
Valorant Masters Toronto 2025,https://www.vlr.gg/498628/paper-rex-vs-fnatic-valorant-masters-toronto-2025-gf,Sunset,Paper Rex,FNATIC,Paper Rex,Jinggg,Raze,205.0,15,17,9,144.0,22.0,1
Valorant Masters Toronto 2025,https://www.vlr.gg/498628/paper-rex-vs-fnatic-valorant-masters-toronto-2025-gf,Sunset,Paper Rex,FNATIC,Paper Rex,PatMen,Viper,190.0,16,17,6,125.0,48.0,1
Valorant Masters Toronto 2025,https://www.vlr.gg/498628/paper-rex-vs-fnatic-valorant-masters-toronto-2025-gf,Sunset,Paper Rex,FNATIC,Paper Rex,something,Sova,171.0,14,16,3,112.0,18.0,1
Valorant Masters Toronto 2025,https://www.vlr.gg/498628/paper-rex-vs-fnatic-valorant-masters-toronto-2025-gf,Sunset,FNATIC,Paper Rex,Paper Rex,Alfajer,Cypher,264.0,23,18,4,169.0,35.0,0
Valorant Masters Toronto 2025,https://www.vlr.gg/498628/paper-rex-vs-fnatic-valorant-masters-toronto-2025-gf,Sunset,FNATIC,Paper Rex,Paper Rex,kaajak,Neon,265.0,24,20,0,170.0,41.0,0
Valorant Masters Toronto 2025,https://www.vlr.gg/498628/paper-rex-vs-fnatic-valorant-masters-toronto-2025-gf,Sunset,FNATIC,Paper Rex,Paper Rex,crashies,Sova,178.0,13,16,4,121.0,37.0,0
Valorant Masters Toronto 2025,https://www.vlr.gg/498628/paper-rex-vs-fnatic-valorant-masters-toronto-2025-gf,Sunset,FNATIC,Paper Rex,Paper Rex,Chronicle,Viper,140.0,11,13,2,99.0,25.0,0
Valorant Masters Toronto 2025,https://www.vlr.gg/498628/paper-rex-vs-fnatic-valorant-masters-toronto-2025-gf,Sunset,FNATIC,Paper Rex,Paper Rex,Boaster,Omen,120.0,10,16,10,77.0,29.0,0
Valorant Masters Toronto 2025,https://www.vlr.gg/498628/paper-rex-vs-fnatic-valorant-masters-toronto-2025-gf,Icebox,Paper Rex,FNATIC,FNATIC,d4v41,Killjoy,222.0,29,21,3,153.0,27.0,0
Valorant Masters Toronto 2025,https://www.vlr.gg/498628/paper-rex-vs-fnatic-valorant-masters-toronto-2025-gf,Icebox,Paper Rex,FNATIC,FNATIC,Jinggg,Omen,223.0,23,22,10,166.0,31.0,0
Valorant Masters Toronto 2025,https://www.vlr.gg/498628/paper-rex-vs-fnatic-valorant-masters-toronto-2025-gf,Icebox,Paper Rex,FNATIC,FNATIC,PatMen,Viper,192.0,22,25,1,128.0,33.0,0
Valorant Masters Toronto 2025,https://www.vlr.gg/498628/paper-rex-vs-fnatic-valorant-masters-toronto-2025-gf,Icebox,Paper Rex,FNATIC,FNATIC,something,Jett,168.0,18,23,5,106.0,28.0,0
Valorant Masters Toronto 2025,https://www.vlr.gg/498628/paper-rex-vs-fnatic-valorant-masters-toronto-2025-gf,Icebox,Paper Rex,FNATIC,FNATIC,f0rsakeN,Sova,170.0,16,27,7,117.0,17.0,0
Valorant Masters Toronto 2025,https://www.vlr.gg/498628/paper-rex-vs-fnatic-valorant-masters-toronto-2025-gf,Icebox,FNATIC,Paper Rex,FNATIC,kaajak,Jett,278.0,32,23,4,166.0,27.0,1
Valorant Masters Toronto 2025,https://www.vlr.gg/498628/paper-rex-vs-fnatic-valorant-masters-toronto-2025-gf,Icebox,FNATIC,Paper Rex,FNATIC,crashies,Sova,201.0,26,19,7,140.0,35.0,1
Valorant Masters Toronto 2025,https://www.vlr.gg/498628/paper-rex-vs-fnatic-valorant-masters-toronto-2025-gf,Icebox,FNATIC,Paper Rex,FNATIC,Chronicle,Sage,207.0,24,19,15,135.0,27.0,1
Valorant Masters Toronto 2025,https://www.vlr.gg/498628/paper-rex-vs-fnatic-valorant-masters-toronto-2025-gf,Icebox,FNATIC,Paper Rex,FNATIC,Alfajer,Killjoy,217.0,25,25,2,145.0,34.0,1
Valorant Masters Toronto 2025,https://www.vlr.gg/498628/paper-rex-vs-fnatic-valorant-masters-toronto-2025-gf,Icebox,FNATIC,Paper Rex,FNATIC,Boaster,Viper,124.0,11,22,16,99.0,18.0,1
Valorant Masters Toronto 2025,https://www.vlr.gg/498628/paper-rex-vs-fnatic-valorant-masters-toronto-2025-gf,Pearl,Paper Rex,FNATIC,Paper Rex,d4v41,Vyse,230.0,20,11,4,153.0,23.0,1
Valorant Masters Toronto 2025,https://www.vlr.gg/498628/paper-rex-vs-fnatic-valorant-masters-toronto-2025-gf,Pearl,Paper Rex,FNATIC,Paper Rex,f0rsakeN,Astra,228.0,20,14,14,160.0,41.0,1
Valorant Masters Toronto 2025,https://www.vlr.gg/498628/paper-rex-vs-fnatic-valorant-masters-toronto-2025-gf,Pearl,Paper Rex,FNATIC,Paper Rex,Jinggg,Raze,217.0,15,14,6,136.0,15.0,1
Valorant Masters Toronto 2025,https://www.vlr.gg/498628/paper-rex-vs-fnatic-valorant-masters-toronto-2025-gf,Pearl,Paper Rex,FNATIC,Paper Rex,PatMen,Fade,156.0,13,13,8,94.0,16.0,1
Valorant Masters Toronto 2025,https://www.vlr.gg/498628/paper-rex-vs-fnatic-valorant-masters-toronto-2025-gf,Pearl,Paper Rex,FNATIC,Paper Rex,something,Yoru,162.0,14,17,6,114.0,28.0,1
Valorant Masters Toronto 2025,https://www.vlr.gg/498628/paper-rex-vs-fnatic-valorant-masters-toronto-2025-gf,Pearl,FNATIC,Paper Rex,Paper Rex,Alfajer,Neon,269.0,22,19,5,173.0,20.0,0
Valorant Masters Toronto 2025,https://www.vlr.gg/498628/paper-rex-vs-fnatic-valorant-masters-toronto-2025-gf,Pearl,FNATIC,Paper Rex,Paper Rex,Boaster,Astra,195.0,14,16,11,128.0,22.0,0
Valorant Masters Toronto 2025,https://www.vlr.gg/498628/paper-rex-vs-fnatic-valorant-masters-toronto-2025-gf,Pearl,FNATIC,Paper Rex,Paper Rex,Chronicle,Killjoy,167.0,14,15,4,110.0,17.0,0
Valorant Masters Toronto 2025,https://www.vlr.gg/498628/paper-rex-vs-fnatic-valorant-masters-toronto-2025-gf,Pearl,FNATIC,Paper Rex,Paper Rex,crashies,Sova,152.0,11,14,6,112.0,33.0,0
Valorant Masters Toronto 2025,https://www.vlr.gg/498628/paper-rex-vs-fnatic-valorant-masters-toronto-2025-gf,Pearl,FNATIC,Paper Rex,Paper Rex,kaajak,Yoru,100.0,8,18,4,84.0,32.0,0
Valorant Masters Toronto 2025,https://www.vlr.gg/498628/paper-rex-vs-fnatic-valorant-masters-toronto-2025-gf,Lotus,Paper Rex,FNATIC,Paper Rex,f0rsakeN,Omen,239.0,23,17,4,164.0,26.0,1
Valorant Masters Toronto 2025,https://www.vlr.gg/498628/paper-rex-vs-fnatic-valorant-masters-toronto-2025-gf,Lotus,Paper Rex,FNATIC,Paper Rex,something,Yoru,238.0,22,21,4,155.0,26.0,1
Valorant Masters Toronto 2025,https://www.vlr.gg/498628/paper-rex-vs-fnatic-valorant-masters-toronto-2025-gf,Lotus,Paper Rex,FNATIC,Paper Rex,PatMen,Fade,160.0,16,17,9,115.0,41.0,1
Valorant Masters Toronto 2025,https://www.vlr.gg/498628/paper-rex-vs-fnatic-valorant-masters-toronto-2025-gf,Lotus,Paper Rex,FNATIC,Paper Rex,Jinggg,Raze,182.0,16,16,3,125.0,28.0,1
Valorant Masters Toronto 2025,https://www.vlr.gg/498628/paper-rex-vs-fnatic-valorant-masters-toronto-2025-gf,Lotus,Paper Rex,FNATIC,Paper Rex,d4v41,Vyse,158.0,12,18,12,109.0,20.0,1
Valorant Masters Toronto 2025,https://www.vlr.gg/498628/paper-rex-vs-fnatic-valorant-masters-toronto-2025-gf,Lotus,FNATIC,Paper Rex,Paper Rex,Alfajer,Killjoy,330.0,29,17,2,214.0,46.0,0
Valorant Masters Toronto 2025,https://www.vlr.gg/498628/paper-rex-vs-fnatic-valorant-masters-toronto-2025-gf,Lotus,FNATIC,Paper Rex,Paper Rex,Chronicle,Viper,276.0,26,17,4,191.0,26.0,0
Valorant Masters Toronto 2025,https://www.vlr.gg/498628/paper-rex-vs-fnatic-valorant-masters-toronto-2025-gf,Lotus,FNATIC,Paper Rex,Paper Rex,kaajak,Raze,178.0,17,19,2,104.0,23.0,0
Valorant Masters Toronto 2025,https://www.vlr.gg/498628/paper-rex-vs-fnatic-valorant-masters-toronto-2025-gf,Lotus,FNATIC,Paper Rex,Paper Rex,crashies,Fade,127.0,11,19,10,92.0,33.0,0
Valorant Masters Toronto 2025,https://www.vlr.gg/498628/paper-rex-vs-fnatic-valorant-masters-toronto-2025-gf,Lotus,FNATIC,Paper Rex,Paper Rex,Boaster,Omen,77.0,6,17,9,45.0,19.0,0
VCT 2025 EMEA Stage 1,https://www.vlr.gg/482503/bbl-esports-vs-natus-vincere-champions-tour-2025-emea-stage-1-playoffs-ubr1,Lotus,BBL Esports,Natus Vincere,BBL Esports,sociablEE,Tejo,240.0,20,12,5,152.0,21.0,1
VCT 2025 EMEA Stage 1,https://www.vlr.gg/482503/bbl-esports-vs-natus-vincere-champions-tour-2025-emea-stage-1-playoffs-ubr1,Lotus,BBL Esports,Natus Vincere,BBL Esports,MAGNUM,Cypher,227.0,17,14,6,137.0,24.0,1
VCT 2025 EMEA Stage 1,https://www.vlr.gg/482503/bbl-esports-vs-natus-vincere-champions-tour-2025-emea-stage-1-playoffs-ubr1,Lotus,BBL Esports,Natus Vincere,BBL Esports,Jamppi,Breach,201.0,17,14,4,112.0,41.0,1
VCT 2025 EMEA Stage 1,https://www.vlr.gg/482503/bbl-esports-vs-natus-vincere-champions-tour-2025-emea-stage-1-playoffs-ubr1,Lotus,BBL Esports,Natus Vincere,BBL Esports,LewN,Jett,253.0,19,16,3,156.0,22.0,1
VCT 2025 EMEA Stage 1,https://www.vlr.gg/482503/bbl-esports-vs-natus-vincere-champions-tour-2025-emea-stage-1-playoffs-ubr1,Lotus,BBL Esports,Natus Vincere,BBL Esports,PROFEK,Omen,116.0,9,13,7,75.0,11.0,1
VCT 2025 EMEA Stage 1,https://www.vlr.gg/482503/bbl-esports-vs-natus-vincere-champions-tour-2025-emea-stage-1-playoffs-ubr1,Lotus,Natus Vincere,BBL Esports,BBL Esports,Shao,Tejo,229.0,17,12,5,174.0,33.0,0
VCT 2025 EMEA Stage 1,https://www.vlr.gg/482503/bbl-esports-vs-natus-vincere-champions-tour-2025-emea-stage-1-playoffs-ubr1,Lotus,Natus Vincere,BBL Esports,BBL Esports,koalanoob,Raze,262.0,19,17,2,157.0,19.0,0
VCT 2025 EMEA Stage 1,https://www.vlr.gg/482503/bbl-esports-vs-natus-vincere-champions-tour-2025-emea-stage-1-playoffs-ubr1,Lotus,Natus Vincere,BBL Esports,BBL Esports,Ruxic,Omen,211.0,17,17,9,136.0,30.0,0
VCT 2025 EMEA Stage 1,https://www.vlr.gg/482503/bbl-esports-vs-natus-vincere-champions-tour-2025-emea-stage-1-playoffs-ubr1,Lotus,Natus Vincere,BBL Esports,BBL Esports,hiro,Cypher,89.0,7,17,3,70.0,30.0,0
VCT 2025 EMEA Stage 1,https://www.vlr.gg/482503/bbl-esports-vs-natus-vincere-champions-tour-2025-emea-stage-1-playoffs-ubr1,Lotus,Natus Vincere,BBL Esports,BBL Esports,ANGE1,Deadlock,115.0,9,19,3,77.0,35.0,0
VCT 2025 EMEA Stage 1,https://www.vlr.gg/482503/bbl-esports-vs-natus-vincere-champions-tour-2025-emea-stage-1-playoffs-ubr1,Fracture,BBL Esports,Natus Vincere,BBL Esports,sociablEE,Tejo,224.0,18,14,8,163.0,24.0,1
VCT 2025 EMEA Stage 1,https://www.vlr.gg/482503/bbl-esports-vs-natus-vincere-champions-tour-2025-emea-stage-1-playoffs-ubr1,Fracture,BBL Esports,Natus Vincere,BBL Esports,PROFEK,Brimstone,210.0,17,13,11,135.0,25.0,1
VCT 2025 EMEA Stage 1,https://www.vlr.gg/482503/bbl-esports-vs-natus-vincere-champions-tour-2025-emea-stage-1-playoffs-ubr1,Fracture,BBL Esports,Natus Vincere,BBL Esports,MAGNUM,Cypher,248.0,19,14,4,158.0,19.0,1
VCT 2025 EMEA Stage 1,https://www.vlr.gg/482503/bbl-esports-vs-natus-vincere-champions-tour-2025-emea-stage-1-playoffs-ubr1,Fracture,BBL Esports,Natus Vincere,BBL Esports,LewN,Jett,199.0,17,16,1,138.0,24.0,1
VCT 2025 EMEA Stage 1,https://www.vlr.gg/482503/bbl-esports-vs-natus-vincere-champions-tour-2025-emea-stage-1-playoffs-ubr1,Fracture,BBL Esports,Natus Vincere,BBL Esports,Jamppi,Breach,143.0,10,16,10,112.0,29.0,1
VCT 2025 EMEA Stage 1,https://www.vlr.gg/482503/bbl-esports-vs-natus-vincere-champions-tour-2025-emea-stage-1-playoffs-ubr1,Fracture,Natus Vincere,BBL Esports,BBL Esports,hiro,Cypher,293.0,25,15,3,186.0,45.0,0
VCT 2025 EMEA Stage 1,https://www.vlr.gg/482503/bbl-esports-vs-natus-vincere-champions-tour-2025-emea-stage-1-playoffs-ubr1,Fracture,Natus Vincere,BBL Esports,BBL Esports,Ruxic,Brimstone,211.0,18,14,4,141.0,33.0,0
VCT 2025 EMEA Stage 1,https://www.vlr.gg/482503/bbl-esports-vs-natus-vincere-champions-tour-2025-emea-stage-1-playoffs-ubr1,Fracture,Natus Vincere,BBL Esports,BBL Esports,koalanoob,Raze,213.0,16,16,4,133.0,11.0,0
VCT 2025 EMEA Stage 1,https://www.vlr.gg/482503/bbl-esports-vs-natus-vincere-champions-tour-2025-emea-stage-1-playoffs-ubr1,Fracture,Natus Vincere,BBL Esports,BBL Esports,Shao,Breach,102.0,5,15,13,73.0,14.0,0
VCT 2025 EMEA Stage 1,https://www.vlr.gg/482503/bbl-esports-vs-natus-vincere-champions-tour-2025-emea-stage-1-playoffs-ubr1,Fracture,Natus Vincere,BBL Esports,BBL Esports,ANGE1,Fade,130.0,9,21,5,84.0,24.0,0
VCT 2025 EMEA Stage 1,https://www.vlr.gg/482504/fnatic-vs-fut-esports-champions-tour-2025-emea-stage-1-playoffs-ubr1,Split,FNATIC,FUT Esports,FNATIC,Alfajer,Raze,339.0,26,10,2,234.0,35.0,1
VCT 2025 EMEA Stage 1,https://www.vlr.gg/482504/fnatic-vs-fut-esports-champions-tour-2025-emea-stage-1-playoffs-ubr1,Split,FNATIC,FUT Esports,FNATIC,crashies,Fade,204.0,16,11,10,135.0,48.0,1
VCT 2025 EMEA Stage 1,https://www.vlr.gg/482504/fnatic-vs-fut-esports-champions-tour-2025-emea-stage-1-playoffs-ubr1,Split,FNATIC,FUT Esports,FNATIC,kaajak,Yoru,165.0,13,11,0,112.0,33.0,1
VCT 2025 EMEA Stage 1,https://www.vlr.gg/482504/fnatic-vs-fut-esports-champions-tour-2025-emea-stage-1-playoffs-ubr1,Split,FNATIC,FUT Esports,FNATIC,Chronicle,Viper,211.0,14,13,8,120.0,16.0,1
VCT 2025 EMEA Stage 1,https://www.vlr.gg/482504/fnatic-vs-fut-esports-champions-tour-2025-emea-stage-1-playoffs-ubr1,Split,FNATIC,FUT Esports,FNATIC,Boaster,Astra,130.0,8,12,11,91.0,18.0,1
VCT 2025 EMEA Stage 1,https://www.vlr.gg/482504/fnatic-vs-fut-esports-champions-tour-2025-emea-stage-1-playoffs-ubr1,Split,FUT Esports,FNATIC,FNATIC,xeus,Yoru,246.0,19,14,1,158.0,50.0,0
VCT 2025 EMEA Stage 1,https://www.vlr.gg/482504/fnatic-vs-fut-esports-champions-tour-2025-emea-stage-1-playoffs-ubr1,Split,FUT Esports,FNATIC,FNATIC,yetujey,Viper,187.0,13,15,5,120.0,19.0,0
VCT 2025 EMEA Stage 1,https://www.vlr.gg/482504/fnatic-vs-fut-esports-champions-tour-2025-emea-stage-1-playoffs-ubr1,Split,FUT Esports,FNATIC,FNATIC,AtaKaptan,Omen,142.0,11,15,5,79.0,22.0,0
VCT 2025 EMEA Stage 1,https://www.vlr.gg/482504/fnatic-vs-fut-esports-champions-tour-2025-emea-stage-1-playoffs-ubr1,Split,FUT Esports,FNATIC,FNATIC,qRaxs,Fade,153.0,11,16,5,101.0,30.0,0
VCT 2025 EMEA Stage 1,https://www.vlr.gg/482504/fnatic-vs-fut-esports-champions-tour-2025-emea-stage-1-playoffs-ubr1,Split,FUT Esports,FNATIC,FNATIC,MrFaliN,Tejo,72.0,3,17,7,54.0,10.0,0
VCT 2025 EMEA Stage 1,https://www.vlr.gg/482504/fnatic-vs-fut-esports-champions-tour-2025-emea-stage-1-playoffs-ubr1,Lotus,FNATIC,FUT Esports,FNATIC,Chronicle,Viper,280.0,19,10,7,174.0,28.0,1
VCT 2025 EMEA Stage 1,https://www.vlr.gg/482504/fnatic-vs-fut-esports-champions-tour-2025-emea-stage-1-playoffs-ubr1,Lotus,FNATIC,FUT Esports,FNATIC,Alfajer,Killjoy,244.0,18,13,3,150.0,42.0,1
VCT 2025 EMEA Stage 1,https://www.vlr.gg/482504/fnatic-vs-fut-esports-champions-tour-2025-emea-stage-1-playoffs-ubr1,Lotus,FNATIC,FUT Esports,FNATIC,crashies,Fade,160.0,11,9,8,111.0,41.0,1
VCT 2025 EMEA Stage 1,https://www.vlr.gg/482504/fnatic-vs-fut-esports-champions-tour-2025-emea-stage-1-playoffs-ubr1,Lotus,FNATIC,FUT Esports,FNATIC,kaajak,Raze,249.0,17,15,2,155.0,30.0,1
VCT 2025 EMEA Stage 1,https://www.vlr.gg/482504/fnatic-vs-fut-esports-champions-tour-2025-emea-stage-1-playoffs-ubr1,Lotus,FNATIC,FUT Esports,FNATIC,Boaster,Omen,157.0,9,11,10,101.0,20.0,1
VCT 2025 EMEA Stage 1,https://www.vlr.gg/482504/fnatic-vs-fut-esports-champions-tour-2025-emea-stage-1-playoffs-ubr1,Lotus,FUT Esports,FNATIC,FNATIC,MrFaliN,Breach,215.0,13,13,7,139.0,43.0,0
VCT 2025 EMEA Stage 1,https://www.vlr.gg/482504/fnatic-vs-fut-esports-champions-tour-2025-emea-stage-1-playoffs-ubr1,Lotus,FUT Esports,FNATIC,FNATIC,qRaxs,Fade,189.0,14,16,0,112.0,32.0,0
VCT 2025 EMEA Stage 1,https://www.vlr.gg/482504/fnatic-vs-fut-esports-champions-tour-2025-emea-stage-1-playoffs-ubr1,Lotus,FUT Esports,FNATIC,FNATIC,yetujey,Cypher,118.0,8,12,3,73.0,16.0,0
VCT 2025 EMEA Stage 1,https://www.vlr.gg/482504/fnatic-vs-fut-esports-champions-tour-2025-emea-stage-1-playoffs-ubr1,Lotus,FUT Esports,FNATIC,FNATIC,AtaKaptan,Omen,149.0,10,15,3,110.0,50.0,0
VCT 2025 EMEA Stage 1,https://www.vlr.gg/482504/fnatic-vs-fut-esports-champions-tour-2025-emea-stage-1-playoffs-ubr1,Lotus,FUT Esports,FNATIC,FNATIC,xeus,Waylay,183.0,13,18,2,105.0,60.0,0
VCT 2025 EMEA Stage 1,https://www.vlr.gg/482505/natus-vincere-vs-karmine-corp-champions-tour-2025-emea-stage-1-playoffs-lr1,Icebox,Natus Vincere,Karmine Corp,Karmine Corp,hiro,Killjoy,216.0,22,17,4,148.0,31.0,0
VCT 2025 EMEA Stage 1,https://www.vlr.gg/482505/natus-vincere-vs-karmine-corp-champions-tour-2025-emea-stage-1-playoffs-lr1,Icebox,Natus Vincere,Karmine Corp,Karmine Corp,ANGE1,Tejo,184.0,18,17,2,122.0,33.0,0
VCT 2025 EMEA Stage 1,https://www.vlr.gg/482505/natus-vincere-vs-karmine-corp-champions-tour-2025-emea-stage-1-playoffs-lr1,Icebox,Natus Vincere,Karmine Corp,Karmine Corp,koalanoob,Omen,182.0,18,18,9,109.0,31.0,0
VCT 2025 EMEA Stage 1,https://www.vlr.gg/482505/natus-vincere-vs-karmine-corp-champions-tour-2025-emea-stage-1-playoffs-lr1,Icebox,Natus Vincere,Karmine Corp,Karmine Corp,Shao,Gekko,170.0,14,16,5,127.0,25.0,0
VCT 2025 EMEA Stage 1,https://www.vlr.gg/482505/natus-vincere-vs-karmine-corp-champions-tour-2025-emea-stage-1-playoffs-lr1,Icebox,Natus Vincere,Karmine Corp,Karmine Corp,Ruxic,Viper,216.0,17,23,7,142.0,31.0,0
VCT 2025 EMEA Stage 1,https://www.vlr.gg/482505/natus-vincere-vs-karmine-corp-champions-tour-2025-emea-stage-1-playoffs-lr1,Icebox,Karmine Corp,Natus Vincere,Karmine Corp,marteen,Omen,272.0,26,20,6,163.0,43.0,1
VCT 2025 EMEA Stage 1,https://www.vlr.gg/482505/natus-vincere-vs-karmine-corp-champions-tour-2025-emea-stage-1-playoffs-lr1,Icebox,Karmine Corp,Natus Vincere,Karmine Corp,saadhak,Kayo,217.0,18,15,10,144.0,25.0,1
VCT 2025 EMEA Stage 1,https://www.vlr.gg/482505/natus-vincere-vs-karmine-corp-champions-tour-2025-emea-stage-1-playoffs-lr1,Icebox,Karmine Corp,Natus Vincere,Karmine Corp,SUYGETSU,Viper,199.0,17,19,6,142.0,22.0,1
VCT 2025 EMEA Stage 1,https://www.vlr.gg/482505/natus-vincere-vs-karmine-corp-champions-tour-2025-emea-stage-1-playoffs-lr1,Icebox,Karmine Corp,Natus Vincere,Karmine Corp,Elite,Killjoy,172.0,15,18,3,120.0,29.0,1
VCT 2025 EMEA Stage 1,https://www.vlr.gg/482505/natus-vincere-vs-karmine-corp-champions-tour-2025-emea-stage-1-playoffs-lr1,Icebox,Karmine Corp,Natus Vincere,Karmine Corp,Avez,Tejo,138.0,15,17,1,101.0,63.0,1
VCT 2025 EMEA Stage 1,https://www.vlr.gg/482505/natus-vincere-vs-karmine-corp-champions-tour-2025-emea-stage-1-playoffs-lr1,Split,Natus Vincere,Karmine Corp,Natus Vincere,Ruxic,Omen,295.0,26,16,5,186.0,38.0,1
VCT 2025 EMEA Stage 1,https://www.vlr.gg/482505/natus-vincere-vs-karmine-corp-champions-tour-2025-emea-stage-1-playoffs-lr1,Split,Natus Vincere,Karmine Corp,Natus Vincere,Shao,Astra,272.0,26,17,3,187.0,46.0,1
VCT 2025 EMEA Stage 1,https://www.vlr.gg/482505/natus-vincere-vs-karmine-corp-champions-tour-2025-emea-stage-1-playoffs-lr1,Split,Natus Vincere,Karmine Corp,Natus Vincere,hiro,Vyse,168.0,16,16,4,119.0,30.0,1
VCT 2025 EMEA Stage 1,https://www.vlr.gg/482505/natus-vincere-vs-karmine-corp-champions-tour-2025-emea-stage-1-playoffs-lr1,Split,Natus Vincere,Karmine Corp,Natus Vincere,ANGE1,Fade,124.0,9,17,10,96.0,24.0,1
VCT 2025 EMEA Stage 1,https://www.vlr.gg/482505/natus-vincere-vs-karmine-corp-champions-tour-2025-emea-stage-1-playoffs-lr1,Split,Natus Vincere,Karmine Corp,Natus Vincere,koalanoob,Raze,164.0,14,19,2,114.0,32.0,1
VCT 2025 EMEA Stage 1,https://www.vlr.gg/482505/natus-vincere-vs-karmine-corp-champions-tour-2025-emea-stage-1-playoffs-lr1,Split,Karmine Corp,Natus Vincere,Natus Vincere,Avez,Raze,240.0,19,17,3,163.0,19.0,0
VCT 2025 EMEA Stage 1,https://www.vlr.gg/482505/natus-vincere-vs-karmine-corp-champions-tour-2025-emea-stage-1-playoffs-lr1,Split,Karmine Corp,Natus Vincere,Natus Vincere,Elite,Viper,195.0,20,18,4,131.0,25.0,0
VCT 2025 EMEA Stage 1,https://www.vlr.gg/482505/natus-vincere-vs-karmine-corp-champions-tour-2025-emea-stage-1-playoffs-lr1,Split,Karmine Corp,Natus Vincere,Natus Vincere,marteen,Yoru,212.0,17,19,9,143.0,40.0,0
VCT 2025 EMEA Stage 1,https://www.vlr.gg/482505/natus-vincere-vs-karmine-corp-champions-tour-2025-emea-stage-1-playoffs-lr1,Split,Karmine Corp,Natus Vincere,Natus Vincere,SUYGETSU,Omen,187.0,17,18,6,124.0,43.0,0
VCT 2025 EMEA Stage 1,https://www.vlr.gg/482505/natus-vincere-vs-karmine-corp-champions-tour-2025-emea-stage-1-playoffs-lr1,Split,Karmine Corp,Natus Vincere,Natus Vincere,saadhak,Fade,165.0,12,19,12,119.0,12.0,0
VCT 2025 EMEA Stage 1,https://www.vlr.gg/482505/natus-vincere-vs-karmine-corp-champions-tour-2025-emea-stage-1-playoffs-lr1,Ascent,Natus Vincere,Karmine Corp,Natus Vincere,hiro,Cypher,262.0,23,14,4,171.0,45.0,1
VCT 2025 EMEA Stage 1,https://www.vlr.gg/482505/natus-vincere-vs-karmine-corp-champions-tour-2025-emea-stage-1-playoffs-lr1,Ascent,Natus Vincere,Karmine Corp,Natus Vincere,Ruxic,Omen,189.0,17,15,11,134.0,27.0,1
VCT 2025 EMEA Stage 1,https://www.vlr.gg/482505/natus-vincere-vs-karmine-corp-champions-tour-2025-emea-stage-1-playoffs-lr1,Ascent,Natus Vincere,Karmine Corp,Natus Vincere,koalanoob,Yoru,211.0,20,14,2,129.0,22.0,1
VCT 2025 EMEA Stage 1,https://www.vlr.gg/482505/natus-vincere-vs-karmine-corp-champions-tour-2025-emea-stage-1-playoffs-lr1,Ascent,Natus Vincere,Karmine Corp,Natus Vincere,Shao,Tejo,185.0,13,16,7,130.0,22.0,1
VCT 2025 EMEA Stage 1,https://www.vlr.gg/482505/natus-vincere-vs-karmine-corp-champions-tour-2025-emea-stage-1-playoffs-lr1,Ascent,Natus Vincere,Karmine Corp,Natus Vincere,ANGE1,Deadlock,119.0,9,17,7,81.0,19.0,1
VCT 2025 EMEA Stage 1,https://www.vlr.gg/482505/natus-vincere-vs-karmine-corp-champions-tour-2025-emea-stage-1-playoffs-lr1,Ascent,Karmine Corp,Natus Vincere,Natus Vincere,SUYGETSU,Omen,176.0,15,14,19,108.0,43.0,0
VCT 2025 EMEA Stage 1,https://www.vlr.gg/482505/natus-vincere-vs-karmine-corp-champions-tour-2025-emea-stage-1-playoffs-lr1,Ascent,Karmine Corp,Natus Vincere,Natus Vincere,Elite,Cypher,208.0,17,15,8,141.0,29.0,0
VCT 2025 EMEA Stage 1,https://www.vlr.gg/482505/natus-vincere-vs-karmine-corp-champions-tour-2025-emea-stage-1-playoffs-lr1,Ascent,Karmine Corp,Natus Vincere,Natus Vincere,Avez,Kayo,191.0,15,16,15,135.0,36.0,0
VCT 2025 EMEA Stage 1,https://www.vlr.gg/482505/natus-vincere-vs-karmine-corp-champions-tour-2025-emea-stage-1-playoffs-lr1,Ascent,Karmine Corp,Natus Vincere,Natus Vincere,marteen,Jett,206.0,18,17,2,140.0,38.0,0
VCT 2025 EMEA Stage 1,https://www.vlr.gg/482505/natus-vincere-vs-karmine-corp-champions-tour-2025-emea-stage-1-playoffs-lr1,Ascent,Karmine Corp,Natus Vincere,Natus Vincere,saadhak,Sova,151.0,11,20,7,99.0,19.0,0
VCT 2025 EMEA Stage 1,https://www.vlr.gg/482506/fut-esports-vs-team-vitality-champions-tour-2025-emea-stage-1-playoffs-lr1,Split,FUT Esports,Team Vitality,FUT Esports,yetujey,Viper,281.0,19,11,6,200.0,25.0,1
VCT 2025 EMEA Stage 1,https://www.vlr.gg/482506/fut-esports-vs-team-vitality-champions-tour-2025-emea-stage-1-playoffs-lr1,Split,FUT Esports,Team Vitality,FUT Esports,xeus,Yoru,290.0,20,13,4,190.0,50.0,1
VCT 2025 EMEA Stage 1,https://www.vlr.gg/482506/fut-esports-vs-team-vitality-champions-tour-2025-emea-stage-1-playoffs-lr1,Split,FUT Esports,Team Vitality,FUT Esports,AtaKaptan,Omen,217.0,17,10,7,142.0,24.0,1
VCT 2025 EMEA Stage 1,https://www.vlr.gg/482506/fut-esports-vs-team-vitality-champions-tour-2025-emea-stage-1-playoffs-lr1,Split,FUT Esports,Team Vitality,FUT Esports,qRaxs,Fade,165.0,12,15,6,100.0,45.0,1
VCT 2025 EMEA Stage 1,https://www.vlr.gg/482506/fut-esports-vs-team-vitality-champions-tour-2025-emea-stage-1-playoffs-lr1,Split,FUT Esports,Team Vitality,FUT Esports,MrFaliN,Tejo,92.0,6,10,3,76.0,20.0,1
VCT 2025 EMEA Stage 1,https://www.vlr.gg/482506/fut-esports-vs-team-vitality-champions-tour-2025-emea-stage-1-playoffs-lr1,Split,Team Vitality,FUT Esports,FUT Esports,CyvOph,Omen,195.0,12,14,7,122.0,22.0,0
VCT 2025 EMEA Stage 1,https://www.vlr.gg/482506/fut-esports-vs-team-vitality-champions-tour-2025-emea-stage-1-playoffs-lr1,Split,Team Vitality,FUT Esports,FUT Esports,Derke,Raze,233.0,15,15,5,139.0,22.0,0
VCT 2025 EMEA Stage 1,https://www.vlr.gg/482506/fut-esports-vs-team-vitality-champions-tour-2025-emea-stage-1-playoffs-lr1,Split,Team Vitality,FUT Esports,FUT Esports,Sayf,Yoru,154.0,12,14,3,90.0,18.0,0
VCT 2025 EMEA Stage 1,https://www.vlr.gg/482506/fut-esports-vs-team-vitality-champions-tour-2025-emea-stage-1-playoffs-lr1,Split,Team Vitality,FUT Esports,FUT Esports,Less,Viper,152.0,11,14,0,92.0,23.0,0
VCT 2025 EMEA Stage 1,https://www.vlr.gg/482506/fut-esports-vs-team-vitality-champions-tour-2025-emea-stage-1-playoffs-lr1,Split,Team Vitality,FUT Esports,FUT Esports,Kicks,Fade,151.0,9,17,9,93.0,23.0,0
VCT 2025 EMEA Stage 1,https://www.vlr.gg/482506/fut-esports-vs-team-vitality-champions-tour-2025-emea-stage-1-playoffs-lr1,Fracture,FUT Esports,Team Vitality,FUT Esports,AtaKaptan,Brimstone,243.0,17,9,8,164.0,41.0,1
VCT 2025 EMEA Stage 1,https://www.vlr.gg/482506/fut-esports-vs-team-vitality-champions-tour-2025-emea-stage-1-playoffs-lr1,Fracture,FUT Esports,Team Vitality,FUT Esports,yetujey,Cypher,244.0,18,11,6,170.0,27.0,1
VCT 2025 EMEA Stage 1,https://www.vlr.gg/482506/fut-esports-vs-team-vitality-champions-tour-2025-emea-stage-1-playoffs-lr1,Fracture,FUT Esports,Team Vitality,FUT Esports,qRaxs,Kayo,205.0,15,10,11,134.0,27.0,1
VCT 2025 EMEA Stage 1,https://www.vlr.gg/482506/fut-esports-vs-team-vitality-champions-tour-2025-emea-stage-1-playoffs-lr1,Fracture,FUT Esports,Team Vitality,FUT Esports,MrFaliN,Breach,142.0,8,11,15,90.0,16.0,1
VCT 2025 EMEA Stage 1,https://www.vlr.gg/482506/fut-esports-vs-team-vitality-champions-tour-2025-emea-stage-1-playoffs-lr1,Fracture,FUT Esports,Team Vitality,FUT Esports,xeus,Neon,187.0,15,13,2,113.0,24.0,1
VCT 2025 EMEA Stage 1,https://www.vlr.gg/482506/fut-esports-vs-team-vitality-champions-tour-2025-emea-stage-1-playoffs-lr1,Fracture,Team Vitality,FUT Esports,FUT Esports,CyvOph,Brimstone,231.0,16,13,9,157.0,31.0,0
VCT 2025 EMEA Stage 1,https://www.vlr.gg/482506/fut-esports-vs-team-vitality-champions-tour-2025-emea-stage-1-playoffs-lr1,Fracture,Team Vitality,FUT Esports,FUT Esports,Less,Cypher,185.0,15,14,0,140.0,42.0,0
VCT 2025 EMEA Stage 1,https://www.vlr.gg/482506/fut-esports-vs-team-vitality-champions-tour-2025-emea-stage-1-playoffs-lr1,Fracture,Team Vitality,FUT Esports,FUT Esports,Derke,Neon,214.0,14,17,6,141.0,19.0,0
VCT 2025 EMEA Stage 1,https://www.vlr.gg/482506/fut-esports-vs-team-vitality-champions-tour-2025-emea-stage-1-playoffs-lr1,Fracture,Team Vitality,FUT Esports,FUT Esports,Kicks,Breach,111.0,6,13,13,73.0,11.0,0
VCT 2025 EMEA Stage 1,https://www.vlr.gg/482506/fut-esports-vs-team-vitality-champions-tour-2025-emea-stage-1-playoffs-lr1,Fracture,Team Vitality,FUT Esports,FUT Esports,Sayf,Tejo,69.0,3,16,6,50.0,20.0,0
VCT 2025 EMEA Stage 1,https://www.vlr.gg/482507/team-heretics-vs-bbl-esports-champions-tour-2025-emea-stage-1-playoffs-ubsf,Icebox,Team Heretics,BBL Esports,Team Heretics,benjyfishy,Killjoy,279.0,26,16,1,195.0,38.0,1
VCT 2025 EMEA Stage 1,https://www.vlr.gg/482507/team-heretics-vs-bbl-esports-champions-tour-2025-emea-stage-1-playoffs-ubsf,Icebox,Team Heretics,BBL Esports,Team Heretics,RieNs,Gekko,195.0,17,19,10,145.0,34.0,1
VCT 2025 EMEA Stage 1,https://www.vlr.gg/482507/team-heretics-vs-bbl-esports-champions-tour-2025-emea-stage-1-playoffs-ubsf,Icebox,Team Heretics,BBL Esports,Team Heretics,Boo,Viper,190.0,17,20,11,119.0,27.0,1
VCT 2025 EMEA Stage 1,https://www.vlr.gg/482507/team-heretics-vs-bbl-esports-champions-tour-2025-emea-stage-1-playoffs-ubsf,Icebox,Team Heretics,BBL Esports,Team Heretics,MiniBoo,Neon,183.0,18,23,4,114.0,38.0,1
VCT 2025 EMEA Stage 1,https://www.vlr.gg/482507/team-heretics-vs-bbl-esports-champions-tour-2025-emea-stage-1-playoffs-ubsf,Icebox,Team Heretics,BBL Esports,Team Heretics,Wo0t,Tejo,166.0,15,20,8,118.0,26.0,1
VCT 2025 EMEA Stage 1,https://www.vlr.gg/482507/team-heretics-vs-bbl-esports-champions-tour-2025-emea-stage-1-playoffs-ubsf,Icebox,BBL Esports,Team Heretics,Team Heretics,LewN,Jett,289.0,26,18,4,183.0,38.0,0
VCT 2025 EMEA Stage 1,https://www.vlr.gg/482507/team-heretics-vs-bbl-esports-champions-tour-2025-emea-stage-1-playoffs-ubsf,Icebox,BBL Esports,Team Heretics,Team Heretics,PROFEK,Viper,235.0,21,21,9,150.0,25.0,0
VCT 2025 EMEA Stage 1,https://www.vlr.gg/482507/team-heretics-vs-bbl-esports-champions-tour-2025-emea-stage-1-playoffs-ubsf,Icebox,BBL Esports,Team Heretics,Team Heretics,sociablEE,Tejo,186.0,19,16,3,132.0,29.0,0
VCT 2025 EMEA Stage 1,https://www.vlr.gg/482507/team-heretics-vs-bbl-esports-champions-tour-2025-emea-stage-1-playoffs-ubsf,Icebox,BBL Esports,Team Heretics,Team Heretics,Jamppi,Kayo,187.0,18,17,9,119.0,18.0,0
VCT 2025 EMEA Stage 1,https://www.vlr.gg/482507/team-heretics-vs-bbl-esports-champions-tour-2025-emea-stage-1-playoffs-ubsf,Icebox,BBL Esports,Team Heretics,Team Heretics,MAGNUM,Killjoy,168.0,14,21,5,113.0,27.0,0
VCT 2025 EMEA Stage 1,https://www.vlr.gg/482507/team-heretics-vs-bbl-esports-champions-tour-2025-emea-stage-1-playoffs-ubsf,Ascent,Team Heretics,BBL Esports,Team Heretics,RieNs,Sova,231.0,17,15,10,163.0,31.0,1
VCT 2025 EMEA Stage 1,https://www.vlr.gg/482507/team-heretics-vs-bbl-esports-champions-tour-2025-emea-stage-1-playoffs-ubsf,Ascent,Team Heretics,BBL Esports,Team Heretics,benjyfishy,Cypher,235.0,19,16,4,155.0,38.0,1
VCT 2025 EMEA Stage 1,https://www.vlr.gg/482507/team-heretics-vs-bbl-esports-champions-tour-2025-emea-stage-1-playoffs-ubsf,Ascent,Team Heretics,BBL Esports,Team Heretics,Boo,Omen,137.0,11,13,14,91.0,24.0,1
VCT 2025 EMEA Stage 1,https://www.vlr.gg/482507/team-heretics-vs-bbl-esports-champions-tour-2025-emea-stage-1-playoffs-ubsf,Ascent,Team Heretics,BBL Esports,Team Heretics,Wo0t,Jett,207.0,19,19,1,123.0,31.0,1
VCT 2025 EMEA Stage 1,https://www.vlr.gg/482507/team-heretics-vs-bbl-esports-champions-tour-2025-emea-stage-1-playoffs-ubsf,Ascent,Team Heretics,BBL Esports,Team Heretics,MiniBoo,Yoru,197.0,17,16,6,124.0,42.0,1
VCT 2025 EMEA Stage 1,https://www.vlr.gg/482507/team-heretics-vs-bbl-esports-champions-tour-2025-emea-stage-1-playoffs-ubsf,Ascent,BBL Esports,Team Heretics,Team Heretics,PROFEK,Omen,273.0,22,16,7,166.0,34.0,0
VCT 2025 EMEA Stage 1,https://www.vlr.gg/482507/team-heretics-vs-bbl-esports-champions-tour-2025-emea-stage-1-playoffs-ubsf,Ascent,BBL Esports,Team Heretics,Team Heretics,Jamppi,Kayo,198.0,16,15,8,137.0,20.0,0
VCT 2025 EMEA Stage 1,https://www.vlr.gg/482507/team-heretics-vs-bbl-esports-champions-tour-2025-emea-stage-1-playoffs-ubsf,Ascent,BBL Esports,Team Heretics,Team Heretics,sociablEE,Tejo,196.0,16,17,6,144.0,24.0,0
VCT 2025 EMEA Stage 1,https://www.vlr.gg/482507/team-heretics-vs-bbl-esports-champions-tour-2025-emea-stage-1-playoffs-ubsf,Ascent,BBL Esports,Team Heretics,Team Heretics,LewN,Jett,174.0,16,17,4,114.0,28.0,0
VCT 2025 EMEA Stage 1,https://www.vlr.gg/482507/team-heretics-vs-bbl-esports-champions-tour-2025-emea-stage-1-playoffs-ubsf,Ascent,BBL Esports,Team Heretics,Team Heretics,MAGNUM,Fade,137.0,9,18,12,103.0,19.0,0
VCT 2025 EMEA Stage 1,https://www.vlr.gg/482508/team-liquid-vs-fnatic-champions-tour-2025-emea-stage-1-playoffs-ubsf,Split,Team Liquid,FNATIC,FNATIC,nAts,Viper,253.0,20,16,5,161.0,24.0,0
VCT 2025 EMEA Stage 1,https://www.vlr.gg/482508/team-liquid-vs-fnatic-champions-tour-2025-emea-stage-1-playoffs-ubsf,Split,Team Liquid,FNATIC,FNATIC,kamo,Yoru,208.0,16,17,5,135.0,33.0,0
VCT 2025 EMEA Stage 1,https://www.vlr.gg/482508/team-liquid-vs-fnatic-champions-tour-2025-emea-stage-1-playoffs-ubsf,Split,Team Liquid,FNATIC,FNATIC,keiko,Raze,178.0,16,16,4,126.0,40.0,0
VCT 2025 EMEA Stage 1,https://www.vlr.gg/482508/team-liquid-vs-fnatic-champions-tour-2025-emea-stage-1-playoffs-ubsf,Split,Team Liquid,FNATIC,FNATIC,Serial,Astra,110.0,8,14,12,77.0,39.0,0
VCT 2025 EMEA Stage 1,https://www.vlr.gg/482508/team-liquid-vs-fnatic-champions-tour-2025-emea-stage-1-playoffs-ubsf,Split,Team Liquid,FNATIC,FNATIC,paTiTek,Fade,117.0,10,16,2,76.0,28.0,0
VCT 2025 EMEA Stage 1,https://www.vlr.gg/482508/team-liquid-vs-fnatic-champions-tour-2025-emea-stage-1-playoffs-ubsf,Split,FNATIC,Team Liquid,FNATIC,Chronicle,Viper,242.0,20,14,5,167.0,30.0,1
VCT 2025 EMEA Stage 1,https://www.vlr.gg/482508/team-liquid-vs-fnatic-champions-tour-2025-emea-stage-1-playoffs-ubsf,Split,FNATIC,Team Liquid,FNATIC,crashies,Fade,170.0,11,12,11,121.0,39.0,1
VCT 2025 EMEA Stage 1,https://www.vlr.gg/482508/team-liquid-vs-fnatic-champions-tour-2025-emea-stage-1-playoffs-ubsf,Split,FNATIC,Team Liquid,FNATIC,Alfajer,Raze,226.0,20,15,1,141.0,28.0,1
VCT 2025 EMEA Stage 1,https://www.vlr.gg/482508/team-liquid-vs-fnatic-champions-tour-2025-emea-stage-1-playoffs-ubsf,Split,FNATIC,Team Liquid,FNATIC,kaajak,Yoru,170.0,16,15,4,106.0,41.0,1
VCT 2025 EMEA Stage 1,https://www.vlr.gg/482508/team-liquid-vs-fnatic-champions-tour-2025-emea-stage-1-playoffs-ubsf,Split,FNATIC,Team Liquid,FNATIC,Boaster,Astra,147.0,12,14,6,82.0,35.0,1
VCT 2025 EMEA Stage 1,https://www.vlr.gg/482508/team-liquid-vs-fnatic-champions-tour-2025-emea-stage-1-playoffs-ubsf,Icebox,Team Liquid,FNATIC,Team Liquid,nAts,Viper,264.0,21,14,15,164.0,22.0,1
VCT 2025 EMEA Stage 1,https://www.vlr.gg/482508/team-liquid-vs-fnatic-champions-tour-2025-emea-stage-1-playoffs-ubsf,Icebox,Team Liquid,FNATIC,Team Liquid,keiko,Jett,253.0,22,14,2,152.0,36.0,1
VCT 2025 EMEA Stage 1,https://www.vlr.gg/482508/team-liquid-vs-fnatic-champions-tour-2025-emea-stage-1-playoffs-ubsf,Icebox,Team Liquid,FNATIC,Team Liquid,kamo,Gekko,227.0,21,19,5,155.0,35.0,1
VCT 2025 EMEA Stage 1,https://www.vlr.gg/482508/team-liquid-vs-fnatic-champions-tour-2025-emea-stage-1-playoffs-ubsf,Icebox,Team Liquid,FNATIC,Team Liquid,Serial,Killjoy,201.0,18,20,4,127.0,33.0,1
VCT 2025 EMEA Stage 1,https://www.vlr.gg/482508/team-liquid-vs-fnatic-champions-tour-2025-emea-stage-1-playoffs-ubsf,Icebox,Team Liquid,FNATIC,Team Liquid,paTiTek,Kayo,155.0,13,19,5,114.0,31.0,1
VCT 2025 EMEA Stage 1,https://www.vlr.gg/482508/team-liquid-vs-fnatic-champions-tour-2025-emea-stage-1-playoffs-ubsf,Icebox,FNATIC,Team Liquid,Team Liquid,kaajak,Sage,298.0,27,17,6,196.0,39.0,0
VCT 2025 EMEA Stage 1,https://www.vlr.gg/482508/team-liquid-vs-fnatic-champions-tour-2025-emea-stage-1-playoffs-ubsf,Icebox,FNATIC,Team Liquid,Team Liquid,crashies,Tejo,199.0,18,16,7,138.0,27.0,0
VCT 2025 EMEA Stage 1,https://www.vlr.gg/482508/team-liquid-vs-fnatic-champions-tour-2025-emea-stage-1-playoffs-ubsf,Icebox,FNATIC,Team Liquid,Team Liquid,Boaster,Viper,174.0,12,16,10,122.0,37.0,0
VCT 2025 EMEA Stage 1,https://www.vlr.gg/482508/team-liquid-vs-fnatic-champions-tour-2025-emea-stage-1-playoffs-ubsf,Icebox,FNATIC,Team Liquid,Team Liquid,Alfajer,Killjoy,191.0,16,24,3,127.0,27.0,0
VCT 2025 EMEA Stage 1,https://www.vlr.gg/482508/team-liquid-vs-fnatic-champions-tour-2025-emea-stage-1-playoffs-ubsf,Icebox,FNATIC,Team Liquid,Team Liquid,Chronicle,Gekko,162.0,13,22,5,101.0,19.0,0
VCT 2025 EMEA Stage 1,https://www.vlr.gg/482508/team-liquid-vs-fnatic-champions-tour-2025-emea-stage-1-playoffs-ubsf,Fracture,Team Liquid,FNATIC,FNATIC,paTiTek,Breach,210.0,20,17,6,138.0,19.0,0
VCT 2025 EMEA Stage 1,https://www.vlr.gg/482508/team-liquid-vs-fnatic-champions-tour-2025-emea-stage-1-playoffs-ubsf,Fracture,Team Liquid,FNATIC,FNATIC,keiko,Brimstone,172.0,16,17,6,118.0,50.0,0
VCT 2025 EMEA Stage 1,https://www.vlr.gg/482508/team-liquid-vs-fnatic-champions-tour-2025-emea-stage-1-playoffs-ubsf,Fracture,Team Liquid,FNATIC,FNATIC,kamo,Neon,251.0,21,21,5,157.0,19.0,0
VCT 2025 EMEA Stage 1,https://www.vlr.gg/482508/team-liquid-vs-fnatic-champions-tour-2025-emea-stage-1-playoffs-ubsf,Fracture,Team Liquid,FNATIC,FNATIC,nAts,Vyse,188.0,17,18,2,116.0,23.0,0
VCT 2025 EMEA Stage 1,https://www.vlr.gg/482508/team-liquid-vs-fnatic-champions-tour-2025-emea-stage-1-playoffs-ubsf,Fracture,Team Liquid,FNATIC,FNATIC,Serial,Tejo,142.0,12,20,5,91.0,38.0,0
VCT 2025 EMEA Stage 1,https://www.vlr.gg/482508/team-liquid-vs-fnatic-champions-tour-2025-emea-stage-1-playoffs-ubsf,Fracture,FNATIC,Team Liquid,FNATIC,Chronicle,Breach,267.0,24,17,12,170.0,30.0,1
VCT 2025 EMEA Stage 1,https://www.vlr.gg/482508/team-liquid-vs-fnatic-champions-tour-2025-emea-stage-1-playoffs-ubsf,Fracture,FNATIC,Team Liquid,FNATIC,crashies,Tejo,206.0,19,16,7,146.0,25.0,1
VCT 2025 EMEA Stage 1,https://www.vlr.gg/482508/team-liquid-vs-fnatic-champions-tour-2025-emea-stage-1-playoffs-ubsf,Fracture,FNATIC,Team Liquid,FNATIC,Alfajer,Cypher,214.0,22,18,6,144.0,41.0,1
VCT 2025 EMEA Stage 1,https://www.vlr.gg/482508/team-liquid-vs-fnatic-champions-tour-2025-emea-stage-1-playoffs-ubsf,Fracture,FNATIC,Team Liquid,FNATIC,kaajak,Neon,208.0,18,17,5,138.0,34.0,1
VCT 2025 EMEA Stage 1,https://www.vlr.gg/482508/team-liquid-vs-fnatic-champions-tour-2025-emea-stage-1-playoffs-ubsf,Fracture,FNATIC,Team Liquid,FNATIC,Boaster,Brimstone,122.0,10,18,10,85.0,18.0,1
VCT 2025 EMEA Stage 1,https://www.vlr.gg/482510/bbl-esports-vs-fut-esports-champions-tour-2025-emea-stage-1-playoffs-lr2,Ascent,BBL Esports,FUT Esports,BBL Esports,PROFEK,Omen,275.0,23,14,10,166.0,34.0,1
VCT 2025 EMEA Stage 1,https://www.vlr.gg/482510/bbl-esports-vs-fut-esports-champions-tour-2025-emea-stage-1-playoffs-lr2,Ascent,BBL Esports,FUT Esports,BBL Esports,LewN,Jett,204.0,16,12,6,139.0,39.0,1
VCT 2025 EMEA Stage 1,https://www.vlr.gg/482510/bbl-esports-vs-fut-esports-champions-tour-2025-emea-stage-1-playoffs-lr2,Ascent,BBL Esports,FUT Esports,BBL Esports,MAGNUM,Fade,209.0,18,17,8,125.0,21.0,1
VCT 2025 EMEA Stage 1,https://www.vlr.gg/482510/bbl-esports-vs-fut-esports-champions-tour-2025-emea-stage-1-playoffs-lr2,Ascent,BBL Esports,FUT Esports,BBL Esports,sociablEE,Tejo,172.0,14,14,8,131.0,20.0,1
VCT 2025 EMEA Stage 1,https://www.vlr.gg/482510/bbl-esports-vs-fut-esports-champions-tour-2025-emea-stage-1-playoffs-lr2,Ascent,BBL Esports,FUT Esports,BBL Esports,Jamppi,Kayo,147.0,10,19,17,86.0,14.0,1
VCT 2025 EMEA Stage 1,https://www.vlr.gg/482510/bbl-esports-vs-fut-esports-champions-tour-2025-emea-stage-1-playoffs-lr2,Ascent,FUT Esports,BBL Esports,BBL Esports,MrFaliN,Sova,198.0,18,13,2,129.0,27.0,0
VCT 2025 EMEA Stage 1,https://www.vlr.gg/482510/bbl-esports-vs-fut-esports-champions-tour-2025-emea-stage-1-playoffs-lr2,Ascent,FUT Esports,BBL Esports,BBL Esports,yetujey,Killjoy,226.0,15,16,5,167.0,19.0,0
VCT 2025 EMEA Stage 1,https://www.vlr.gg/482510/bbl-esports-vs-fut-esports-champions-tour-2025-emea-stage-1-playoffs-lr2,Ascent,FUT Esports,BBL Esports,BBL Esports,xeus,Yoru,223.0,19,19,2,128.0,55.0,0
VCT 2025 EMEA Stage 1,https://www.vlr.gg/482510/bbl-esports-vs-fut-esports-champions-tour-2025-emea-stage-1-playoffs-lr2,Ascent,FUT Esports,BBL Esports,BBL Esports,qRaxs,Kayo,193.0,14,19,8,139.0,27.0,0
VCT 2025 EMEA Stage 1,https://www.vlr.gg/482510/bbl-esports-vs-fut-esports-champions-tour-2025-emea-stage-1-playoffs-lr2,Ascent,FUT Esports,BBL Esports,BBL Esports,AtaKaptan,Omen,132.0,10,14,11,91.0,21.0,0
VCT 2025 EMEA Stage 1,https://www.vlr.gg/482510/bbl-esports-vs-fut-esports-champions-tour-2025-emea-stage-1-playoffs-lr2,Split,BBL Esports,FUT Esports,BBL Esports,Jamppi,Breach,203.0,12,3,4,125.0,29.0,1
VCT 2025 EMEA Stage 1,https://www.vlr.gg/482510/bbl-esports-vs-fut-esports-champions-tour-2025-emea-stage-1-playoffs-lr2,Split,BBL Esports,FUT Esports,BBL Esports,sociablEE,Tejo,281.0,18,6,1,177.0,23.0,1
VCT 2025 EMEA Stage 1,https://www.vlr.gg/482510/bbl-esports-vs-fut-esports-champions-tour-2025-emea-stage-1-playoffs-lr2,Split,BBL Esports,FUT Esports,BBL Esports,PROFEK,Omen,285.0,14,8,9,196.0,29.0,1
VCT 2025 EMEA Stage 1,https://www.vlr.gg/482510/bbl-esports-vs-fut-esports-champions-tour-2025-emea-stage-1-playoffs-lr2,Split,BBL Esports,FUT Esports,BBL Esports,LewN,Raze,207.0,12,7,2,131.0,25.0,1
VCT 2025 EMEA Stage 1,https://www.vlr.gg/482510/bbl-esports-vs-fut-esports-champions-tour-2025-emea-stage-1-playoffs-lr2,Split,BBL Esports,FUT Esports,BBL Esports,MAGNUM,Cypher,163.0,8,7,4,110.0,30.0,1
VCT 2025 EMEA Stage 1,https://www.vlr.gg/482510/bbl-esports-vs-fut-esports-champions-tour-2025-emea-stage-1-playoffs-lr2,Split,FUT Esports,BBL Esports,BBL Esports,xeus,Yoru,145.0,7,13,4,104.0,32.0,0
VCT 2025 EMEA Stage 1,https://www.vlr.gg/482510/bbl-esports-vs-fut-esports-champions-tour-2025-emea-stage-1-playoffs-lr2,Split,FUT Esports,BBL Esports,BBL Esports,MrFaliN,Tejo,152.0,8,12,3,92.0,32.0,0
VCT 2025 EMEA Stage 1,https://www.vlr.gg/482510/bbl-esports-vs-fut-esports-champions-tour-2025-emea-stage-1-playoffs-lr2,Split,FUT Esports,BBL Esports,BBL Esports,AtaKaptan,Omen,157.0,8,13,0,110.0,25.0,0
VCT 2025 EMEA Stage 1,https://www.vlr.gg/482510/bbl-esports-vs-fut-esports-champions-tour-2025-emea-stage-1-playoffs-lr2,Split,FUT Esports,BBL Esports,BBL Esports,yetujey,Viper,118.0,5,13,3,83.0,16.0,0
VCT 2025 EMEA Stage 1,https://www.vlr.gg/482510/bbl-esports-vs-fut-esports-champions-tour-2025-emea-stage-1-playoffs-lr2,Split,FUT Esports,BBL Esports,BBL Esports,qRaxs,Fade,71.0,3,13,3,48.0,31.0,0
VCT 2025 EMEA Stage 1,https://www.vlr.gg/482509/team-liquid-vs-natus-vincere-champions-tour-2025-emea-stage-1-playoffs-lr2,Icebox,Team Liquid,Natus Vincere,Natus Vincere,keiko,Jett,238.0,22,15,1,175.0,40.0,0
VCT 2025 EMEA Stage 1,https://www.vlr.gg/482509/team-liquid-vs-natus-vincere-champions-tour-2025-emea-stage-1-playoffs-lr2,Icebox,Team Liquid,Natus Vincere,Natus Vincere,kamo,Gekko,233.0,18,19,5,143.0,38.0,0
VCT 2025 EMEA Stage 1,https://www.vlr.gg/482509/team-liquid-vs-natus-vincere-champions-tour-2025-emea-stage-1-playoffs-lr2,Icebox,Team Liquid,Natus Vincere,Natus Vincere,nAts,Viper,153.0,13,16,4,117.0,25.0,0
VCT 2025 EMEA Stage 1,https://www.vlr.gg/482509/team-liquid-vs-natus-vincere-champions-tour-2025-emea-stage-1-playoffs-lr2,Icebox,Team Liquid,Natus Vincere,Natus Vincere,Serial,Killjoy,141.0,11,16,5,105.0,31.0,0
VCT 2025 EMEA Stage 1,https://www.vlr.gg/482509/team-liquid-vs-natus-vincere-champions-tour-2025-emea-stage-1-playoffs-lr2,Icebox,Team Liquid,Natus Vincere,Natus Vincere,paTiTek,Kayo,133.0,8,18,12,88.0,28.0,0
VCT 2025 EMEA Stage 1,https://www.vlr.gg/482509/team-liquid-vs-natus-vincere-champions-tour-2025-emea-stage-1-playoffs-lr2,Icebox,Natus Vincere,Team Liquid,Natus Vincere,hiro,Killjoy,298.0,26,14,2,180.0,29.0,1
VCT 2025 EMEA Stage 1,https://www.vlr.gg/482509/team-liquid-vs-natus-vincere-champions-tour-2025-emea-stage-1-playoffs-lr2,Icebox,Natus Vincere,Team Liquid,Natus Vincere,Ruxic,Viper,199.0,16,15,4,137.0,40.0,1
VCT 2025 EMEA Stage 1,https://www.vlr.gg/482509/team-liquid-vs-natus-vincere-champions-tour-2025-emea-stage-1-playoffs-lr2,Icebox,Natus Vincere,Team Liquid,Natus Vincere,koalanoob,Omen,195.0,15,16,13,138.0,26.0,1
VCT 2025 EMEA Stage 1,https://www.vlr.gg/482509/team-liquid-vs-natus-vincere-champions-tour-2025-emea-stage-1-playoffs-lr2,Icebox,Natus Vincere,Team Liquid,Natus Vincere,ANGE1,Tejo,130.0,13,13,3,94.0,57.0,1
VCT 2025 EMEA Stage 1,https://www.vlr.gg/482509/team-liquid-vs-natus-vincere-champions-tour-2025-emea-stage-1-playoffs-lr2,Icebox,Natus Vincere,Team Liquid,Natus Vincere,Shao,Gekko,160.0,14,14,4,103.0,35.0,1
VCT 2025 EMEA Stage 1,https://www.vlr.gg/482509/team-liquid-vs-natus-vincere-champions-tour-2025-emea-stage-1-playoffs-lr2,Split,Team Liquid,Natus Vincere,Team Liquid,nAts,Viper,311.0,21,10,3,198.0,35.0,1
VCT 2025 EMEA Stage 1,https://www.vlr.gg/482509/team-liquid-vs-natus-vincere-champions-tour-2025-emea-stage-1-playoffs-lr2,Split,Team Liquid,Natus Vincere,Team Liquid,keiko,Raze,288.0,18,12,5,204.0,29.0,1
VCT 2025 EMEA Stage 1,https://www.vlr.gg/482509/team-liquid-vs-natus-vincere-champions-tour-2025-emea-stage-1-playoffs-lr2,Split,Team Liquid,Natus Vincere,Team Liquid,Serial,Astra,212.0,13,8,12,146.0,30.0,1
VCT 2025 EMEA Stage 1,https://www.vlr.gg/482509/team-liquid-vs-natus-vincere-champions-tour-2025-emea-stage-1-playoffs-lr2,Split,Team Liquid,Natus Vincere,Team Liquid,paTiTek,Fade,190.0,13,9,2,134.0,28.0,1
VCT 2025 EMEA Stage 1,https://www.vlr.gg/482509/team-liquid-vs-natus-vincere-champions-tour-2025-emea-stage-1-playoffs-lr2,Split,Team Liquid,Natus Vincere,Team Liquid,kamo,Yoru,136.0,7,13,3,97.0,25.0,1
VCT 2025 EMEA Stage 1,https://www.vlr.gg/482509/team-liquid-vs-natus-vincere-champions-tour-2025-emea-stage-1-playoffs-lr2,Split,Natus Vincere,Team Liquid,Team Liquid,Shao,Astra,219.0,13,12,3,130.0,50.0,0
VCT 2025 EMEA Stage 1,https://www.vlr.gg/482509/team-liquid-vs-natus-vincere-champions-tour-2025-emea-stage-1-playoffs-lr2,Split,Natus Vincere,Team Liquid,Team Liquid,Ruxic,Omen,210.0,13,14,8,124.0,34.0,0
VCT 2025 EMEA Stage 1,https://www.vlr.gg/482509/team-liquid-vs-natus-vincere-champions-tour-2025-emea-stage-1-playoffs-lr2,Split,Natus Vincere,Team Liquid,Team Liquid,koalanoob,Raze,171.0,10,15,1,104.0,21.0,0
VCT 2025 EMEA Stage 1,https://www.vlr.gg/482509/team-liquid-vs-natus-vincere-champions-tour-2025-emea-stage-1-playoffs-lr2,Split,Natus Vincere,Team Liquid,Team Liquid,hiro,Vyse,172.0,8,15,7,130.0,27.0,0
VCT 2025 EMEA Stage 1,https://www.vlr.gg/482509/team-liquid-vs-natus-vincere-champions-tour-2025-emea-stage-1-playoffs-lr2,Split,Natus Vincere,Team Liquid,Team Liquid,ANGE1,Fade,134.0,8,16,5,79.0,42.0,0
VCT 2025 EMEA Stage 1,https://www.vlr.gg/482509/team-liquid-vs-natus-vincere-champions-tour-2025-emea-stage-1-playoffs-lr2,Ascent,Team Liquid,Natus Vincere,Team Liquid,keiko,Omen,221.0,19,10,8,155.0,42.0,1
VCT 2025 EMEA Stage 1,https://www.vlr.gg/482509/team-liquid-vs-natus-vincere-champions-tour-2025-emea-stage-1-playoffs-lr2,Ascent,Team Liquid,Natus Vincere,Team Liquid,paTiTek,Tejo,259.0,21,11,3,172.0,16.0,1
VCT 2025 EMEA Stage 1,https://www.vlr.gg/482509/team-liquid-vs-natus-vincere-champions-tour-2025-emea-stage-1-playoffs-lr2,Ascent,Team Liquid,Natus Vincere,Team Liquid,Serial,Deadlock,230.0,16,12,7,153.0,43.0,1
VCT 2025 EMEA Stage 1,https://www.vlr.gg/482509/team-liquid-vs-natus-vincere-champions-tour-2025-emea-stage-1-playoffs-lr2,Ascent,Team Liquid,Natus Vincere,Team Liquid,kamo,Jett,262.0,20,14,4,159.0,22.0,1
VCT 2025 EMEA Stage 1,https://www.vlr.gg/482509/team-liquid-vs-natus-vincere-champions-tour-2025-emea-stage-1-playoffs-lr2,Ascent,Team Liquid,Natus Vincere,Team Liquid,nAts,Cypher,151.0,12,15,1,106.0,15.0,1
VCT 2025 EMEA Stage 1,https://www.vlr.gg/482509/team-liquid-vs-natus-vincere-champions-tour-2025-emea-stage-1-playoffs-lr2,Ascent,Natus Vincere,Team Liquid,Team Liquid,Shao,Tejo,253.0,18,17,6,185.0,24.0,0
VCT 2025 EMEA Stage 1,https://www.vlr.gg/482509/team-liquid-vs-natus-vincere-champions-tour-2025-emea-stage-1-playoffs-lr2,Ascent,Natus Vincere,Team Liquid,Team Liquid,ANGE1,Deadlock,143.0,12,15,0,96.0,50.0,0
VCT 2025 EMEA Stage 1,https://www.vlr.gg/482509/team-liquid-vs-natus-vincere-champions-tour-2025-emea-stage-1-playoffs-lr2,Ascent,Natus Vincere,Team Liquid,Team Liquid,hiro,Cypher,210.0,15,19,2,134.0,24.0,0
VCT 2025 EMEA Stage 1,https://www.vlr.gg/482509/team-liquid-vs-natus-vincere-champions-tour-2025-emea-stage-1-playoffs-lr2,Ascent,Natus Vincere,Team Liquid,Team Liquid,koalanoob,Yoru,167.0,10,18,3,122.0,20.0,0
VCT 2025 EMEA Stage 1,https://www.vlr.gg/482509/team-liquid-vs-natus-vincere-champions-tour-2025-emea-stage-1-playoffs-lr2,Ascent,Natus Vincere,Team Liquid,Team Liquid,Ruxic,Omen,111.0,7,19,6,89.0,36.0,0
VCT 2025 EMEA Stage 1,https://www.vlr.gg/482515/team-heretics-vs-fnatic-champions-tour-2025-emea-stage-1-playoffs-ubf,Fracture,Team Heretics,FNATIC,FNATIC,RieNs,Breach,223.0,15,15,6,145.0,31.0,0
VCT 2025 EMEA Stage 1,https://www.vlr.gg/482515/team-heretics-vs-fnatic-champions-tour-2025-emea-stage-1-playoffs-ubf,Fracture,Team Heretics,FNATIC,FNATIC,Boo,Brimstone,203.0,13,17,8,130.0,46.0,0
VCT 2025 EMEA Stage 1,https://www.vlr.gg/482515/team-heretics-vs-fnatic-champions-tour-2025-emea-stage-1-playoffs-ubf,Fracture,Team Heretics,FNATIC,FNATIC,MiniBoo,Neon,182.0,13,16,4,100.0,28.0,0
VCT 2025 EMEA Stage 1,https://www.vlr.gg/482515/team-heretics-vs-fnatic-champions-tour-2025-emea-stage-1-playoffs-ubf,Fracture,Team Heretics,FNATIC,FNATIC,benjyfishy,Cypher,171.0,11,17,3,117.0,42.0,0
VCT 2025 EMEA Stage 1,https://www.vlr.gg/482515/team-heretics-vs-fnatic-champions-tour-2025-emea-stage-1-playoffs-ubf,Fracture,Team Heretics,FNATIC,FNATIC,Wo0t,Tejo,131.0,8,15,2,93.0,35.0,0
VCT 2025 EMEA Stage 1,https://www.vlr.gg/482515/team-heretics-vs-fnatic-champions-tour-2025-emea-stage-1-playoffs-ubf,Fracture,FNATIC,Team Heretics,FNATIC,kaajak,Neon,274.0,20,12,2,170.0,39.0,1
VCT 2025 EMEA Stage 1,https://www.vlr.gg/482515/team-heretics-vs-fnatic-champions-tour-2025-emea-stage-1-playoffs-ubf,Fracture,FNATIC,Team Heretics,FNATIC,Chronicle,Breach,240.0,16,9,13,156.0,24.0,1
VCT 2025 EMEA Stage 1,https://www.vlr.gg/482515/team-heretics-vs-fnatic-champions-tour-2025-emea-stage-1-playoffs-ubf,Fracture,FNATIC,Team Heretics,FNATIC,Alfajer,Cypher,279.0,20,15,2,174.0,43.0,1
VCT 2025 EMEA Stage 1,https://www.vlr.gg/482515/team-heretics-vs-fnatic-champions-tour-2025-emea-stage-1-playoffs-ubf,Fracture,FNATIC,Team Heretics,FNATIC,Boaster,Brimstone,219.0,15,13,8,146.0,23.0,1
VCT 2025 EMEA Stage 1,https://www.vlr.gg/482515/team-heretics-vs-fnatic-champions-tour-2025-emea-stage-1-playoffs-ubf,Fracture,FNATIC,Team Heretics,FNATIC,crashies,Tejo,130.0,9,11,8,100.0,23.0,1
VCT 2025 EMEA Stage 1,https://www.vlr.gg/482515/team-heretics-vs-fnatic-champions-tour-2025-emea-stage-1-playoffs-ubf,Icebox,Team Heretics,FNATIC,FNATIC,RieNs,Sova,209.0,15,17,5,153.0,36.0,0
VCT 2025 EMEA Stage 1,https://www.vlr.gg/482515/team-heretics-vs-fnatic-champions-tour-2025-emea-stage-1-playoffs-ubf,Icebox,Team Heretics,FNATIC,FNATIC,benjyfishy,Killjoy,212.0,17,17,0,128.0,47.0,0
VCT 2025 EMEA Stage 1,https://www.vlr.gg/482515/team-heretics-vs-fnatic-champions-tour-2025-emea-stage-1-playoffs-ubf,Icebox,Team Heretics,FNATIC,FNATIC,Boo,Viper,164.0,11,16,9,115.0,46.0,0
VCT 2025 EMEA Stage 1,https://www.vlr.gg/482515/team-heretics-vs-fnatic-champions-tour-2025-emea-stage-1-playoffs-ubf,Icebox,Team Heretics,FNATIC,FNATIC,Wo0t,Gekko,154.0,12,17,2,116.0,21.0,0
VCT 2025 EMEA Stage 1,https://www.vlr.gg/482515/team-heretics-vs-fnatic-champions-tour-2025-emea-stage-1-playoffs-ubf,Icebox,Team Heretics,FNATIC,FNATIC,MiniBoo,Neon,176.0,11,20,6,118.0,34.0,0
VCT 2025 EMEA Stage 1,https://www.vlr.gg/482515/team-heretics-vs-fnatic-champions-tour-2025-emea-stage-1-playoffs-ubf,Icebox,FNATIC,Team Heretics,FNATIC,crashies,Tejo,271.0,22,13,5,174.0,23.0,1
VCT 2025 EMEA Stage 1,https://www.vlr.gg/482515/team-heretics-vs-fnatic-champions-tour-2025-emea-stage-1-playoffs-ubf,Icebox,FNATIC,Team Heretics,FNATIC,kaajak,Sage,232.0,18,12,4,149.0,39.0,1
VCT 2025 EMEA Stage 1,https://www.vlr.gg/482515/team-heretics-vs-fnatic-champions-tour-2025-emea-stage-1-playoffs-ubf,Icebox,FNATIC,Team Heretics,FNATIC,Boaster,Viper,199.0,15,11,4,126.0,21.0,1
VCT 2025 EMEA Stage 1,https://www.vlr.gg/482515/team-heretics-vs-fnatic-champions-tour-2025-emea-stage-1-playoffs-ubf,Icebox,FNATIC,Team Heretics,FNATIC,Alfajer,Killjoy,253.0,20,16,5,187.0,45.0,1
VCT 2025 EMEA Stage 1,https://www.vlr.gg/482515/team-heretics-vs-fnatic-champions-tour-2025-emea-stage-1-playoffs-ubf,Icebox,FNATIC,Team Heretics,FNATIC,Chronicle,Gekko,157.0,12,14,8,114.0,18.0,1
VCT 2025 EMEA Stage 1,https://www.vlr.gg/482511/team-liquid-vs-bbl-esports-champions-tour-2025-emea-stage-1-playoffs-lr3,Haven,Team Liquid,BBL Esports,Team Liquid,nAts,Cypher,269.0,23,15,2,175.0,35.0,1
VCT 2025 EMEA Stage 1,https://www.vlr.gg/482511/team-liquid-vs-bbl-esports-champions-tour-2025-emea-stage-1-playoffs-lr3,Haven,Team Liquid,BBL Esports,Team Liquid,paTiTek,Tejo,201.0,19,16,1,141.0,35.0,1
VCT 2025 EMEA Stage 1,https://www.vlr.gg/482511/team-liquid-vs-bbl-esports-champions-tour-2025-emea-stage-1-playoffs-lr3,Haven,Team Liquid,BBL Esports,Team Liquid,kamo,Yoru,230.0,20,15,3,138.0,40.0,1
VCT 2025 EMEA Stage 1,https://www.vlr.gg/482511/team-liquid-vs-bbl-esports-champions-tour-2025-emea-stage-1-playoffs-lr3,Haven,Team Liquid,BBL Esports,Team Liquid,Serial,Deadlock,151.0,14,18,5,111.0,54.0,1
VCT 2025 EMEA Stage 1,https://www.vlr.gg/482511/team-liquid-vs-bbl-esports-champions-tour-2025-emea-stage-1-playoffs-lr3,Haven,Team Liquid,BBL Esports,Team Liquid,keiko,Omen,137.0,10,19,9,96.0,30.0,1
VCT 2025 EMEA Stage 1,https://www.vlr.gg/482511/team-liquid-vs-bbl-esports-champions-tour-2025-emea-stage-1-playoffs-lr3,Haven,BBL Esports,Team Liquid,Team Liquid,LewN,Iso,244.0,22,16,3,169.0,42.0,0
VCT 2025 EMEA Stage 1,https://www.vlr.gg/482511/team-liquid-vs-bbl-esports-champions-tour-2025-emea-stage-1-playoffs-lr3,Haven,BBL Esports,Team Liquid,Team Liquid,PROFEK,Omen,217.0,18,19,16,142.0,36.0,0
VCT 2025 EMEA Stage 1,https://www.vlr.gg/482511/team-liquid-vs-bbl-esports-champions-tour-2025-emea-stage-1-playoffs-lr3,Haven,BBL Esports,Team Liquid,Team Liquid,MAGNUM,Cypher,159.0,14,15,4,115.0,33.0,0
VCT 2025 EMEA Stage 1,https://www.vlr.gg/482511/team-liquid-vs-bbl-esports-champions-tour-2025-emea-stage-1-playoffs-lr3,Haven,BBL Esports,Team Liquid,Team Liquid,Jamppi,Sova,182.0,12,19,10,142.0,29.0,0
VCT 2025 EMEA Stage 1,https://www.vlr.gg/482511/team-liquid-vs-bbl-esports-champions-tour-2025-emea-stage-1-playoffs-lr3,Haven,BBL Esports,Team Liquid,Team Liquid,sociablEE,Yoru,200.0,17,17,5,118.0,23.0,0
VCT 2025 EMEA Stage 1,https://www.vlr.gg/482511/team-liquid-vs-bbl-esports-champions-tour-2025-emea-stage-1-playoffs-lr3,Split,Team Liquid,BBL Esports,BBL Esports,nAts,Viper,279.0,18,15,10,192.0,27.0,0
VCT 2025 EMEA Stage 1,https://www.vlr.gg/482511/team-liquid-vs-bbl-esports-champions-tour-2025-emea-stage-1-playoffs-lr3,Split,Team Liquid,BBL Esports,BBL Esports,Serial,Astra,126.0,8,12,7,89.0,30.0,0
VCT 2025 EMEA Stage 1,https://www.vlr.gg/482511/team-liquid-vs-bbl-esports-champions-tour-2025-emea-stage-1-playoffs-lr3,Split,Team Liquid,BBL Esports,BBL Esports,paTiTek,Fade,207.0,14,16,3,140.0,18.0,0
VCT 2025 EMEA Stage 1,https://www.vlr.gg/482511/team-liquid-vs-bbl-esports-champions-tour-2025-emea-stage-1-playoffs-lr3,Split,Team Liquid,BBL Esports,BBL Esports,kamo,Yoru,176.0,12,16,3,122.0,39.0,0
VCT 2025 EMEA Stage 1,https://www.vlr.gg/482511/team-liquid-vs-bbl-esports-champions-tour-2025-emea-stage-1-playoffs-lr3,Split,Team Liquid,BBL Esports,BBL Esports,keiko,Raze,121.0,8,15,1,74.0,36.0,0
VCT 2025 EMEA Stage 1,https://www.vlr.gg/482511/team-liquid-vs-bbl-esports-champions-tour-2025-emea-stage-1-playoffs-lr3,Split,BBL Esports,Team Liquid,BBL Esports,sociablEE,Sage,266.0,19,11,6,174.0,23.0,1
VCT 2025 EMEA Stage 1,https://www.vlr.gg/482511/team-liquid-vs-bbl-esports-champions-tour-2025-emea-stage-1-playoffs-lr3,Split,BBL Esports,Team Liquid,BBL Esports,Jamppi,Breach,242.0,18,12,9,134.0,17.0,1
VCT 2025 EMEA Stage 1,https://www.vlr.gg/482511/team-liquid-vs-bbl-esports-champions-tour-2025-emea-stage-1-playoffs-lr3,Split,BBL Esports,Team Liquid,BBL Esports,MAGNUM,Deadlock,169.0,13,11,11,98.0,39.0,1
VCT 2025 EMEA Stage 1,https://www.vlr.gg/482511/team-liquid-vs-bbl-esports-champions-tour-2025-emea-stage-1-playoffs-lr3,Split,BBL Esports,Team Liquid,BBL Esports,PROFEK,Omen,169.0,10,12,10,115.0,24.0,1
VCT 2025 EMEA Stage 1,https://www.vlr.gg/482511/team-liquid-vs-bbl-esports-champions-tour-2025-emea-stage-1-playoffs-lr3,Split,BBL Esports,Team Liquid,BBL Esports,LewN,Raze,194.0,14,14,3,121.0,23.0,1
VCT 2025 EMEA Stage 1,https://www.vlr.gg/482511/team-liquid-vs-bbl-esports-champions-tour-2025-emea-stage-1-playoffs-lr3,Fracture,Team Liquid,BBL Esports,Team Liquid,keiko,Brimstone,251.0,19,12,8,159.0,47.0,1
VCT 2025 EMEA Stage 1,https://www.vlr.gg/482511/team-liquid-vs-bbl-esports-champions-tour-2025-emea-stage-1-playoffs-lr3,Fracture,Team Liquid,BBL Esports,Team Liquid,paTiTek,Breach,172.0,14,10,13,99.0,23.0,1
VCT 2025 EMEA Stage 1,https://www.vlr.gg/482511/team-liquid-vs-bbl-esports-champions-tour-2025-emea-stage-1-playoffs-lr3,Fracture,Team Liquid,BBL Esports,Team Liquid,Serial,Tejo,199.0,15,12,3,140.0,40.0,1
VCT 2025 EMEA Stage 1,https://www.vlr.gg/482511/team-liquid-vs-bbl-esports-champions-tour-2025-emea-stage-1-playoffs-lr3,Fracture,Team Liquid,BBL Esports,Team Liquid,nAts,Vyse,207.0,15,14,6,134.0,29.0,1
VCT 2025 EMEA Stage 1,https://www.vlr.gg/482511/team-liquid-vs-bbl-esports-champions-tour-2025-emea-stage-1-playoffs-lr3,Fracture,Team Liquid,BBL Esports,Team Liquid,kamo,Neon,195.0,13,14,4,129.0,29.0,1
VCT 2025 EMEA Stage 1,https://www.vlr.gg/482511/team-liquid-vs-bbl-esports-champions-tour-2025-emea-stage-1-playoffs-lr3,Fracture,BBL Esports,Team Liquid,Team Liquid,PROFEK,Brimstone,271.0,20,15,4,175.0,31.0,0
VCT 2025 EMEA Stage 1,https://www.vlr.gg/482511/team-liquid-vs-bbl-esports-champions-tour-2025-emea-stage-1-playoffs-lr3,Fracture,BBL Esports,Team Liquid,Team Liquid,MAGNUM,Cypher,210.0,14,14,8,128.0,22.0,0
VCT 2025 EMEA Stage 1,https://www.vlr.gg/482511/team-liquid-vs-bbl-esports-champions-tour-2025-emea-stage-1-playoffs-lr3,Fracture,BBL Esports,Team Liquid,Team Liquid,sociablEE,Tejo,140.0,11,16,1,98.0,30.0,0
VCT 2025 EMEA Stage 1,https://www.vlr.gg/482511/team-liquid-vs-bbl-esports-champions-tour-2025-emea-stage-1-playoffs-lr3,Fracture,BBL Esports,Team Liquid,Team Liquid,Jamppi,Breach,100.0,7,14,11,68.0,24.0,0
VCT 2025 EMEA Stage 1,https://www.vlr.gg/482511/team-liquid-vs-bbl-esports-champions-tour-2025-emea-stage-1-playoffs-lr3,Fracture,BBL Esports,Team Liquid,Team Liquid,LewN,Jett,149.0,10,17,4,94.0,42.0,0
VCT 2025 EMEA Stage 1,https://www.vlr.gg/482512/team-heretics-vs-team-liquid-champions-tour-2025-emea-stage-1-playoffs-lbf,Haven,Team Heretics,Team Liquid,Team Heretics,benjyfishy,Cypher,329.0,22,5,1,225.0,53.0,1
VCT 2025 EMEA Stage 1,https://www.vlr.gg/482512/team-heretics-vs-team-liquid-champions-tour-2025-emea-stage-1-playoffs-lbf,Haven,Team Heretics,Team Liquid,Team Heretics,MiniBoo,Yoru,299.0,17,10,5,204.0,37.0,1
VCT 2025 EMEA Stage 1,https://www.vlr.gg/482512/team-heretics-vs-team-liquid-champions-tour-2025-emea-stage-1-playoffs-lbf,Haven,Team Heretics,Team Liquid,Team Heretics,Boo,Omen,257.0,16,9,3,149.0,52.0,1
VCT 2025 EMEA Stage 1,https://www.vlr.gg/482512/team-heretics-vs-team-liquid-champions-tour-2025-emea-stage-1-playoffs-lbf,Haven,Team Heretics,Team Liquid,Team Heretics,Wo0t,Iso,152.0,7,10,7,104.0,28.0,1
VCT 2025 EMEA Stage 1,https://www.vlr.gg/482512/team-heretics-vs-team-liquid-champions-tour-2025-emea-stage-1-playoffs-lbf,Haven,Team Heretics,Team Liquid,Team Heretics,RieNs,Sova,103.0,6,9,5,75.0,35.0,1
VCT 2025 EMEA Stage 1,https://www.vlr.gg/482512/team-heretics-vs-team-liquid-champions-tour-2025-emea-stage-1-playoffs-lbf,Haven,Team Liquid,Team Heretics,Team Heretics,paTiTek,Tejo,216.0,11,15,3,142.0,35.0,0
VCT 2025 EMEA Stage 1,https://www.vlr.gg/482512/team-heretics-vs-team-liquid-champions-tour-2025-emea-stage-1-playoffs-lbf,Haven,Team Liquid,Team Heretics,Team Heretics,nAts,Cypher,200.0,10,13,3,119.0,34.0,0
VCT 2025 EMEA Stage 1,https://www.vlr.gg/482512/team-heretics-vs-team-liquid-champions-tour-2025-emea-stage-1-playoffs-lbf,Haven,Team Liquid,Team Heretics,Team Heretics,Serial,Deadlock,143.0,9,15,2,85.0,30.0,0
VCT 2025 EMEA Stage 1,https://www.vlr.gg/482512/team-heretics-vs-team-liquid-champions-tour-2025-emea-stage-1-playoffs-lbf,Haven,Team Liquid,Team Heretics,Team Heretics,kamo,Yoru,145.0,7,12,0,91.0,32.0,0
VCT 2025 EMEA Stage 1,https://www.vlr.gg/482512/team-heretics-vs-team-liquid-champions-tour-2025-emea-stage-1-playoffs-lbf,Haven,Team Liquid,Team Heretics,Team Heretics,keiko,Omen,119.0,6,13,2,87.0,38.0,0
VCT 2025 EMEA Stage 1,https://www.vlr.gg/482512/team-heretics-vs-team-liquid-champions-tour-2025-emea-stage-1-playoffs-lbf,Ascent,Team Heretics,Team Liquid,Team Heretics,RieNs,Sova,331.0,29,14,5,204.0,43.0,1
VCT 2025 EMEA Stage 1,https://www.vlr.gg/482512/team-heretics-vs-team-liquid-champions-tour-2025-emea-stage-1-playoffs-lbf,Ascent,Team Heretics,Team Liquid,Team Heretics,MiniBoo,Yoru,246.0,20,17,6,160.0,38.0,1
VCT 2025 EMEA Stage 1,https://www.vlr.gg/482512/team-heretics-vs-team-liquid-champions-tour-2025-emea-stage-1-playoffs-lbf,Ascent,Team Heretics,Team Liquid,Team Heretics,Wo0t,Jett,226.0,19,12,2,145.0,38.0,1
VCT 2025 EMEA Stage 1,https://www.vlr.gg/482512/team-heretics-vs-team-liquid-champions-tour-2025-emea-stage-1-playoffs-lbf,Ascent,Team Heretics,Team Liquid,Team Heretics,benjyfishy,Cypher,182.0,16,12,5,130.0,29.0,1
VCT 2025 EMEA Stage 1,https://www.vlr.gg/482512/team-heretics-vs-team-liquid-champions-tour-2025-emea-stage-1-playoffs-lbf,Ascent,Team Heretics,Team Liquid,Team Heretics,Boo,Omen,128.0,8,14,13,87.0,29.0,1
VCT 2025 EMEA Stage 1,https://www.vlr.gg/482512/team-heretics-vs-team-liquid-champions-tour-2025-emea-stage-1-playoffs-lbf,Ascent,Team Liquid,Team Heretics,Team Heretics,Serial,Deadlock,225.0,18,17,3,147.0,32.0,0
VCT 2025 EMEA Stage 1,https://www.vlr.gg/482512/team-heretics-vs-team-liquid-champions-tour-2025-emea-stage-1-playoffs-lbf,Ascent,Team Liquid,Team Heretics,Team Heretics,paTiTek,Tejo,144.0,13,15,4,95.0,37.0,0
VCT 2025 EMEA Stage 1,https://www.vlr.gg/482512/team-heretics-vs-team-liquid-champions-tour-2025-emea-stage-1-playoffs-lbf,Ascent,Team Liquid,Team Heretics,Team Heretics,kamo,Jett,224.0,17,21,5,136.0,33.0,0
VCT 2025 EMEA Stage 1,https://www.vlr.gg/482512/team-heretics-vs-team-liquid-champions-tour-2025-emea-stage-1-playoffs-lbf,Ascent,Team Liquid,Team Heretics,Team Heretics,nAts,Cypher,177.0,12,20,9,113.0,22.0,0
VCT 2025 EMEA Stage 1,https://www.vlr.gg/482512/team-heretics-vs-team-liquid-champions-tour-2025-emea-stage-1-playoffs-lbf,Ascent,Team Liquid,Team Heretics,Team Heretics,keiko,Omen,119.0,9,19,7,79.0,35.0,0
VCT 2025 EMEA Stage 1,https://www.vlr.gg/482512/team-heretics-vs-team-liquid-champions-tour-2025-emea-stage-1-playoffs-lbf,Icebox,Team Heretics,Team Liquid,Team Heretics,Wo0t,Gekko,421.0,26,6,2,253.0,38.0,1
VCT 2025 EMEA Stage 1,https://www.vlr.gg/482512/team-heretics-vs-team-liquid-champions-tour-2025-emea-stage-1-playoffs-lbf,Icebox,Team Heretics,Team Liquid,Team Heretics,RieNs,Sova,201.0,12,7,8,148.0,40.0,1
VCT 2025 EMEA Stage 1,https://www.vlr.gg/482512/team-heretics-vs-team-liquid-champions-tour-2025-emea-stage-1-playoffs-lbf,Icebox,Team Heretics,Team Liquid,Team Heretics,benjyfishy,Killjoy,168.0,10,6,1,122.0,18.0,1
VCT 2025 EMEA Stage 1,https://www.vlr.gg/482512/team-heretics-vs-team-liquid-champions-tour-2025-emea-stage-1-playoffs-lbf,Icebox,Team Heretics,Team Liquid,Team Heretics,MiniBoo,Neon,264.0,13,11,8,176.0,33.0,1
VCT 2025 EMEA Stage 1,https://www.vlr.gg/482512/team-heretics-vs-team-liquid-champions-tour-2025-emea-stage-1-playoffs-lbf,Icebox,Team Heretics,Team Liquid,Team Heretics,Boo,Viper,195.0,10,8,7,112.0,33.0,1
VCT 2025 EMEA Stage 1,https://www.vlr.gg/482512/team-heretics-vs-team-liquid-champions-tour-2025-emea-stage-1-playoffs-lbf,Icebox,Team Liquid,Team Heretics,Team Heretics,Serial,Killjoy,244.0,13,12,0,166.0,43.0,0
VCT 2025 EMEA Stage 1,https://www.vlr.gg/482512/team-heretics-vs-team-liquid-champions-tour-2025-emea-stage-1-playoffs-lbf,Icebox,Team Liquid,Team Heretics,Team Heretics,keiko,Jett,215.0,11,15,0,136.0,63.0,0
VCT 2025 EMEA Stage 1,https://www.vlr.gg/482512/team-heretics-vs-team-liquid-champions-tour-2025-emea-stage-1-playoffs-lbf,Icebox,Team Liquid,Team Heretics,Team Heretics,paTiTek,Kayo,194.0,10,15,2,116.0,38.0,0
VCT 2025 EMEA Stage 1,https://www.vlr.gg/482512/team-heretics-vs-team-liquid-champions-tour-2025-emea-stage-1-playoffs-lbf,Icebox,Team Liquid,Team Heretics,Team Heretics,kamo,Gekko,78.0,3,14,3,58.0,24.0,0
VCT 2025 EMEA Stage 1,https://www.vlr.gg/482512/team-heretics-vs-team-liquid-champions-tour-2025-emea-stage-1-playoffs-lbf,Icebox,Team Liquid,Team Heretics,Team Heretics,nAts,Viper,54.0,1,15,4,54.0,6.0,0
VCT 2025 EMEA Stage 1,https://www.vlr.gg/482513/fnatic-vs-team-heretics-champions-tour-2025-emea-stage-1-playoffs-gf,Split,FNATIC,Team Heretics,FNATIC,kaajak,Yoru,419.0,28,5,2,272.0,43.0,1
VCT 2025 EMEA Stage 1,https://www.vlr.gg/482513/fnatic-vs-team-heretics-champions-tour-2025-emea-stage-1-playoffs-gf,Split,FNATIC,Team Heretics,FNATIC,Chronicle,Viper,269.0,18,7,2,174.0,24.0,1
VCT 2025 EMEA Stage 1,https://www.vlr.gg/482513/fnatic-vs-team-heretics-champions-tour-2025-emea-stage-1-playoffs-gf,Split,FNATIC,Team Heretics,FNATIC,Alfajer,Raze,228.0,11,12,8,153.0,20.0,1
VCT 2025 EMEA Stage 1,https://www.vlr.gg/482513/fnatic-vs-team-heretics-champions-tour-2025-emea-stage-1-playoffs-gf,Split,FNATIC,Team Heretics,FNATIC,crashies,Fade,108.0,7,7,5,67.0,29.0,1
VCT 2025 EMEA Stage 1,https://www.vlr.gg/482513/fnatic-vs-team-heretics-champions-tour-2025-emea-stage-1-playoffs-gf,Split,FNATIC,Team Heretics,FNATIC,Boaster,Astra,100.0,7,9,2,71.0,27.0,1
VCT 2025 EMEA Stage 1,https://www.vlr.gg/482513/fnatic-vs-team-heretics-champions-tour-2025-emea-stage-1-playoffs-gf,Split,Team Heretics,FNATIC,FNATIC,RieNs,Fade,173.0,11,12,1,110.0,56.0,0
VCT 2025 EMEA Stage 1,https://www.vlr.gg/482513/fnatic-vs-team-heretics-champions-tour-2025-emea-stage-1-playoffs-gf,Split,Team Heretics,FNATIC,FNATIC,Wo0t,Raze,203.0,11,14,3,144.0,24.0,0
VCT 2025 EMEA Stage 1,https://www.vlr.gg/482513/fnatic-vs-team-heretics-champions-tour-2025-emea-stage-1-playoffs-gf,Split,Team Heretics,FNATIC,FNATIC,MiniBoo,Yoru,163.0,8,16,4,111.0,27.0,0
VCT 2025 EMEA Stage 1,https://www.vlr.gg/482513/fnatic-vs-team-heretics-champions-tour-2025-emea-stage-1-playoffs-gf,Split,Team Heretics,FNATIC,FNATIC,benjyfishy,Viper,124.0,7,14,1,95.0,47.0,0
VCT 2025 EMEA Stage 1,https://www.vlr.gg/482513/fnatic-vs-team-heretics-champions-tour-2025-emea-stage-1-playoffs-gf,Split,Team Heretics,FNATIC,FNATIC,Boo,Omen,67.0,3,15,2,41.0,27.0,0
VCT 2025 EMEA Stage 1,https://www.vlr.gg/482513/fnatic-vs-team-heretics-champions-tour-2025-emea-stage-1-playoffs-gf,Icebox,FNATIC,Team Heretics,FNATIC,kaajak,Sage,219.0,17,11,9,150.0,31.0,1
VCT 2025 EMEA Stage 1,https://www.vlr.gg/482513/fnatic-vs-team-heretics-champions-tour-2025-emea-stage-1-playoffs-gf,Icebox,FNATIC,Team Heretics,FNATIC,Boaster,Viper,232.0,18,14,4,142.0,41.0,1
VCT 2025 EMEA Stage 1,https://www.vlr.gg/482513/fnatic-vs-team-heretics-champions-tour-2025-emea-stage-1-playoffs-gf,Icebox,FNATIC,Team Heretics,FNATIC,Alfajer,Killjoy,218.0,17,15,3,140.0,32.0,1
VCT 2025 EMEA Stage 1,https://www.vlr.gg/482513/fnatic-vs-team-heretics-champions-tour-2025-emea-stage-1-playoffs-gf,Icebox,FNATIC,Team Heretics,FNATIC,Chronicle,Gekko,228.0,16,16,13,145.0,17.0,1
VCT 2025 EMEA Stage 1,https://www.vlr.gg/482513/fnatic-vs-team-heretics-champions-tour-2025-emea-stage-1-playoffs-gf,Icebox,FNATIC,Team Heretics,FNATIC,crashies,Tejo,181.0,15,14,8,129.0,32.0,1
VCT 2025 EMEA Stage 1,https://www.vlr.gg/482513/fnatic-vs-team-heretics-champions-tour-2025-emea-stage-1-playoffs-gf,Icebox,Team Heretics,FNATIC,FNATIC,MiniBoo,Neon,248.0,19,15,5,157.0,50.0,0
VCT 2025 EMEA Stage 1,https://www.vlr.gg/482513/fnatic-vs-team-heretics-champions-tour-2025-emea-stage-1-playoffs-gf,Icebox,Team Heretics,FNATIC,FNATIC,benjyfishy,Killjoy,227.0,18,15,2,163.0,42.0,0
VCT 2025 EMEA Stage 1,https://www.vlr.gg/482513/fnatic-vs-team-heretics-champions-tour-2025-emea-stage-1-playoffs-gf,Icebox,Team Heretics,FNATIC,FNATIC,Wo0t,Gekko,173.0,15,17,3,114.0,57.0,0
VCT 2025 EMEA Stage 1,https://www.vlr.gg/482513/fnatic-vs-team-heretics-champions-tour-2025-emea-stage-1-playoffs-gf,Icebox,Team Heretics,FNATIC,FNATIC,Boo,Viper,142.0,9,16,11,100.0,39.0,0
VCT 2025 EMEA Stage 1,https://www.vlr.gg/482513/fnatic-vs-team-heretics-champions-tour-2025-emea-stage-1-playoffs-gf,Icebox,Team Heretics,FNATIC,FNATIC,RieNs,Sova,139.0,9,20,6,105.0,44.0,0
VCT 2025 EMEA Stage 1,https://www.vlr.gg/482513/fnatic-vs-team-heretics-champions-tour-2025-emea-stage-1-playoffs-gf,Fracture,FNATIC,Team Heretics,FNATIC,kaajak,Neon,311.0,28,17,6,194.0,20.0,1
VCT 2025 EMEA Stage 1,https://www.vlr.gg/482513/fnatic-vs-team-heretics-champions-tour-2025-emea-stage-1-playoffs-gf,Fracture,FNATIC,Team Heretics,FNATIC,Chronicle,Breach,151.0,13,16,11,99.0,17.0,1
VCT 2025 EMEA Stage 1,https://www.vlr.gg/482513/fnatic-vs-team-heretics-champions-tour-2025-emea-stage-1-playoffs-gf,Fracture,FNATIC,Team Heretics,FNATIC,crashies,Tejo,168.0,14,17,11,111.0,21.0,1
VCT 2025 EMEA Stage 1,https://www.vlr.gg/482513/fnatic-vs-team-heretics-champions-tour-2025-emea-stage-1-playoffs-gf,Fracture,FNATIC,Team Heretics,FNATIC,Alfajer,Cypher,169.0,17,18,3,108.0,22.0,1
VCT 2025 EMEA Stage 1,https://www.vlr.gg/482513/fnatic-vs-team-heretics-champions-tour-2025-emea-stage-1-playoffs-gf,Fracture,FNATIC,Team Heretics,FNATIC,Boaster,Brimstone,168.0,15,18,10,121.0,24.0,1
VCT 2025 EMEA Stage 1,https://www.vlr.gg/482513/fnatic-vs-team-heretics-champions-tour-2025-emea-stage-1-playoffs-gf,Fracture,Team Heretics,FNATIC,FNATIC,Wo0t,Raze,242.0,21,18,5,155.0,22.0,0
VCT 2025 EMEA Stage 1,https://www.vlr.gg/482513/fnatic-vs-team-heretics-champions-tour-2025-emea-stage-1-playoffs-gf,Fracture,Team Heretics,FNATIC,FNATIC,benjyfishy,Cypher,178.0,18,15,4,116.0,49.0,0
VCT 2025 EMEA Stage 1,https://www.vlr.gg/482513/fnatic-vs-team-heretics-champions-tour-2025-emea-stage-1-playoffs-gf,Fracture,Team Heretics,FNATIC,FNATIC,Boo,Brimstone,144.0,14,16,9,79.0,16.0,0
VCT 2025 EMEA Stage 1,https://www.vlr.gg/482513/fnatic-vs-team-heretics-champions-tour-2025-emea-stage-1-playoffs-gf,Fracture,Team Heretics,FNATIC,FNATIC,RieNs,Fade,201.0,18,20,10,134.0,24.0,0
VCT 2025 EMEA Stage 1,https://www.vlr.gg/482513/fnatic-vs-team-heretics-champions-tour-2025-emea-stage-1-playoffs-gf,Fracture,Team Heretics,FNATIC,FNATIC,MiniBoo,Yoru,173.0,15,18,6,104.0,36.0,0
VCT 2025 Pacific Stage 1,https://www.vlr.gg/473833/talon-vs-gen-g-champions-tour-2025-pacific-stage-1-ur1,Haven,TALON,Gen.G,TALON,primmie,Yoru,234.0,18,7,2,139.0,52.0,1
VCT 2025 Pacific Stage 1,https://www.vlr.gg/473833/talon-vs-gen-g-champions-tour-2025-pacific-stage-1-ur1,Haven,TALON,Gen.G,TALON,thyy,Omen,233.0,17,9,4,159.0,30.0,1
VCT 2025 Pacific Stage 1,https://www.vlr.gg/473833/talon-vs-gen-g-champions-tour-2025-pacific-stage-1-ur1,Haven,TALON,Gen.G,TALON,JitBoyS,Cypher,215.0,16,9,3,132.0,56.0,1
VCT 2025 Pacific Stage 1,https://www.vlr.gg/473833/talon-vs-gen-g-champions-tour-2025-pacific-stage-1-ur1,Haven,TALON,Gen.G,TALON,Crws,Deadlock,214.0,12,11,10,127.0,24.0,1
VCT 2025 Pacific Stage 1,https://www.vlr.gg/473833/talon-vs-gen-g-champions-tour-2025-pacific-stage-1-ur1,Haven,TALON,Gen.G,TALON,Killua,Tejo,166.0,12,10,3,115.0,33.0,1
VCT 2025 Pacific Stage 1,https://www.vlr.gg/473833/talon-vs-gen-g-champions-tour-2025-pacific-stage-1-ur1,Haven,Gen.G,TALON,TALON,t3xture,Neon,199.0,12,15,3,141.0,29.0,0
VCT 2025 Pacific Stage 1,https://www.vlr.gg/473833/talon-vs-gen-g-champions-tour-2025-pacific-stage-1-ur1,Haven,Gen.G,TALON,TALON,Karon,Omen,152.0,9,15,6,94.0,38.0,0
VCT 2025 Pacific Stage 1,https://www.vlr.gg/473833/talon-vs-gen-g-champions-tour-2025-pacific-stage-1-ur1,Haven,Gen.G,TALON,TALON,Foxy9,Killjoy,160.0,11,14,3,96.0,31.0,0
VCT 2025 Pacific Stage 1,https://www.vlr.gg/473833/talon-vs-gen-g-champions-tour-2025-pacific-stage-1-ur1,Haven,Gen.G,TALON,TALON,Munchkin,Viper,124.0,7,16,6,84.0,25.0,0
VCT 2025 Pacific Stage 1,https://www.vlr.gg/473833/talon-vs-gen-g-champions-tour-2025-pacific-stage-1-ur1,Haven,Gen.G,TALON,TALON,Ash,Tejo,97.0,7,15,3,56.0,20.0,0
VCT 2025 Pacific Stage 1,https://www.vlr.gg/473833/talon-vs-gen-g-champions-tour-2025-pacific-stage-1-ur1,Icebox,TALON,Gen.G,Gen.G,Crws,Sova,181.0,10,13,6,135.0,26.0,0
VCT 2025 Pacific Stage 1,https://www.vlr.gg/473833/talon-vs-gen-g-champions-tour-2025-pacific-stage-1-ur1,Icebox,TALON,Gen.G,Gen.G,Killua,Killjoy,201.0,13,15,1,126.0,34.0,0
VCT 2025 Pacific Stage 1,https://www.vlr.gg/473833/talon-vs-gen-g-champions-tour-2025-pacific-stage-1-ur1,Icebox,TALON,Gen.G,Gen.G,JitBoyS,Harbor,170.0,11,17,5,115.0,27.0,0
VCT 2025 Pacific Stage 1,https://www.vlr.gg/473833/talon-vs-gen-g-champions-tour-2025-pacific-stage-1-ur1,Icebox,TALON,Gen.G,Gen.G,thyy,Viper,135.0,9,15,5,111.0,35.0,0
VCT 2025 Pacific Stage 1,https://www.vlr.gg/473833/talon-vs-gen-g-champions-tour-2025-pacific-stage-1-ur1,Icebox,TALON,Gen.G,Gen.G,primmie,Jett,86.0,5,16,2,61.0,43.0,0
VCT 2025 Pacific Stage 1,https://www.vlr.gg/473833/talon-vs-gen-g-champions-tour-2025-pacific-stage-1-ur1,Icebox,Gen.G,TALON,Gen.G,Ash,Tejo,221.0,15,8,5,140.0,31.0,1
VCT 2025 Pacific Stage 1,https://www.vlr.gg/473833/talon-vs-gen-g-champions-tour-2025-pacific-stage-1-ur1,Icebox,Gen.G,TALON,Gen.G,Munchkin,Kayo,218.0,15,8,12,140.0,27.0,1
VCT 2025 Pacific Stage 1,https://www.vlr.gg/473833/talon-vs-gen-g-champions-tour-2025-pacific-stage-1-ur1,Icebox,Gen.G,TALON,Gen.G,t3xture,Yoru,284.0,19,12,4,165.0,33.0,1
VCT 2025 Pacific Stage 1,https://www.vlr.gg/473833/talon-vs-gen-g-champions-tour-2025-pacific-stage-1-ur1,Icebox,Gen.G,TALON,Gen.G,Foxy9,Killjoy,199.0,16,8,1,129.0,45.0,1
VCT 2025 Pacific Stage 1,https://www.vlr.gg/473833/talon-vs-gen-g-champions-tour-2025-pacific-stage-1-ur1,Icebox,Gen.G,TALON,Gen.G,Karon,Viper,166.0,11,12,4,116.0,29.0,1
VCT 2025 Pacific Stage 1,https://www.vlr.gg/473833/talon-vs-gen-g-champions-tour-2025-pacific-stage-1-ur1,Pearl,TALON,Gen.G,Gen.G,primmie,Yoru,288.0,16,13,2,188.0,46.0,0
VCT 2025 Pacific Stage 1,https://www.vlr.gg/473833/talon-vs-gen-g-champions-tour-2025-pacific-stage-1-ur1,Pearl,TALON,Gen.G,Gen.G,JitBoyS,Cypher,155.0,8,13,3,95.0,56.0,0
VCT 2025 Pacific Stage 1,https://www.vlr.gg/473833/talon-vs-gen-g-champions-tour-2025-pacific-stage-1-ur1,Pearl,TALON,Gen.G,Gen.G,thyy,Astra,138.0,8,13,4,100.0,23.0,0
VCT 2025 Pacific Stage 1,https://www.vlr.gg/473833/talon-vs-gen-g-champions-tour-2025-pacific-stage-1-ur1,Pearl,TALON,Gen.G,Gen.G,Crws,Fade,56.0,2,14,3,42.0,21.0,0
VCT 2025 Pacific Stage 1,https://www.vlr.gg/473833/talon-vs-gen-g-champions-tour-2025-pacific-stage-1-ur1,Pearl,TALON,Gen.G,Gen.G,Killua,Vyse,80.0,4,14,0,62.0,29.0,0
VCT 2025 Pacific Stage 1,https://www.vlr.gg/473833/talon-vs-gen-g-champions-tour-2025-pacific-stage-1-ur1,Pearl,Gen.G,TALON,Gen.G,Ash,Tejo,310.0,19,4,6,236.0,32.0,1
VCT 2025 Pacific Stage 1,https://www.vlr.gg/473833/talon-vs-gen-g-champions-tour-2025-pacific-stage-1-ur1,Pearl,Gen.G,TALON,Gen.G,t3xture,Neon,315.0,19,8,1,188.0,34.0,1
VCT 2025 Pacific Stage 1,https://www.vlr.gg/473833/talon-vs-gen-g-champions-tour-2025-pacific-stage-1-ur1,Pearl,Gen.G,TALON,Gen.G,Foxy9,Killjoy,180.0,12,8,1,122.0,36.0,1
VCT 2025 Pacific Stage 1,https://www.vlr.gg/473833/talon-vs-gen-g-champions-tour-2025-pacific-stage-1-ur1,Pearl,Gen.G,TALON,Gen.G,Munchkin,Kayo,159.0,9,8,14,88.0,12.0,1
VCT 2025 Pacific Stage 1,https://www.vlr.gg/473833/talon-vs-gen-g-champions-tour-2025-pacific-stage-1-ur1,Pearl,Gen.G,TALON,Gen.G,Karon,Astra,153.0,8,10,12,110.0,26.0,1
VCT 2025 Pacific Stage 1,https://www.vlr.gg/473834/drx-vs-t1-champions-tour-2025-pacific-stage-1-ur1,Lotus,DRX,T1,DRX,MaKo,Omen,241.0,24,17,9,155.0,30.0,1
VCT 2025 Pacific Stage 1,https://www.vlr.gg/473834/drx-vs-t1-champions-tour-2025-pacific-stage-1-ur1,Lotus,DRX,T1,DRX,free1ng,Killjoy,204.0,19,17,3,135.0,28.0,1
VCT 2025 Pacific Stage 1,https://www.vlr.gg/473834/drx-vs-t1-champions-tour-2025-pacific-stage-1-ur1,Lotus,DRX,T1,DRX,BeYN,Fade,168.0,19,16,8,115.0,24.0,1
VCT 2025 Pacific Stage 1,https://www.vlr.gg/473834/drx-vs-t1-champions-tour-2025-pacific-stage-1-ur1,Lotus,DRX,T1,DRX,HYUNMIN,Raze,246.0,23,22,5,151.0,28.0,1
VCT 2025 Pacific Stage 1,https://www.vlr.gg/473834/drx-vs-t1-champions-tour-2025-pacific-stage-1-ur1,Lotus,DRX,T1,DRX,Estrella,Viper,163.0,14,19,14,105.0,23.0,1
VCT 2025 Pacific Stage 1,https://www.vlr.gg/473834/drx-vs-t1-champions-tour-2025-pacific-stage-1-ur1,Lotus,T1,DRX,DRX,stax,Breach,214.0,21,19,10,144.0,35.0,0
VCT 2025 Pacific Stage 1,https://www.vlr.gg/473834/drx-vs-t1-champions-tour-2025-pacific-stage-1-ur1,Lotus,T1,DRX,DRX,BuZz,Yoru,242.0,24,20,2,147.0,29.0,0
VCT 2025 Pacific Stage 1,https://www.vlr.gg/473834/drx-vs-t1-champions-tour-2025-pacific-stage-1-ur1,Lotus,T1,DRX,DRX,Sylvan,Omen,169.0,16,20,15,118.0,37.0,0
VCT 2025 Pacific Stage 1,https://www.vlr.gg/473834/drx-vs-t1-champions-tour-2025-pacific-stage-1-ur1,Lotus,T1,DRX,DRX,Meteor,Tejo,159.0,15,20,8,126.0,25.0,0
VCT 2025 Pacific Stage 1,https://www.vlr.gg/473834/drx-vs-t1-champions-tour-2025-pacific-stage-1-ur1,Lotus,T1,DRX,DRX,iZu,Viper,157.0,15,20,10,103.0,47.0,0
VCT 2025 Pacific Stage 1,https://www.vlr.gg/473834/drx-vs-t1-champions-tour-2025-pacific-stage-1-ur1,Fracture,DRX,T1,DRX,MaKo,Brimstone,220.0,20,15,18,153.0,21.0,1
VCT 2025 Pacific Stage 1,https://www.vlr.gg/473834/drx-vs-t1-champions-tour-2025-pacific-stage-1-ur1,Fracture,DRX,T1,DRX,BeYN,Cypher,189.0,17,14,7,124.0,17.0,1
VCT 2025 Pacific Stage 1,https://www.vlr.gg/473834/drx-vs-t1-champions-tour-2025-pacific-stage-1-ur1,Fracture,DRX,T1,DRX,HYUNMIN,Neon,277.0,24,21,7,158.0,15.0,1
VCT 2025 Pacific Stage 1,https://www.vlr.gg/473834/drx-vs-t1-champions-tour-2025-pacific-stage-1-ur1,Fracture,DRX,T1,DRX,free1ng,Tejo,196.0,19,18,5,124.0,27.0,1
VCT 2025 Pacific Stage 1,https://www.vlr.gg/473834/drx-vs-t1-champions-tour-2025-pacific-stage-1-ur1,Fracture,DRX,T1,DRX,Estrella,Breach,153.0,14,16,11,103.0,25.0,1
VCT 2025 Pacific Stage 1,https://www.vlr.gg/473834/drx-vs-t1-champions-tour-2025-pacific-stage-1-ur1,Fracture,T1,DRX,DRX,iZu,Tejo,207.0,21,16,6,128.0,24.0,0
VCT 2025 Pacific Stage 1,https://www.vlr.gg/473834/drx-vs-t1-champions-tour-2025-pacific-stage-1-ur1,Fracture,T1,DRX,DRX,Sylvan,Brimstone,224.0,18,19,17,132.0,25.0,0
VCT 2025 Pacific Stage 1,https://www.vlr.gg/473834/drx-vs-t1-champions-tour-2025-pacific-stage-1-ur1,Fracture,T1,DRX,DRX,stax,Breach,183.0,17,19,12,115.0,22.0,0
VCT 2025 Pacific Stage 1,https://www.vlr.gg/473834/drx-vs-t1-champions-tour-2025-pacific-stage-1-ur1,Fracture,T1,DRX,DRX,BuZz,Neon,139.0,14,19,2,80.0,18.0,0
VCT 2025 Pacific Stage 1,https://www.vlr.gg/473834/drx-vs-t1-champions-tour-2025-pacific-stage-1-ur1,Fracture,T1,DRX,DRX,Meteor,Vyse,174.0,14,21,7,117.0,19.0,0
VCT 2025 Pacific Stage 1,https://www.vlr.gg/473837/boom-esports-vs-gen-g-champions-tour-2025-pacific-stage-1-ubsf,Split,BOOM Esports,Gen.G,Gen.G,dos9,Omen,232.0,18,17,9,142.0,32.0,0
VCT 2025 Pacific Stage 1,https://www.vlr.gg/473837/boom-esports-vs-gen-g-champions-tour-2025-pacific-stage-1-ubsf,Split,BOOM Esports,Gen.G,Gen.G,NcSlasher,Deadlock,151.0,11,15,2,99.0,48.0,0
VCT 2025 Pacific Stage 1,https://www.vlr.gg/473837/boom-esports-vs-gen-g-champions-tour-2025-pacific-stage-1-ubsf,Split,BOOM Esports,Gen.G,Gen.G,BerserX,Viper,217.0,16,18,1,149.0,31.0,0
VCT 2025 Pacific Stage 1,https://www.vlr.gg/473837/boom-esports-vs-gen-g-champions-tour-2025-pacific-stage-1-ubsf,Split,BOOM Esports,Gen.G,Gen.G,Shiro,Tejo,138.0,9,19,4,98.0,25.0,0
VCT 2025 Pacific Stage 1,https://www.vlr.gg/473837/boom-esports-vs-gen-g-champions-tour-2025-pacific-stage-1-ubsf,Split,BOOM Esports,Gen.G,Gen.G,Famouz,Yoru,121.0,6,19,6,93.0,15.0,0
VCT 2025 Pacific Stage 1,https://www.vlr.gg/473837/boom-esports-vs-gen-g-champions-tour-2025-pacific-stage-1-ubsf,Split,Gen.G,BOOM Esports,Gen.G,Karon,Omen,286.0,23,11,13,199.0,38.0,1
VCT 2025 Pacific Stage 1,https://www.vlr.gg/473837/boom-esports-vs-gen-g-champions-tour-2025-pacific-stage-1-ubsf,Split,Gen.G,BOOM Esports,Gen.G,Munchkin,Viper,200.0,15,10,5,135.0,25.0,1
VCT 2025 Pacific Stage 1,https://www.vlr.gg/473837/boom-esports-vs-gen-g-champions-tour-2025-pacific-stage-1-ubsf,Split,Gen.G,BOOM Esports,Gen.G,t3xture,Neon,245.0,19,13,4,167.0,33.0,1
VCT 2025 Pacific Stage 1,https://www.vlr.gg/473837/boom-esports-vs-gen-g-champions-tour-2025-pacific-stage-1-ubsf,Split,Gen.G,BOOM Esports,Gen.G,Foxy9,Deadlock,268.0,21,17,5,152.0,46.0,1
VCT 2025 Pacific Stage 1,https://www.vlr.gg/473837/boom-esports-vs-gen-g-champions-tour-2025-pacific-stage-1-ubsf,Split,Gen.G,BOOM Esports,Gen.G,Ash,Tejo,131.0,10,9,8,99.0,21.0,1
VCT 2025 Pacific Stage 1,https://www.vlr.gg/473837/boom-esports-vs-gen-g-champions-tour-2025-pacific-stage-1-ubsf,Ascent,BOOM Esports,Gen.G,Gen.G,Shiro,Sova,233.0,15,13,6,136.0,18.0,0
VCT 2025 Pacific Stage 1,https://www.vlr.gg/473837/boom-esports-vs-gen-g-champions-tour-2025-pacific-stage-1-ubsf,Ascent,BOOM Esports,Gen.G,Gen.G,BerserX,Vyse,152.0,10,14,4,111.0,28.0,0
VCT 2025 Pacific Stage 1,https://www.vlr.gg/473837/boom-esports-vs-gen-g-champions-tour-2025-pacific-stage-1-ubsf,Ascent,BOOM Esports,Gen.G,Gen.G,NcSlasher,Tejo,120.0,9,13,2,72.0,47.0,0
VCT 2025 Pacific Stage 1,https://www.vlr.gg/473837/boom-esports-vs-gen-g-champions-tour-2025-pacific-stage-1-ubsf,Ascent,BOOM Esports,Gen.G,Gen.G,dos9,Omen,129.0,6,15,10,102.0,27.0,0
VCT 2025 Pacific Stage 1,https://www.vlr.gg/473837/boom-esports-vs-gen-g-champions-tour-2025-pacific-stage-1-ubsf,Ascent,BOOM Esports,Gen.G,Gen.G,Famouz,Yoru,149.0,11,16,2,81.0,13.0,0
VCT 2025 Pacific Stage 1,https://www.vlr.gg/473837/boom-esports-vs-gen-g-champions-tour-2025-pacific-stage-1-ubsf,Ascent,Gen.G,BOOM Esports,Gen.G,t3xture,Jett,303.0,21,11,2,191.0,25.0,1
VCT 2025 Pacific Stage 1,https://www.vlr.gg/473837/boom-esports-vs-gen-g-champions-tour-2025-pacific-stage-1-ubsf,Ascent,Gen.G,BOOM Esports,Gen.G,Munchkin,Kayo,200.0,15,9,8,143.0,25.0,1
VCT 2025 Pacific Stage 1,https://www.vlr.gg/473837/boom-esports-vs-gen-g-champions-tour-2025-pacific-stage-1-ubsf,Ascent,Gen.G,BOOM Esports,Gen.G,Karon,Omen,204.0,13,10,7,150.0,40.0,1
VCT 2025 Pacific Stage 1,https://www.vlr.gg/473837/boom-esports-vs-gen-g-champions-tour-2025-pacific-stage-1-ubsf,Ascent,Gen.G,BOOM Esports,Gen.G,Ash,Sova,165.0,12,8,3,116.0,53.0,1
VCT 2025 Pacific Stage 1,https://www.vlr.gg/473837/boom-esports-vs-gen-g-champions-tour-2025-pacific-stage-1-ubsf,Ascent,Gen.G,BOOM Esports,Gen.G,Foxy9,Killjoy,147.0,10,13,2,113.0,32.0,1
VCT 2025 Pacific Stage 1,https://www.vlr.gg/473838/rex-regum-qeon-vs-drx-champions-tour-2025-pacific-stage-1-ubsf,Fracture,Rex Regum Qeon,DRX,DRX,Kushy,Tejo,231.0,21,16,5,173.0,26.0,0
VCT 2025 Pacific Stage 1,https://www.vlr.gg/473838/rex-regum-qeon-vs-drx-champions-tour-2025-pacific-stage-1-ubsf,Fracture,Rex Regum Qeon,DRX,DRX,xffero,Vyse,239.0,19,19,6,169.0,30.0,0
VCT 2025 Pacific Stage 1,https://www.vlr.gg/473838/rex-regum-qeon-vs-drx-champions-tour-2025-pacific-stage-1-ubsf,Fracture,Rex Regum Qeon,DRX,DRX,Jemkin,Brimstone,171.0,14,17,7,126.0,29.0,0
VCT 2025 Pacific Stage 1,https://www.vlr.gg/473838/rex-regum-qeon-vs-drx-champions-tour-2025-pacific-stage-1-ubsf,Fracture,Rex Regum Qeon,DRX,DRX,crazyguy,Breach,193.0,15,18,9,127.0,24.0,0
VCT 2025 Pacific Stage 1,https://www.vlr.gg/473838/rex-regum-qeon-vs-drx-champions-tour-2025-pacific-stage-1-ubsf,Fracture,Rex Regum Qeon,DRX,DRX,Monyet,Neon,169.0,15,20,4,97.0,31.0,0
VCT 2025 Pacific Stage 1,https://www.vlr.gg/473838/rex-regum-qeon-vs-drx-champions-tour-2025-pacific-stage-1-ubsf,Fracture,DRX,Rex Regum Qeon,DRX,MaKo,Brimstone,351.0,29,16,10,216.0,17.0,1
VCT 2025 Pacific Stage 1,https://www.vlr.gg/473838/rex-regum-qeon-vs-drx-champions-tour-2025-pacific-stage-1-ubsf,Fracture,DRX,Rex Regum Qeon,DRX,BeYN,Cypher,225.0,19,16,11,146.0,31.0,1
VCT 2025 Pacific Stage 1,https://www.vlr.gg/473838/rex-regum-qeon-vs-drx-champions-tour-2025-pacific-stage-1-ubsf,Fracture,DRX,Rex Regum Qeon,DRX,free1ng,Tejo,197.0,16,15,5,132.0,28.0,1
VCT 2025 Pacific Stage 1,https://www.vlr.gg/473838/rex-regum-qeon-vs-drx-champions-tour-2025-pacific-stage-1-ubsf,Fracture,DRX,Rex Regum Qeon,DRX,HYUNMIN,Neon,199.0,17,19,7,128.0,32.0,1
VCT 2025 Pacific Stage 1,https://www.vlr.gg/473838/rex-regum-qeon-vs-drx-champions-tour-2025-pacific-stage-1-ubsf,Fracture,DRX,Rex Regum Qeon,DRX,Estrella,Breach,96.0,9,18,6,56.0,19.0,1
VCT 2025 Pacific Stage 1,https://www.vlr.gg/473838/rex-regum-qeon-vs-drx-champions-tour-2025-pacific-stage-1-ubsf,Icebox,Rex Regum Qeon,DRX,Rex Regum Qeon,Jemkin,Jett,325.0,21,8,1,209.0,33.0,1
VCT 2025 Pacific Stage 1,https://www.vlr.gg/473838/rex-regum-qeon-vs-drx-champions-tour-2025-pacific-stage-1-ubsf,Icebox,Rex Regum Qeon,DRX,Rex Regum Qeon,xffero,Killjoy,246.0,15,9,1,177.0,27.0,1
VCT 2025 Pacific Stage 1,https://www.vlr.gg/473838/rex-regum-qeon-vs-drx-champions-tour-2025-pacific-stage-1-ubsf,Icebox,Rex Regum Qeon,DRX,Rex Regum Qeon,Monyet,Viper,175.0,12,9,11,121.0,27.0,1
VCT 2025 Pacific Stage 1,https://www.vlr.gg/473838/rex-regum-qeon-vs-drx-champions-tour-2025-pacific-stage-1-ubsf,Icebox,Rex Regum Qeon,DRX,Rex Regum Qeon,Kushy,Kayo,206.0,14,11,6,133.0,44.0,1
VCT 2025 Pacific Stage 1,https://www.vlr.gg/473838/rex-regum-qeon-vs-drx-champions-tour-2025-pacific-stage-1-ubsf,Icebox,Rex Regum Qeon,DRX,Rex Regum Qeon,crazyguy,Tejo,219.0,11,12,7,147.0,15.0,1
VCT 2025 Pacific Stage 1,https://www.vlr.gg/473838/rex-regum-qeon-vs-drx-champions-tour-2025-pacific-stage-1-ubsf,Icebox,DRX,Rex Regum Qeon,Rex Regum Qeon,MaKo,Viper,210.0,12,13,7,123.0,22.0,0
VCT 2025 Pacific Stage 1,https://www.vlr.gg/473838/rex-regum-qeon-vs-drx-champions-tour-2025-pacific-stage-1-ubsf,Icebox,DRX,Rex Regum Qeon,Rex Regum Qeon,HYUNMIN,Jett,254.0,15,16,2,161.0,27.0,0
VCT 2025 Pacific Stage 1,https://www.vlr.gg/473838/rex-regum-qeon-vs-drx-champions-tour-2025-pacific-stage-1-ubsf,Icebox,DRX,Rex Regum Qeon,Rex Regum Qeon,free1ng,Tejo,131.0,7,14,2,96.0,11.0,0
VCT 2025 Pacific Stage 1,https://www.vlr.gg/473838/rex-regum-qeon-vs-drx-champions-tour-2025-pacific-stage-1-ubsf,Icebox,DRX,Rex Regum Qeon,Rex Regum Qeon,Estrella,Kayo,143.0,8,14,6,92.0,26.0,0
VCT 2025 Pacific Stage 1,https://www.vlr.gg/473838/rex-regum-qeon-vs-drx-champions-tour-2025-pacific-stage-1-ubsf,Icebox,DRX,Rex Regum Qeon,Rex Regum Qeon,BeYN,Killjoy,123.0,7,16,1,69.0,29.0,0
VCT 2025 Pacific Stage 1,https://www.vlr.gg/473838/rex-regum-qeon-vs-drx-champions-tour-2025-pacific-stage-1-ubsf,Lotus,Rex Regum Qeon,DRX,Rex Regum Qeon,Jemkin,Yoru,264.0,25,12,3,168.0,43.0,1
VCT 2025 Pacific Stage 1,https://www.vlr.gg/473838/rex-regum-qeon-vs-drx-champions-tour-2025-pacific-stage-1-ubsf,Lotus,Rex Regum Qeon,DRX,Rex Regum Qeon,crazyguy,Breach,268.0,23,17,8,174.0,36.0,1
VCT 2025 Pacific Stage 1,https://www.vlr.gg/473838/rex-regum-qeon-vs-drx-champions-tour-2025-pacific-stage-1-ubsf,Lotus,Rex Regum Qeon,DRX,Rex Regum Qeon,xffero,Viper,207.0,22,17,4,128.0,27.0,1
VCT 2025 Pacific Stage 1,https://www.vlr.gg/473838/rex-regum-qeon-vs-drx-champions-tour-2025-pacific-stage-1-ubsf,Lotus,Rex Regum Qeon,DRX,Rex Regum Qeon,Monyet,Omen,146.0,11,17,15,100.0,25.0,1
VCT 2025 Pacific Stage 1,https://www.vlr.gg/473838/rex-regum-qeon-vs-drx-champions-tour-2025-pacific-stage-1-ubsf,Lotus,Rex Regum Qeon,DRX,Rex Regum Qeon,Kushy,Tejo,130.0,10,20,12,104.0,23.0,1
VCT 2025 Pacific Stage 1,https://www.vlr.gg/473838/rex-regum-qeon-vs-drx-champions-tour-2025-pacific-stage-1-ubsf,Lotus,DRX,Rex Regum Qeon,Rex Regum Qeon,free1ng,Killjoy,233.0,22,16,2,151.0,28.0,0
VCT 2025 Pacific Stage 1,https://www.vlr.gg/473838/rex-regum-qeon-vs-drx-champions-tour-2025-pacific-stage-1-ubsf,Lotus,DRX,Rex Regum Qeon,Rex Regum Qeon,HYUNMIN,Raze,285.0,24,21,2,182.0,24.0,0
VCT 2025 Pacific Stage 1,https://www.vlr.gg/473838/rex-regum-qeon-vs-drx-champions-tour-2025-pacific-stage-1-ubsf,Lotus,DRX,Rex Regum Qeon,Rex Regum Qeon,MaKo,Omen,217.0,20,17,7,130.0,34.0,0
VCT 2025 Pacific Stage 1,https://www.vlr.gg/473838/rex-regum-qeon-vs-drx-champions-tour-2025-pacific-stage-1-ubsf,Lotus,DRX,Rex Regum Qeon,Rex Regum Qeon,Estrella,Viper,128.0,11,16,4,82.0,16.0,0
VCT 2025 Pacific Stage 1,https://www.vlr.gg/473838/rex-regum-qeon-vs-drx-champions-tour-2025-pacific-stage-1-ubsf,Lotus,DRX,Rex Regum Qeon,Rex Regum Qeon,BeYN,Fade,83.0,6,21,8,53.0,14.0,0
VCT 2025 Pacific Stage 1,https://www.vlr.gg/473835/talon-vs-nongshim-redforce-champions-tour-2025-pacific-stage-1-lr1,Haven,TALON,Nongshim RedForce,TALON,primmie,Yoru,300.0,25,13,1,192.0,34.0,1
VCT 2025 Pacific Stage 1,https://www.vlr.gg/473835/talon-vs-nongshim-redforce-champions-tour-2025-pacific-stage-1-lr1,Haven,TALON,Nongshim RedForce,TALON,JitBoyS,Cypher,227.0,17,15,3,154.0,35.0,1
VCT 2025 Pacific Stage 1,https://www.vlr.gg/473835/talon-vs-nongshim-redforce-champions-tour-2025-pacific-stage-1-lr1,Haven,TALON,Nongshim RedForce,TALON,thyy,Omen,179.0,14,14,6,111.0,35.0,1
VCT 2025 Pacific Stage 1,https://www.vlr.gg/473835/talon-vs-nongshim-redforce-champions-tour-2025-pacific-stage-1-lr1,Haven,TALON,Nongshim RedForce,TALON,Crws,Deadlock,125.0,11,13,4,82.0,24.0,1
VCT 2025 Pacific Stage 1,https://www.vlr.gg/473835/talon-vs-nongshim-redforce-champions-tour-2025-pacific-stage-1-lr1,Haven,TALON,Nongshim RedForce,TALON,Killua,Tejo,149.0,10,14,9,113.0,30.0,1
VCT 2025 Pacific Stage 1,https://www.vlr.gg/473835/talon-vs-nongshim-redforce-champions-tour-2025-pacific-stage-1-lr1,Haven,Nongshim RedForce,TALON,TALON,Ivy,Sova,230.0,18,12,6,149.0,36.0,0
VCT 2025 Pacific Stage 1,https://www.vlr.gg/473835/talon-vs-nongshim-redforce-champions-tour-2025-pacific-stage-1-lr1,Haven,Nongshim RedForce,TALON,TALON,Dambi,Neon,287.0,20,16,5,192.0,29.0,0
VCT 2025 Pacific Stage 1,https://www.vlr.gg/473835/talon-vs-nongshim-redforce-champions-tour-2025-pacific-stage-1-lr1,Haven,Nongshim RedForce,TALON,TALON,Persia,Omen,153.0,12,15,3,91.0,23.0,0
VCT 2025 Pacific Stage 1,https://www.vlr.gg/473835/talon-vs-nongshim-redforce-champions-tour-2025-pacific-stage-1-lr1,Haven,Nongshim RedForce,TALON,TALON,margaret,Cypher,100.0,9,15,1,71.0,32.0,0
VCT 2025 Pacific Stage 1,https://www.vlr.gg/473835/talon-vs-nongshim-redforce-champions-tour-2025-pacific-stage-1-lr1,Haven,Nongshim RedForce,TALON,TALON,Francis,Breach,130.0,10,19,9,81.0,26.0,0
VCT 2025 Pacific Stage 1,https://www.vlr.gg/473835/talon-vs-nongshim-redforce-champions-tour-2025-pacific-stage-1-lr1,Pearl,TALON,Nongshim RedForce,Nongshim RedForce,Killua,Vyse,222.0,14,16,4,147.0,39.0,0
VCT 2025 Pacific Stage 1,https://www.vlr.gg/473835/talon-vs-nongshim-redforce-champions-tour-2025-pacific-stage-1-lr1,Pearl,TALON,Nongshim RedForce,Nongshim RedForce,JitBoyS,Cypher,141.0,10,15,3,103.0,48.0,0
VCT 2025 Pacific Stage 1,https://www.vlr.gg/473835/talon-vs-nongshim-redforce-champions-tour-2025-pacific-stage-1-lr1,Pearl,TALON,Nongshim RedForce,Nongshim RedForce,primmie,Yoru,172.0,11,16,5,112.0,22.0,0
VCT 2025 Pacific Stage 1,https://www.vlr.gg/473835/talon-vs-nongshim-redforce-champions-tour-2025-pacific-stage-1-lr1,Pearl,TALON,Nongshim RedForce,Nongshim RedForce,thyy,Astra,131.0,10,17,2,77.0,36.0,0
VCT 2025 Pacific Stage 1,https://www.vlr.gg/473835/talon-vs-nongshim-redforce-champions-tour-2025-pacific-stage-1-lr1,Pearl,TALON,Nongshim RedForce,Nongshim RedForce,Crws,Tejo,112.0,8,17,1,81.0,38.0,0
VCT 2025 Pacific Stage 1,https://www.vlr.gg/473835/talon-vs-nongshim-redforce-champions-tour-2025-pacific-stage-1-lr1,Pearl,Nongshim RedForce,TALON,Nongshim RedForce,Francis,Sova,265.0,21,6,4,178.0,22.0,1
VCT 2025 Pacific Stage 1,https://www.vlr.gg/473835/talon-vs-nongshim-redforce-champions-tour-2025-pacific-stage-1-lr1,Pearl,Nongshim RedForce,TALON,Nongshim RedForce,Persia,Astra,183.0,14,10,4,113.0,24.0,1
VCT 2025 Pacific Stage 1,https://www.vlr.gg/473835/talon-vs-nongshim-redforce-champions-tour-2025-pacific-stage-1-lr1,Pearl,Nongshim RedForce,TALON,Nongshim RedForce,margaret,Killjoy,243.0,17,12,5,168.0,29.0,1
VCT 2025 Pacific Stage 1,https://www.vlr.gg/473835/talon-vs-nongshim-redforce-champions-tour-2025-pacific-stage-1-lr1,Pearl,Nongshim RedForce,TALON,Nongshim RedForce,Ivy,Vyse,189.0,15,13,6,114.0,33.0,1
VCT 2025 Pacific Stage 1,https://www.vlr.gg/473835/talon-vs-nongshim-redforce-champions-tour-2025-pacific-stage-1-lr1,Pearl,Nongshim RedForce,TALON,Nongshim RedForce,Dambi,Neon,187.0,14,12,2,129.0,7.0,1
VCT 2025 Pacific Stage 1,https://www.vlr.gg/473835/talon-vs-nongshim-redforce-champions-tour-2025-pacific-stage-1-lr1,Ascent,TALON,Nongshim RedForce,TALON,Killua,Vyse,249.0,18,13,7,164.0,35.0,1
VCT 2025 Pacific Stage 1,https://www.vlr.gg/473835/talon-vs-nongshim-redforce-champions-tour-2025-pacific-stage-1-lr1,Ascent,TALON,Nongshim RedForce,TALON,JitBoyS,Deadlock,219.0,19,13,6,140.0,30.0,1
VCT 2025 Pacific Stage 1,https://www.vlr.gg/473835/talon-vs-nongshim-redforce-champions-tour-2025-pacific-stage-1-lr1,Ascent,TALON,Nongshim RedForce,TALON,Crws,Tejo,215.0,16,13,4,160.0,29.0,1
VCT 2025 Pacific Stage 1,https://www.vlr.gg/473835/talon-vs-nongshim-redforce-champions-tour-2025-pacific-stage-1-lr1,Ascent,TALON,Nongshim RedForce,TALON,primmie,Jett,194.0,15,15,2,139.0,48.0,1
VCT 2025 Pacific Stage 1,https://www.vlr.gg/473835/talon-vs-nongshim-redforce-champions-tour-2025-pacific-stage-1-lr1,Ascent,TALON,Nongshim RedForce,TALON,thyy,Omen,123.0,9,13,5,78.0,52.0,1
VCT 2025 Pacific Stage 1,https://www.vlr.gg/473835/talon-vs-nongshim-redforce-champions-tour-2025-pacific-stage-1-lr1,Ascent,Nongshim RedForce,TALON,TALON,Dambi,Yoru,201.0,16,15,4,134.0,24.0,0
VCT 2025 Pacific Stage 1,https://www.vlr.gg/473835/talon-vs-nongshim-redforce-champions-tour-2025-pacific-stage-1-lr1,Ascent,Nongshim RedForce,TALON,TALON,Ivy,Tejo,156.0,12,13,1,107.0,19.0,0
VCT 2025 Pacific Stage 1,https://www.vlr.gg/473835/talon-vs-nongshim-redforce-champions-tour-2025-pacific-stage-1-lr1,Ascent,Nongshim RedForce,TALON,TALON,margaret,Cypher,191.0,16,16,3,131.0,30.0,0
VCT 2025 Pacific Stage 1,https://www.vlr.gg/473835/talon-vs-nongshim-redforce-champions-tour-2025-pacific-stage-1-lr1,Ascent,Nongshim RedForce,TALON,TALON,Persia,Omen,175.0,13,17,6,115.0,29.0,0
VCT 2025 Pacific Stage 1,https://www.vlr.gg/473835/talon-vs-nongshim-redforce-champions-tour-2025-pacific-stage-1-lr1,Ascent,Nongshim RedForce,TALON,TALON,Francis,Harbor,150.0,10,16,6,108.0,17.0,0
VCT 2025 Pacific Stage 1,https://www.vlr.gg/473836/t1-vs-paper-rex-champions-tour-2025-pacific-stage-1-lr1,Fracture,T1,Paper Rex,T1,BuZz,Neon,336.0,19,10,5,204.0,28.0,1
VCT 2025 Pacific Stage 1,https://www.vlr.gg/473836/t1-vs-paper-rex-champions-tour-2025-pacific-stage-1-lr1,Fracture,T1,Paper Rex,T1,Meteor,Vyse,278.0,18,8,5,165.0,30.0,1
VCT 2025 Pacific Stage 1,https://www.vlr.gg/473836/t1-vs-paper-rex-champions-tour-2025-pacific-stage-1-lr1,Fracture,T1,Paper Rex,T1,iZu,Tejo,250.0,16,8,3,145.0,30.0,1
VCT 2025 Pacific Stage 1,https://www.vlr.gg/473836/t1-vs-paper-rex-champions-tour-2025-pacific-stage-1-lr1,Fracture,T1,Paper Rex,T1,Sylvan,Brimstone,198.0,10,8,8,143.0,21.0,1
VCT 2025 Pacific Stage 1,https://www.vlr.gg/473836/t1-vs-paper-rex-champions-tour-2025-pacific-stage-1-lr1,Fracture,T1,Paper Rex,T1,stax,Breach,138.0,7,8,7,91.0,19.0,1
VCT 2025 Pacific Stage 1,https://www.vlr.gg/473836/t1-vs-paper-rex-champions-tour-2025-pacific-stage-1-lr1,Fracture,Paper Rex,T1,T1,f0rsakeN,Neon,266.0,15,13,6,158.0,21.0,0
VCT 2025 Pacific Stage 1,https://www.vlr.gg/473836/t1-vs-paper-rex-champions-tour-2025-pacific-stage-1-lr1,Fracture,Paper Rex,T1,T1,Jinggg,Raze,193.0,10,13,2,134.0,21.0,0
VCT 2025 Pacific Stage 1,https://www.vlr.gg/473836/t1-vs-paper-rex-champions-tour-2025-pacific-stage-1-lr1,Fracture,Paper Rex,T1,T1,PatMen,Breach,162.0,9,14,8,117.0,39.0,0
VCT 2025 Pacific Stage 1,https://www.vlr.gg/473836/t1-vs-paper-rex-champions-tour-2025-pacific-stage-1-lr1,Fracture,Paper Rex,T1,T1,d4v41,Killjoy,116.0,7,15,3,79.0,14.0,0
VCT 2025 Pacific Stage 1,https://www.vlr.gg/473836/t1-vs-paper-rex-champions-tour-2025-pacific-stage-1-lr1,Fracture,Paper Rex,T1,T1,something,Brimstone,65.0,1,15,10,50.0,10.0,0
VCT 2025 Pacific Stage 1,https://www.vlr.gg/473836/t1-vs-paper-rex-champions-tour-2025-pacific-stage-1-lr1,Ascent,T1,Paper Rex,Paper Rex,BuZz,Jett,252.0,14,16,2,169.0,41.0,0
VCT 2025 Pacific Stage 1,https://www.vlr.gg/473836/t1-vs-paper-rex-champions-tour-2025-pacific-stage-1-lr1,Ascent,T1,Paper Rex,Paper Rex,iZu,Sova,186.0,9,16,3,142.0,29.0,0
VCT 2025 Pacific Stage 1,https://www.vlr.gg/473836/t1-vs-paper-rex-champions-tour-2025-pacific-stage-1-lr1,Ascent,T1,Paper Rex,Paper Rex,Sylvan,Omen,134.0,8,14,5,93.0,30.0,0
VCT 2025 Pacific Stage 1,https://www.vlr.gg/473836/t1-vs-paper-rex-champions-tour-2025-pacific-stage-1-lr1,Ascent,T1,Paper Rex,Paper Rex,stax,Kayo,156.0,9,16,4,106.0,29.0,0
VCT 2025 Pacific Stage 1,https://www.vlr.gg/473836/t1-vs-paper-rex-champions-tour-2025-pacific-stage-1-lr1,Ascent,T1,Paper Rex,Paper Rex,Meteor,Killjoy,163.0,9,16,0,114.0,18.0,0
VCT 2025 Pacific Stage 1,https://www.vlr.gg/473836/t1-vs-paper-rex-champions-tour-2025-pacific-stage-1-lr1,Ascent,Paper Rex,T1,Paper Rex,something,Jett,306.0,19,10,5,188.0,14.0,1
VCT 2025 Pacific Stage 1,https://www.vlr.gg/473836/t1-vs-paper-rex-champions-tour-2025-pacific-stage-1-lr1,Ascent,Paper Rex,T1,Paper Rex,Jinggg,Omen,284.0,18,10,14,175.0,33.0,1
VCT 2025 Pacific Stage 1,https://www.vlr.gg/473836/t1-vs-paper-rex-champions-tour-2025-pacific-stage-1-lr1,Ascent,Paper Rex,T1,Paper Rex,PatMen,Kayo,272.0,18,10,9,183.0,27.0,1
VCT 2025 Pacific Stage 1,https://www.vlr.gg/473836/t1-vs-paper-rex-champions-tour-2025-pacific-stage-1-lr1,Ascent,Paper Rex,T1,Paper Rex,d4v41,Vyse,204.0,14,8,6,153.0,24.0,1
VCT 2025 Pacific Stage 1,https://www.vlr.gg/473836/t1-vs-paper-rex-champions-tour-2025-pacific-stage-1-lr1,Ascent,Paper Rex,T1,Paper Rex,f0rsakeN,Fade,141.0,9,11,8,83.0,43.0,1
VCT 2025 Pacific Stage 1,https://www.vlr.gg/473836/t1-vs-paper-rex-champions-tour-2025-pacific-stage-1-lr1,Lotus,T1,Paper Rex,Paper Rex,Meteor,Tejo,219.0,11,14,0,143.0,32.0,0
VCT 2025 Pacific Stage 1,https://www.vlr.gg/473836/t1-vs-paper-rex-champions-tour-2025-pacific-stage-1-lr1,Lotus,T1,Paper Rex,Paper Rex,stax,Breach,166.0,8,14,5,113.0,56.0,0
VCT 2025 Pacific Stage 1,https://www.vlr.gg/473836/t1-vs-paper-rex-champions-tour-2025-pacific-stage-1-lr1,Lotus,T1,Paper Rex,Paper Rex,iZu,Viper,171.0,8,15,1,107.0,33.0,0
VCT 2025 Pacific Stage 1,https://www.vlr.gg/473836/t1-vs-paper-rex-champions-tour-2025-pacific-stage-1-lr1,Lotus,T1,Paper Rex,Paper Rex,Sylvan,Omen,100.0,6,14,3,77.0,21.0,0
VCT 2025 Pacific Stage 1,https://www.vlr.gg/473836/t1-vs-paper-rex-champions-tour-2025-pacific-stage-1-lr1,Lotus,T1,Paper Rex,Paper Rex,BuZz,Yoru,125.0,7,14,1,75.0,29.0,0
VCT 2025 Pacific Stage 1,https://www.vlr.gg/473836/t1-vs-paper-rex-champions-tour-2025-pacific-stage-1-lr1,Lotus,Paper Rex,T1,Paper Rex,Jinggg,Raze,332.0,18,10,8,252.0,21.0,1
VCT 2025 Pacific Stage 1,https://www.vlr.gg/473836/t1-vs-paper-rex-champions-tour-2025-pacific-stage-1-lr1,Lotus,Paper Rex,T1,Paper Rex,something,Yoru,299.0,16,6,5,177.0,28.0,1
VCT 2025 Pacific Stage 1,https://www.vlr.gg/473836/t1-vs-paper-rex-champions-tour-2025-pacific-stage-1-lr1,Lotus,Paper Rex,T1,Paper Rex,f0rsakeN,Omen,229.0,15,6,5,134.0,38.0,1
VCT 2025 Pacific Stage 1,https://www.vlr.gg/473836/t1-vs-paper-rex-champions-tour-2025-pacific-stage-1-lr1,Lotus,Paper Rex,T1,Paper Rex,PatMen,Fade,178.0,9,9,10,113.0,17.0,1
VCT 2025 Pacific Stage 1,https://www.vlr.gg/473836/t1-vs-paper-rex-champions-tour-2025-pacific-stage-1-lr1,Lotus,Paper Rex,T1,Paper Rex,d4v41,Vyse,205.0,13,9,5,122.0,32.0,1
VCT 2025 Pacific Stage 1,https://www.vlr.gg/473839/drx-vs-talon-champions-tour-2025-pacific-stage-1-lr2,Icebox,DRX,TALON,DRX,MaKo,Viper,265.0,17,8,4,152.0,38.0,1
VCT 2025 Pacific Stage 1,https://www.vlr.gg/473839/drx-vs-talon-champions-tour-2025-pacific-stage-1-lr2,Icebox,DRX,TALON,DRX,HYUNMIN,Jett,260.0,16,9,2,163.0,38.0,1
VCT 2025 Pacific Stage 1,https://www.vlr.gg/473839/drx-vs-talon-champions-tour-2025-pacific-stage-1-lr2,Icebox,DRX,TALON,DRX,BeYN,Killjoy,235.0,14,9,2,138.0,28.0,1
VCT 2025 Pacific Stage 1,https://www.vlr.gg/473839/drx-vs-talon-champions-tour-2025-pacific-stage-1-lr2,Icebox,DRX,TALON,DRX,free1ng,Tejo,198.0,13,10,5,123.0,20.0,1
VCT 2025 Pacific Stage 1,https://www.vlr.gg/473839/drx-vs-talon-champions-tour-2025-pacific-stage-1-lr2,Icebox,DRX,TALON,DRX,Estrella,Harbor,144.0,9,12,6,74.0,23.0,1
VCT 2025 Pacific Stage 1,https://www.vlr.gg/473839/drx-vs-talon-champions-tour-2025-pacific-stage-1-lr2,Icebox,TALON,DRX,DRX,primmie,Jett,235.0,15,15,0,146.0,32.0,0
VCT 2025 Pacific Stage 1,https://www.vlr.gg/473839/drx-vs-talon-champions-tour-2025-pacific-stage-1-lr2,Icebox,TALON,DRX,DRX,thyy,Viper,207.0,12,13,5,133.0,29.0,0
VCT 2025 Pacific Stage 1,https://www.vlr.gg/473839/drx-vs-talon-champions-tour-2025-pacific-stage-1-lr2,Icebox,TALON,DRX,DRX,JitBoyS,Killjoy,195.0,11,14,2,142.0,38.0,0
VCT 2025 Pacific Stage 1,https://www.vlr.gg/473839/drx-vs-talon-champions-tour-2025-pacific-stage-1-lr2,Icebox,TALON,DRX,DRX,Killua,Tejo,114.0,5,13,7,83.0,21.0,0
VCT 2025 Pacific Stage 1,https://www.vlr.gg/473839/drx-vs-talon-champions-tour-2025-pacific-stage-1-lr2,Icebox,TALON,DRX,DRX,Crws,Sova,91.0,5,14,2,78.0,24.0,0
VCT 2025 Pacific Stage 1,https://www.vlr.gg/473839/drx-vs-talon-champions-tour-2025-pacific-stage-1-lr2,Fracture,DRX,TALON,DRX,MaKo,Brimstone,269.0,24,17,19,174.0,39.0,1
VCT 2025 Pacific Stage 1,https://www.vlr.gg/473839/drx-vs-talon-champions-tour-2025-pacific-stage-1-lr2,Fracture,DRX,TALON,DRX,BeYN,Cypher,189.0,19,14,2,132.0,23.0,1
VCT 2025 Pacific Stage 1,https://www.vlr.gg/473839/drx-vs-talon-champions-tour-2025-pacific-stage-1-lr2,Fracture,DRX,TALON,DRX,HYUNMIN,Neon,205.0,21,18,6,141.0,31.0,1
VCT 2025 Pacific Stage 1,https://www.vlr.gg/473839/drx-vs-talon-champions-tour-2025-pacific-stage-1-lr2,Fracture,DRX,TALON,DRX,free1ng,Tejo,156.0,13,19,7,118.0,27.0,1
VCT 2025 Pacific Stage 1,https://www.vlr.gg/473839/drx-vs-talon-champions-tour-2025-pacific-stage-1-lr2,Fracture,DRX,TALON,DRX,Estrella,Breach,164.0,15,18,9,102.0,33.0,1
VCT 2025 Pacific Stage 1,https://www.vlr.gg/473839/drx-vs-talon-champions-tour-2025-pacific-stage-1-lr2,Fracture,TALON,DRX,DRX,primmie,Waylay,227.0,23,19,3,135.0,28.0,0
VCT 2025 Pacific Stage 1,https://www.vlr.gg/473839/drx-vs-talon-champions-tour-2025-pacific-stage-1-lr2,Fracture,TALON,DRX,DRX,Crws,Tejo,219.0,19,18,3,150.0,27.0,0
VCT 2025 Pacific Stage 1,https://www.vlr.gg/473839/drx-vs-talon-champions-tour-2025-pacific-stage-1-lr2,Fracture,TALON,DRX,DRX,Killua,Breach,167.0,14,19,10,101.0,29.0,0
VCT 2025 Pacific Stage 1,https://www.vlr.gg/473839/drx-vs-talon-champions-tour-2025-pacific-stage-1-lr2,Fracture,TALON,DRX,DRX,thyy,Brimstone,164.0,14,17,12,102.0,38.0,0
VCT 2025 Pacific Stage 1,https://www.vlr.gg/473839/drx-vs-talon-champions-tour-2025-pacific-stage-1-lr2,Fracture,TALON,DRX,DRX,JitBoyS,Cypher,182.0,16,19,3,108.0,26.0,0
VCT 2025 Pacific Stage 1,https://www.vlr.gg/473840/boom-esports-vs-paper-rex-champions-tour-2025-pacific-stage-1-lr2,Lotus,BOOM Esports,Paper Rex,Paper Rex,dos9,Omen,283.0,17,17,2,185.0,37.0,0
VCT 2025 Pacific Stage 1,https://www.vlr.gg/473840/boom-esports-vs-paper-rex-champions-tour-2025-pacific-stage-1-lr2,Lotus,BOOM Esports,Paper Rex,Paper Rex,NcSlasher,Breach,238.0,13,17,6,159.0,18.0,0
VCT 2025 Pacific Stage 1,https://www.vlr.gg/473840/boom-esports-vs-paper-rex-champions-tour-2025-pacific-stage-1-lr2,Lotus,BOOM Esports,Paper Rex,Paper Rex,Famouz,Neon,139.0,9,17,1,84.0,31.0,0
VCT 2025 Pacific Stage 1,https://www.vlr.gg/473840/boom-esports-vs-paper-rex-champions-tour-2025-pacific-stage-1-lr2,Lotus,BOOM Esports,Paper Rex,Paper Rex,BerserX,Viper,111.0,5,16,5,82.0,20.0,0
VCT 2025 Pacific Stage 1,https://www.vlr.gg/473840/boom-esports-vs-paper-rex-champions-tour-2025-pacific-stage-1-lr2,Lotus,BOOM Esports,Paper Rex,Paper Rex,Shiro,Tejo,93.0,5,16,1,77.0,13.0,0
VCT 2025 Pacific Stage 1,https://www.vlr.gg/473840/boom-esports-vs-paper-rex-champions-tour-2025-pacific-stage-1-lr2,Lotus,Paper Rex,BOOM Esports,Paper Rex,Jinggg,Raze,364.0,28,8,3,221.0,22.0,1
VCT 2025 Pacific Stage 1,https://www.vlr.gg/473840/boom-esports-vs-paper-rex-champions-tour-2025-pacific-stage-1-lr2,Lotus,Paper Rex,BOOM Esports,Paper Rex,something,Yoru,205.0,14,8,8,142.0,20.0,1
VCT 2025 Pacific Stage 1,https://www.vlr.gg/473840/boom-esports-vs-paper-rex-champions-tour-2025-pacific-stage-1-lr2,Lotus,Paper Rex,BOOM Esports,Paper Rex,d4v41,Vyse,221.0,14,10,8,146.0,19.0,1
VCT 2025 Pacific Stage 1,https://www.vlr.gg/473840/boom-esports-vs-paper-rex-champions-tour-2025-pacific-stage-1-lr2,Lotus,Paper Rex,BOOM Esports,Paper Rex,f0rsakeN,Omen,235.0,13,12,15,137.0,13.0,1
VCT 2025 Pacific Stage 1,https://www.vlr.gg/473840/boom-esports-vs-paper-rex-champions-tour-2025-pacific-stage-1-lr2,Lotus,Paper Rex,BOOM Esports,Paper Rex,PatMen,Fade,190.0,13,11,12,126.0,30.0,1
VCT 2025 Pacific Stage 1,https://www.vlr.gg/473840/boom-esports-vs-paper-rex-champions-tour-2025-pacific-stage-1-lr2,Fracture,BOOM Esports,Paper Rex,Paper Rex,BerserX,Killjoy,253.0,19,17,5,155.0,14.0,0
VCT 2025 Pacific Stage 1,https://www.vlr.gg/473840/boom-esports-vs-paper-rex-champions-tour-2025-pacific-stage-1-lr2,Fracture,BOOM Esports,Paper Rex,Paper Rex,dos9,Brimstone,261.0,18,16,9,165.0,15.0,0
VCT 2025 Pacific Stage 1,https://www.vlr.gg/473840/boom-esports-vs-paper-rex-champions-tour-2025-pacific-stage-1-lr2,Fracture,BOOM Esports,Paper Rex,Paper Rex,NcSlasher,Breach,193.0,13,18,14,128.0,38.0,0
VCT 2025 Pacific Stage 1,https://www.vlr.gg/473840/boom-esports-vs-paper-rex-champions-tour-2025-pacific-stage-1-lr2,Fracture,BOOM Esports,Paper Rex,Paper Rex,Shiro,Tejo,168.0,11,16,4,119.0,31.0,0
VCT 2025 Pacific Stage 1,https://www.vlr.gg/473840/boom-esports-vs-paper-rex-champions-tour-2025-pacific-stage-1-lr2,Fracture,BOOM Esports,Paper Rex,Paper Rex,Famouz,Neon,138.0,12,15,3,94.0,8.0,0
VCT 2025 Pacific Stage 1,https://www.vlr.gg/473840/boom-esports-vs-paper-rex-champions-tour-2025-pacific-stage-1-lr2,Fracture,Paper Rex,BOOM Esports,Paper Rex,PatMen,Breach,245.0,19,11,8,157.0,28.0,1
VCT 2025 Pacific Stage 1,https://www.vlr.gg/473840/boom-esports-vs-paper-rex-champions-tour-2025-pacific-stage-1-lr2,Fracture,Paper Rex,BOOM Esports,Paper Rex,something,Brimstone,231.0,16,17,12,168.0,20.0,1
VCT 2025 Pacific Stage 1,https://www.vlr.gg/473840/boom-esports-vs-paper-rex-champions-tour-2025-pacific-stage-1-lr2,Fracture,Paper Rex,BOOM Esports,Paper Rex,Jinggg,Raze,232.0,18,15,2,147.0,31.0,1
VCT 2025 Pacific Stage 1,https://www.vlr.gg/473840/boom-esports-vs-paper-rex-champions-tour-2025-pacific-stage-1-lr2,Fracture,Paper Rex,BOOM Esports,Paper Rex,f0rsakeN,Neon,217.0,15,16,5,136.0,12.0,1
VCT 2025 Pacific Stage 1,https://www.vlr.gg/473840/boom-esports-vs-paper-rex-champions-tour-2025-pacific-stage-1-lr2,Fracture,Paper Rex,BOOM Esports,Paper Rex,d4v41,Killjoy,180.0,14,14,2,127.0,11.0,1
VCT 2025 Pacific Stage 1,https://www.vlr.gg/473841/gen-g-vs-rex-regum-qeon-champions-tour-2025-pacific-stage-1-ubf,Lotus,Gen.G,Rex Regum Qeon,Gen.G,t3xture,Raze,290.0,21,10,1,180.0,26.0,1
VCT 2025 Pacific Stage 1,https://www.vlr.gg/473841/gen-g-vs-rex-regum-qeon-champions-tour-2025-pacific-stage-1-ubf,Lotus,Gen.G,Rex Regum Qeon,Gen.G,Karon,Omen,259.0,16,8,5,160.0,25.0,1
VCT 2025 Pacific Stage 1,https://www.vlr.gg/473841/gen-g-vs-rex-regum-qeon-champions-tour-2025-pacific-stage-1-ubf,Lotus,Gen.G,Rex Regum Qeon,Gen.G,Munchkin,Viper,220.0,14,10,3,149.0,29.0,1
VCT 2025 Pacific Stage 1,https://www.vlr.gg/473841/gen-g-vs-rex-regum-qeon-champions-tour-2025-pacific-stage-1-ubf,Lotus,Gen.G,Rex Regum Qeon,Gen.G,Foxy9,Vyse,159.0,10,8,3,103.0,30.0,1
VCT 2025 Pacific Stage 1,https://www.vlr.gg/473841/gen-g-vs-rex-regum-qeon-champions-tour-2025-pacific-stage-1-ubf,Lotus,Gen.G,Rex Regum Qeon,Gen.G,Ash,Fade,139.0,9,9,6,81.0,35.0,1
VCT 2025 Pacific Stage 1,https://www.vlr.gg/473841/gen-g-vs-rex-regum-qeon-champions-tour-2025-pacific-stage-1-ubf,Lotus,Rex Regum Qeon,Gen.G,Gen.G,Jemkin,Yoru,227.0,14,14,1,134.0,34.0,0
VCT 2025 Pacific Stage 1,https://www.vlr.gg/473841/gen-g-vs-rex-regum-qeon-champions-tour-2025-pacific-stage-1-ubf,Lotus,Rex Regum Qeon,Gen.G,Gen.G,Monyet,Omen,147.0,9,13,2,109.0,41.0,0
VCT 2025 Pacific Stage 1,https://www.vlr.gg/473841/gen-g-vs-rex-regum-qeon-champions-tour-2025-pacific-stage-1-ubf,Lotus,Rex Regum Qeon,Gen.G,Gen.G,Kushy,Tejo,159.0,9,14,3,112.0,19.0,0
VCT 2025 Pacific Stage 1,https://www.vlr.gg/473841/gen-g-vs-rex-regum-qeon-champions-tour-2025-pacific-stage-1-ubf,Lotus,Rex Regum Qeon,Gen.G,Gen.G,crazyguy,Breach,136.0,8,15,3,86.0,35.0,0
VCT 2025 Pacific Stage 1,https://www.vlr.gg/473841/gen-g-vs-rex-regum-qeon-champions-tour-2025-pacific-stage-1-ubf,Lotus,Rex Regum Qeon,Gen.G,Gen.G,xffero,Viper,98.0,5,14,2,68.0,15.0,0
VCT 2025 Pacific Stage 1,https://www.vlr.gg/473841/gen-g-vs-rex-regum-qeon-champions-tour-2025-pacific-stage-1-ubf,Icebox,Gen.G,Rex Regum Qeon,Gen.G,t3xture,Yoru,298.0,22,12,7,178.0,21.0,1
VCT 2025 Pacific Stage 1,https://www.vlr.gg/473841/gen-g-vs-rex-regum-qeon-champions-tour-2025-pacific-stage-1-ubf,Icebox,Gen.G,Rex Regum Qeon,Gen.G,Foxy9,Killjoy,222.0,19,12,2,146.0,35.0,1
VCT 2025 Pacific Stage 1,https://www.vlr.gg/473841/gen-g-vs-rex-regum-qeon-champions-tour-2025-pacific-stage-1-ubf,Icebox,Gen.G,Rex Regum Qeon,Gen.G,Ash,Tejo,192.0,15,10,5,137.0,34.0,1
VCT 2025 Pacific Stage 1,https://www.vlr.gg/473841/gen-g-vs-rex-regum-qeon-champions-tour-2025-pacific-stage-1-ubf,Icebox,Gen.G,Rex Regum Qeon,Gen.G,Karon,Viper,168.0,10,15,17,116.0,26.0,1
VCT 2025 Pacific Stage 1,https://www.vlr.gg/473841/gen-g-vs-rex-regum-qeon-champions-tour-2025-pacific-stage-1-ubf,Icebox,Gen.G,Rex Regum Qeon,Gen.G,Munchkin,Kayo,196.0,14,16,7,118.0,35.0,1
VCT 2025 Pacific Stage 1,https://www.vlr.gg/473841/gen-g-vs-rex-regum-qeon-champions-tour-2025-pacific-stage-1-ubf,Icebox,Rex Regum Qeon,Gen.G,Gen.G,Jemkin,Jett,290.0,22,17,2,170.0,29.0,0
VCT 2025 Pacific Stage 1,https://www.vlr.gg/473841/gen-g-vs-rex-regum-qeon-champions-tour-2025-pacific-stage-1-ubf,Icebox,Rex Regum Qeon,Gen.G,Gen.G,xffero,Killjoy,171.0,13,14,3,121.0,23.0,0
VCT 2025 Pacific Stage 1,https://www.vlr.gg/473841/gen-g-vs-rex-regum-qeon-champions-tour-2025-pacific-stage-1-ubf,Icebox,Rex Regum Qeon,Gen.G,Gen.G,crazyguy,Tejo,156.0,12,13,5,116.0,20.0,0
VCT 2025 Pacific Stage 1,https://www.vlr.gg/473841/gen-g-vs-rex-regum-qeon-champions-tour-2025-pacific-stage-1-ubf,Icebox,Rex Regum Qeon,Gen.G,Gen.G,Kushy,Kayo,149.0,10,17,10,98.0,33.0,0
VCT 2025 Pacific Stage 1,https://www.vlr.gg/473841/gen-g-vs-rex-regum-qeon-champions-tour-2025-pacific-stage-1-ubf,Icebox,Rex Regum Qeon,Gen.G,Gen.G,Monyet,Viper,117.0,8,19,7,92.0,33.0,0
VCT 2025 Pacific Stage 1,https://www.vlr.gg/473842/drx-vs-paper-rex-champions-tour-2025-pacific-stage-1-lr3,Lotus,DRX,Paper Rex,Paper Rex,free1ng,Tejo,227.0,18,16,4,156.0,40.0,0
VCT 2025 Pacific Stage 1,https://www.vlr.gg/473842/drx-vs-paper-rex-champions-tour-2025-pacific-stage-1-lr3,Lotus,DRX,Paper Rex,Paper Rex,MaKo,Omen,237.0,19,17,8,155.0,28.0,0
VCT 2025 Pacific Stage 1,https://www.vlr.gg/473842/drx-vs-paper-rex-champions-tour-2025-pacific-stage-1-lr3,Lotus,DRX,Paper Rex,Paper Rex,HYUNMIN,Yoru,195.0,17,18,4,134.0,23.0,0
VCT 2025 Pacific Stage 1,https://www.vlr.gg/473842/drx-vs-paper-rex-champions-tour-2025-pacific-stage-1-lr3,Lotus,DRX,Paper Rex,Paper Rex,BeYN,Deadlock,148.0,13,16,4,91.0,30.0,0
VCT 2025 Pacific Stage 1,https://www.vlr.gg/473842/drx-vs-paper-rex-champions-tour-2025-pacific-stage-1-lr3,Lotus,DRX,Paper Rex,Paper Rex,Estrella,Vyse,164.0,13,17,4,132.0,36.0,0
VCT 2025 Pacific Stage 1,https://www.vlr.gg/473842/drx-vs-paper-rex-champions-tour-2025-pacific-stage-1-lr3,Lotus,Paper Rex,DRX,Paper Rex,f0rsakeN,Omen,254.0,21,16,9,165.0,41.0,1
VCT 2025 Pacific Stage 1,https://www.vlr.gg/473842/drx-vs-paper-rex-champions-tour-2025-pacific-stage-1-lr3,Lotus,Paper Rex,DRX,Paper Rex,d4v41,Vyse,210.0,20,13,5,148.0,27.0,1
VCT 2025 Pacific Stage 1,https://www.vlr.gg/473842/drx-vs-paper-rex-champions-tour-2025-pacific-stage-1-lr3,Lotus,Paper Rex,DRX,Paper Rex,something,Yoru,197.0,16,14,3,121.0,29.0,1
VCT 2025 Pacific Stage 1,https://www.vlr.gg/473842/drx-vs-paper-rex-champions-tour-2025-pacific-stage-1-lr3,Lotus,Paper Rex,DRX,Paper Rex,PatMen,Fade,146.0,13,17,4,90.0,30.0,1
VCT 2025 Pacific Stage 1,https://www.vlr.gg/473842/drx-vs-paper-rex-champions-tour-2025-pacific-stage-1-lr3,Lotus,Paper Rex,DRX,Paper Rex,Jinggg,Raze,204.0,14,20,9,153.0,23.0,1
VCT 2025 Pacific Stage 1,https://www.vlr.gg/473842/drx-vs-paper-rex-champions-tour-2025-pacific-stage-1-lr3,Icebox,DRX,Paper Rex,Paper Rex,BeYN,Killjoy,204.0,15,14,3,142.0,36.0,0
VCT 2025 Pacific Stage 1,https://www.vlr.gg/473842/drx-vs-paper-rex-champions-tour-2025-pacific-stage-1-lr3,Icebox,DRX,Paper Rex,Paper Rex,HYUNMIN,Jett,199.0,14,16,4,125.0,31.0,0
VCT 2025 Pacific Stage 1,https://www.vlr.gg/473842/drx-vs-paper-rex-champions-tour-2025-pacific-stage-1-lr3,Icebox,DRX,Paper Rex,Paper Rex,MaKo,Viper,197.0,13,15,4,126.0,32.0,0
VCT 2025 Pacific Stage 1,https://www.vlr.gg/473842/drx-vs-paper-rex-champions-tour-2025-pacific-stage-1-lr3,Icebox,DRX,Paper Rex,Paper Rex,Estrella,Harbor,146.0,12,14,5,83.0,40.0,0
VCT 2025 Pacific Stage 1,https://www.vlr.gg/473842/drx-vs-paper-rex-champions-tour-2025-pacific-stage-1-lr3,Icebox,DRX,Paper Rex,Paper Rex,free1ng,Tejo,105.0,8,14,1,73.0,35.0,0
VCT 2025 Pacific Stage 1,https://www.vlr.gg/473842/drx-vs-paper-rex-champions-tour-2025-pacific-stage-1-lr3,Icebox,Paper Rex,DRX,Paper Rex,PatMen,Viper,231.0,17,12,8,147.0,36.0,1
VCT 2025 Pacific Stage 1,https://www.vlr.gg/473842/drx-vs-paper-rex-champions-tour-2025-pacific-stage-1-lr3,Icebox,Paper Rex,DRX,Paper Rex,f0rsakeN,Sova,179.0,15,11,2,138.0,63.0,1
VCT 2025 Pacific Stage 1,https://www.vlr.gg/473842/drx-vs-paper-rex-champions-tour-2025-pacific-stage-1-lr3,Icebox,Paper Rex,DRX,Paper Rex,d4v41,Killjoy,182.0,12,10,5,132.0,16.0,1
VCT 2025 Pacific Stage 1,https://www.vlr.gg/473842/drx-vs-paper-rex-champions-tour-2025-pacific-stage-1-lr3,Icebox,Paper Rex,DRX,Paper Rex,something,Jett,256.0,19,15,3,146.0,31.0,1
VCT 2025 Pacific Stage 1,https://www.vlr.gg/473842/drx-vs-paper-rex-champions-tour-2025-pacific-stage-1-lr3,Icebox,Paper Rex,DRX,Paper Rex,Jinggg,Omen,132.0,10,14,6,92.0,28.0,1
VCT 2025 Pacific Stage 1,https://www.vlr.gg/473843/rex-regum-qeon-vs-paper-rex-champions-tour-2025-pacific-stage-1-lbf,Fracture,Rex Regum Qeon,Paper Rex,Paper Rex,Jemkin,Brimstone,211.0,11,10,2,144.0,50.0,0
VCT 2025 Pacific Stage 1,https://www.vlr.gg/473843/rex-regum-qeon-vs-paper-rex-champions-tour-2025-pacific-stage-1-lbf,Fracture,Rex Regum Qeon,Paper Rex,Paper Rex,crazyguy,Breach,170.0,7,11,7,120.0,31.0,0
VCT 2025 Pacific Stage 1,https://www.vlr.gg/473843/rex-regum-qeon-vs-paper-rex-champions-tour-2025-pacific-stage-1-lbf,Fracture,Rex Regum Qeon,Paper Rex,Paper Rex,xffero,Vyse,133.0,6,12,4,102.0,18.0,0
VCT 2025 Pacific Stage 1,https://www.vlr.gg/473843/rex-regum-qeon-vs-paper-rex-champions-tour-2025-pacific-stage-1-lbf,Fracture,Rex Regum Qeon,Paper Rex,Paper Rex,Kushy,Tejo,105.0,5,15,1,71.0,27.0,0
VCT 2025 Pacific Stage 1,https://www.vlr.gg/473843/rex-regum-qeon-vs-paper-rex-champions-tour-2025-pacific-stage-1-lbf,Fracture,Rex Regum Qeon,Paper Rex,Paper Rex,Monyet,Neon,96.0,5,15,1,68.0,29.0,0
VCT 2025 Pacific Stage 1,https://www.vlr.gg/473843/rex-regum-qeon-vs-paper-rex-champions-tour-2025-pacific-stage-1-lbf,Fracture,Paper Rex,Rex Regum Qeon,Paper Rex,f0rsakeN,Neon,448.0,26,5,3,307.0,37.0,1
VCT 2025 Pacific Stage 1,https://www.vlr.gg/473843/rex-regum-qeon-vs-paper-rex-champions-tour-2025-pacific-stage-1-lbf,Fracture,Paper Rex,Rex Regum Qeon,Paper Rex,d4v41,Killjoy,238.0,14,5,1,149.0,28.0,1
VCT 2025 Pacific Stage 1,https://www.vlr.gg/473843/rex-regum-qeon-vs-paper-rex-champions-tour-2025-pacific-stage-1-lbf,Fracture,Paper Rex,Rex Regum Qeon,Paper Rex,something,Brimstone,166.0,9,7,2,111.0,53.0,1
VCT 2025 Pacific Stage 1,https://www.vlr.gg/473843/rex-regum-qeon-vs-paper-rex-champions-tour-2025-pacific-stage-1-lbf,Fracture,Paper Rex,Rex Regum Qeon,Paper Rex,Jinggg,Raze,166.0,8,9,3,114.0,15.0,1
VCT 2025 Pacific Stage 1,https://www.vlr.gg/473843/rex-regum-qeon-vs-paper-rex-champions-tour-2025-pacific-stage-1-lbf,Fracture,Paper Rex,Rex Regum Qeon,Paper Rex,PatMen,Breach,105.0,6,8,4,65.0,35.0,1
VCT 2025 Pacific Stage 1,https://www.vlr.gg/473843/rex-regum-qeon-vs-paper-rex-champions-tour-2025-pacific-stage-1-lbf,Split,Rex Regum Qeon,Paper Rex,Rex Regum Qeon,Jemkin,Yoru,337.0,32,17,6,198.0,57.0,1
VCT 2025 Pacific Stage 1,https://www.vlr.gg/473843/rex-regum-qeon-vs-paper-rex-champions-tour-2025-pacific-stage-1-lbf,Split,Rex Regum Qeon,Paper Rex,Rex Regum Qeon,Monyet,Raze,214.0,18,23,7,140.0,20.0,1
VCT 2025 Pacific Stage 1,https://www.vlr.gg/473843/rex-regum-qeon-vs-paper-rex-champions-tour-2025-pacific-stage-1-lbf,Split,Rex Regum Qeon,Paper Rex,Rex Regum Qeon,Kushy,Fade,156.0,13,19,9,97.0,21.0,1
VCT 2025 Pacific Stage 1,https://www.vlr.gg/473843/rex-regum-qeon-vs-paper-rex-champions-tour-2025-pacific-stage-1-lbf,Split,Rex Regum Qeon,Paper Rex,Rex Regum Qeon,xffero,Viper,127.0,13,17,4,82.0,24.0,1
VCT 2025 Pacific Stage 1,https://www.vlr.gg/473843/rex-regum-qeon-vs-paper-rex-champions-tour-2025-pacific-stage-1-lbf,Split,Rex Regum Qeon,Paper Rex,Rex Regum Qeon,crazyguy,Omen,131.0,11,18,10,81.0,29.0,1
VCT 2025 Pacific Stage 1,https://www.vlr.gg/473843/rex-regum-qeon-vs-paper-rex-champions-tour-2025-pacific-stage-1-lbf,Split,Paper Rex,Rex Regum Qeon,Rex Regum Qeon,f0rsakeN,Omen,224.0,21,16,11,148.0,35.0,0
VCT 2025 Pacific Stage 1,https://www.vlr.gg/473843/rex-regum-qeon-vs-paper-rex-champions-tour-2025-pacific-stage-1-lbf,Split,Paper Rex,Rex Regum Qeon,Rex Regum Qeon,Jinggg,Raze,240.0,22,19,4,155.0,22.0,0
VCT 2025 Pacific Stage 1,https://www.vlr.gg/473843/rex-regum-qeon-vs-paper-rex-champions-tour-2025-pacific-stage-1-lbf,Split,Paper Rex,Rex Regum Qeon,Rex Regum Qeon,something,Jett,219.0,20,18,2,148.0,24.0,0
VCT 2025 Pacific Stage 1,https://www.vlr.gg/473843/rex-regum-qeon-vs-paper-rex-champions-tour-2025-pacific-stage-1-lbf,Split,Paper Rex,Rex Regum Qeon,Rex Regum Qeon,d4v41,Viper,203.0,18,18,7,149.0,22.0,0
VCT 2025 Pacific Stage 1,https://www.vlr.gg/473843/rex-regum-qeon-vs-paper-rex-champions-tour-2025-pacific-stage-1-lbf,Split,Paper Rex,Rex Regum Qeon,Rex Regum Qeon,PatMen,Skye,152.0,13,16,13,104.0,27.0,0
VCT 2025 Pacific Stage 1,https://www.vlr.gg/473843/rex-regum-qeon-vs-paper-rex-champions-tour-2025-pacific-stage-1-lbf,Pearl,Rex Regum Qeon,Paper Rex,Rex Regum Qeon,Kushy,Killjoy,305.0,31,16,7,189.0,24.0,1
VCT 2025 Pacific Stage 1,https://www.vlr.gg/473843/rex-regum-qeon-vs-paper-rex-champions-tour-2025-pacific-stage-1-lbf,Pearl,Rex Regum Qeon,Paper Rex,Rex Regum Qeon,Jemkin,Yoru,296.0,27,17,10,189.0,40.0,1
VCT 2025 Pacific Stage 1,https://www.vlr.gg/473843/rex-regum-qeon-vs-paper-rex-champions-tour-2025-pacific-stage-1-lbf,Pearl,Rex Regum Qeon,Paper Rex,Rex Regum Qeon,xffero,Astra,140.0,14,10,11,95.0,26.0,1
VCT 2025 Pacific Stage 1,https://www.vlr.gg/473843/rex-regum-qeon-vs-paper-rex-champions-tour-2025-pacific-stage-1-lbf,Pearl,Rex Regum Qeon,Paper Rex,Rex Regum Qeon,Monyet,Neon,205.0,18,21,10,120.0,15.0,1
VCT 2025 Pacific Stage 1,https://www.vlr.gg/473843/rex-regum-qeon-vs-paper-rex-champions-tour-2025-pacific-stage-1-lbf,Pearl,Rex Regum Qeon,Paper Rex,Rex Regum Qeon,crazyguy,Tejo,102.0,7,16,6,78.0,18.0,1
VCT 2025 Pacific Stage 1,https://www.vlr.gg/473843/rex-regum-qeon-vs-paper-rex-champions-tour-2025-pacific-stage-1-lbf,Pearl,Paper Rex,Rex Regum Qeon,Rex Regum Qeon,Jinggg,Phoenix,207.0,18,20,7,134.0,40.0,0
VCT 2025 Pacific Stage 1,https://www.vlr.gg/473843/rex-regum-qeon-vs-paper-rex-champions-tour-2025-pacific-stage-1-lbf,Pearl,Paper Rex,Rex Regum Qeon,Rex Regum Qeon,f0rsakeN,Killjoy,165.0,15,18,2,112.0,48.0,0
VCT 2025 Pacific Stage 1,https://www.vlr.gg/473843/rex-regum-qeon-vs-paper-rex-champions-tour-2025-pacific-stage-1-lbf,Pearl,Paper Rex,Rex Regum Qeon,Rex Regum Qeon,d4v41,Astra,174.0,14,20,11,124.0,33.0,0
VCT 2025 Pacific Stage 1,https://www.vlr.gg/473843/rex-regum-qeon-vs-paper-rex-champions-tour-2025-pacific-stage-1-lbf,Pearl,Paper Rex,Rex Regum Qeon,Rex Regum Qeon,something,Jett,175.0,17,19,3,104.0,22.0,0
VCT 2025 Pacific Stage 1,https://www.vlr.gg/473843/rex-regum-qeon-vs-paper-rex-champions-tour-2025-pacific-stage-1-lbf,Pearl,Paper Rex,Rex Regum Qeon,Rex Regum Qeon,PatMen,Fade,176.0,16,20,7,117.0,36.0,0
VCT 2025 Pacific Stage 1,https://www.vlr.gg/473843/rex-regum-qeon-vs-paper-rex-champions-tour-2025-pacific-stage-1-lbf,Icebox,Rex Regum Qeon,Paper Rex,Paper Rex,Monyet,Viper,232.0,13,14,3,147.0,21.0,0
VCT 2025 Pacific Stage 1,https://www.vlr.gg/473843/rex-regum-qeon-vs-paper-rex-champions-tour-2025-pacific-stage-1-lbf,Icebox,Rex Regum Qeon,Paper Rex,Paper Rex,crazyguy,Tejo,177.0,9,15,1,113.0,55.0,0
VCT 2025 Pacific Stage 1,https://www.vlr.gg/473843/rex-regum-qeon-vs-paper-rex-champions-tour-2025-pacific-stage-1-lbf,Icebox,Rex Regum Qeon,Paper Rex,Paper Rex,xffero,Killjoy,131.0,7,15,2,106.0,15.0,0
VCT 2025 Pacific Stage 1,https://www.vlr.gg/473843/rex-regum-qeon-vs-paper-rex-champions-tour-2025-pacific-stage-1-lbf,Icebox,Rex Regum Qeon,Paper Rex,Paper Rex,Jemkin,Jett,132.0,7,15,1,83.0,26.0,0
VCT 2025 Pacific Stage 1,https://www.vlr.gg/473843/rex-regum-qeon-vs-paper-rex-champions-tour-2025-pacific-stage-1-lbf,Icebox,Rex Regum Qeon,Paper Rex,Paper Rex,Kushy,Kayo,71.0,4,15,2,44.0,40.0,0
VCT 2025 Pacific Stage 1,https://www.vlr.gg/473843/rex-regum-qeon-vs-paper-rex-champions-tour-2025-pacific-stage-1-lbf,Icebox,Paper Rex,Rex Regum Qeon,Paper Rex,something,Jett,303.0,17,9,7,197.0,25.0,1
VCT 2025 Pacific Stage 1,https://www.vlr.gg/473843/rex-regum-qeon-vs-paper-rex-champions-tour-2025-pacific-stage-1-lbf,Icebox,Paper Rex,Rex Regum Qeon,Paper Rex,f0rsakeN,Sova,250.0,16,7,3,158.0,16.0,1
VCT 2025 Pacific Stage 1,https://www.vlr.gg/473843/rex-regum-qeon-vs-paper-rex-champions-tour-2025-pacific-stage-1-lbf,Icebox,Paper Rex,Rex Regum Qeon,Paper Rex,PatMen,Viper,268.0,16,8,8,166.0,50.0,1
VCT 2025 Pacific Stage 1,https://www.vlr.gg/473843/rex-regum-qeon-vs-paper-rex-champions-tour-2025-pacific-stage-1-lbf,Icebox,Paper Rex,Rex Regum Qeon,Paper Rex,d4v41,Killjoy,242.0,14,9,4,157.0,19.0,1
VCT 2025 Pacific Stage 1,https://www.vlr.gg/473843/rex-regum-qeon-vs-paper-rex-champions-tour-2025-pacific-stage-1-lbf,Icebox,Paper Rex,Rex Regum Qeon,Paper Rex,Jinggg,Omen,150.0,11,7,5,95.0,35.0,1
VCT 2025 Pacific Stage 1,https://www.vlr.gg/473843/rex-regum-qeon-vs-paper-rex-champions-tour-2025-pacific-stage-1-lbf,Ascent,Rex Regum Qeon,Paper Rex,Rex Regum Qeon,Jemkin,Yoru,254.0,17,12,4,150.0,44.0,1
VCT 2025 Pacific Stage 1,https://www.vlr.gg/473843/rex-regum-qeon-vs-paper-rex-champions-tour-2025-pacific-stage-1-lbf,Ascent,Rex Regum Qeon,Paper Rex,Rex Regum Qeon,crazyguy,Tejo,245.0,17,13,5,162.0,17.0,1
VCT 2025 Pacific Stage 1,https://www.vlr.gg/473843/rex-regum-qeon-vs-paper-rex-champions-tour-2025-pacific-stage-1-lbf,Ascent,Rex Regum Qeon,Paper Rex,Rex Regum Qeon,xffero,Cypher,238.0,16,12,10,171.0,32.0,1
VCT 2025 Pacific Stage 1,https://www.vlr.gg/473843/rex-regum-qeon-vs-paper-rex-champions-tour-2025-pacific-stage-1-lbf,Ascent,Rex Regum Qeon,Paper Rex,Rex Regum Qeon,Kushy,Sova,159.0,11,12,7,102.0,28.0,1
VCT 2025 Pacific Stage 1,https://www.vlr.gg/473843/rex-regum-qeon-vs-paper-rex-champions-tour-2025-pacific-stage-1-lbf,Ascent,Rex Regum Qeon,Paper Rex,Rex Regum Qeon,Monyet,Omen,129.0,10,12,13,79.0,24.0,1
VCT 2025 Pacific Stage 1,https://www.vlr.gg/473843/rex-regum-qeon-vs-paper-rex-champions-tour-2025-pacific-stage-1-lbf,Ascent,Paper Rex,Rex Regum Qeon,Rex Regum Qeon,f0rsakeN,Fade,254.0,16,14,12,147.0,18.0,0
VCT 2025 Pacific Stage 1,https://www.vlr.gg/473843/rex-regum-qeon-vs-paper-rex-champions-tour-2025-pacific-stage-1-lbf,Ascent,Paper Rex,Rex Regum Qeon,Rex Regum Qeon,something,Jett,198.0,13,14,3,116.0,16.0,0
VCT 2025 Pacific Stage 1,https://www.vlr.gg/473843/rex-regum-qeon-vs-paper-rex-champions-tour-2025-pacific-stage-1-lbf,Ascent,Paper Rex,Rex Regum Qeon,Rex Regum Qeon,d4v41,Vyse,173.0,11,13,7,130.0,25.0,0
VCT 2025 Pacific Stage 1,https://www.vlr.gg/473843/rex-regum-qeon-vs-paper-rex-champions-tour-2025-pacific-stage-1-lbf,Ascent,Paper Rex,Rex Regum Qeon,Rex Regum Qeon,PatMen,Kayo,168.0,11,15,8,115.0,36.0,0
VCT 2025 Pacific Stage 1,https://www.vlr.gg/473843/rex-regum-qeon-vs-paper-rex-champions-tour-2025-pacific-stage-1-lbf,Ascent,Paper Rex,Rex Regum Qeon,Rex Regum Qeon,Jinggg,Omen,141.0,10,15,6,88.0,28.0,0
VCT 2025 Pacific Stage 1,https://www.vlr.gg/473844/gen-g-vs-rex-regum-qeon-champions-tour-2025-pacific-stage-1-gf,Haven,Gen.G,Rex Regum Qeon,Gen.G,Karon,Omen,243.0,19,9,5,158.0,36.0,1
VCT 2025 Pacific Stage 1,https://www.vlr.gg/473844/gen-g-vs-rex-regum-qeon-champions-tour-2025-pacific-stage-1-gf,Haven,Gen.G,Rex Regum Qeon,Gen.G,Munchkin,Viper,229.0,17,13,6,138.0,11.0,1
VCT 2025 Pacific Stage 1,https://www.vlr.gg/473844/gen-g-vs-rex-regum-qeon-champions-tour-2025-pacific-stage-1-gf,Haven,Gen.G,Rex Regum Qeon,Gen.G,Foxy9,Killjoy,241.0,19,14,5,163.0,29.0,1
VCT 2025 Pacific Stage 1,https://www.vlr.gg/473844/gen-g-vs-rex-regum-qeon-champions-tour-2025-pacific-stage-1-gf,Haven,Gen.G,Rex Regum Qeon,Gen.G,Ash,Tejo,125.0,9,11,6,86.0,25.0,1
VCT 2025 Pacific Stage 1,https://www.vlr.gg/473844/gen-g-vs-rex-regum-qeon-champions-tour-2025-pacific-stage-1-gf,Haven,Gen.G,Rex Regum Qeon,Gen.G,t3xture,Neon,176.0,13,16,3,112.0,25.0,1
VCT 2025 Pacific Stage 1,https://www.vlr.gg/473844/gen-g-vs-rex-regum-qeon-champions-tour-2025-pacific-stage-1-gf,Haven,Rex Regum Qeon,Gen.G,Gen.G,Kushy,Sova,239.0,17,14,6,186.0,49.0,0
VCT 2025 Pacific Stage 1,https://www.vlr.gg/473844/gen-g-vs-rex-regum-qeon-champions-tour-2025-pacific-stage-1-gf,Haven,Rex Regum Qeon,Gen.G,Gen.G,Jemkin,Iso,236.0,19,16,1,154.0,52.0,0
VCT 2025 Pacific Stage 1,https://www.vlr.gg/473844/gen-g-vs-rex-regum-qeon-champions-tour-2025-pacific-stage-1-gf,Haven,Rex Regum Qeon,Gen.G,Gen.G,crazyguy,Omen,148.0,8,15,13,102.0,13.0,0
VCT 2025 Pacific Stage 1,https://www.vlr.gg/473844/gen-g-vs-rex-regum-qeon-champions-tour-2025-pacific-stage-1-gf,Haven,Rex Regum Qeon,Gen.G,Gen.G,Monyet,Yoru,151.0,9,16,8,96.0,19.0,0
VCT 2025 Pacific Stage 1,https://www.vlr.gg/473844/gen-g-vs-rex-regum-qeon-champions-tour-2025-pacific-stage-1-gf,Haven,Rex Regum Qeon,Gen.G,Gen.G,xffero,Cypher,127.0,10,16,2,91.0,28.0,0
VCT 2025 Pacific Stage 1,https://www.vlr.gg/473844/gen-g-vs-rex-regum-qeon-champions-tour-2025-pacific-stage-1-gf,Ascent,Gen.G,Rex Regum Qeon,Rex Regum Qeon,t3xture,Jett,212.0,17,17,2,147.0,30.0,0
VCT 2025 Pacific Stage 1,https://www.vlr.gg/473844/gen-g-vs-rex-regum-qeon-champions-tour-2025-pacific-stage-1-gf,Ascent,Gen.G,Rex Regum Qeon,Rex Regum Qeon,Munchkin,Kayo,192.0,14,20,13,116.0,37.0,0
VCT 2025 Pacific Stage 1,https://www.vlr.gg/473844/gen-g-vs-rex-regum-qeon-champions-tour-2025-pacific-stage-1-gf,Ascent,Gen.G,Rex Regum Qeon,Rex Regum Qeon,Foxy9,Killjoy,188.0,16,16,2,129.0,43.0,0
VCT 2025 Pacific Stage 1,https://www.vlr.gg/473844/gen-g-vs-rex-regum-qeon-champions-tour-2025-pacific-stage-1-gf,Ascent,Gen.G,Rex Regum Qeon,Rex Regum Qeon,Karon,Omen,198.0,18,22,8,127.0,29.0,0
VCT 2025 Pacific Stage 1,https://www.vlr.gg/473844/gen-g-vs-rex-regum-qeon-champions-tour-2025-pacific-stage-1-gf,Ascent,Gen.G,Rex Regum Qeon,Rex Regum Qeon,Ash,Sova,136.0,11,17,5,89.0,33.0,0
VCT 2025 Pacific Stage 1,https://www.vlr.gg/473844/gen-g-vs-rex-regum-qeon-champions-tour-2025-pacific-stage-1-gf,Ascent,Rex Regum Qeon,Gen.G,Rex Regum Qeon,Jemkin,Yoru,301.0,27,17,2,197.0,55.0,1
VCT 2025 Pacific Stage 1,https://www.vlr.gg/473844/gen-g-vs-rex-regum-qeon-champions-tour-2025-pacific-stage-1-gf,Ascent,Rex Regum Qeon,Gen.G,Rex Regum Qeon,Monyet,Omen,205.0,16,14,11,125.0,34.0,1
VCT 2025 Pacific Stage 1,https://www.vlr.gg/473844/gen-g-vs-rex-regum-qeon-champions-tour-2025-pacific-stage-1-gf,Ascent,Rex Regum Qeon,Gen.G,Rex Regum Qeon,xffero,Cypher,217.0,17,17,13,155.0,26.0,1
VCT 2025 Pacific Stage 1,https://www.vlr.gg/473844/gen-g-vs-rex-regum-qeon-champions-tour-2025-pacific-stage-1-gf,Ascent,Rex Regum Qeon,Gen.G,Rex Regum Qeon,Kushy,Sova,188.0,17,15,5,123.0,54.0,1
VCT 2025 Pacific Stage 1,https://www.vlr.gg/473844/gen-g-vs-rex-regum-qeon-champions-tour-2025-pacific-stage-1-gf,Ascent,Rex Regum Qeon,Gen.G,Rex Regum Qeon,crazyguy,Tejo,148.0,15,13,4,93.0,30.0,1
VCT 2025 Pacific Stage 1,https://www.vlr.gg/473844/gen-g-vs-rex-regum-qeon-champions-tour-2025-pacific-stage-1-gf,Lotus,Gen.G,Rex Regum Qeon,Rex Regum Qeon,Munchkin,Viper,213.0,15,19,10,133.0,13.0,0
VCT 2025 Pacific Stage 1,https://www.vlr.gg/473844/gen-g-vs-rex-regum-qeon-champions-tour-2025-pacific-stage-1-gf,Lotus,Gen.G,Rex Regum Qeon,Rex Regum Qeon,Karon,Omen,186.0,15,18,7,120.0,34.0,0
VCT 2025 Pacific Stage 1,https://www.vlr.gg/473844/gen-g-vs-rex-regum-qeon-champions-tour-2025-pacific-stage-1-gf,Lotus,Gen.G,Rex Regum Qeon,Rex Regum Qeon,Ash,Fade,161.0,13,18,5,114.0,39.0,0
VCT 2025 Pacific Stage 1,https://www.vlr.gg/473844/gen-g-vs-rex-regum-qeon-champions-tour-2025-pacific-stage-1-gf,Lotus,Gen.G,Rex Regum Qeon,Rex Regum Qeon,Foxy9,Vyse,186.0,16,19,3,120.0,30.0,0
VCT 2025 Pacific Stage 1,https://www.vlr.gg/473844/gen-g-vs-rex-regum-qeon-champions-tour-2025-pacific-stage-1-gf,Lotus,Gen.G,Rex Regum Qeon,Rex Regum Qeon,t3xture,Raze,211.0,14,19,8,136.0,21.0,0
VCT 2025 Pacific Stage 1,https://www.vlr.gg/473844/gen-g-vs-rex-regum-qeon-champions-tour-2025-pacific-stage-1-gf,Lotus,Rex Regum Qeon,Gen.G,Rex Regum Qeon,xffero,Viper,282.0,23,13,4,177.0,25.0,1
VCT 2025 Pacific Stage 1,https://www.vlr.gg/473844/gen-g-vs-rex-regum-qeon-champions-tour-2025-pacific-stage-1-gf,Lotus,Rex Regum Qeon,Gen.G,Rex Regum Qeon,Monyet,Omen,207.0,18,13,6,143.0,49.0,1
VCT 2025 Pacific Stage 1,https://www.vlr.gg/473844/gen-g-vs-rex-regum-qeon-champions-tour-2025-pacific-stage-1-gf,Lotus,Rex Regum Qeon,Gen.G,Rex Regum Qeon,Jemkin,Yoru,261.0,19,16,8,162.0,32.0,1
VCT 2025 Pacific Stage 1,https://www.vlr.gg/473844/gen-g-vs-rex-regum-qeon-champions-tour-2025-pacific-stage-1-gf,Lotus,Rex Regum Qeon,Gen.G,Rex Regum Qeon,crazyguy,Breach,180.0,15,15,8,109.0,20.0,1
VCT 2025 Pacific Stage 1,https://www.vlr.gg/473844/gen-g-vs-rex-regum-qeon-champions-tour-2025-pacific-stage-1-gf,Lotus,Rex Regum Qeon,Gen.G,Rex Regum Qeon,Kushy,Tejo,227.0,18,17,8,145.0,30.0,1
VCT 2025 Pacific Stage 1,https://www.vlr.gg/473844/gen-g-vs-rex-regum-qeon-champions-tour-2025-pacific-stage-1-gf,Icebox,Gen.G,Rex Regum Qeon,Rex Regum Qeon,Munchkin,Kayo,200.0,19,18,7,118.0,27.0,0
VCT 2025 Pacific Stage 1,https://www.vlr.gg/473844/gen-g-vs-rex-regum-qeon-champions-tour-2025-pacific-stage-1-gf,Icebox,Gen.G,Rex Regum Qeon,Rex Regum Qeon,t3xture,Yoru,214.0,18,18,3,148.0,31.0,0
VCT 2025 Pacific Stage 1,https://www.vlr.gg/473844/gen-g-vs-rex-regum-qeon-champions-tour-2025-pacific-stage-1-gf,Icebox,Gen.G,Rex Regum Qeon,Rex Regum Qeon,Karon,Viper,199.0,17,19,7,129.0,29.0,0
VCT 2025 Pacific Stage 1,https://www.vlr.gg/473844/gen-g-vs-rex-regum-qeon-champions-tour-2025-pacific-stage-1-gf,Icebox,Gen.G,Rex Regum Qeon,Rex Regum Qeon,Foxy9,Killjoy,165.0,13,17,4,124.0,16.0,0
VCT 2025 Pacific Stage 1,https://www.vlr.gg/473844/gen-g-vs-rex-regum-qeon-champions-tour-2025-pacific-stage-1-gf,Icebox,Gen.G,Rex Regum Qeon,Rex Regum Qeon,Ash,Tejo,151.0,12,19,4,111.0,29.0,0
VCT 2025 Pacific Stage 1,https://www.vlr.gg/473844/gen-g-vs-rex-regum-qeon-champions-tour-2025-pacific-stage-1-gf,Icebox,Rex Regum Qeon,Gen.G,Rex Regum Qeon,Jemkin,Jett,273.0,24,15,3,181.0,41.0,1
VCT 2025 Pacific Stage 1,https://www.vlr.gg/473844/gen-g-vs-rex-regum-qeon-champions-tour-2025-pacific-stage-1-gf,Icebox,Rex Regum Qeon,Gen.G,Rex Regum Qeon,Monyet,Viper,292.0,25,16,6,183.0,38.0,1
VCT 2025 Pacific Stage 1,https://www.vlr.gg/473844/gen-g-vs-rex-regum-qeon-champions-tour-2025-pacific-stage-1-gf,Icebox,Rex Regum Qeon,Gen.G,Rex Regum Qeon,crazyguy,Tejo,191.0,17,16,5,127.0,18.0,1
VCT 2025 Pacific Stage 1,https://www.vlr.gg/473844/gen-g-vs-rex-regum-qeon-champions-tour-2025-pacific-stage-1-gf,Icebox,Rex Regum Qeon,Gen.G,Rex Regum Qeon,Kushy,Kayo,159.0,12,15,15,107.0,26.0,1
VCT 2025 Pacific Stage 1,https://www.vlr.gg/473844/gen-g-vs-rex-regum-qeon-champions-tour-2025-pacific-stage-1-gf,Icebox,Rex Regum Qeon,Gen.G,Rex Regum Qeon,xffero,Killjoy,145.0,13,17,3,100.0,20.0,1
VCT 2025 China Stage 1,https://www.vlr.gg/473233/titan-esports-club-vs-wolves-esports-champions-tour-2025-china-stage-1-ur1,Haven,Titan Esports Club,Wolves Esports,Wolves Esports,Coco,Tejo,277.0,24,14,5,208.0,38.0,0
VCT 2025 China Stage 1,https://www.vlr.gg/473233/titan-esports-club-vs-wolves-esports-champions-tour-2025-china-stage-1-ur1,Haven,Titan Esports Club,Wolves Esports,Wolves Esports,Haodong,Omen,215.0,17,14,16,127.0,36.0,0
VCT 2025 China Stage 1,https://www.vlr.gg/473233/titan-esports-club-vs-wolves-esports-champions-tour-2025-china-stage-1-ur1,Haven,Titan Esports Club,Wolves Esports,Wolves Esports,Rb,Breach,170.0,16,19,9,111.0,28.0,0
VCT 2025 China Stage 1,https://www.vlr.gg/473233/titan-esports-club-vs-wolves-esports-champions-tour-2025-china-stage-1-ur1,Haven,Titan Esports Club,Wolves Esports,Wolves Esports,Abo,Cypher,171.0,13,18,7,123.0,30.0,0
VCT 2025 China Stage 1,https://www.vlr.gg/473233/titan-esports-club-vs-wolves-esports-champions-tour-2025-china-stage-1-ur1,Haven,Titan Esports Club,Wolves Esports,Wolves Esports,TvirusLuke,Jett,173.0,15,20,3,125.0,32.0,0
VCT 2025 China Stage 1,https://www.vlr.gg/473233/titan-esports-club-vs-wolves-esports-champions-tour-2025-china-stage-1-ur1,Haven,Wolves Esports,Titan Esports Club,Wolves Esports,SiuFatBB,Sova,227.0,22,14,7,144.0,35.0,1
VCT 2025 China Stage 1,https://www.vlr.gg/473233/titan-esports-club-vs-wolves-esports-champions-tour-2025-china-stage-1-ur1,Haven,Wolves Esports,Titan Esports Club,Wolves Esports,Lysoar,Cypher,233.0,19,15,10,167.0,21.0,1
VCT 2025 China Stage 1,https://www.vlr.gg/473233/titan-esports-club-vs-wolves-esports-champions-tour-2025-china-stage-1-ur1,Haven,Wolves Esports,Titan Esports Club,Wolves Esports,Juicy,Omen,218.0,18,17,12,139.0,20.0,1
VCT 2025 China Stage 1,https://www.vlr.gg/473233/titan-esports-club-vs-wolves-esports-champions-tour-2025-china-stage-1-ur1,Haven,Wolves Esports,Titan Esports Club,Wolves Esports,Spring,Neon,216.0,18,21,7,143.0,23.0,1
VCT 2025 China Stage 1,https://www.vlr.gg/473233/titan-esports-club-vs-wolves-esports-champions-tour-2025-china-stage-1-ur1,Haven,Wolves Esports,Titan Esports Club,Wolves Esports,Yuicaw,Breach,103.0,8,18,18,66.0,20.0,1
VCT 2025 China Stage 1,https://www.vlr.gg/473233/titan-esports-club-vs-wolves-esports-champions-tour-2025-china-stage-1-ur1,Icebox,Titan Esports Club,Wolves Esports,Wolves Esports,Coco,Gekko,207.0,19,15,5,127.0,27.0,0
VCT 2025 China Stage 1,https://www.vlr.gg/473233/titan-esports-club-vs-wolves-esports-champions-tour-2025-china-stage-1-ur1,Icebox,Titan Esports Club,Wolves Esports,Wolves Esports,Haodong,Viper,213.0,15,16,4,139.0,40.0,0
VCT 2025 China Stage 1,https://www.vlr.gg/473233/titan-esports-club-vs-wolves-esports-champions-tour-2025-china-stage-1-ur1,Icebox,Titan Esports Club,Wolves Esports,Wolves Esports,Abo,Deadlock,176.0,13,16,6,118.0,43.0,0
VCT 2025 China Stage 1,https://www.vlr.gg/473233/titan-esports-club-vs-wolves-esports-champions-tour-2025-china-stage-1-ur1,Icebox,Titan Esports Club,Wolves Esports,Wolves Esports,TvirusLuke,Reyna,158.0,12,17,2,106.0,37.0,0
VCT 2025 China Stage 1,https://www.vlr.gg/473233/titan-esports-club-vs-wolves-esports-champions-tour-2025-china-stage-1-ur1,Icebox,Titan Esports Club,Wolves Esports,Wolves Esports,Rb,Tejo,127.0,11,17,2,72.0,30.0,0
VCT 2025 China Stage 1,https://www.vlr.gg/473233/titan-esports-club-vs-wolves-esports-champions-tour-2025-china-stage-1-ur1,Icebox,Wolves Esports,Titan Esports Club,Wolves Esports,Juicy,Jett,313.0,26,16,4,204.0,35.0,1
VCT 2025 China Stage 1,https://www.vlr.gg/473233/titan-esports-club-vs-wolves-esports-champions-tour-2025-china-stage-1-ur1,Icebox,Wolves Esports,Titan Esports Club,Wolves Esports,Spring,Viper,241.0,19,14,10,181.0,35.0,1
VCT 2025 China Stage 1,https://www.vlr.gg/473233/titan-esports-club-vs-wolves-esports-champions-tour-2025-china-stage-1-ur1,Icebox,Wolves Esports,Titan Esports Club,Wolves Esports,Lysoar,Killjoy,171.0,15,12,1,130.0,29.0,1
VCT 2025 China Stage 1,https://www.vlr.gg/473233/titan-esports-club-vs-wolves-esports-champions-tour-2025-china-stage-1-ur1,Icebox,Wolves Esports,Titan Esports Club,Wolves Esports,Yuicaw,Gekko,172.0,12,14,6,119.0,30.0,1
VCT 2025 China Stage 1,https://www.vlr.gg/473233/titan-esports-club-vs-wolves-esports-champions-tour-2025-china-stage-1-ur1,Icebox,Wolves Esports,Titan Esports Club,Wolves Esports,SiuFatBB,Tejo,97.0,9,14,3,80.0,27.0,1
VCT 2025 China Stage 1,https://www.vlr.gg/473234/xi-lai-gaming-vs-nova-esports-champions-tour-2025-china-stage-1-ur1,Lotus,Xi Lai Gaming,Nova Esports,Xi Lai Gaming,coconut,Omen,254.0,19,9,8,166.0,33.0,1
VCT 2025 China Stage 1,https://www.vlr.gg/473234/xi-lai-gaming-vs-nova-esports-champions-tour-2025-china-stage-1-ur1,Lotus,Xi Lai Gaming,Nova Esports,Xi Lai Gaming,happywei,Viper,295.0,19,11,9,190.0,37.0,1
VCT 2025 China Stage 1,https://www.vlr.gg/473234/xi-lai-gaming-vs-nova-esports-champions-tour-2025-china-stage-1-ur1,Lotus,Xi Lai Gaming,Nova Esports,Xi Lai Gaming,YOU,Breach,175.0,15,9,10,112.0,26.0,1
VCT 2025 China Stage 1,https://www.vlr.gg/473234/xi-lai-gaming-vs-nova-esports-champions-tour-2025-china-stage-1-ur1,Lotus,Xi Lai Gaming,Nova Esports,Xi Lai Gaming,Viva,Tejo,221.0,10,11,6,118.0,31.0,1
VCT 2025 China Stage 1,https://www.vlr.gg/473234/xi-lai-gaming-vs-nova-esports-champions-tour-2025-china-stage-1-ur1,Lotus,Xi Lai Gaming,Nova Esports,Xi Lai Gaming,Rarga,Yoru,189.0,11,16,3,113.0,37.0,1
VCT 2025 China Stage 1,https://www.vlr.gg/473234/xi-lai-gaming-vs-nova-esports-champions-tour-2025-china-stage-1-ur1,Lotus,Nova Esports,Xi Lai Gaming,Xi Lai Gaming,OBONE,Vyse,198.0,15,10,1,131.0,24.0,0
VCT 2025 China Stage 1,https://www.vlr.gg/473234/xi-lai-gaming-vs-nova-esports-champions-tour-2025-china-stage-1-ur1,Lotus,Nova Esports,Xi Lai Gaming,Xi Lai Gaming,Ezeir,Astra,242.0,16,15,8,161.0,32.0,0
VCT 2025 China Stage 1,https://www.vlr.gg/473234/xi-lai-gaming-vs-nova-esports-champions-tour-2025-china-stage-1-ur1,Lotus,Nova Esports,Xi Lai Gaming,Xi Lai Gaming,GuanG,Raze,191.0,11,16,5,121.0,18.0,0
VCT 2025 China Stage 1,https://www.vlr.gg/473234/xi-lai-gaming-vs-nova-esports-champions-tour-2025-china-stage-1-ur1,Lotus,Nova Esports,Xi Lai Gaming,Xi Lai Gaming,o0o0o,Breach,132.0,8,17,5,83.0,36.0,0
VCT 2025 China Stage 1,https://www.vlr.gg/473234/xi-lai-gaming-vs-nova-esports-champions-tour-2025-china-stage-1-ur1,Lotus,Nova Esports,Xi Lai Gaming,Xi Lai Gaming,cb,Deadlock,104.0,6,16,2,77.0,52.0,0
VCT 2025 China Stage 1,https://www.vlr.gg/473234/xi-lai-gaming-vs-nova-esports-champions-tour-2025-china-stage-1-ur1,Ascent,Xi Lai Gaming,Nova Esports,Xi Lai Gaming,Rarga,Yoru,346.0,21,6,1,216.0,42.0,1
VCT 2025 China Stage 1,https://www.vlr.gg/473234/xi-lai-gaming-vs-nova-esports-champions-tour-2025-china-stage-1-ur1,Ascent,Xi Lai Gaming,Nova Esports,Xi Lai Gaming,happywei,Cypher,273.0,14,4,9,174.0,30.0,1
VCT 2025 China Stage 1,https://www.vlr.gg/473234/xi-lai-gaming-vs-nova-esports-champions-tour-2025-china-stage-1-ur1,Ascent,Xi Lai Gaming,Nova Esports,Xi Lai Gaming,Viva,Sova,274.0,15,5,6,161.0,20.0,1
VCT 2025 China Stage 1,https://www.vlr.gg/473234/xi-lai-gaming-vs-nova-esports-champions-tour-2025-china-stage-1-ur1,Ascent,Xi Lai Gaming,Nova Esports,Xi Lai Gaming,YOU,Deadlock,225.0,13,5,4,145.0,29.0,1
VCT 2025 China Stage 1,https://www.vlr.gg/473234/xi-lai-gaming-vs-nova-esports-champions-tour-2025-china-stage-1-ur1,Ascent,Xi Lai Gaming,Nova Esports,Xi Lai Gaming,coconut,Omen,162.0,9,5,9,100.0,38.0,1
VCT 2025 China Stage 1,https://www.vlr.gg/473234/xi-lai-gaming-vs-nova-esports-champions-tour-2025-china-stage-1-ur1,Ascent,Nova Esports,Xi Lai Gaming,Xi Lai Gaming,Ezeir,Omen,149.0,7,14,2,109.0,14.0,0
VCT 2025 China Stage 1,https://www.vlr.gg/473234/xi-lai-gaming-vs-nova-esports-champions-tour-2025-china-stage-1-ur1,Ascent,Nova Esports,Xi Lai Gaming,Xi Lai Gaming,GuanG,Killjoy,121.0,6,14,0,74.0,29.0,0
VCT 2025 China Stage 1,https://www.vlr.gg/473234/xi-lai-gaming-vs-nova-esports-champions-tour-2025-china-stage-1-ur1,Ascent,Nova Esports,Xi Lai Gaming,Xi Lai Gaming,OBONE,Yoru,87.0,5,14,1,50.0,42.0,0
VCT 2025 China Stage 1,https://www.vlr.gg/473234/xi-lai-gaming-vs-nova-esports-champions-tour-2025-china-stage-1-ur1,Ascent,Nova Esports,Xi Lai Gaming,Xi Lai Gaming,cb,Tejo,123.0,5,15,1,81.0,7.0,0
VCT 2025 China Stage 1,https://www.vlr.gg/473234/xi-lai-gaming-vs-nova-esports-champions-tour-2025-china-stage-1-ur1,Ascent,Nova Esports,Xi Lai Gaming,Xi Lai Gaming,o0o0o,Breach,60.0,2,15,2,44.0,17.0,0
VCT 2025 China Stage 1,https://www.vlr.gg/473235/titan-esports-club-vs-dragon-ranger-gaming-champions-tour-2025-china-stage-1-lr1,Ascent,Titan Esports Club,Dragon Ranger Gaming,Titan Esports Club,Coco,Tejo,302.0,17,6,5,177.0,39.0,1
VCT 2025 China Stage 1,https://www.vlr.gg/473235/titan-esports-club-vs-dragon-ranger-gaming-champions-tour-2025-china-stage-1-lr1,Ascent,Titan Esports Club,Dragon Ranger Gaming,Titan Esports Club,TvirusLuke,Jett,310.0,17,8,2,194.0,27.0,1
VCT 2025 China Stage 1,https://www.vlr.gg/473235/titan-esports-club-vs-dragon-ranger-gaming-champions-tour-2025-china-stage-1-lr1,Ascent,Titan Esports Club,Dragon Ranger Gaming,Titan Esports Club,Haodong,Omen,225.0,12,6,8,128.0,20.0,1
VCT 2025 China Stage 1,https://www.vlr.gg/473235/titan-esports-club-vs-dragon-ranger-gaming-champions-tour-2025-china-stage-1-lr1,Ascent,Titan Esports Club,Dragon Ranger Gaming,Titan Esports Club,Rb,Kayo,217.0,8,8,22,126.0,11.0,1
VCT 2025 China Stage 1,https://www.vlr.gg/473235/titan-esports-club-vs-dragon-ranger-gaming-champions-tour-2025-china-stage-1-lr1,Ascent,Titan Esports Club,Dragon Ranger Gaming,Titan Esports Club,Abo,Deadlock,186.0,11,7,4,136.0,67.0,1
VCT 2025 China Stage 1,https://www.vlr.gg/473235/titan-esports-club-vs-dragon-ranger-gaming-champions-tour-2025-china-stage-1-lr1,Ascent,Dragon Ranger Gaming,Titan Esports Club,Titan Esports Club,Flex1n,Omen,259.0,13,13,3,150.0,29.0,0
VCT 2025 China Stage 1,https://www.vlr.gg/473235/titan-esports-club-vs-dragon-ranger-gaming-champions-tour-2025-china-stage-1-lr1,Ascent,Dragon Ranger Gaming,Titan Esports Club,Titan Esports Club,Nicc,Fade,195.0,8,13,2,135.0,29.0,0
VCT 2025 China Stage 1,https://www.vlr.gg/473235/titan-esports-club-vs-dragon-ranger-gaming-champions-tour-2025-china-stage-1-lr1,Ascent,Dragon Ranger Gaming,Titan Esports Club,Titan Esports Club,vo0kashu,Vyse,181.0,9,13,1,121.0,42.0,0
VCT 2025 China Stage 1,https://www.vlr.gg/473235/titan-esports-club-vs-dragon-ranger-gaming-champions-tour-2025-china-stage-1-lr1,Ascent,Dragon Ranger Gaming,Titan Esports Club,Titan Esports Club,Cangshu,Viper,75.0,3,13,2,51.0,29.0,0
VCT 2025 China Stage 1,https://www.vlr.gg/473235/titan-esports-club-vs-dragon-ranger-gaming-champions-tour-2025-china-stage-1-lr1,Ascent,Dragon Ranger Gaming,Titan Esports Club,Titan Esports Club,SpiritZ1,Yoru,67.0,2,13,3,51.0,23.0,0
VCT 2025 China Stage 1,https://www.vlr.gg/473235/titan-esports-club-vs-dragon-ranger-gaming-champions-tour-2025-china-stage-1-lr1,Fracture,Titan Esports Club,Dragon Ranger Gaming,Dragon Ranger Gaming,Rb,Tejo,267.0,26,19,3,173.0,43.0,0
VCT 2025 China Stage 1,https://www.vlr.gg/473235/titan-esports-club-vs-dragon-ranger-gaming-champions-tour-2025-china-stage-1-lr1,Fracture,Titan Esports Club,Dragon Ranger Gaming,Dragon Ranger Gaming,TvirusLuke,Raze,219.0,20,18,5,146.0,20.0,0
VCT 2025 China Stage 1,https://www.vlr.gg/473235/titan-esports-club-vs-dragon-ranger-gaming-champions-tour-2025-china-stage-1-lr1,Fracture,Titan Esports Club,Dragon Ranger Gaming,Dragon Ranger Gaming,Abo,Cypher,217.0,21,20,2,138.0,38.0,0
VCT 2025 China Stage 1,https://www.vlr.gg/473235/titan-esports-club-vs-dragon-ranger-gaming-champions-tour-2025-china-stage-1-lr1,Fracture,Titan Esports Club,Dragon Ranger Gaming,Dragon Ranger Gaming,Coco,Breach,164.0,14,22,10,116.0,32.0,0
VCT 2025 China Stage 1,https://www.vlr.gg/473235/titan-esports-club-vs-dragon-ranger-gaming-champions-tour-2025-china-stage-1-lr1,Fracture,Titan Esports Club,Dragon Ranger Gaming,Dragon Ranger Gaming,Haodong,Brimstone,145.0,12,21,16,92.0,30.0,0
VCT 2025 China Stage 1,https://www.vlr.gg/473235/titan-esports-club-vs-dragon-ranger-gaming-champions-tour-2025-china-stage-1-lr1,Fracture,Dragon Ranger Gaming,Titan Esports Club,Dragon Ranger Gaming,Nicc,Breach,237.0,21,16,19,157.0,34.0,1
VCT 2025 China Stage 1,https://www.vlr.gg/473235/titan-esports-club-vs-dragon-ranger-gaming-champions-tour-2025-china-stage-1-lr1,Fracture,Dragon Ranger Gaming,Titan Esports Club,Dragon Ranger Gaming,SpiritZ1,Raze,227.0,23,16,4,154.0,28.0,1
VCT 2025 China Stage 1,https://www.vlr.gg/473235/titan-esports-club-vs-dragon-ranger-gaming-champions-tour-2025-china-stage-1-lr1,Fracture,Dragon Ranger Gaming,Titan Esports Club,Dragon Ranger Gaming,Cangshu,Tejo,187.0,17,17,8,125.0,23.0,1
VCT 2025 China Stage 1,https://www.vlr.gg/473235/titan-esports-club-vs-dragon-ranger-gaming-champions-tour-2025-china-stage-1-lr1,Fracture,Dragon Ranger Gaming,Titan Esports Club,Dragon Ranger Gaming,vo0kashu,Vyse,226.0,20,20,7,158.0,27.0,1
VCT 2025 China Stage 1,https://www.vlr.gg/473235/titan-esports-club-vs-dragon-ranger-gaming-champions-tour-2025-china-stage-1-lr1,Fracture,Dragon Ranger Gaming,Titan Esports Club,Dragon Ranger Gaming,Flex1n,Brimstone,200.0,19,24,12,123.0,23.0,1
VCT 2025 China Stage 1,https://www.vlr.gg/473235/titan-esports-club-vs-dragon-ranger-gaming-champions-tour-2025-china-stage-1-lr1,Lotus,Titan Esports Club,Dragon Ranger Gaming,Dragon Ranger Gaming,Rb,Omen,242.0,29,25,8,156.0,28.0,0
VCT 2025 China Stage 1,https://www.vlr.gg/473235/titan-esports-club-vs-dragon-ranger-gaming-champions-tour-2025-china-stage-1-lr1,Lotus,Titan Esports Club,Dragon Ranger Gaming,Dragon Ranger Gaming,Abo,Deadlock,189.0,24,21,9,120.0,41.0,0
VCT 2025 China Stage 1,https://www.vlr.gg/473235/titan-esports-club-vs-dragon-ranger-gaming-champions-tour-2025-china-stage-1-lr1,Lotus,Titan Esports Club,Dragon Ranger Gaming,Dragon Ranger Gaming,Haodong,Viper,155.0,20,21,10,97.0,27.0,0
VCT 2025 China Stage 1,https://www.vlr.gg/473235/titan-esports-club-vs-dragon-ranger-gaming-champions-tour-2025-china-stage-1-lr1,Lotus,Titan Esports Club,Dragon Ranger Gaming,Dragon Ranger Gaming,Coco,Tejo,136.0,15,27,5,96.0,24.0,0
VCT 2025 China Stage 1,https://www.vlr.gg/473235/titan-esports-club-vs-dragon-ranger-gaming-champions-tour-2025-china-stage-1-lr1,Lotus,Titan Esports Club,Dragon Ranger Gaming,Dragon Ranger Gaming,TvirusLuke,Raze,139.0,14,28,6,93.0,15.0,0
VCT 2025 China Stage 1,https://www.vlr.gg/473235/titan-esports-club-vs-dragon-ranger-gaming-champions-tour-2025-china-stage-1-lr1,Lotus,Dragon Ranger Gaming,Titan Esports Club,Dragon Ranger Gaming,Flex1n,Omen,236.0,27,20,17,140.0,26.0,1
VCT 2025 China Stage 1,https://www.vlr.gg/473235/titan-esports-club-vs-dragon-ranger-gaming-champions-tour-2025-china-stage-1-lr1,Lotus,Dragon Ranger Gaming,Titan Esports Club,Dragon Ranger Gaming,SpiritZ1,Yoru,268.0,34,24,3,184.0,49.0,1
VCT 2025 China Stage 1,https://www.vlr.gg/473235/titan-esports-club-vs-dragon-ranger-gaming-champions-tour-2025-china-stage-1-lr1,Lotus,Dragon Ranger Gaming,Titan Esports Club,Dragon Ranger Gaming,Cangshu,Tejo,194.0,23,17,11,143.0,28.0,1
VCT 2025 China Stage 1,https://www.vlr.gg/473235/titan-esports-club-vs-dragon-ranger-gaming-champions-tour-2025-china-stage-1-lr1,Lotus,Dragon Ranger Gaming,Titan Esports Club,Dragon Ranger Gaming,vo0kashu,Cypher,203.0,23,18,10,139.0,20.0,1
VCT 2025 China Stage 1,https://www.vlr.gg/473235/titan-esports-club-vs-dragon-ranger-gaming-champions-tour-2025-china-stage-1-lr1,Lotus,Dragon Ranger Gaming,Titan Esports Club,Dragon Ranger Gaming,Nicc,Breach,135.0,14,23,24,96.0,25.0,1
VCT 2025 China Stage 1,https://www.vlr.gg/473236/nova-esports-vs-trace-esports-champions-tour-2025-china-stage-1-lr1,Split,Nova Esports,Trace Esports,Trace Esports,cb,Raze,268.0,22,14,1,166.0,20.0,0
VCT 2025 China Stage 1,https://www.vlr.gg/473236/nova-esports-vs-trace-esports-champions-tour-2025-china-stage-1-lr1,Split,Nova Esports,Trace Esports,Trace Esports,GuanG,Vyse,175.0,12,16,7,131.0,27.0,0
VCT 2025 China Stage 1,https://www.vlr.gg/473236/nova-esports-vs-trace-esports-champions-tour-2025-china-stage-1-lr1,Split,Nova Esports,Trace Esports,Trace Esports,o0o0o,Skye,139.0,11,16,5,92.0,30.0,0
VCT 2025 China Stage 1,https://www.vlr.gg/473236/nova-esports-vs-trace-esports-champions-tour-2025-china-stage-1-lr1,Split,Nova Esports,Trace Esports,Trace Esports,Ezeir,Astra,145.0,10,15,9,105.0,26.0,0
VCT 2025 China Stage 1,https://www.vlr.gg/473236/nova-esports-vs-trace-esports-champions-tour-2025-china-stage-1-lr1,Split,Nova Esports,Trace Esports,Trace Esports,OBONE,Deadlock,77.0,7,19,4,50.0,20.0,0
VCT 2025 China Stage 1,https://www.vlr.gg/473236/nova-esports-vs-trace-esports-champions-tour-2025-china-stage-1-lr1,Split,Trace Esports,Nova Esports,Trace Esports,Biank,Breach,218.0,17,10,9,149.0,31.0,1
VCT 2025 China Stage 1,https://www.vlr.gg/473236/nova-esports-vs-trace-esports-champions-tour-2025-china-stage-1-lr1,Split,Trace Esports,Nova Esports,Trace Esports,Kai,Yoru,263.0,21,14,2,162.0,37.0,1
VCT 2025 China Stage 1,https://www.vlr.gg/473236/nova-esports-vs-trace-esports-champions-tour-2025-china-stage-1-lr1,Split,Trace Esports,Nova Esports,Trace Esports,Midi,Tejo,184.0,15,11,4,128.0,45.0,1
VCT 2025 China Stage 1,https://www.vlr.gg/473236/nova-esports-vs-trace-esports-champions-tour-2025-china-stage-1-lr1,Split,Trace Esports,Nova Esports,Trace Esports,LuoK1ng,Omen,218.0,15,13,13,138.0,35.0,1
VCT 2025 China Stage 1,https://www.vlr.gg/473236/nova-esports-vs-trace-esports-champions-tour-2025-china-stage-1-lr1,Split,Trace Esports,Nova Esports,Trace Esports,heybay,Viper,163.0,12,14,4,100.0,14.0,1
VCT 2025 China Stage 1,https://www.vlr.gg/473236/nova-esports-vs-trace-esports-champions-tour-2025-china-stage-1-lr1,Lotus,Nova Esports,Trace Esports,Trace Esports,GuanG,Raze,260.0,17,13,1,162.0,30.0,0
VCT 2025 China Stage 1,https://www.vlr.gg/473236/nova-esports-vs-trace-esports-champions-tour-2025-china-stage-1-lr1,Lotus,Nova Esports,Trace Esports,Trace Esports,cb,Deadlock,231.0,12,15,6,148.0,11.0,0
VCT 2025 China Stage 1,https://www.vlr.gg/473236/nova-esports-vs-trace-esports-champions-tour-2025-china-stage-1-lr1,Lotus,Nova Esports,Trace Esports,Trace Esports,OBONE,Vyse,177.0,10,13,5,116.0,32.0,0
VCT 2025 China Stage 1,https://www.vlr.gg/473236/nova-esports-vs-trace-esports-champions-tour-2025-china-stage-1-lr1,Lotus,Nova Esports,Trace Esports,Trace Esports,Ezeir,Omen,134.0,7,16,4,84.0,44.0,0
VCT 2025 China Stage 1,https://www.vlr.gg/473236/nova-esports-vs-trace-esports-champions-tour-2025-china-stage-1-lr1,Lotus,Nova Esports,Trace Esports,Trace Esports,o0o0o,Breach,105.0,6,15,5,66.0,40.0,0
VCT 2025 China Stage 1,https://www.vlr.gg/473236/nova-esports-vs-trace-esports-champions-tour-2025-china-stage-1-lr1,Lotus,Trace Esports,Nova Esports,Trace Esports,LuoK1ng,Omen,312.0,21,9,7,226.0,40.0,1
VCT 2025 China Stage 1,https://www.vlr.gg/473236/nova-esports-vs-trace-esports-champions-tour-2025-china-stage-1-lr1,Lotus,Trace Esports,Nova Esports,Trace Esports,heybay,Viper,316.0,19,9,7,207.0,30.0,1
VCT 2025 China Stage 1,https://www.vlr.gg/473236/nova-esports-vs-trace-esports-champions-tour-2025-china-stage-1-lr1,Lotus,Trace Esports,Nova Esports,Trace Esports,Kai,Yoru,231.0,13,12,3,143.0,26.0,1
VCT 2025 China Stage 1,https://www.vlr.gg/473236/nova-esports-vs-trace-esports-champions-tour-2025-china-stage-1-lr1,Lotus,Trace Esports,Nova Esports,Trace Esports,Biank,Breach,139.0,10,11,6,77.0,40.0,1
VCT 2025 China Stage 1,https://www.vlr.gg/473236/nova-esports-vs-trace-esports-champions-tour-2025-china-stage-1-lr1,Lotus,Trace Esports,Nova Esports,Trace Esports,Midi,Tejo,170.0,9,11,11,128.0,23.0,1
VCT 2025 China Stage 1,https://www.vlr.gg/473237/bilibili-gaming-vs-wolves-esports-champions-tour-2025-china-stage-1-ubsf,Split,Bilibili Gaming,Wolves Esports,Wolves Esports,Knight,Tejo,230.0,18,16,4,155.0,29.0,0
VCT 2025 China Stage 1,https://www.vlr.gg/473237/bilibili-gaming-vs-wolves-esports-champions-tour-2025-china-stage-1-ubsf,Split,Bilibili Gaming,Wolves Esports,Wolves Esports,Levius,Viper,155.0,13,13,4,109.0,50.0,0
VCT 2025 China Stage 1,https://www.vlr.gg/473237/bilibili-gaming-vs-wolves-esports-champions-tour-2025-china-stage-1-ubsf,Split,Bilibili Gaming,Wolves Esports,Wolves Esports,rushia,Omen,145.0,11,17,10,77.0,10.0,0
VCT 2025 China Stage 1,https://www.vlr.gg/473237/bilibili-gaming-vs-wolves-esports-champions-tour-2025-china-stage-1-ubsf,Split,Bilibili Gaming,Wolves Esports,Wolves Esports,whzy,Yoru,217.0,14,19,8,121.0,14.0,0
VCT 2025 China Stage 1,https://www.vlr.gg/473237/bilibili-gaming-vs-wolves-esports-champions-tour-2025-china-stage-1-ubsf,Split,Bilibili Gaming,Wolves Esports,Wolves Esports,nephh,Breach,158.0,11,18,11,103.0,33.0,0
VCT 2025 China Stage 1,https://www.vlr.gg/473237/bilibili-gaming-vs-wolves-esports-champions-tour-2025-china-stage-1-ubsf,Split,Wolves Esports,Bilibili Gaming,Wolves Esports,SiuFatBB,Tejo,276.0,20,11,5,183.0,32.0,1
VCT 2025 China Stage 1,https://www.vlr.gg/473237/bilibili-gaming-vs-wolves-esports-champions-tour-2025-china-stage-1-ubsf,Split,Wolves Esports,Bilibili Gaming,Wolves Esports,Juicy,Raze,290.0,21,14,1,192.0,20.0,1
VCT 2025 China Stage 1,https://www.vlr.gg/473237/bilibili-gaming-vs-wolves-esports-champions-tour-2025-china-stage-1-ubsf,Split,Wolves Esports,Bilibili Gaming,Wolves Esports,Lysoar,Omen,183.0,16,13,10,131.0,27.0,1
VCT 2025 China Stage 1,https://www.vlr.gg/473237/bilibili-gaming-vs-wolves-esports-champions-tour-2025-china-stage-1-ubsf,Split,Wolves Esports,Bilibili Gaming,Wolves Esports,Yuicaw,Cypher,153.0,12,12,4,106.0,35.0,1
VCT 2025 China Stage 1,https://www.vlr.gg/473237/bilibili-gaming-vs-wolves-esports-champions-tour-2025-china-stage-1-ubsf,Split,Wolves Esports,Bilibili Gaming,Wolves Esports,Spring,Viper,198.0,14,17,2,118.0,45.0,1
VCT 2025 China Stage 1,https://www.vlr.gg/473237/bilibili-gaming-vs-wolves-esports-champions-tour-2025-china-stage-1-ubsf,Haven,Bilibili Gaming,Wolves Esports,Wolves Esports,Knight,Tejo,273.0,20,14,8,190.0,24.0,0
VCT 2025 China Stage 1,https://www.vlr.gg/473237/bilibili-gaming-vs-wolves-esports-champions-tour-2025-china-stage-1-ubsf,Haven,Bilibili Gaming,Wolves Esports,Wolves Esports,nephh,Breach,205.0,14,15,13,127.0,19.0,0
VCT 2025 China Stage 1,https://www.vlr.gg/473237/bilibili-gaming-vs-wolves-esports-champions-tour-2025-china-stage-1-ubsf,Haven,Bilibili Gaming,Wolves Esports,Wolves Esports,whzy,Yoru,253.0,20,18,1,160.0,32.0,0
VCT 2025 China Stage 1,https://www.vlr.gg/473237/bilibili-gaming-vs-wolves-esports-champions-tour-2025-china-stage-1-ubsf,Haven,Bilibili Gaming,Wolves Esports,Wolves Esports,Levius,Cypher,153.0,12,15,4,93.0,20.0,0
VCT 2025 China Stage 1,https://www.vlr.gg/473237/bilibili-gaming-vs-wolves-esports-champions-tour-2025-china-stage-1-ubsf,Haven,Bilibili Gaming,Wolves Esports,Wolves Esports,rushia,Omen,171.0,10,18,15,112.0,22.0,0
VCT 2025 China Stage 1,https://www.vlr.gg/473237/bilibili-gaming-vs-wolves-esports-champions-tour-2025-china-stage-1-ubsf,Haven,Wolves Esports,Bilibili Gaming,Wolves Esports,Lysoar,Cypher,278.0,23,14,5,176.0,26.0,1
VCT 2025 China Stage 1,https://www.vlr.gg/473237/bilibili-gaming-vs-wolves-esports-champions-tour-2025-china-stage-1-ubsf,Haven,Wolves Esports,Bilibili Gaming,Wolves Esports,Yuicaw,Breach,263.0,19,15,11,195.0,39.0,1
VCT 2025 China Stage 1,https://www.vlr.gg/473237/bilibili-gaming-vs-wolves-esports-champions-tour-2025-china-stage-1-ubsf,Haven,Wolves Esports,Bilibili Gaming,Wolves Esports,Juicy,Omen,206.0,15,15,12,134.0,28.0,1
VCT 2025 China Stage 1,https://www.vlr.gg/473237/bilibili-gaming-vs-wolves-esports-champions-tour-2025-china-stage-1-ubsf,Haven,Wolves Esports,Bilibili Gaming,Wolves Esports,SiuFatBB,Sova,160.0,14,13,7,124.0,34.0,1
VCT 2025 China Stage 1,https://www.vlr.gg/473237/bilibili-gaming-vs-wolves-esports-champions-tour-2025-china-stage-1-ubsf,Haven,Wolves Esports,Bilibili Gaming,Wolves Esports,Spring,Neon,145.0,9,19,9,97.0,24.0,1
VCT 2025 China Stage 1,https://www.vlr.gg/473238/edward-gaming-vs-xi-lai-gaming-champions-tour-2025-china-stage-1-ubsf,Lotus,EDward Gaming,Xi Lai Gaming,Xi Lai Gaming,CHICHOO,Vyse,336.0,26,14,5,222.0,30.0,0
VCT 2025 China Stage 1,https://www.vlr.gg/473238/edward-gaming-vs-xi-lai-gaming-champions-tour-2025-china-stage-1-ubsf,Lotus,EDward Gaming,Xi Lai Gaming,Xi Lai Gaming,Smoggy,Omen,181.0,14,14,6,110.0,52.0,0
VCT 2025 China Stage 1,https://www.vlr.gg/473238/edward-gaming-vs-xi-lai-gaming-champions-tour-2025-china-stage-1-ubsf,Lotus,EDward Gaming,Xi Lai Gaming,Xi Lai Gaming,nobody,Sova,165.0,11,15,4,102.0,29.0,0
VCT 2025 China Stage 1,https://www.vlr.gg/473238/edward-gaming-vs-xi-lai-gaming-champions-tour-2025-china-stage-1-ubsf,Lotus,EDward Gaming,Xi Lai Gaming,Xi Lai Gaming,Jieni7,Neon,158.0,13,17,3,95.0,18.0,0
VCT 2025 China Stage 1,https://www.vlr.gg/473238/edward-gaming-vs-xi-lai-gaming-champions-tour-2025-china-stage-1-ubsf,Lotus,EDward Gaming,Xi Lai Gaming,Xi Lai Gaming,ZmjjKK,Iso,172.0,12,20,5,127.0,29.0,0
VCT 2025 China Stage 1,https://www.vlr.gg/473238/edward-gaming-vs-xi-lai-gaming-champions-tour-2025-china-stage-1-ubsf,Lotus,Xi Lai Gaming,EDward Gaming,Xi Lai Gaming,YOU,Breach,236.0,18,14,13,152.0,31.0,1
VCT 2025 China Stage 1,https://www.vlr.gg/473238/edward-gaming-vs-xi-lai-gaming-champions-tour-2025-china-stage-1-ubsf,Lotus,Xi Lai Gaming,EDward Gaming,Xi Lai Gaming,Rarga,Yoru,278.0,21,15,6,195.0,27.0,1
VCT 2025 China Stage 1,https://www.vlr.gg/473238/edward-gaming-vs-xi-lai-gaming-champions-tour-2025-china-stage-1-ubsf,Lotus,Xi Lai Gaming,EDward Gaming,Xi Lai Gaming,Viva,Tejo,208.0,16,16,5,160.0,22.0,1
VCT 2025 China Stage 1,https://www.vlr.gg/473238/edward-gaming-vs-xi-lai-gaming-champions-tour-2025-china-stage-1-ubsf,Lotus,Xi Lai Gaming,EDward Gaming,Xi Lai Gaming,coconut,Omen,188.0,14,14,10,122.0,31.0,1
VCT 2025 China Stage 1,https://www.vlr.gg/473238/edward-gaming-vs-xi-lai-gaming-champions-tour-2025-china-stage-1-ubsf,Lotus,Xi Lai Gaming,EDward Gaming,Xi Lai Gaming,happywei,Viper,144.0,11,17,7,92.0,19.0,1
VCT 2025 China Stage 1,https://www.vlr.gg/473238/edward-gaming-vs-xi-lai-gaming-champions-tour-2025-china-stage-1-ubsf,Haven,EDward Gaming,Xi Lai Gaming,Xi Lai Gaming,nobody,Tejo,238.0,19,15,3,163.0,40.0,0
VCT 2025 China Stage 1,https://www.vlr.gg/473238/edward-gaming-vs-xi-lai-gaming-champions-tour-2025-china-stage-1-ubsf,Haven,EDward Gaming,Xi Lai Gaming,Xi Lai Gaming,CHICHOO,Cypher,157.0,14,16,3,113.0,41.0,0
VCT 2025 China Stage 1,https://www.vlr.gg/473238/edward-gaming-vs-xi-lai-gaming-champions-tour-2025-china-stage-1-ubsf,Haven,EDward Gaming,Xi Lai Gaming,Xi Lai Gaming,Smoggy,Omen,158.0,12,18,12,108.0,28.0,0
VCT 2025 China Stage 1,https://www.vlr.gg/473238/edward-gaming-vs-xi-lai-gaming-champions-tour-2025-china-stage-1-ubsf,Haven,EDward Gaming,Xi Lai Gaming,Xi Lai Gaming,Jieni7,Breach,132.0,12,17,5,91.0,57.0,0
VCT 2025 China Stage 1,https://www.vlr.gg/473238/edward-gaming-vs-xi-lai-gaming-champions-tour-2025-china-stage-1-ubsf,Haven,EDward Gaming,Xi Lai Gaming,Xi Lai Gaming,ZmjjKK,Yoru,199.0,17,20,2,126.0,26.0,0
VCT 2025 China Stage 1,https://www.vlr.gg/473238/edward-gaming-vs-xi-lai-gaming-champions-tour-2025-china-stage-1-ubsf,Haven,Xi Lai Gaming,EDward Gaming,Xi Lai Gaming,Rarga,Yoru,432.0,35,16,5,260.0,38.0,1
VCT 2025 China Stage 1,https://www.vlr.gg/473238/edward-gaming-vs-xi-lai-gaming-champions-tour-2025-china-stage-1-ubsf,Haven,Xi Lai Gaming,EDward Gaming,Xi Lai Gaming,happywei,Cypher,210.0,18,15,5,140.0,41.0,1
VCT 2025 China Stage 1,https://www.vlr.gg/473238/edward-gaming-vs-xi-lai-gaming-champions-tour-2025-china-stage-1-ubsf,Haven,Xi Lai Gaming,EDward Gaming,Xi Lai Gaming,Viva,Tejo,131.0,14,11,3,92.0,28.0,1
VCT 2025 China Stage 1,https://www.vlr.gg/473238/edward-gaming-vs-xi-lai-gaming-champions-tour-2025-china-stage-1-ubsf,Haven,Xi Lai Gaming,EDward Gaming,Xi Lai Gaming,coconut,Omen,147.0,13,14,14,94.0,33.0,1
VCT 2025 China Stage 1,https://www.vlr.gg/473238/edward-gaming-vs-xi-lai-gaming-champions-tour-2025-china-stage-1-ubsf,Haven,Xi Lai Gaming,EDward Gaming,Xi Lai Gaming,YOU,Breach,100.0,6,18,20,55.0,38.0,1
VCT 2025 China Stage 1,https://www.vlr.gg/473240/bilibili-gaming-vs-trace-esports-champions-tour-2025-china-stage-1-lr2,Fracture,Bilibili Gaming,Trace Esports,Bilibili Gaming,nephh,Breach,277.0,21,8,13,192.0,30.0,1
VCT 2025 China Stage 1,https://www.vlr.gg/473240/bilibili-gaming-vs-trace-esports-champions-tour-2025-china-stage-1-lr2,Fracture,Bilibili Gaming,Trace Esports,Bilibili Gaming,whzy,Neon,343.0,27,14,5,206.0,34.0,1
VCT 2025 China Stage 1,https://www.vlr.gg/473240/bilibili-gaming-vs-trace-esports-champions-tour-2025-china-stage-1-lr2,Fracture,Bilibili Gaming,Trace Esports,Bilibili Gaming,Levius,Cypher,194.0,16,11,4,118.0,22.0,1
VCT 2025 China Stage 1,https://www.vlr.gg/473240/bilibili-gaming-vs-trace-esports-champions-tour-2025-china-stage-1-lr2,Fracture,Bilibili Gaming,Trace Esports,Bilibili Gaming,rushia,Brimstone,163.0,12,13,15,106.0,26.0,1
VCT 2025 China Stage 1,https://www.vlr.gg/473240/bilibili-gaming-vs-trace-esports-champions-tour-2025-china-stage-1-lr2,Fracture,Bilibili Gaming,Trace Esports,Bilibili Gaming,Knight,Tejo,154.0,10,11,4,103.0,24.0,1
VCT 2025 China Stage 1,https://www.vlr.gg/473240/bilibili-gaming-vs-trace-esports-champions-tour-2025-china-stage-1-lr2,Fracture,Trace Esports,Bilibili Gaming,Bilibili Gaming,Biank,Breach,193.0,13,17,9,132.0,20.0,0
VCT 2025 China Stage 1,https://www.vlr.gg/473240/bilibili-gaming-vs-trace-esports-champions-tour-2025-china-stage-1-lr2,Fracture,Trace Esports,Bilibili Gaming,Bilibili Gaming,Kai,Yoru,197.0,14,16,5,115.0,10.0,0
VCT 2025 China Stage 1,https://www.vlr.gg/473240/bilibili-gaming-vs-trace-esports-champions-tour-2025-china-stage-1-lr2,Fracture,Trace Esports,Bilibili Gaming,Bilibili Gaming,Midi,Tejo,181.0,14,18,4,116.0,31.0,0
VCT 2025 China Stage 1,https://www.vlr.gg/473240/bilibili-gaming-vs-trace-esports-champions-tour-2025-china-stage-1-lr2,Fracture,Trace Esports,Bilibili Gaming,Bilibili Gaming,LuoK1ng,Brimstone,151.0,7,17,9,110.0,21.0,0
VCT 2025 China Stage 1,https://www.vlr.gg/473240/bilibili-gaming-vs-trace-esports-champions-tour-2025-china-stage-1-lr2,Fracture,Trace Esports,Bilibili Gaming,Bilibili Gaming,heybay,Vyse,140.0,9,18,3,90.0,12.0,0
VCT 2025 China Stage 1,https://www.vlr.gg/473240/bilibili-gaming-vs-trace-esports-champions-tour-2025-china-stage-1-lr2,Lotus,Bilibili Gaming,Trace Esports,Bilibili Gaming,rushia,Omen,199.0,14,6,12,115.0,29.0,1
VCT 2025 China Stage 1,https://www.vlr.gg/473240/bilibili-gaming-vs-trace-esports-champions-tour-2025-china-stage-1-lr2,Lotus,Bilibili Gaming,Trace Esports,Bilibili Gaming,whzy,Neon,346.0,20,13,4,208.0,19.0,1
VCT 2025 China Stage 1,https://www.vlr.gg/473240/bilibili-gaming-vs-trace-esports-champions-tour-2025-china-stage-1-lr2,Lotus,Bilibili Gaming,Trace Esports,Bilibili Gaming,Levius,Viper,250.0,17,10,2,152.0,43.0,1
VCT 2025 China Stage 1,https://www.vlr.gg/473240/bilibili-gaming-vs-trace-esports-champions-tour-2025-china-stage-1-lr2,Lotus,Bilibili Gaming,Trace Esports,Bilibili Gaming,nephh,Breach,225.0,14,10,5,145.0,32.0,1
VCT 2025 China Stage 1,https://www.vlr.gg/473240/bilibili-gaming-vs-trace-esports-champions-tour-2025-china-stage-1-lr2,Lotus,Bilibili Gaming,Trace Esports,Bilibili Gaming,Knight,Tejo,143.0,9,10,5,105.0,22.0,1
VCT 2025 China Stage 1,https://www.vlr.gg/473240/bilibili-gaming-vs-trace-esports-champions-tour-2025-china-stage-1-lr2,Lotus,Trace Esports,Bilibili Gaming,Bilibili Gaming,Kai,Yoru,210.0,12,14,2,132.0,29.0,0
VCT 2025 China Stage 1,https://www.vlr.gg/473240/bilibili-gaming-vs-trace-esports-champions-tour-2025-china-stage-1-lr2,Lotus,Trace Esports,Bilibili Gaming,Bilibili Gaming,Biank,Breach,187.0,11,15,5,136.0,27.0,0
VCT 2025 China Stage 1,https://www.vlr.gg/473240/bilibili-gaming-vs-trace-esports-champions-tour-2025-china-stage-1-lr2,Lotus,Trace Esports,Bilibili Gaming,Bilibili Gaming,heybay,Viper,174.0,10,15,2,114.0,23.0,0
VCT 2025 China Stage 1,https://www.vlr.gg/473240/bilibili-gaming-vs-trace-esports-champions-tour-2025-china-stage-1-lr2,Lotus,Trace Esports,Bilibili Gaming,Bilibili Gaming,Midi,Tejo,163.0,8,15,4,104.0,27.0,0
VCT 2025 China Stage 1,https://www.vlr.gg/473240/bilibili-gaming-vs-trace-esports-champions-tour-2025-china-stage-1-lr2,Lotus,Trace Esports,Bilibili Gaming,Bilibili Gaming,LuoK1ng,Omen,136.0,8,15,1,90.0,53.0,0
VCT 2025 China Stage 1,https://www.vlr.gg/473239/edward-gaming-vs-dragon-ranger-gaming-champions-tour-2025-china-stage-1-lr2,Lotus,EDward Gaming,Dragon Ranger Gaming,EDward Gaming,ZmjjKK,Iso,359.0,29,14,8,223.0,32.0,1
VCT 2025 China Stage 1,https://www.vlr.gg/473239/edward-gaming-vs-dragon-ranger-gaming-champions-tour-2025-china-stage-1-lr2,Lotus,EDward Gaming,Dragon Ranger Gaming,EDward Gaming,CHICHOO,Vyse,240.0,17,12,9,194.0,28.0,1
VCT 2025 China Stage 1,https://www.vlr.gg/473239/edward-gaming-vs-dragon-ranger-gaming-champions-tour-2025-china-stage-1-lr2,Lotus,EDward Gaming,Dragon Ranger Gaming,EDward Gaming,nobody,Sova,179.0,12,11,10,127.0,18.0,1
VCT 2025 China Stage 1,https://www.vlr.gg/473239/edward-gaming-vs-dragon-ranger-gaming-champions-tour-2025-china-stage-1-lr2,Lotus,EDward Gaming,Dragon Ranger Gaming,EDward Gaming,Smoggy,Omen,169.0,13,12,12,116.0,41.0,1
VCT 2025 China Stage 1,https://www.vlr.gg/473239/edward-gaming-vs-dragon-ranger-gaming-champions-tour-2025-china-stage-1-lr2,Lotus,EDward Gaming,Dragon Ranger Gaming,EDward Gaming,Jieni7,Neon,218.0,17,14,7,143.0,30.0,1
VCT 2025 China Stage 1,https://www.vlr.gg/473239/edward-gaming-vs-dragon-ranger-gaming-champions-tour-2025-china-stage-1-lr2,Lotus,Dragon Ranger Gaming,EDward Gaming,EDward Gaming,Flex1n,Omen,251.0,16,16,10,178.0,26.0,0
VCT 2025 China Stage 1,https://www.vlr.gg/473239/edward-gaming-vs-dragon-ranger-gaming-champions-tour-2025-china-stage-1-lr2,Lotus,Dragon Ranger Gaming,EDward Gaming,EDward Gaming,Nicc,Breach,190.0,14,17,4,123.0,26.0,0
VCT 2025 China Stage 1,https://www.vlr.gg/473239/edward-gaming-vs-dragon-ranger-gaming-champions-tour-2025-china-stage-1-lr2,Lotus,Dragon Ranger Gaming,EDward Gaming,EDward Gaming,vo0kashu,Cypher,188.0,15,19,3,127.0,30.0,0
VCT 2025 China Stage 1,https://www.vlr.gg/473239/edward-gaming-vs-dragon-ranger-gaming-champions-tour-2025-china-stage-1-lr2,Lotus,Dragon Ranger Gaming,EDward Gaming,EDward Gaming,SpiritZ1,Yoru,147.0,11,19,4,99.0,31.0,0
VCT 2025 China Stage 1,https://www.vlr.gg/473239/edward-gaming-vs-dragon-ranger-gaming-champions-tour-2025-china-stage-1-lr2,Lotus,Dragon Ranger Gaming,EDward Gaming,EDward Gaming,Cangshu,Tejo,110.0,7,17,5,74.0,24.0,0
VCT 2025 China Stage 1,https://www.vlr.gg/473239/edward-gaming-vs-dragon-ranger-gaming-champions-tour-2025-china-stage-1-lr2,Split,EDward Gaming,Dragon Ranger Gaming,Dragon Ranger Gaming,CHICHOO,Cypher,231.0,20,16,4,157.0,31.0,0
VCT 2025 China Stage 1,https://www.vlr.gg/473239/edward-gaming-vs-dragon-ranger-gaming-champions-tour-2025-china-stage-1-lr2,Split,EDward Gaming,Dragon Ranger Gaming,Dragon Ranger Gaming,ZmjjKK,Iso,309.0,26,21,5,190.0,31.0,0
VCT 2025 China Stage 1,https://www.vlr.gg/473239/edward-gaming-vs-dragon-ranger-gaming-champions-tour-2025-china-stage-1-lr2,Split,EDward Gaming,Dragon Ranger Gaming,Dragon Ranger Gaming,Smoggy,Omen,169.0,16,16,11,100.0,28.0,0
VCT 2025 China Stage 1,https://www.vlr.gg/473239/edward-gaming-vs-dragon-ranger-gaming-champions-tour-2025-china-stage-1-lr2,Split,EDward Gaming,Dragon Ranger Gaming,Dragon Ranger Gaming,nobody,Fade,110.0,8,18,9,78.0,31.0,0
VCT 2025 China Stage 1,https://www.vlr.gg/473239/edward-gaming-vs-dragon-ranger-gaming-champions-tour-2025-china-stage-1-lr2,Split,EDward Gaming,Dragon Ranger Gaming,Dragon Ranger Gaming,Jieni7,Neon,103.0,8,22,7,58.0,22.0,0
VCT 2025 China Stage 1,https://www.vlr.gg/473239/edward-gaming-vs-dragon-ranger-gaming-champions-tour-2025-china-stage-1-lr2,Split,Dragon Ranger Gaming,EDward Gaming,Dragon Ranger Gaming,vo0kashu,Cypher,292.0,25,16,10,192.0,28.0,1
VCT 2025 China Stage 1,https://www.vlr.gg/473239/edward-gaming-vs-dragon-ranger-gaming-champions-tour-2025-china-stage-1-lr2,Split,Dragon Ranger Gaming,EDward Gaming,Dragon Ranger Gaming,Cangshu,Tejo,213.0,19,14,6,158.0,34.0,1
VCT 2025 China Stage 1,https://www.vlr.gg/473239/edward-gaming-vs-dragon-ranger-gaming-champions-tour-2025-china-stage-1-lr2,Split,Dragon Ranger Gaming,EDward Gaming,Dragon Ranger Gaming,SpiritZ1,Yoru,256.0,21,19,1,159.0,45.0,1
VCT 2025 China Stage 1,https://www.vlr.gg/473239/edward-gaming-vs-dragon-ranger-gaming-champions-tour-2025-china-stage-1-lr2,Split,Dragon Ranger Gaming,EDward Gaming,Dragon Ranger Gaming,Nicc,Breach,185.0,16,16,14,115.0,35.0,1
VCT 2025 China Stage 1,https://www.vlr.gg/473239/edward-gaming-vs-dragon-ranger-gaming-champions-tour-2025-china-stage-1-lr2,Split,Dragon Ranger Gaming,EDward Gaming,Dragon Ranger Gaming,Flex1n,Omen,147.0,12,14,11,89.0,16.0,1
VCT 2025 China Stage 1,https://www.vlr.gg/473239/edward-gaming-vs-dragon-ranger-gaming-champions-tour-2025-china-stage-1-lr2,Ascent,EDward Gaming,Dragon Ranger Gaming,EDward Gaming,Jieni7,Deadlock,252.0,20,12,2,156.0,51.0,1
VCT 2025 China Stage 1,https://www.vlr.gg/473239/edward-gaming-vs-dragon-ranger-gaming-champions-tour-2025-china-stage-1-lr2,Ascent,EDward Gaming,Dragon Ranger Gaming,EDward Gaming,ZmjjKK,Yoru,242.0,17,15,9,147.0,38.0,1
VCT 2025 China Stage 1,https://www.vlr.gg/473239/edward-gaming-vs-dragon-ranger-gaming-champions-tour-2025-china-stage-1-lr2,Ascent,EDward Gaming,Dragon Ranger Gaming,EDward Gaming,Smoggy,Omen,193.0,16,12,5,130.0,29.0,1
VCT 2025 China Stage 1,https://www.vlr.gg/473239/edward-gaming-vs-dragon-ranger-gaming-champions-tour-2025-china-stage-1-lr2,Ascent,EDward Gaming,Dragon Ranger Gaming,EDward Gaming,CHICHOO,Vyse,133.0,10,14,6,83.0,32.0,1
VCT 2025 China Stage 1,https://www.vlr.gg/473239/edward-gaming-vs-dragon-ranger-gaming-champions-tour-2025-china-stage-1-lr2,Ascent,EDward Gaming,Dragon Ranger Gaming,EDward Gaming,nobody,Tejo,166.0,13,16,1,109.0,25.0,1
VCT 2025 China Stage 1,https://www.vlr.gg/473239/edward-gaming-vs-dragon-ranger-gaming-champions-tour-2025-china-stage-1-lr2,Ascent,Dragon Ranger Gaming,EDward Gaming,EDward Gaming,vo0kashu,Vyse,243.0,19,13,4,143.0,39.0,0
VCT 2025 China Stage 1,https://www.vlr.gg/473239/edward-gaming-vs-dragon-ranger-gaming-champions-tour-2025-china-stage-1-lr2,Ascent,Dragon Ranger Gaming,EDward Gaming,EDward Gaming,Nicc,Fade,225.0,16,15,7,156.0,27.0,0
VCT 2025 China Stage 1,https://www.vlr.gg/473239/edward-gaming-vs-dragon-ranger-gaming-champions-tour-2025-china-stage-1-lr2,Ascent,Dragon Ranger Gaming,EDward Gaming,EDward Gaming,SpiritZ1,Yoru,193.0,15,15,4,114.0,28.0,0
VCT 2025 China Stage 1,https://www.vlr.gg/473239/edward-gaming-vs-dragon-ranger-gaming-champions-tour-2025-china-stage-1-lr2,Ascent,Dragon Ranger Gaming,EDward Gaming,EDward Gaming,Flex1n,Omen,136.0,9,17,15,81.0,48.0,0
VCT 2025 China Stage 1,https://www.vlr.gg/473239/edward-gaming-vs-dragon-ranger-gaming-champions-tour-2025-china-stage-1-lr2,Ascent,Dragon Ranger Gaming,EDward Gaming,EDward Gaming,Cangshu,Viper,148.0,10,16,6,98.0,28.0,0
VCT 2025 China Stage 1,https://www.vlr.gg/473241/wolves-esports-vs-xi-lai-gaming-champions-tour-2025-china-stage-1-ubf,Pearl,Wolves Esports,Xi Lai Gaming,Xi Lai Gaming,Yuicaw,Chamber,283.0,21,14,1,182.0,38.0,0
VCT 2025 China Stage 1,https://www.vlr.gg/473241/wolves-esports-vs-xi-lai-gaming-champions-tour-2025-china-stage-1-ubf,Pearl,Wolves Esports,Xi Lai Gaming,Xi Lai Gaming,Lysoar,Vyse,184.0,13,16,2,129.0,48.0,0
VCT 2025 China Stage 1,https://www.vlr.gg/473241/wolves-esports-vs-xi-lai-gaming-champions-tour-2025-china-stage-1-ubf,Pearl,Wolves Esports,Xi Lai Gaming,Xi Lai Gaming,Spring,Astra,170.0,11,16,7,117.0,29.0,0
VCT 2025 China Stage 1,https://www.vlr.gg/473241/wolves-esports-vs-xi-lai-gaming-champions-tour-2025-china-stage-1-ubf,Pearl,Wolves Esports,Xi Lai Gaming,Xi Lai Gaming,SiuFatBB,Tejo,144.0,7,16,5,101.0,15.0,0
VCT 2025 China Stage 1,https://www.vlr.gg/473241/wolves-esports-vs-xi-lai-gaming-champions-tour-2025-china-stage-1-ubf,Pearl,Wolves Esports,Xi Lai Gaming,Xi Lai Gaming,Juicy,Yoru,162.0,12,19,1,106.0,50.0,0
VCT 2025 China Stage 1,https://www.vlr.gg/473241/wolves-esports-vs-xi-lai-gaming-champions-tour-2025-china-stage-1-ubf,Pearl,Xi Lai Gaming,Wolves Esports,Xi Lai Gaming,Rarga,Chamber,288.0,23,10,3,194.0,38.0,1
VCT 2025 China Stage 1,https://www.vlr.gg/473241/wolves-esports-vs-xi-lai-gaming-champions-tour-2025-china-stage-1-ubf,Pearl,Xi Lai Gaming,Wolves Esports,Xi Lai Gaming,happywei,Yoru,275.0,19,15,3,185.0,41.0,1
VCT 2025 China Stage 1,https://www.vlr.gg/473241/wolves-esports-vs-xi-lai-gaming-champions-tour-2025-china-stage-1-ubf,Pearl,Xi Lai Gaming,Wolves Esports,Xi Lai Gaming,Viva,Sova,179.0,13,12,7,118.0,24.0,1
VCT 2025 China Stage 1,https://www.vlr.gg/473241/wolves-esports-vs-xi-lai-gaming-champions-tour-2025-china-stage-1-ubf,Pearl,Xi Lai Gaming,Wolves Esports,Xi Lai Gaming,coconut,Astra,221.0,14,13,14,139.0,42.0,1
VCT 2025 China Stage 1,https://www.vlr.gg/473241/wolves-esports-vs-xi-lai-gaming-champions-tour-2025-china-stage-1-ubf,Pearl,Xi Lai Gaming,Wolves Esports,Xi Lai Gaming,YOU,Vyse,162.0,12,14,2,99.0,31.0,1
VCT 2025 China Stage 1,https://www.vlr.gg/473241/wolves-esports-vs-xi-lai-gaming-champions-tour-2025-china-stage-1-ubf,Lotus,Wolves Esports,Xi Lai Gaming,Xi Lai Gaming,Yuicaw,Breach,271.0,27,18,7,180.0,38.0,0
VCT 2025 China Stage 1,https://www.vlr.gg/473241/wolves-esports-vs-xi-lai-gaming-champions-tour-2025-china-stage-1-ubf,Lotus,Wolves Esports,Xi Lai Gaming,Xi Lai Gaming,Juicy,Neon,253.0,22,19,7,161.0,35.0,0
VCT 2025 China Stage 1,https://www.vlr.gg/473241/wolves-esports-vs-xi-lai-gaming-champions-tour-2025-china-stage-1-ubf,Lotus,Wolves Esports,Xi Lai Gaming,Xi Lai Gaming,SiuFatBB,Tejo,159.0,14,16,6,109.0,27.0,0
VCT 2025 China Stage 1,https://www.vlr.gg/473241/wolves-esports-vs-xi-lai-gaming-champions-tour-2025-china-stage-1-ubf,Lotus,Wolves Esports,Xi Lai Gaming,Xi Lai Gaming,Lysoar,Omen,169.0,16,19,12,111.0,30.0,0
VCT 2025 China Stage 1,https://www.vlr.gg/473241/wolves-esports-vs-xi-lai-gaming-champions-tour-2025-china-stage-1-ubf,Lotus,Wolves Esports,Xi Lai Gaming,Xi Lai Gaming,Spring,Viper,131.0,12,19,4,84.0,22.0,0
VCT 2025 China Stage 1,https://www.vlr.gg/473241/wolves-esports-vs-xi-lai-gaming-champions-tour-2025-china-stage-1-ubf,Lotus,Xi Lai Gaming,Wolves Esports,Xi Lai Gaming,Viva,Tejo,204.0,19,17,5,155.0,33.0,1
VCT 2025 China Stage 1,https://www.vlr.gg/473241/wolves-esports-vs-xi-lai-gaming-champions-tour-2025-china-stage-1-ubf,Lotus,Xi Lai Gaming,Wolves Esports,Xi Lai Gaming,YOU,Breach,208.0,19,18,11,125.0,24.0,1
VCT 2025 China Stage 1,https://www.vlr.gg/473241/wolves-esports-vs-xi-lai-gaming-champions-tour-2025-china-stage-1-ubf,Lotus,Xi Lai Gaming,Wolves Esports,Xi Lai Gaming,happywei,Viper,216.0,18,19,10,146.0,23.0,1
VCT 2025 China Stage 1,https://www.vlr.gg/473241/wolves-esports-vs-xi-lai-gaming-champions-tour-2025-china-stage-1-ubf,Lotus,Xi Lai Gaming,Wolves Esports,Xi Lai Gaming,coconut,Omen,160.0,15,16,5,99.0,31.0,1
VCT 2025 China Stage 1,https://www.vlr.gg/473241/wolves-esports-vs-xi-lai-gaming-champions-tour-2025-china-stage-1-ubf,Lotus,Xi Lai Gaming,Wolves Esports,Xi Lai Gaming,Rarga,Yoru,225.0,20,21,5,132.0,28.0,1
VCT 2025 China Stage 1,https://www.vlr.gg/473242/edward-gaming-vs-bilibili-gaming-champions-tour-2025-china-stage-1-lr3,Fracture,EDward Gaming,Bilibili Gaming,EDward Gaming,ZmjjKK,Neon,345.0,26,14,2,228.0,26.0,1
VCT 2025 China Stage 1,https://www.vlr.gg/473242/edward-gaming-vs-bilibili-gaming-champions-tour-2025-china-stage-1-lr3,Fracture,EDward Gaming,Bilibili Gaming,EDward Gaming,Smoggy,Brimstone,180.0,13,12,10,126.0,26.0,1
VCT 2025 China Stage 1,https://www.vlr.gg/473242/edward-gaming-vs-bilibili-gaming-champions-tour-2025-china-stage-1-lr3,Fracture,EDward Gaming,Bilibili Gaming,EDward Gaming,nobody,Tejo,199.0,14,14,7,144.0,24.0,1
VCT 2025 China Stage 1,https://www.vlr.gg/473242/edward-gaming-vs-bilibili-gaming-champions-tour-2025-china-stage-1-lr3,Fracture,EDward Gaming,Bilibili Gaming,EDward Gaming,CHICHOO,Vyse,159.0,12,14,6,110.0,21.0,1
VCT 2025 China Stage 1,https://www.vlr.gg/473242/edward-gaming-vs-bilibili-gaming-champions-tour-2025-china-stage-1-lr3,Fracture,EDward Gaming,Bilibili Gaming,EDward Gaming,Jieni7,Breach,176.0,13,15,11,105.0,31.0,1
VCT 2025 China Stage 1,https://www.vlr.gg/473242/edward-gaming-vs-bilibili-gaming-champions-tour-2025-china-stage-1-lr3,Fracture,Bilibili Gaming,EDward Gaming,EDward Gaming,rushia,Brimstone,233.0,18,14,8,148.0,29.0,0
VCT 2025 China Stage 1,https://www.vlr.gg/473242/edward-gaming-vs-bilibili-gaming-champions-tour-2025-china-stage-1-lr3,Fracture,Bilibili Gaming,EDward Gaming,EDward Gaming,Levius,Cypher,211.0,16,15,3,126.0,37.0,0
VCT 2025 China Stage 1,https://www.vlr.gg/473242/edward-gaming-vs-bilibili-gaming-champions-tour-2025-china-stage-1-lr3,Fracture,Bilibili Gaming,EDward Gaming,EDward Gaming,nephh,Breach,195.0,15,16,4,136.0,28.0,0
VCT 2025 China Stage 1,https://www.vlr.gg/473242/edward-gaming-vs-bilibili-gaming-champions-tour-2025-china-stage-1-lr3,Fracture,Bilibili Gaming,EDward Gaming,EDward Gaming,Knight,Tejo,200.0,12,16,8,145.0,19.0,0
VCT 2025 China Stage 1,https://www.vlr.gg/473242/edward-gaming-vs-bilibili-gaming-champions-tour-2025-china-stage-1-lr3,Fracture,Bilibili Gaming,EDward Gaming,EDward Gaming,whzy,Neon,121.0,8,17,4,74.0,19.0,0
VCT 2025 China Stage 1,https://www.vlr.gg/473242/edward-gaming-vs-bilibili-gaming-champions-tour-2025-china-stage-1-lr3,Icebox,EDward Gaming,Bilibili Gaming,Bilibili Gaming,ZmjjKK,Jett,266.0,20,16,5,164.0,26.0,0
VCT 2025 China Stage 1,https://www.vlr.gg/473242/edward-gaming-vs-bilibili-gaming-champions-tour-2025-china-stage-1-lr3,Icebox,EDward Gaming,Bilibili Gaming,Bilibili Gaming,Jieni7,Kayo,199.0,14,14,9,132.0,33.0,0
VCT 2025 China Stage 1,https://www.vlr.gg/473242/edward-gaming-vs-bilibili-gaming-champions-tour-2025-china-stage-1-lr3,Icebox,EDward Gaming,Bilibili Gaming,Bilibili Gaming,nobody,Tejo,120.0,9,16,1,67.0,21.0,0
VCT 2025 China Stage 1,https://www.vlr.gg/473242/edward-gaming-vs-bilibili-gaming-champions-tour-2025-china-stage-1-lr3,Icebox,EDward Gaming,Bilibili Gaming,Bilibili Gaming,Smoggy,Viper,125.0,8,16,2,87.0,33.0,0
VCT 2025 China Stage 1,https://www.vlr.gg/473242/edward-gaming-vs-bilibili-gaming-champions-tour-2025-china-stage-1-lr3,Icebox,EDward Gaming,Bilibili Gaming,Bilibili Gaming,CHICHOO,Killjoy,116.0,7,20,3,90.0,26.0,0
VCT 2025 China Stage 1,https://www.vlr.gg/473242/edward-gaming-vs-bilibili-gaming-champions-tour-2025-china-stage-1-lr3,Icebox,Bilibili Gaming,EDward Gaming,Bilibili Gaming,whzy,Jett,294.0,22,13,4,196.0,17.0,1
VCT 2025 China Stage 1,https://www.vlr.gg/473242/edward-gaming-vs-bilibili-gaming-champions-tour-2025-china-stage-1-lr3,Icebox,Bilibili Gaming,EDward Gaming,Bilibili Gaming,Knight,Sova,265.0,21,10,7,162.0,20.0,1
VCT 2025 China Stage 1,https://www.vlr.gg/473242/edward-gaming-vs-bilibili-gaming-champions-tour-2025-china-stage-1-lr3,Icebox,Bilibili Gaming,EDward Gaming,Bilibili Gaming,Levius,Killjoy,188.0,14,10,2,127.0,35.0,1
VCT 2025 China Stage 1,https://www.vlr.gg/473242/edward-gaming-vs-bilibili-gaming-champions-tour-2025-china-stage-1-lr3,Icebox,Bilibili Gaming,EDward Gaming,Bilibili Gaming,nephh,Viper,180.0,13,12,7,126.0,26.0,1
VCT 2025 China Stage 1,https://www.vlr.gg/473242/edward-gaming-vs-bilibili-gaming-champions-tour-2025-china-stage-1-lr3,Icebox,Bilibili Gaming,EDward Gaming,Bilibili Gaming,rushia,Harbor,148.0,12,13,7,91.0,29.0,1
VCT 2025 China Stage 1,https://www.vlr.gg/473242/edward-gaming-vs-bilibili-gaming-champions-tour-2025-china-stage-1-lr3,Pearl,EDward Gaming,Bilibili Gaming,Bilibili Gaming,CHICHOO,Vyse,317.0,28,19,3,206.0,44.0,0
VCT 2025 China Stage 1,https://www.vlr.gg/473242/edward-gaming-vs-bilibili-gaming-champions-tour-2025-china-stage-1-lr3,Pearl,EDward Gaming,Bilibili Gaming,Bilibili Gaming,Smoggy,Astra,202.0,18,16,10,153.0,39.0,0
VCT 2025 China Stage 1,https://www.vlr.gg/473242/edward-gaming-vs-bilibili-gaming-champions-tour-2025-china-stage-1-lr3,Pearl,EDward Gaming,Bilibili Gaming,Bilibili Gaming,nobody,Sova,177.0,15,20,7,127.0,32.0,0
VCT 2025 China Stage 1,https://www.vlr.gg/473242/edward-gaming-vs-bilibili-gaming-champions-tour-2025-china-stage-1-lr3,Pearl,EDward Gaming,Bilibili Gaming,Bilibili Gaming,ZmjjKK,Neon,177.0,13,22,5,115.0,20.0,0
VCT 2025 China Stage 1,https://www.vlr.gg/473242/edward-gaming-vs-bilibili-gaming-champions-tour-2025-china-stage-1-lr3,Pearl,EDward Gaming,Bilibili Gaming,Bilibili Gaming,Jieni7,Yoru,129.0,9,24,9,84.0,19.0,0
VCT 2025 China Stage 1,https://www.vlr.gg/473242/edward-gaming-vs-bilibili-gaming-champions-tour-2025-china-stage-1-lr3,Pearl,Bilibili Gaming,EDward Gaming,Bilibili Gaming,rushia,Astra,329.0,28,17,20,187.0,24.0,1
VCT 2025 China Stage 1,https://www.vlr.gg/473242/edward-gaming-vs-bilibili-gaming-champions-tour-2025-china-stage-1-lr3,Pearl,Bilibili Gaming,EDward Gaming,Bilibili Gaming,Knight,Fade,278.0,26,15,10,162.0,27.0,1
VCT 2025 China Stage 1,https://www.vlr.gg/473242/edward-gaming-vs-bilibili-gaming-champions-tour-2025-china-stage-1-lr3,Pearl,Bilibili Gaming,EDward Gaming,Bilibili Gaming,whzy,Yoru,274.0,25,17,6,180.0,26.0,1
VCT 2025 China Stage 1,https://www.vlr.gg/473242/edward-gaming-vs-bilibili-gaming-champions-tour-2025-china-stage-1-lr3,Pearl,Bilibili Gaming,EDward Gaming,Bilibili Gaming,nephh,Tejo,163.0,12,18,8,121.0,12.0,1
VCT 2025 China Stage 1,https://www.vlr.gg/473242/edward-gaming-vs-bilibili-gaming-champions-tour-2025-china-stage-1-lr3,Pearl,Bilibili Gaming,EDward Gaming,Bilibili Gaming,Levius,Vyse,107.0,10,16,9,73.0,15.0,1
VCT 2025 China Stage 1,https://www.vlr.gg/473243/wolves-esports-vs-bilibili-gaming-champions-tour-2025-china-stage-1-lbf,Pearl,Wolves Esports,Bilibili Gaming,Bilibili Gaming,Lysoar,Vyse,291.0,21,19,8,202.0,34.0,0
VCT 2025 China Stage 1,https://www.vlr.gg/473243/wolves-esports-vs-bilibili-gaming-champions-tour-2025-china-stage-1-lbf,Pearl,Wolves Esports,Bilibili Gaming,Bilibili Gaming,Spring,Astra,166.0,13,15,8,99.0,35.0,0
VCT 2025 China Stage 1,https://www.vlr.gg/473243/wolves-esports-vs-bilibili-gaming-champions-tour-2025-china-stage-1-lbf,Pearl,Wolves Esports,Bilibili Gaming,Bilibili Gaming,SiuFatBB,Tejo,150.0,11,16,5,115.0,34.0,0
VCT 2025 China Stage 1,https://www.vlr.gg/473243/wolves-esports-vs-bilibili-gaming-champions-tour-2025-china-stage-1-lbf,Pearl,Wolves Esports,Bilibili Gaming,Bilibili Gaming,Juicy,Yoru,200.0,13,19,8,130.0,23.0,0
VCT 2025 China Stage 1,https://www.vlr.gg/473243/wolves-esports-vs-bilibili-gaming-champions-tour-2025-china-stage-1-lbf,Pearl,Wolves Esports,Bilibili Gaming,Bilibili Gaming,Yuicaw,Chamber,91.0,9,15,1,70.0,28.0,0
VCT 2025 China Stage 1,https://www.vlr.gg/473243/wolves-esports-vs-bilibili-gaming-champions-tour-2025-china-stage-1-lbf,Pearl,Bilibili Gaming,Wolves Esports,Bilibili Gaming,rushia,Astra,240.0,21,9,9,155.0,24.0,1
VCT 2025 China Stage 1,https://www.vlr.gg/473243/wolves-esports-vs-bilibili-gaming-champions-tour-2025-china-stage-1-lbf,Pearl,Bilibili Gaming,Wolves Esports,Bilibili Gaming,nephh,Tejo,206.0,17,12,6,121.0,32.0,1
VCT 2025 China Stage 1,https://www.vlr.gg/473243/wolves-esports-vs-bilibili-gaming-champions-tour-2025-china-stage-1-lbf,Pearl,Bilibili Gaming,Wolves Esports,Bilibili Gaming,Levius,Vyse,223.0,18,13,8,140.0,29.0,1
VCT 2025 China Stage 1,https://www.vlr.gg/473243/wolves-esports-vs-bilibili-gaming-champions-tour-2025-china-stage-1-lbf,Pearl,Bilibili Gaming,Wolves Esports,Bilibili Gaming,whzy,Yoru,225.0,17,17,5,145.0,28.0,1
VCT 2025 China Stage 1,https://www.vlr.gg/473243/wolves-esports-vs-bilibili-gaming-champions-tour-2025-china-stage-1-lbf,Pearl,Bilibili Gaming,Wolves Esports,Bilibili Gaming,Knight,Fade,148.0,11,16,6,105.0,21.0,1
VCT 2025 China Stage 1,https://www.vlr.gg/473243/wolves-esports-vs-bilibili-gaming-champions-tour-2025-china-stage-1-lbf,Lotus,Wolves Esports,Bilibili Gaming,Bilibili Gaming,Spring,Viper,330.0,27,18,9,219.0,28.0,0
VCT 2025 China Stage 1,https://www.vlr.gg/473243/wolves-esports-vs-bilibili-gaming-champions-tour-2025-china-stage-1-lbf,Lotus,Wolves Esports,Bilibili Gaming,Bilibili Gaming,Yuicaw,Breach,235.0,20,16,13,150.0,37.0,0
VCT 2025 China Stage 1,https://www.vlr.gg/473243/wolves-esports-vs-bilibili-gaming-champions-tour-2025-china-stage-1-lbf,Lotus,Wolves Esports,Bilibili Gaming,Bilibili Gaming,SiuFatBB,Tejo,167.0,14,17,7,111.0,20.0,0
VCT 2025 China Stage 1,https://www.vlr.gg/473243/wolves-esports-vs-bilibili-gaming-champions-tour-2025-china-stage-1-lbf,Lotus,Wolves Esports,Bilibili Gaming,Bilibili Gaming,Juicy,Neon,175.0,16,16,5,102.0,16.0,0
VCT 2025 China Stage 1,https://www.vlr.gg/473243/wolves-esports-vs-bilibili-gaming-champions-tour-2025-china-stage-1-lbf,Lotus,Wolves Esports,Bilibili Gaming,Bilibili Gaming,Lysoar,Omen,117.0,10,18,10,78.0,43.0,0
VCT 2025 China Stage 1,https://www.vlr.gg/473243/wolves-esports-vs-bilibili-gaming-champions-tour-2025-china-stage-1-lbf,Lotus,Bilibili Gaming,Wolves Esports,Bilibili Gaming,whzy,Neon,313.0,26,19,5,189.0,27.0,1
VCT 2025 China Stage 1,https://www.vlr.gg/473243/wolves-esports-vs-bilibili-gaming-champions-tour-2025-china-stage-1-lbf,Lotus,Bilibili Gaming,Wolves Esports,Bilibili Gaming,nephh,Breach,185.0,17,17,4,108.0,24.0,1
VCT 2025 China Stage 1,https://www.vlr.gg/473243/wolves-esports-vs-bilibili-gaming-champions-tour-2025-china-stage-1-lbf,Lotus,Bilibili Gaming,Wolves Esports,Bilibili Gaming,Knight,Tejo,178.0,15,17,7,128.0,11.0,1
VCT 2025 China Stage 1,https://www.vlr.gg/473243/wolves-esports-vs-bilibili-gaming-champions-tour-2025-china-stage-1-lbf,Lotus,Bilibili Gaming,Wolves Esports,Bilibili Gaming,Levius,Viper,156.0,13,17,9,113.0,20.0,1
VCT 2025 China Stage 1,https://www.vlr.gg/473243/wolves-esports-vs-bilibili-gaming-champions-tour-2025-china-stage-1-lbf,Lotus,Bilibili Gaming,Wolves Esports,Bilibili Gaming,rushia,Omen,168.0,14,18,4,112.0,21.0,1
VCT 2025 China Stage 1,https://www.vlr.gg/473243/wolves-esports-vs-bilibili-gaming-champions-tour-2025-china-stage-1-lbf,Icebox,Wolves Esports,Bilibili Gaming,Bilibili Gaming,Spring,Viper,350.0,23,14,5,221.0,33.0,0
VCT 2025 China Stage 1,https://www.vlr.gg/473243/wolves-esports-vs-bilibili-gaming-champions-tour-2025-china-stage-1-lbf,Icebox,Wolves Esports,Bilibili Gaming,Bilibili Gaming,Lysoar,Killjoy,219.0,15,17,0,140.0,34.0,0
VCT 2025 China Stage 1,https://www.vlr.gg/473243/wolves-esports-vs-bilibili-gaming-champions-tour-2025-china-stage-1-lbf,Icebox,Wolves Esports,Bilibili Gaming,Bilibili Gaming,Juicy,Jett,193.0,14,17,2,140.0,34.0,0
VCT 2025 China Stage 1,https://www.vlr.gg/473243/wolves-esports-vs-bilibili-gaming-champions-tour-2025-china-stage-1-lbf,Icebox,Wolves Esports,Bilibili Gaming,Bilibili Gaming,Yuicaw,Gekko,87.0,6,15,3,55.0,41.0,0
VCT 2025 China Stage 1,https://www.vlr.gg/473243/wolves-esports-vs-bilibili-gaming-champions-tour-2025-china-stage-1-lbf,Icebox,Wolves Esports,Bilibili Gaming,Bilibili Gaming,SiuFatBB,Tejo,82.0,5,17,1,66.0,21.0,0
VCT 2025 China Stage 1,https://www.vlr.gg/473243/wolves-esports-vs-bilibili-gaming-champions-tour-2025-china-stage-1-lbf,Icebox,Bilibili Gaming,Wolves Esports,Bilibili Gaming,whzy,Jett,301.0,24,12,3,190.0,46.0,1
VCT 2025 China Stage 1,https://www.vlr.gg/473243/wolves-esports-vs-bilibili-gaming-champions-tour-2025-china-stage-1-lbf,Icebox,Bilibili Gaming,Wolves Esports,Bilibili Gaming,nephh,Viper,232.0,17,12,5,138.0,33.0,1
VCT 2025 China Stage 1,https://www.vlr.gg/473243/wolves-esports-vs-bilibili-gaming-champions-tour-2025-china-stage-1-lbf,Icebox,Bilibili Gaming,Wolves Esports,Bilibili Gaming,rushia,Harbor,250.0,18,14,8,168.0,31.0,1
VCT 2025 China Stage 1,https://www.vlr.gg/473243/wolves-esports-vs-bilibili-gaming-champions-tour-2025-china-stage-1-lbf,Icebox,Bilibili Gaming,Wolves Esports,Bilibili Gaming,Knight,Sova,198.0,14,11,7,136.0,23.0,1
VCT 2025 China Stage 1,https://www.vlr.gg/473243/wolves-esports-vs-bilibili-gaming-champions-tour-2025-china-stage-1-lbf,Icebox,Bilibili Gaming,Wolves Esports,Bilibili Gaming,Levius,Killjoy,102.0,7,14,2,71.0,17.0,1
VCT 2025 China Stage 1,https://www.vlr.gg/473244/xi-lai-gaming-vs-bilibili-gaming-champions-tour-2025-china-stage-1-gf,Fracture,Xi Lai Gaming,Bilibili Gaming,Xi Lai Gaming,YOU,Brimstone,256.0,23,18,17,161.0,29.0,1
VCT 2025 China Stage 1,https://www.vlr.gg/473244/xi-lai-gaming-vs-bilibili-gaming-champions-tour-2025-china-stage-1-gf,Fracture,Xi Lai Gaming,Bilibili Gaming,Xi Lai Gaming,Viva,Tejo,155.0,15,19,8,106.0,39.0,1
VCT 2025 China Stage 1,https://www.vlr.gg/473244/xi-lai-gaming-vs-bilibili-gaming-champions-tour-2025-china-stage-1-gf,Fracture,Xi Lai Gaming,Bilibili Gaming,Xi Lai Gaming,coconut,Breach,173.0,18,19,5,109.0,17.0,1
VCT 2025 China Stage 1,https://www.vlr.gg/473244/xi-lai-gaming-vs-bilibili-gaming-champions-tour-2025-china-stage-1-gf,Fracture,Xi Lai Gaming,Bilibili Gaming,Xi Lai Gaming,happywei,Cypher,180.0,17,20,3,116.0,36.0,1
VCT 2025 China Stage 1,https://www.vlr.gg/473244/xi-lai-gaming-vs-bilibili-gaming-champions-tour-2025-china-stage-1-gf,Fracture,Xi Lai Gaming,Bilibili Gaming,Xi Lai Gaming,Rarga,Neon,164.0,15,25,4,107.0,31.0,1
VCT 2025 China Stage 1,https://www.vlr.gg/473244/xi-lai-gaming-vs-bilibili-gaming-champions-tour-2025-china-stage-1-gf,Fracture,Bilibili Gaming,Xi Lai Gaming,Xi Lai Gaming,whzy,Neon,280.0,27,16,7,182.0,27.0,0
VCT 2025 China Stage 1,https://www.vlr.gg/473244/xi-lai-gaming-vs-bilibili-gaming-champions-tour-2025-china-stage-1-gf,Fracture,Bilibili Gaming,Xi Lai Gaming,Xi Lai Gaming,rushia,Brimstone,201.0,19,16,18,120.0,25.0,0
VCT 2025 China Stage 1,https://www.vlr.gg/473244/xi-lai-gaming-vs-bilibili-gaming-champions-tour-2025-china-stage-1-gf,Fracture,Bilibili Gaming,Xi Lai Gaming,Xi Lai Gaming,nephh,Breach,201.0,21,17,12,120.0,25.0,0
VCT 2025 China Stage 1,https://www.vlr.gg/473244/xi-lai-gaming-vs-bilibili-gaming-champions-tour-2025-china-stage-1-gf,Fracture,Bilibili Gaming,Xi Lai Gaming,Xi Lai Gaming,Knight,Tejo,192.0,18,21,5,133.0,17.0,0
VCT 2025 China Stage 1,https://www.vlr.gg/473244/xi-lai-gaming-vs-bilibili-gaming-champions-tour-2025-china-stage-1-gf,Fracture,Bilibili Gaming,Xi Lai Gaming,Xi Lai Gaming,Levius,Cypher,172.0,16,18,10,101.0,19.0,0
VCT 2025 China Stage 1,https://www.vlr.gg/473244/xi-lai-gaming-vs-bilibili-gaming-champions-tour-2025-china-stage-1-gf,Lotus,Xi Lai Gaming,Bilibili Gaming,Xi Lai Gaming,Rarga,Yoru,316.0,25,17,6,193.0,40.0,1
VCT 2025 China Stage 1,https://www.vlr.gg/473244/xi-lai-gaming-vs-bilibili-gaming-champions-tour-2025-china-stage-1-gf,Lotus,Xi Lai Gaming,Bilibili Gaming,Xi Lai Gaming,happywei,Viper,217.0,17,17,6,151.0,43.0,1
VCT 2025 China Stage 1,https://www.vlr.gg/473244/xi-lai-gaming-vs-bilibili-gaming-champions-tour-2025-china-stage-1-gf,Lotus,Xi Lai Gaming,Bilibili Gaming,Xi Lai Gaming,Viva,Tejo,176.0,16,15,4,116.0,14.0,1
VCT 2025 China Stage 1,https://www.vlr.gg/473244/xi-lai-gaming-vs-bilibili-gaming-champions-tour-2025-china-stage-1-gf,Lotus,Xi Lai Gaming,Bilibili Gaming,Xi Lai Gaming,coconut,Omen,166.0,15,17,10,101.0,21.0,1
VCT 2025 China Stage 1,https://www.vlr.gg/473244/xi-lai-gaming-vs-bilibili-gaming-champions-tour-2025-china-stage-1-gf,Lotus,Xi Lai Gaming,Bilibili Gaming,Xi Lai Gaming,YOU,Breach,143.0,9,15,16,101.0,28.0,1
VCT 2025 China Stage 1,https://www.vlr.gg/473244/xi-lai-gaming-vs-bilibili-gaming-champions-tour-2025-china-stage-1-gf,Lotus,Bilibili Gaming,Xi Lai Gaming,Xi Lai Gaming,whzy,Neon,314.0,24,19,5,204.0,35.0,0
VCT 2025 China Stage 1,https://www.vlr.gg/473244/xi-lai-gaming-vs-bilibili-gaming-champions-tour-2025-china-stage-1-gf,Lotus,Bilibili Gaming,Xi Lai Gaming,Xi Lai Gaming,Knight,Tejo,181.0,15,15,6,124.0,24.0,0
VCT 2025 China Stage 1,https://www.vlr.gg/473244/xi-lai-gaming-vs-bilibili-gaming-champions-tour-2025-china-stage-1-gf,Lotus,Bilibili Gaming,Xi Lai Gaming,Xi Lai Gaming,rushia,Omen,180.0,16,16,5,105.0,32.0,0
VCT 2025 China Stage 1,https://www.vlr.gg/473244/xi-lai-gaming-vs-bilibili-gaming-champions-tour-2025-china-stage-1-gf,Lotus,Bilibili Gaming,Xi Lai Gaming,Xi Lai Gaming,nephh,Breach,175.0,13,16,12,111.0,28.0,0
VCT 2025 China Stage 1,https://www.vlr.gg/473244/xi-lai-gaming-vs-bilibili-gaming-champions-tour-2025-china-stage-1-gf,Lotus,Bilibili Gaming,Xi Lai Gaming,Xi Lai Gaming,Levius,Viper,185.0,13,16,6,122.0,22.0,0
VCT 2025 China Stage 1,https://www.vlr.gg/473244/xi-lai-gaming-vs-bilibili-gaming-champions-tour-2025-china-stage-1-gf,Pearl,Xi Lai Gaming,Bilibili Gaming,Bilibili Gaming,Rarga,Chamber,228.0,18,15,2,156.0,37.0,0
VCT 2025 China Stage 1,https://www.vlr.gg/473244/xi-lai-gaming-vs-bilibili-gaming-champions-tour-2025-china-stage-1-gf,Pearl,Xi Lai Gaming,Bilibili Gaming,Bilibili Gaming,coconut,Astra,196.0,15,17,7,145.0,34.0,0
VCT 2025 China Stage 1,https://www.vlr.gg/473244/xi-lai-gaming-vs-bilibili-gaming-champions-tour-2025-china-stage-1-gf,Pearl,Xi Lai Gaming,Bilibili Gaming,Bilibili Gaming,Viva,Sova,186.0,13,17,9,130.0,22.0,0
VCT 2025 China Stage 1,https://www.vlr.gg/473244/xi-lai-gaming-vs-bilibili-gaming-champions-tour-2025-china-stage-1-gf,Pearl,Xi Lai Gaming,Bilibili Gaming,Bilibili Gaming,YOU,Vyse,154.0,11,17,6,122.0,31.0,0
VCT 2025 China Stage 1,https://www.vlr.gg/473244/xi-lai-gaming-vs-bilibili-gaming-champions-tour-2025-china-stage-1-gf,Pearl,Xi Lai Gaming,Bilibili Gaming,Bilibili Gaming,happywei,Yoru,140.0,9,18,5,102.0,24.0,0
VCT 2025 China Stage 1,https://www.vlr.gg/473244/xi-lai-gaming-vs-bilibili-gaming-champions-tour-2025-china-stage-1-gf,Pearl,Bilibili Gaming,Xi Lai Gaming,Bilibili Gaming,rushia,Astra,285.0,24,14,5,174.0,24.0,1
VCT 2025 China Stage 1,https://www.vlr.gg/473244/xi-lai-gaming-vs-bilibili-gaming-champions-tour-2025-china-stage-1-gf,Pearl,Bilibili Gaming,Xi Lai Gaming,Bilibili Gaming,Knight,Fade,226.0,17,12,11,129.0,21.0,1
VCT 2025 China Stage 1,https://www.vlr.gg/473244/xi-lai-gaming-vs-bilibili-gaming-champions-tour-2025-china-stage-1-gf,Pearl,Bilibili Gaming,Xi Lai Gaming,Bilibili Gaming,whzy,Yoru,240.0,19,11,8,166.0,26.0,1
VCT 2025 China Stage 1,https://www.vlr.gg/473244/xi-lai-gaming-vs-bilibili-gaming-champions-tour-2025-china-stage-1-gf,Pearl,Bilibili Gaming,Xi Lai Gaming,Bilibili Gaming,nephh,Tejo,171.0,12,14,8,122.0,34.0,1
VCT 2025 China Stage 1,https://www.vlr.gg/473244/xi-lai-gaming-vs-bilibili-gaming-champions-tour-2025-china-stage-1-gf,Pearl,Bilibili Gaming,Xi Lai Gaming,Bilibili Gaming,Levius,Vyse,162.0,12,15,8,114.0,19.0,1
VCT 2025 China Stage 1,https://www.vlr.gg/473244/xi-lai-gaming-vs-bilibili-gaming-champions-tour-2025-china-stage-1-gf,Haven,Xi Lai Gaming,Bilibili Gaming,Xi Lai Gaming,coconut,Omen,285.0,26,17,10,179.0,31.0,1
VCT 2025 China Stage 1,https://www.vlr.gg/473244/xi-lai-gaming-vs-bilibili-gaming-champions-tour-2025-china-stage-1-gf,Haven,Xi Lai Gaming,Bilibili Gaming,Xi Lai Gaming,happywei,Cypher,247.0,24,18,4,149.0,31.0,1
VCT 2025 China Stage 1,https://www.vlr.gg/473244/xi-lai-gaming-vs-bilibili-gaming-champions-tour-2025-china-stage-1-gf,Haven,Xi Lai Gaming,Bilibili Gaming,Xi Lai Gaming,Rarga,Yoru,213.0,20,13,3,137.0,21.0,1
VCT 2025 China Stage 1,https://www.vlr.gg/473244/xi-lai-gaming-vs-bilibili-gaming-champions-tour-2025-china-stage-1-gf,Haven,Xi Lai Gaming,Bilibili Gaming,Xi Lai Gaming,YOU,Breach,167.0,16,13,14,105.0,41.0,1
VCT 2025 China Stage 1,https://www.vlr.gg/473244/xi-lai-gaming-vs-bilibili-gaming-champions-tour-2025-china-stage-1-gf,Haven,Xi Lai Gaming,Bilibili Gaming,Xi Lai Gaming,Viva,Tejo,91.0,6,16,10,72.0,19.0,1
VCT 2025 China Stage 1,https://www.vlr.gg/473244/xi-lai-gaming-vs-bilibili-gaming-champions-tour-2025-china-stage-1-gf,Haven,Bilibili Gaming,Xi Lai Gaming,Xi Lai Gaming,rushia,Omen,224.0,19,18,13,141.0,16.0,0
VCT 2025 China Stage 1,https://www.vlr.gg/473244/xi-lai-gaming-vs-bilibili-gaming-champions-tour-2025-china-stage-1-gf,Haven,Bilibili Gaming,Xi Lai Gaming,Xi Lai Gaming,whzy,Yoru,244.0,22,21,3,143.0,24.0,0
VCT 2025 China Stage 1,https://www.vlr.gg/473244/xi-lai-gaming-vs-bilibili-gaming-champions-tour-2025-china-stage-1-gf,Haven,Bilibili Gaming,Xi Lai Gaming,Xi Lai Gaming,nephh,Breach,136.0,15,17,7,74.0,14.0,0
VCT 2025 China Stage 1,https://www.vlr.gg/473244/xi-lai-gaming-vs-bilibili-gaming-champions-tour-2025-china-stage-1-gf,Haven,Bilibili Gaming,Xi Lai Gaming,Xi Lai Gaming,Knight,Tejo,141.0,11,17,9,110.0,14.0,0
VCT 2025 China Stage 1,https://www.vlr.gg/473244/xi-lai-gaming-vs-bilibili-gaming-champions-tour-2025-china-stage-1-gf,Haven,Bilibili Gaming,Xi Lai Gaming,Xi Lai Gaming,Levius,Cypher,133.0,10,19,9,89.0,20.0,0
VCT 2025 Americas Stage 1,https://www.vlr.gg/475897/mibr-vs-100-thieves-champions-tour-2025-americas-stage-1-ubr1,Split,MIBR,100 Thieves,MIBR,Verno,Tejo,204.0,17,8,7,132.0,22.0,1
VCT 2025 Americas Stage 1,https://www.vlr.gg/475897/mibr-vs-100-thieves-champions-tour-2025-americas-stage-1-ubr1,Split,MIBR,100 Thieves,MIBR,cortezia,Omen,258.0,21,14,4,155.0,25.0,1
VCT 2025 Americas Stage 1,https://www.vlr.gg/475897/mibr-vs-100-thieves-champions-tour-2025-americas-stage-1-ubr1,Split,MIBR,100 Thieves,MIBR,aspas,Jett,157.0,12,12,4,106.0,24.0,1
VCT 2025 Americas Stage 1,https://www.vlr.gg/475897/mibr-vs-100-thieves-champions-tour-2025-americas-stage-1-ubr1,Split,MIBR,100 Thieves,MIBR,xenom,Viper,163.0,13,12,4,100.0,31.0,1
VCT 2025 Americas Stage 1,https://www.vlr.gg/475897/mibr-vs-100-thieves-champions-tour-2025-americas-stage-1-ubr1,Split,MIBR,100 Thieves,MIBR,artzin,Breach,174.0,16,16,6,101.0,29.0,1
VCT 2025 Americas Stage 1,https://www.vlr.gg/475897/mibr-vs-100-thieves-champions-tour-2025-americas-stage-1-ubr1,Split,100 Thieves,MIBR,MIBR,Asuna,Raze,260.0,18,15,3,173.0,22.0,0
VCT 2025 Americas Stage 1,https://www.vlr.gg/475897/mibr-vs-100-thieves-champions-tour-2025-americas-stage-1-ubr1,Split,100 Thieves,MIBR,MIBR,Cryocells,Sage,205.0,15,16,3,133.0,30.0,0
VCT 2025 Americas Stage 1,https://www.vlr.gg/475897/mibr-vs-100-thieves-champions-tour-2025-americas-stage-1-ubr1,Split,100 Thieves,MIBR,MIBR,zander,Astra,144.0,11,16,12,93.0,35.0,0
VCT 2025 Americas Stage 1,https://www.vlr.gg/475897/mibr-vs-100-thieves-champions-tour-2025-americas-stage-1-ubr1,Split,100 Thieves,MIBR,MIBR,eeiu,Tejo,153.0,11,16,8,95.0,34.0,0
VCT 2025 Americas Stage 1,https://www.vlr.gg/475897/mibr-vs-100-thieves-champions-tour-2025-americas-stage-1-ubr1,Split,100 Thieves,MIBR,MIBR,Boostio,Breach,83.0,7,16,6,60.0,30.0,0
VCT 2025 Americas Stage 1,https://www.vlr.gg/475897/mibr-vs-100-thieves-champions-tour-2025-americas-stage-1-ubr1,Icebox,MIBR,100 Thieves,MIBR,aspas,Jett,346.0,24,9,5,218.0,18.0,1
VCT 2025 Americas Stage 1,https://www.vlr.gg/475897/mibr-vs-100-thieves-champions-tour-2025-americas-stage-1-ubr1,Icebox,MIBR,100 Thieves,MIBR,Verno,Sova,160.0,10,5,5,121.0,32.0,1
VCT 2025 Americas Stage 1,https://www.vlr.gg/475897/mibr-vs-100-thieves-champions-tour-2025-americas-stage-1-ubr1,Icebox,MIBR,100 Thieves,MIBR,cortezia,Killjoy,276.0,17,11,10,201.0,21.0,1
VCT 2025 Americas Stage 1,https://www.vlr.gg/475897/mibr-vs-100-thieves-champions-tour-2025-americas-stage-1-ubr1,Icebox,MIBR,100 Thieves,MIBR,xenom,Viper,252.0,17,11,8,165.0,27.0,1
VCT 2025 Americas Stage 1,https://www.vlr.gg/475897/mibr-vs-100-thieves-champions-tour-2025-americas-stage-1-ubr1,Icebox,MIBR,100 Thieves,MIBR,artzin,Harbor,192.0,12,11,3,117.0,29.0,1
VCT 2025 Americas Stage 1,https://www.vlr.gg/475897/mibr-vs-100-thieves-champions-tour-2025-americas-stage-1-ubr1,Icebox,100 Thieves,MIBR,MIBR,eeiu,Sova,281.0,17,15,2,182.0,44.0,0
VCT 2025 Americas Stage 1,https://www.vlr.gg/475897/mibr-vs-100-thieves-champions-tour-2025-americas-stage-1-ubr1,Icebox,100 Thieves,MIBR,MIBR,Cryocells,Jett,195.0,12,16,2,129.0,14.0,0
VCT 2025 Americas Stage 1,https://www.vlr.gg/475897/mibr-vs-100-thieves-champions-tour-2025-americas-stage-1-ubr1,Icebox,100 Thieves,MIBR,MIBR,zander,Viper,113.0,4,15,10,82.0,16.0,0
VCT 2025 Americas Stage 1,https://www.vlr.gg/475897/mibr-vs-100-thieves-champions-tour-2025-americas-stage-1-ubr1,Icebox,100 Thieves,MIBR,MIBR,Boostio,Killjoy,123.0,7,17,1,77.0,32.0,0
VCT 2025 Americas Stage 1,https://www.vlr.gg/475897/mibr-vs-100-thieves-champions-tour-2025-americas-stage-1-ubr1,Icebox,100 Thieves,MIBR,MIBR,Asuna,Gekko,103.0,7,17,4,50.0,36.0,0
VCT 2025 Americas Stage 1,https://www.vlr.gg/475898/sentinels-vs-cloud9-champions-tour-2025-americas-stage-1-ubr1,Ascent,Sentinels,Cloud9,Sentinels,zekken,Jett,305.0,24,14,5,185.0,21.0,1
VCT 2025 Americas Stage 1,https://www.vlr.gg/475898/sentinels-vs-cloud9-champions-tour-2025-americas-stage-1-ubr1,Ascent,Sentinels,Cloud9,Sentinels,johnqt,Kayo,222.0,17,14,13,150.0,37.0,1
VCT 2025 Americas Stage 1,https://www.vlr.gg/475898/sentinels-vs-cloud9-champions-tour-2025-americas-stage-1-ubr1,Ascent,Sentinels,Cloud9,Sentinels,Zellsis,Vyse,189.0,16,13,7,129.0,29.0,1
VCT 2025 Americas Stage 1,https://www.vlr.gg/475898/sentinels-vs-cloud9-champions-tour-2025-americas-stage-1-ubr1,Ascent,Sentinels,Cloud9,Sentinels,N4RRATE,Tejo,245.0,18,15,8,168.0,22.0,1
VCT 2025 Americas Stage 1,https://www.vlr.gg/475898/sentinels-vs-cloud9-champions-tour-2025-americas-stage-1-ubr1,Ascent,Sentinels,Cloud9,Sentinels,bang,Omen,182.0,15,14,10,107.0,28.0,1
VCT 2025 Americas Stage 1,https://www.vlr.gg/475898/sentinels-vs-cloud9-champions-tour-2025-americas-stage-1-ubr1,Ascent,Cloud9,Sentinels,Sentinels,mitch,Sova,275.0,23,15,5,176.0,25.0,0
VCT 2025 Americas Stage 1,https://www.vlr.gg/475898/sentinels-vs-cloud9-champions-tour-2025-americas-stage-1-ubr1,Ascent,Cloud9,Sentinels,Sentinels,v1c,Omen,155.0,10,18,11,109.0,39.0,0
VCT 2025 Americas Stage 1,https://www.vlr.gg/475898/sentinels-vs-cloud9-champions-tour-2025-americas-stage-1-ubr1,Ascent,Cloud9,Sentinels,Sentinels,OXY,Yoru,161.0,14,18,9,108.0,28.0,0
VCT 2025 Americas Stage 1,https://www.vlr.gg/475898/sentinels-vs-cloud9-champions-tour-2025-americas-stage-1-ubr1,Ascent,Cloud9,Sentinels,Sentinels,Xeppaa,Vyse,159.0,11,19,5,121.0,33.0,0
VCT 2025 Americas Stage 1,https://www.vlr.gg/475898/sentinels-vs-cloud9-champions-tour-2025-americas-stage-1-ubr1,Ascent,Cloud9,Sentinels,Sentinels,neT,Deadlock,167.0,12,20,5,102.0,25.0,0
VCT 2025 Americas Stage 1,https://www.vlr.gg/475898/sentinels-vs-cloud9-champions-tour-2025-americas-stage-1-ubr1,Pearl,Sentinels,Cloud9,Sentinels,bang,Astra,274.0,21,14,10,167.0,25.0,1
VCT 2025 Americas Stage 1,https://www.vlr.gg/475898/sentinels-vs-cloud9-champions-tour-2025-americas-stage-1-ubr1,Pearl,Sentinels,Cloud9,Sentinels,zekken,Yoru,244.0,21,18,4,153.0,33.0,1
VCT 2025 Americas Stage 1,https://www.vlr.gg/475898/sentinels-vs-cloud9-champions-tour-2025-americas-stage-1-ubr1,Pearl,Sentinels,Cloud9,Sentinels,johnqt,Tejo,191.0,16,14,3,149.0,13.0,1
VCT 2025 Americas Stage 1,https://www.vlr.gg/475898/sentinels-vs-cloud9-champions-tour-2025-americas-stage-1-ubr1,Pearl,Sentinels,Cloud9,Sentinels,Zellsis,Vyse,161.0,13,14,5,100.0,18.0,1
VCT 2025 Americas Stage 1,https://www.vlr.gg/475898/sentinels-vs-cloud9-champions-tour-2025-americas-stage-1-ubr1,Pearl,Sentinels,Cloud9,Sentinels,N4RRATE,Fade,155.0,11,17,16,93.0,31.0,1
VCT 2025 Americas Stage 1,https://www.vlr.gg/475898/sentinels-vs-cloud9-champions-tour-2025-americas-stage-1-ubr1,Pearl,Cloud9,Sentinels,Sentinels,v1c,Astra,178.0,16,15,6,123.0,41.0,0
VCT 2025 Americas Stage 1,https://www.vlr.gg/475898/sentinels-vs-cloud9-champions-tour-2025-americas-stage-1-ubr1,Pearl,Cloud9,Sentinels,Sentinels,Xeppaa,Yoru,224.0,16,17,10,154.0,38.0,0
VCT 2025 Americas Stage 1,https://www.vlr.gg/475898/sentinels-vs-cloud9-champions-tour-2025-americas-stage-1-ubr1,Pearl,Cloud9,Sentinels,Sentinels,OXY,Jett,220.0,16,16,2,145.0,35.0,0
VCT 2025 Americas Stage 1,https://www.vlr.gg/475898/sentinels-vs-cloud9-champions-tour-2025-americas-stage-1-ubr1,Pearl,Cloud9,Sentinels,Sentinels,mitch,Sova,155.0,12,17,5,108.0,20.0,0
VCT 2025 Americas Stage 1,https://www.vlr.gg/475898/sentinels-vs-cloud9-champions-tour-2025-americas-stage-1-ubr1,Pearl,Cloud9,Sentinels,Sentinels,neT,Cypher,147.0,12,17,2,88.0,26.0,0
VCT 2025 Americas Stage 1,https://www.vlr.gg/475903/100-thieves-vs-nrg-esports-champions-tour-2025-americas-stage-1-lr1,Fracture,100 Thieves,NRG,100 Thieves,zander,Brimstone,386.0,28,7,8,228.0,23.0,1
VCT 2025 Americas Stage 1,https://www.vlr.gg/475903/100-thieves-vs-nrg-esports-champions-tour-2025-americas-stage-1-lr1,Fracture,100 Thieves,NRG,100 Thieves,Cryocells,Chamber,185.0,15,8,3,146.0,26.0,1
VCT 2025 Americas Stage 1,https://www.vlr.gg/475903/100-thieves-vs-nrg-esports-champions-tour-2025-americas-stage-1-lr1,Fracture,100 Thieves,NRG,100 Thieves,Boostio,Breach,204.0,14,10,16,138.0,28.0,1
VCT 2025 Americas Stage 1,https://www.vlr.gg/475903/100-thieves-vs-nrg-esports-champions-tour-2025-americas-stage-1-lr1,Fracture,100 Thieves,NRG,100 Thieves,Asuna,Neon,246.0,15,15,11,150.0,29.0,1
VCT 2025 Americas Stage 1,https://www.vlr.gg/475903/100-thieves-vs-nrg-esports-champions-tour-2025-americas-stage-1-lr1,Fracture,100 Thieves,NRG,100 Thieves,eeiu,Tejo,120.0,7,13,11,96.0,14.0,1
VCT 2025 Americas Stage 1,https://www.vlr.gg/475903/100-thieves-vs-nrg-esports-champions-tour-2025-americas-stage-1-lr1,Fracture,NRG,100 Thieves,100 Thieves,mada,Raze,231.0,14,15,6,168.0,15.0,0
VCT 2025 Americas Stage 1,https://www.vlr.gg/475903/100-thieves-vs-nrg-esports-champions-tour-2025-americas-stage-1-lr1,Fracture,NRG,100 Thieves,100 Thieves,Ethan,Breach,147.0,10,14,5,104.0,24.0,0
VCT 2025 Americas Stage 1,https://www.vlr.gg/475903/100-thieves-vs-nrg-esports-champions-tour-2025-americas-stage-1-lr1,Fracture,NRG,100 Thieves,100 Thieves,brawk,Tejo,199.0,12,17,5,135.0,21.0,0
VCT 2025 Americas Stage 1,https://www.vlr.gg/475903/100-thieves-vs-nrg-esports-champions-tour-2025-americas-stage-1-lr1,Fracture,NRG,100 Thieves,100 Thieves,FiNESSE,Cypher,187.0,10,15,7,136.0,22.0,0
VCT 2025 Americas Stage 1,https://www.vlr.gg/475903/100-thieves-vs-nrg-esports-champions-tour-2025-americas-stage-1-lr1,Fracture,NRG,100 Thieves,100 Thieves,s0m,Brimstone,140.0,7,18,10,93.0,15.0,0
VCT 2025 Americas Stage 1,https://www.vlr.gg/475903/100-thieves-vs-nrg-esports-champions-tour-2025-americas-stage-1-lr1,Haven,100 Thieves,NRG,100 Thieves,zander,Omen,275.0,26,13,6,179.0,30.0,1
VCT 2025 Americas Stage 1,https://www.vlr.gg/475903/100-thieves-vs-nrg-esports-champions-tour-2025-americas-stage-1-lr1,Haven,100 Thieves,NRG,100 Thieves,Asuna,Neon,247.0,21,19,6,168.0,30.0,1
VCT 2025 Americas Stage 1,https://www.vlr.gg/475903/100-thieves-vs-nrg-esports-champions-tour-2025-americas-stage-1-lr1,Haven,100 Thieves,NRG,100 Thieves,eeiu,Sova,147.0,14,14,6,99.0,10.0,1
VCT 2025 Americas Stage 1,https://www.vlr.gg/475903/100-thieves-vs-nrg-esports-champions-tour-2025-americas-stage-1-lr1,Haven,100 Thieves,NRG,100 Thieves,Cryocells,Iso,180.0,15,16,7,124.0,34.0,1
VCT 2025 Americas Stage 1,https://www.vlr.gg/475903/100-thieves-vs-nrg-esports-champions-tour-2025-americas-stage-1-lr1,Haven,100 Thieves,NRG,100 Thieves,Boostio,Cypher,138.0,10,19,5,104.0,30.0,1
VCT 2025 Americas Stage 1,https://www.vlr.gg/475903/100-thieves-vs-nrg-esports-champions-tour-2025-americas-stage-1-lr1,Haven,NRG,100 Thieves,100 Thieves,s0m,Omen,249.0,20,17,12,163.0,33.0,0
VCT 2025 Americas Stage 1,https://www.vlr.gg/475903/100-thieves-vs-nrg-esports-champions-tour-2025-americas-stage-1-lr1,Haven,NRG,100 Thieves,100 Thieves,Ethan,Breach,194.0,17,17,7,124.0,24.0,0
VCT 2025 Americas Stage 1,https://www.vlr.gg/475903/100-thieves-vs-nrg-esports-champions-tour-2025-americas-stage-1-lr1,Haven,NRG,100 Thieves,100 Thieves,brawk,Tejo,207.0,17,18,6,143.0,16.0,0
VCT 2025 Americas Stage 1,https://www.vlr.gg/475903/100-thieves-vs-nrg-esports-champions-tour-2025-americas-stage-1-lr1,Haven,NRG,100 Thieves,100 Thieves,mada,Jett,210.0,18,18,2,148.0,26.0,0
VCT 2025 Americas Stage 1,https://www.vlr.gg/475903/100-thieves-vs-nrg-esports-champions-tour-2025-americas-stage-1-lr1,Haven,NRG,100 Thieves,100 Thieves,FiNESSE,Cypher,140.0,9,16,15,87.0,9.0,0
VCT 2025 Americas Stage 1,https://www.vlr.gg/475904/cloud9-vs-evil-geniuses-champions-tour-2025-americas-stage-1-lr1,Fracture,Cloud9,Evil Geniuses,Evil Geniuses,v1c,Brimstone,255.0,21,16,9,163.0,41.0,0
VCT 2025 Americas Stage 1,https://www.vlr.gg/475904/cloud9-vs-evil-geniuses-champions-tour-2025-americas-stage-1-lr1,Fracture,Cloud9,Evil Geniuses,Evil Geniuses,mitch,Breach,161.0,10,15,13,108.0,21.0,0
VCT 2025 Americas Stage 1,https://www.vlr.gg/475904/cloud9-vs-evil-geniuses-champions-tour-2025-americas-stage-1-lr1,Fracture,Cloud9,Evil Geniuses,Evil Geniuses,neT,Cypher,201.0,15,19,10,138.0,15.0,0
VCT 2025 Americas Stage 1,https://www.vlr.gg/475904/cloud9-vs-evil-geniuses-champions-tour-2025-americas-stage-1-lr1,Fracture,Cloud9,Evil Geniuses,Evil Geniuses,OXY,Neon,204.0,15,20,4,142.0,26.0,0
VCT 2025 Americas Stage 1,https://www.vlr.gg/475904/cloud9-vs-evil-geniuses-champions-tour-2025-americas-stage-1-lr1,Fracture,Cloud9,Evil Geniuses,Evil Geniuses,Xeppaa,Tejo,117.0,9,17,5,78.0,9.0,0
VCT 2025 Americas Stage 1,https://www.vlr.gg/475904/cloud9-vs-evil-geniuses-champions-tour-2025-americas-stage-1-lr1,Fracture,Evil Geniuses,Cloud9,Evil Geniuses,yay,Cypher,327.0,26,17,4,201.0,38.0,1
VCT 2025 Americas Stage 1,https://www.vlr.gg/475904/cloud9-vs-evil-geniuses-champions-tour-2025-americas-stage-1-lr1,Fracture,Evil Geniuses,Cloud9,Evil Geniuses,supamen,Brimstone,224.0,16,13,12,147.0,26.0,1
VCT 2025 Americas Stage 1,https://www.vlr.gg/475904/cloud9-vs-evil-geniuses-champions-tour-2025-americas-stage-1-lr1,Fracture,Evil Geniuses,Cloud9,Evil Geniuses,icy,Raze,283.0,23,18,5,176.0,20.0,1
VCT 2025 Americas Stage 1,https://www.vlr.gg/475904/cloud9-vs-evil-geniuses-champions-tour-2025-americas-stage-1-lr1,Fracture,Evil Geniuses,Cloud9,Evil Geniuses,Derrek,Tejo,127.0,12,11,5,86.0,29.0,1
VCT 2025 Americas Stage 1,https://www.vlr.gg/475904/cloud9-vs-evil-geniuses-champions-tour-2025-americas-stage-1-lr1,Fracture,Evil Geniuses,Cloud9,Evil Geniuses,NaturE,Breach,125.0,10,12,9,82.0,18.0,1
VCT 2025 Americas Stage 1,https://www.vlr.gg/475904/cloud9-vs-evil-geniuses-champions-tour-2025-americas-stage-1-lr1,Icebox,Cloud9,Evil Geniuses,Evil Geniuses,mitch,Harbor,252.0,25,16,11,167.0,22.0,0
VCT 2025 Americas Stage 1,https://www.vlr.gg/475904/cloud9-vs-evil-geniuses-champions-tour-2025-americas-stage-1-lr1,Icebox,Cloud9,Evil Geniuses,Evil Geniuses,Xeppaa,Sova,222.0,19,19,10,148.0,20.0,0
VCT 2025 Americas Stage 1,https://www.vlr.gg/475904/cloud9-vs-evil-geniuses-champions-tour-2025-americas-stage-1-lr1,Icebox,Cloud9,Evil Geniuses,Evil Geniuses,OXY,Jett,250.0,25,26,1,158.0,34.0,0
VCT 2025 Americas Stage 1,https://www.vlr.gg/475904/cloud9-vs-evil-geniuses-champions-tour-2025-americas-stage-1-lr1,Icebox,Cloud9,Evil Geniuses,Evil Geniuses,v1c,Viper,131.0,13,21,3,94.0,35.0,0
VCT 2025 Americas Stage 1,https://www.vlr.gg/475904/cloud9-vs-evil-geniuses-champions-tour-2025-americas-stage-1-lr1,Icebox,Cloud9,Evil Geniuses,Evil Geniuses,neT,Killjoy,119.0,12,24,3,77.0,33.0,0
VCT 2025 Americas Stage 1,https://www.vlr.gg/475904/cloud9-vs-evil-geniuses-champions-tour-2025-americas-stage-1-lr1,Icebox,Evil Geniuses,Cloud9,Evil Geniuses,yay,Jett,263.0,27,18,3,172.0,26.0,1
VCT 2025 Americas Stage 1,https://www.vlr.gg/475904/cloud9-vs-evil-geniuses-champions-tour-2025-americas-stage-1-lr1,Icebox,Evil Geniuses,Cloud9,Evil Geniuses,icy,Killjoy,267.0,28,18,3,181.0,35.0,1
VCT 2025 Americas Stage 1,https://www.vlr.gg/475904/cloud9-vs-evil-geniuses-champions-tour-2025-americas-stage-1-lr1,Icebox,Evil Geniuses,Cloud9,Evil Geniuses,Derrek,Sova,192.0,19,17,4,130.0,26.0,1
VCT 2025 Americas Stage 1,https://www.vlr.gg/475904/cloud9-vs-evil-geniuses-champions-tour-2025-americas-stage-1-lr1,Icebox,Evil Geniuses,Cloud9,Evil Geniuses,supamen,Viper,159.0,16,19,9,109.0,39.0,1
VCT 2025 Americas Stage 1,https://www.vlr.gg/475904/cloud9-vs-evil-geniuses-champions-tour-2025-americas-stage-1-lr1,Icebox,Evil Geniuses,Cloud9,Evil Geniuses,NaturE,Kayo,183.0,16,22,14,125.0,25.0,1
VCT 2025 Americas Stage 1,https://www.vlr.gg/475899/kr-esports-vs-mibr-champions-tour-2025-americas-stage-1-ubsf,Lotus,"VISA KRÜ						
							(KRÜ Esports)",MIBR,MIBR,Shyy,Vyse,325.0,26,13,5,221.0,39.0,0
VCT 2025 Americas Stage 1,https://www.vlr.gg/475899/kr-esports-vs-mibr-champions-tour-2025-americas-stage-1-ubsf,Lotus,"VISA KRÜ						
							(KRÜ Esports)",MIBR,MIBR,keznit,Neon,259.0,18,18,6,175.0,32.0,0
VCT 2025 Americas Stage 1,https://www.vlr.gg/475899/kr-esports-vs-mibr-champions-tour-2025-americas-stage-1-ubsf,Lotus,"VISA KRÜ						
							(KRÜ Esports)",MIBR,MIBR,adverso,Tejo,140.0,9,15,4,100.0,23.0,0
VCT 2025 Americas Stage 1,https://www.vlr.gg/475899/kr-esports-vs-mibr-champions-tour-2025-americas-stage-1-ubsf,Lotus,"VISA KRÜ						
							(KRÜ Esports)",MIBR,MIBR,Mazino,Breach,155.0,9,17,8,114.0,14.0,0
VCT 2025 Americas Stage 1,https://www.vlr.gg/475899/kr-esports-vs-mibr-champions-tour-2025-americas-stage-1-ubsf,Lotus,"VISA KRÜ						
							(KRÜ Esports)",MIBR,MIBR,Melser,Omen,114.0,8,15,5,76.0,19.0,0
VCT 2025 Americas Stage 1,https://www.vlr.gg/475899/kr-esports-vs-mibr-champions-tour-2025-americas-stage-1-ubsf,Lotus,MIBR,"VISA KRÜ						
							(KRÜ Esports)",MIBR,aspas,Neon,266.0,20,13,5,161.0,29.0,1
VCT 2025 Americas Stage 1,https://www.vlr.gg/475899/kr-esports-vs-mibr-champions-tour-2025-americas-stage-1-ubsf,Lotus,MIBR,"VISA KRÜ						
							(KRÜ Esports)",MIBR,Verno,Tejo,238.0,18,12,6,147.0,24.0,1
VCT 2025 Americas Stage 1,https://www.vlr.gg/475899/kr-esports-vs-mibr-champions-tour-2025-americas-stage-1-ubsf,Lotus,MIBR,"VISA KRÜ						
							(KRÜ Esports)",MIBR,cortezia,Omen,242.0,18,14,11,152.0,57.0,1
VCT 2025 Americas Stage 1,https://www.vlr.gg/475899/kr-esports-vs-mibr-champions-tour-2025-americas-stage-1-ubsf,Lotus,MIBR,"VISA KRÜ						
							(KRÜ Esports)",MIBR,xenom,Viper,119.0,9,12,10,80.0,26.0,1
VCT 2025 Americas Stage 1,https://www.vlr.gg/475899/kr-esports-vs-mibr-champions-tour-2025-americas-stage-1-ubsf,Lotus,MIBR,"VISA KRÜ						
							(KRÜ Esports)",MIBR,artzin,Breach,182.0,13,19,9,121.0,27.0,1
VCT 2025 Americas Stage 1,https://www.vlr.gg/475899/kr-esports-vs-mibr-champions-tour-2025-americas-stage-1-ubsf,Icebox,"VISA KRÜ						
							(KRÜ Esports)",MIBR,MIBR,adverso,Sova,207.0,12,14,3,137.0,19.0,0
VCT 2025 Americas Stage 1,https://www.vlr.gg/475899/kr-esports-vs-mibr-champions-tour-2025-americas-stage-1-ubsf,Icebox,"VISA KRÜ						
							(KRÜ Esports)",MIBR,MIBR,keznit,Jett,139.0,8,12,3,90.0,15.0,0
VCT 2025 Americas Stage 1,https://www.vlr.gg/475899/kr-esports-vs-mibr-champions-tour-2025-americas-stage-1-ubsf,Icebox,"VISA KRÜ						
							(KRÜ Esports)",MIBR,MIBR,Mazino,Harbor,183.0,11,14,4,112.0,33.0,0
VCT 2025 Americas Stage 1,https://www.vlr.gg/475899/kr-esports-vs-mibr-champions-tour-2025-americas-stage-1-ubsf,Icebox,"VISA KRÜ						
							(KRÜ Esports)",MIBR,MIBR,Melser,Viper,131.0,7,12,3,98.0,22.0,0
VCT 2025 Americas Stage 1,https://www.vlr.gg/475899/kr-esports-vs-mibr-champions-tour-2025-americas-stage-1-ubsf,Icebox,"VISA KRÜ						
							(KRÜ Esports)",MIBR,MIBR,Shyy,Killjoy,108.0,7,12,1,68.0,12.0,0
VCT 2025 Americas Stage 1,https://www.vlr.gg/475899/kr-esports-vs-mibr-champions-tour-2025-americas-stage-1-ubsf,Icebox,MIBR,"VISA KRÜ						
							(KRÜ Esports)",MIBR,aspas,Jett,259.0,17,10,2,161.0,28.0,1
VCT 2025 Americas Stage 1,https://www.vlr.gg/475899/kr-esports-vs-mibr-champions-tour-2025-americas-stage-1-ubsf,Icebox,MIBR,"VISA KRÜ						
							(KRÜ Esports)",MIBR,artzin,Harbor,284.0,19,11,0,179.0,33.0,1
VCT 2025 Americas Stage 1,https://www.vlr.gg/475899/kr-esports-vs-mibr-champions-tour-2025-americas-stage-1-ubsf,Icebox,MIBR,"VISA KRÜ						
							(KRÜ Esports)",MIBR,Verno,Sova,149.0,8,5,8,111.0,16.0,1
VCT 2025 Americas Stage 1,https://www.vlr.gg/475899/kr-esports-vs-mibr-champions-tour-2025-americas-stage-1-ubsf,Icebox,MIBR,"VISA KRÜ						
							(KRÜ Esports)",MIBR,cortezia,Killjoy,151.0,11,8,2,109.0,22.0,1
VCT 2025 Americas Stage 1,https://www.vlr.gg/475899/kr-esports-vs-mibr-champions-tour-2025-americas-stage-1-ubsf,Icebox,MIBR,"VISA KRÜ						
							(KRÜ Esports)",MIBR,xenom,Viper,155.0,9,11,3,106.0,20.0,1
VCT 2025 Americas Stage 1,https://www.vlr.gg/475900/g2-esports-vs-sentinels-champions-tour-2025-americas-stage-1-ubsf,Split,G2 Esports,Sentinels,G2 Esports,trent,Tejo,251.0,18,5,6,174.0,31.0,1
VCT 2025 Americas Stage 1,https://www.vlr.gg/475900/g2-esports-vs-sentinels-champions-tour-2025-americas-stage-1-ubsf,Split,G2 Esports,Sentinels,G2 Esports,valyn,Omen,262.0,18,10,8,181.0,27.0,1
VCT 2025 Americas Stage 1,https://www.vlr.gg/475900/g2-esports-vs-sentinels-champions-tour-2025-americas-stage-1-ubsf,Split,G2 Esports,Sentinels,G2 Esports,leaf,Viper,223.0,14,12,4,130.0,22.0,1
VCT 2025 Americas Stage 1,https://www.vlr.gg/475900/g2-esports-vs-sentinels-champions-tour-2025-americas-stage-1-ubsf,Split,G2 Esports,Sentinels,G2 Esports,jawgemo,Yoru,221.0,13,13,8,154.0,25.0,1
VCT 2025 Americas Stage 1,https://www.vlr.gg/475900/g2-esports-vs-sentinels-champions-tour-2025-americas-stage-1-ubsf,Split,G2 Esports,Sentinels,G2 Esports,JonahP,Breach,147.0,11,9,7,109.0,27.0,1
VCT 2025 Americas Stage 1,https://www.vlr.gg/475900/g2-esports-vs-sentinels-champions-tour-2025-americas-stage-1-ubsf,Split,Sentinels,G2 Esports,G2 Esports,zekken,Yoru,209.0,13,13,4,126.0,28.0,0
VCT 2025 Americas Stage 1,https://www.vlr.gg/475900/g2-esports-vs-sentinels-champions-tour-2025-americas-stage-1-ubsf,Split,Sentinels,G2 Esports,G2 Esports,johnqt,Tejo,176.0,12,14,5,117.0,31.0,0
VCT 2025 Americas Stage 1,https://www.vlr.gg/475900/g2-esports-vs-sentinels-champions-tour-2025-americas-stage-1-ubsf,Split,Sentinels,G2 Esports,G2 Esports,N4RRATE,Breach,158.0,9,17,10,106.0,32.0,0
VCT 2025 Americas Stage 1,https://www.vlr.gg/475900/g2-esports-vs-sentinels-champions-tour-2025-americas-stage-1-ubsf,Split,Sentinels,G2 Esports,G2 Esports,bang,Omen,136.0,8,15,5,103.0,31.0,0
VCT 2025 Americas Stage 1,https://www.vlr.gg/475900/g2-esports-vs-sentinels-champions-tour-2025-americas-stage-1-ubsf,Split,Sentinels,G2 Esports,G2 Esports,Zellsis,Viper,133.0,7,15,1,98.0,14.0,0
VCT 2025 Americas Stage 1,https://www.vlr.gg/475900/g2-esports-vs-sentinels-champions-tour-2025-americas-stage-1-ubsf,Icebox,G2 Esports,Sentinels,Sentinels,leaf,Killjoy,288.0,24,18,2,189.0,29.0,0
VCT 2025 Americas Stage 1,https://www.vlr.gg/475900/g2-esports-vs-sentinels-champions-tour-2025-americas-stage-1-ubsf,Icebox,G2 Esports,Sentinels,Sentinels,trent,Tejo,232.0,19,15,6,154.0,16.0,0
VCT 2025 Americas Stage 1,https://www.vlr.gg/475900/g2-esports-vs-sentinels-champions-tour-2025-americas-stage-1-ubsf,Icebox,G2 Esports,Sentinels,Sentinels,valyn,Harbor,164.0,15,17,2,105.0,38.0,0
VCT 2025 Americas Stage 1,https://www.vlr.gg/475900/g2-esports-vs-sentinels-champions-tour-2025-americas-stage-1-ubsf,Icebox,G2 Esports,Sentinels,Sentinels,JonahP,Viper,138.0,11,17,3,89.0,20.0,0
VCT 2025 Americas Stage 1,https://www.vlr.gg/475900/g2-esports-vs-sentinels-champions-tour-2025-americas-stage-1-ubsf,Icebox,G2 Esports,Sentinels,Sentinels,jawgemo,Gekko,117.0,9,18,9,86.0,18.0,0
VCT 2025 Americas Stage 1,https://www.vlr.gg/475900/g2-esports-vs-sentinels-champions-tour-2025-americas-stage-1-ubsf,Icebox,Sentinels,G2 Esports,Sentinels,Zellsis,Killjoy,241.0,20,14,7,169.0,36.0,1
VCT 2025 Americas Stage 1,https://www.vlr.gg/475900/g2-esports-vs-sentinels-champions-tour-2025-americas-stage-1-ubsf,Icebox,Sentinels,G2 Esports,Sentinels,bang,Viper,288.0,22,16,8,180.0,32.0,1
VCT 2025 Americas Stage 1,https://www.vlr.gg/475900/g2-esports-vs-sentinels-champions-tour-2025-americas-stage-1-ubsf,Icebox,Sentinels,G2 Esports,Sentinels,johnqt,Tejo,210.0,16,16,7,161.0,23.0,1
VCT 2025 Americas Stage 1,https://www.vlr.gg/475900/g2-esports-vs-sentinels-champions-tour-2025-americas-stage-1-ubsf,Icebox,Sentinels,G2 Esports,Sentinels,N4RRATE,Gekko,161.0,15,14,2,121.0,20.0,1
VCT 2025 Americas Stage 1,https://www.vlr.gg/475900/g2-esports-vs-sentinels-champions-tour-2025-americas-stage-1-ubsf,Icebox,Sentinels,G2 Esports,Sentinels,zekken,Omen,135.0,12,18,16,88.0,23.0,1
VCT 2025 Americas Stage 1,https://www.vlr.gg/475900/g2-esports-vs-sentinels-champions-tour-2025-americas-stage-1-ubsf,Ascent,G2 Esports,Sentinels,Sentinels,trent,Tejo,262.0,20,17,11,178.0,22.0,0
VCT 2025 Americas Stage 1,https://www.vlr.gg/475900/g2-esports-vs-sentinels-champions-tour-2025-americas-stage-1-ubsf,Ascent,G2 Esports,Sentinels,Sentinels,leaf,Vyse,195.0,19,14,5,114.0,18.0,0
VCT 2025 Americas Stage 1,https://www.vlr.gg/475900/g2-esports-vs-sentinels-champions-tour-2025-americas-stage-1-ubsf,Ascent,G2 Esports,Sentinels,Sentinels,valyn,Omen,235.0,21,17,8,139.0,33.0,0
VCT 2025 Americas Stage 1,https://www.vlr.gg/475900/g2-esports-vs-sentinels-champions-tour-2025-americas-stage-1-ubsf,Ascent,G2 Esports,Sentinels,Sentinels,jawgemo,Waylay,187.0,15,15,6,119.0,10.0,0
VCT 2025 Americas Stage 1,https://www.vlr.gg/475900/g2-esports-vs-sentinels-champions-tour-2025-americas-stage-1-ubsf,Ascent,G2 Esports,Sentinels,Sentinels,JonahP,Kayo,139.0,9,15,18,85.0,13.0,0
VCT 2025 Americas Stage 1,https://www.vlr.gg/475900/g2-esports-vs-sentinels-champions-tour-2025-americas-stage-1-ubsf,Ascent,Sentinels,G2 Esports,Sentinels,bang,Omen,218.0,21,13,7,131.0,39.0,1
VCT 2025 Americas Stage 1,https://www.vlr.gg/475900/g2-esports-vs-sentinels-champions-tour-2025-americas-stage-1-ubsf,Ascent,Sentinels,G2 Esports,Sentinels,johnqt,Kayo,182.0,15,16,12,120.0,24.0,1
VCT 2025 Americas Stage 1,https://www.vlr.gg/475900/g2-esports-vs-sentinels-champions-tour-2025-americas-stage-1-ubsf,Ascent,Sentinels,G2 Esports,Sentinels,zekken,Jett,200.0,17,16,4,127.0,26.0,1
VCT 2025 Americas Stage 1,https://www.vlr.gg/475900/g2-esports-vs-sentinels-champions-tour-2025-americas-stage-1-ubsf,Ascent,Sentinels,G2 Esports,Sentinels,Zellsis,Vyse,170.0,13,19,11,115.0,15.0,1
VCT 2025 Americas Stage 1,https://www.vlr.gg/475900/g2-esports-vs-sentinels-champions-tour-2025-americas-stage-1-ubsf,Ascent,Sentinels,G2 Esports,Sentinels,N4RRATE,Tejo,162.0,12,20,7,102.0,25.0,1
VCT 2025 Americas Stage 1,https://www.vlr.gg/475906/kr-esports-vs-evil-geniuses-champions-tour-2025-americas-stage-1-lr2,Lotus,"VISA KRÜ						
							(KRÜ Esports)",Evil Geniuses,Evil Geniuses,keznit,Neon,263.0,25,19,5,170.0,22.0,0
VCT 2025 Americas Stage 1,https://www.vlr.gg/475906/kr-esports-vs-evil-geniuses-champions-tour-2025-americas-stage-1-lr2,Lotus,"VISA KRÜ						
							(KRÜ Esports)",Evil Geniuses,Evil Geniuses,Shyy,Vyse,241.0,22,19,9,152.0,21.0,0
VCT 2025 Americas Stage 1,https://www.vlr.gg/475906/kr-esports-vs-evil-geniuses-champions-tour-2025-americas-stage-1-lr2,Lotus,"VISA KRÜ						
							(KRÜ Esports)",Evil Geniuses,Evil Geniuses,Melser,Omen,172.0,17,17,11,107.0,18.0,0
VCT 2025 Americas Stage 1,https://www.vlr.gg/475906/kr-esports-vs-evil-geniuses-champions-tour-2025-americas-stage-1-lr2,Lotus,"VISA KRÜ						
							(KRÜ Esports)",Evil Geniuses,Evil Geniuses,Mazino,Breach,160.0,14,20,17,103.0,29.0,0
VCT 2025 Americas Stage 1,https://www.vlr.gg/475906/kr-esports-vs-evil-geniuses-champions-tour-2025-americas-stage-1-lr2,Lotus,"VISA KRÜ						
							(KRÜ Esports)",Evil Geniuses,Evil Geniuses,adverso,Tejo,171.0,14,20,6,113.0,18.0,0
VCT 2025 Americas Stage 1,https://www.vlr.gg/475906/kr-esports-vs-evil-geniuses-champions-tour-2025-americas-stage-1-lr2,Lotus,Evil Geniuses,"VISA KRÜ						
							(KRÜ Esports)",Evil Geniuses,icy,Raze,267.0,23,16,5,188.0,27.0,1
VCT 2025 Americas Stage 1,https://www.vlr.gg/475906/kr-esports-vs-evil-geniuses-champions-tour-2025-americas-stage-1-lr2,Lotus,Evil Geniuses,"VISA KRÜ						
							(KRÜ Esports)",Evil Geniuses,Derrek,Tejo,220.0,21,15,11,160.0,39.0,1
VCT 2025 Americas Stage 1,https://www.vlr.gg/475906/kr-esports-vs-evil-geniuses-champions-tour-2025-americas-stage-1-lr2,Lotus,Evil Geniuses,"VISA KRÜ						
							(KRÜ Esports)",Evil Geniuses,NaturE,Fade,219.0,20,21,12,128.0,30.0,1
VCT 2025 Americas Stage 1,https://www.vlr.gg/475906/kr-esports-vs-evil-geniuses-champions-tour-2025-americas-stage-1-lr2,Lotus,Evil Geniuses,"VISA KRÜ						
							(KRÜ Esports)",Evil Geniuses,yay,Clove,207.0,19,21,5,136.0,35.0,1
VCT 2025 Americas Stage 1,https://www.vlr.gg/475906/kr-esports-vs-evil-geniuses-champions-tour-2025-americas-stage-1-lr2,Lotus,Evil Geniuses,"VISA KRÜ						
							(KRÜ Esports)",Evil Geniuses,supamen,Viper,138.0,12,20,3,108.0,33.0,1
VCT 2025 Americas Stage 1,https://www.vlr.gg/475906/kr-esports-vs-evil-geniuses-champions-tour-2025-americas-stage-1-lr2,Icebox,"VISA KRÜ						
							(KRÜ Esports)",Evil Geniuses,Evil Geniuses,Mazino,Harbor,263.0,23,18,6,169.0,28.0,0
VCT 2025 Americas Stage 1,https://www.vlr.gg/475906/kr-esports-vs-evil-geniuses-champions-tour-2025-americas-stage-1-lr2,Icebox,"VISA KRÜ						
							(KRÜ Esports)",Evil Geniuses,Evil Geniuses,Shyy,Killjoy,215.0,22,15,3,144.0,21.0,0
VCT 2025 Americas Stage 1,https://www.vlr.gg/475906/kr-esports-vs-evil-geniuses-champions-tour-2025-americas-stage-1-lr2,Icebox,"VISA KRÜ						
							(KRÜ Esports)",Evil Geniuses,Evil Geniuses,keznit,Jett,216.0,17,17,8,142.0,15.0,0
VCT 2025 Americas Stage 1,https://www.vlr.gg/475906/kr-esports-vs-evil-geniuses-champions-tour-2025-americas-stage-1-lr2,Icebox,"VISA KRÜ						
							(KRÜ Esports)",Evil Geniuses,Evil Geniuses,adverso,Sova,182.0,15,15,9,128.0,30.0,0
VCT 2025 Americas Stage 1,https://www.vlr.gg/475906/kr-esports-vs-evil-geniuses-champions-tour-2025-americas-stage-1-lr2,Icebox,"VISA KRÜ						
							(KRÜ Esports)",Evil Geniuses,Evil Geniuses,Melser,Viper,153.0,13,20,10,119.0,25.0,0
VCT 2025 Americas Stage 1,https://www.vlr.gg/475906/kr-esports-vs-evil-geniuses-champions-tour-2025-americas-stage-1-lr2,Icebox,Evil Geniuses,"VISA KRÜ						
							(KRÜ Esports)",Evil Geniuses,yay,Jett,257.0,22,17,4,157.0,19.0,1
VCT 2025 Americas Stage 1,https://www.vlr.gg/475906/kr-esports-vs-evil-geniuses-champions-tour-2025-americas-stage-1-lr2,Icebox,Evil Geniuses,"VISA KRÜ						
							(KRÜ Esports)",Evil Geniuses,icy,Killjoy,242.0,21,20,3,164.0,30.0,1
VCT 2025 Americas Stage 1,https://www.vlr.gg/475906/kr-esports-vs-evil-geniuses-champions-tour-2025-americas-stage-1-lr2,Icebox,Evil Geniuses,"VISA KRÜ						
							(KRÜ Esports)",Evil Geniuses,NaturE,Kayo,170.0,16,18,10,109.0,18.0,1
VCT 2025 Americas Stage 1,https://www.vlr.gg/475906/kr-esports-vs-evil-geniuses-champions-tour-2025-americas-stage-1-lr2,Icebox,Evil Geniuses,"VISA KRÜ						
							(KRÜ Esports)",Evil Geniuses,supamen,Viper,171.0,14,17,5,113.0,46.0,1
VCT 2025 Americas Stage 1,https://www.vlr.gg/475906/kr-esports-vs-evil-geniuses-champions-tour-2025-americas-stage-1-lr2,Icebox,Evil Geniuses,"VISA KRÜ						
							(KRÜ Esports)",Evil Geniuses,Derrek,Sova,157.0,12,18,6,120.0,50.0,1
VCT 2025 Americas Stage 1,https://www.vlr.gg/475905/g2-esports-vs-100-thieves-champions-tour-2025-americas-stage-1-lr2,Haven,G2 Esports,100 Thieves,G2 Esports,trent,Tejo,318.0,20,5,9,215.0,49.0,1
VCT 2025 Americas Stage 1,https://www.vlr.gg/475905/g2-esports-vs-100-thieves-champions-tour-2025-americas-stage-1-lr2,Haven,G2 Esports,100 Thieves,G2 Esports,valyn,Astra,262.0,19,9,6,134.0,25.0,1
VCT 2025 Americas Stage 1,https://www.vlr.gg/475905/g2-esports-vs-100-thieves-champions-tour-2025-americas-stage-1-lr2,Haven,G2 Esports,100 Thieves,G2 Esports,JonahP,Breach,152.0,10,6,11,89.0,15.0,1
VCT 2025 Americas Stage 1,https://www.vlr.gg/475905/g2-esports-vs-100-thieves-champions-tour-2025-americas-stage-1-lr2,Haven,G2 Esports,100 Thieves,G2 Esports,jawgemo,Yoru,188.0,10,11,8,124.0,23.0,1
VCT 2025 Americas Stage 1,https://www.vlr.gg/475905/g2-esports-vs-100-thieves-champions-tour-2025-americas-stage-1-lr2,Haven,G2 Esports,100 Thieves,G2 Esports,leaf,Vyse,170.0,9,11,4,117.0,9.0,1
VCT 2025 Americas Stage 1,https://www.vlr.gg/475905/g2-esports-vs-100-thieves-champions-tour-2025-americas-stage-1-lr2,Haven,100 Thieves,G2 Esports,G2 Esports,eeiu,Sova,280.0,16,11,1,199.0,38.0,0
VCT 2025 Americas Stage 1,https://www.vlr.gg/475905/g2-esports-vs-100-thieves-champions-tour-2025-americas-stage-1-lr2,Haven,100 Thieves,G2 Esports,G2 Esports,zander,Omen,132.0,7,12,4,80.0,28.0,0
VCT 2025 Americas Stage 1,https://www.vlr.gg/475905/g2-esports-vs-100-thieves-champions-tour-2025-americas-stage-1-lr2,Haven,100 Thieves,G2 Esports,G2 Esports,Asuna,Neon,131.0,6,14,4,87.0,11.0,0
VCT 2025 Americas Stage 1,https://www.vlr.gg/475905/g2-esports-vs-100-thieves-champions-tour-2025-americas-stage-1-lr2,Haven,100 Thieves,G2 Esports,G2 Esports,Cryocells,Iso,131.0,8,15,3,97.0,35.0,0
VCT 2025 Americas Stage 1,https://www.vlr.gg/475905/g2-esports-vs-100-thieves-champions-tour-2025-americas-stage-1-lr2,Haven,100 Thieves,G2 Esports,G2 Esports,Boostio,Cypher,99.0,5,16,2,69.0,30.0,0
VCT 2025 Americas Stage 1,https://www.vlr.gg/475905/g2-esports-vs-100-thieves-champions-tour-2025-americas-stage-1-lr2,Split,G2 Esports,100 Thieves,100 Thieves,jawgemo,Yoru,268.0,22,18,5,167.0,20.0,0
VCT 2025 Americas Stage 1,https://www.vlr.gg/475905/g2-esports-vs-100-thieves-champions-tour-2025-americas-stage-1-lr2,Split,G2 Esports,100 Thieves,100 Thieves,trent,Tejo,192.0,16,16,7,131.0,34.0,0
VCT 2025 Americas Stage 1,https://www.vlr.gg/475905/g2-esports-vs-100-thieves-champions-tour-2025-americas-stage-1-lr2,Split,G2 Esports,100 Thieves,100 Thieves,leaf,Viper,232.0,21,19,8,151.0,18.0,0
VCT 2025 Americas Stage 1,https://www.vlr.gg/475905/g2-esports-vs-100-thieves-champions-tour-2025-americas-stage-1-lr2,Split,G2 Esports,100 Thieves,100 Thieves,JonahP,Breach,167.0,16,19,7,111.0,22.0,0
VCT 2025 Americas Stage 1,https://www.vlr.gg/475905/g2-esports-vs-100-thieves-champions-tour-2025-americas-stage-1-lr2,Split,G2 Esports,100 Thieves,100 Thieves,valyn,Omen,133.0,12,20,8,88.0,18.0,0
VCT 2025 Americas Stage 1,https://www.vlr.gg/475905/g2-esports-vs-100-thieves-champions-tour-2025-americas-stage-1-lr2,Split,100 Thieves,G2 Esports,100 Thieves,zander,Astra,210.0,18,15,10,132.0,32.0,1
VCT 2025 Americas Stage 1,https://www.vlr.gg/475905/g2-esports-vs-100-thieves-champions-tour-2025-americas-stage-1-lr2,Split,100 Thieves,G2 Esports,100 Thieves,Cryocells,Sage,233.0,23,17,8,157.0,18.0,1
VCT 2025 Americas Stage 1,https://www.vlr.gg/475905/g2-esports-vs-100-thieves-champions-tour-2025-americas-stage-1-lr2,Split,100 Thieves,G2 Esports,100 Thieves,Boostio,Breach,189.0,16,17,8,131.0,31.0,1
VCT 2025 Americas Stage 1,https://www.vlr.gg/475905/g2-esports-vs-100-thieves-champions-tour-2025-americas-stage-1-lr2,Split,100 Thieves,G2 Esports,100 Thieves,eeiu,Tejo,165.0,15,17,6,114.0,29.0,1
VCT 2025 Americas Stage 1,https://www.vlr.gg/475905/g2-esports-vs-100-thieves-champions-tour-2025-americas-stage-1-lr2,Split,100 Thieves,G2 Esports,100 Thieves,Asuna,Raze,213.0,20,21,4,138.0,23.0,1
VCT 2025 Americas Stage 1,https://www.vlr.gg/475905/g2-esports-vs-100-thieves-champions-tour-2025-americas-stage-1-lr2,Pearl,G2 Esports,100 Thieves,G2 Esports,leaf,Vyse,290.0,29,21,14,192.0,21.0,1
VCT 2025 Americas Stage 1,https://www.vlr.gg/475905/g2-esports-vs-100-thieves-champions-tour-2025-americas-stage-1-lr2,Pearl,G2 Esports,100 Thieves,G2 Esports,trent,Tejo,222.0,25,19,7,149.0,28.0,1
VCT 2025 Americas Stage 1,https://www.vlr.gg/475905/g2-esports-vs-100-thieves-champions-tour-2025-americas-stage-1-lr2,Pearl,G2 Esports,100 Thieves,G2 Esports,valyn,Astra,204.0,24,20,10,123.0,22.0,1
VCT 2025 Americas Stage 1,https://www.vlr.gg/475905/g2-esports-vs-100-thieves-champions-tour-2025-americas-stage-1-lr2,Pearl,G2 Esports,100 Thieves,G2 Esports,jawgemo,Yoru,216.0,22,22,12,134.0,24.0,1
VCT 2025 Americas Stage 1,https://www.vlr.gg/475905/g2-esports-vs-100-thieves-champions-tour-2025-americas-stage-1-lr2,Pearl,G2 Esports,100 Thieves,G2 Esports,JonahP,Fade,155.0,15,20,18,105.0,20.0,1
VCT 2025 Americas Stage 1,https://www.vlr.gg/475905/g2-esports-vs-100-thieves-champions-tour-2025-americas-stage-1-lr2,Pearl,100 Thieves,G2 Esports,G2 Esports,Cryocells,Yoru,253.0,30,24,4,160.0,25.0,0
VCT 2025 Americas Stage 1,https://www.vlr.gg/475905/g2-esports-vs-100-thieves-champions-tour-2025-americas-stage-1-lr2,Pearl,100 Thieves,G2 Esports,G2 Esports,zander,Astra,207.0,23,22,11,144.0,17.0,0
VCT 2025 Americas Stage 1,https://www.vlr.gg/475905/g2-esports-vs-100-thieves-champions-tour-2025-americas-stage-1-lr2,Pearl,100 Thieves,G2 Esports,G2 Esports,eeiu,Fade,146.0,15,21,13,104.0,55.0,0
VCT 2025 Americas Stage 1,https://www.vlr.gg/475905/g2-esports-vs-100-thieves-champions-tour-2025-americas-stage-1-lr2,Pearl,100 Thieves,G2 Esports,G2 Esports,Asuna,Neon,197.0,18,25,11,132.0,23.0,0
VCT 2025 Americas Stage 1,https://www.vlr.gg/475905/g2-esports-vs-100-thieves-champions-tour-2025-americas-stage-1-lr2,Pearl,100 Thieves,G2 Esports,G2 Esports,Boostio,Killjoy,159.0,16,23,2,108.0,42.0,0
VCT 2025 Americas Stage 1,https://www.vlr.gg/475901/mibr-vs-sentinels-champions-tour-2025-americas-stage-1-ubf,Lotus,MIBR,Sentinels,Sentinels,xenom,Viper,199.0,16,15,0,126.0,56.0,0
VCT 2025 Americas Stage 1,https://www.vlr.gg/475901/mibr-vs-sentinels-champions-tour-2025-americas-stage-1-ubf,Lotus,MIBR,Sentinels,Sentinels,cortezia,Omen,191.0,13,13,4,134.0,52.0,0
VCT 2025 Americas Stage 1,https://www.vlr.gg/475901/mibr-vs-sentinels-champions-tour-2025-americas-stage-1-ubf,Lotus,MIBR,Sentinels,Sentinels,Verno,Tejo,146.0,10,14,3,93.0,35.0,0
VCT 2025 Americas Stage 1,https://www.vlr.gg/475901/mibr-vs-sentinels-champions-tour-2025-americas-stage-1-ubf,Lotus,MIBR,Sentinels,Sentinels,aspas,Neon,182.0,11,17,3,128.0,25.0,0
VCT 2025 Americas Stage 1,https://www.vlr.gg/475901/mibr-vs-sentinels-champions-tour-2025-americas-stage-1-ubf,Lotus,MIBR,Sentinels,Sentinels,artzin,Breach,134.0,7,16,9,89.0,24.0,0
VCT 2025 Americas Stage 1,https://www.vlr.gg/475901/mibr-vs-sentinels-champions-tour-2025-americas-stage-1-ubf,Lotus,Sentinels,MIBR,Sentinels,johnqt,Breach,211.0,15,7,13,146.0,44.0,1
VCT 2025 Americas Stage 1,https://www.vlr.gg/475901/mibr-vs-sentinels-champions-tour-2025-americas-stage-1-ubf,Lotus,Sentinels,MIBR,Sentinels,zekken,Yoru,346.0,25,13,3,209.0,26.0,1
VCT 2025 Americas Stage 1,https://www.vlr.gg/475901/mibr-vs-sentinels-champions-tour-2025-americas-stage-1-ubf,Lotus,Sentinels,MIBR,Sentinels,N4RRATE,Tejo,158.0,11,10,6,102.0,23.0,1
VCT 2025 Americas Stage 1,https://www.vlr.gg/475901/mibr-vs-sentinels-champions-tour-2025-americas-stage-1-ubf,Lotus,Sentinels,MIBR,Sentinels,bang,Omen,194.0,16,13,4,116.0,39.0,1
VCT 2025 Americas Stage 1,https://www.vlr.gg/475901/mibr-vs-sentinels-champions-tour-2025-americas-stage-1-ubf,Lotus,Sentinels,MIBR,Sentinels,Zellsis,Viper,112.0,8,14,5,68.0,24.0,1
VCT 2025 Americas Stage 1,https://www.vlr.gg/475901/mibr-vs-sentinels-champions-tour-2025-americas-stage-1-ubf,Split,MIBR,Sentinels,Sentinels,Verno,Tejo,202.0,17,15,7,149.0,23.0,0
VCT 2025 Americas Stage 1,https://www.vlr.gg/475901/mibr-vs-sentinels-champions-tour-2025-americas-stage-1-ubf,Split,MIBR,Sentinels,Sentinels,aspas,Jett,248.0,23,19,5,163.0,18.0,0
VCT 2025 Americas Stage 1,https://www.vlr.gg/475901/mibr-vs-sentinels-champions-tour-2025-americas-stage-1-ubf,Split,MIBR,Sentinels,Sentinels,xenom,Viper,200.0,19,16,4,140.0,28.0,0
VCT 2025 Americas Stage 1,https://www.vlr.gg/475901/mibr-vs-sentinels-champions-tour-2025-americas-stage-1-ubf,Split,MIBR,Sentinels,Sentinels,cortezia,Omen,152.0,13,20,13,94.0,20.0,0
VCT 2025 Americas Stage 1,https://www.vlr.gg/475901/mibr-vs-sentinels-champions-tour-2025-americas-stage-1-ubf,Split,MIBR,Sentinels,Sentinels,artzin,Breach,124.0,9,19,12,81.0,15.0,0
VCT 2025 Americas Stage 1,https://www.vlr.gg/475901/mibr-vs-sentinels-champions-tour-2025-americas-stage-1-ubf,Split,Sentinels,MIBR,Sentinels,zekken,Yoru,280.0,24,14,6,167.0,30.0,1
VCT 2025 Americas Stage 1,https://www.vlr.gg/475901/mibr-vs-sentinels-champions-tour-2025-americas-stage-1-ubf,Split,Sentinels,MIBR,Sentinels,bang,Omen,241.0,20,15,16,146.0,34.0,1
VCT 2025 Americas Stage 1,https://www.vlr.gg/475901/mibr-vs-sentinels-champions-tour-2025-americas-stage-1-ubf,Split,Sentinels,MIBR,Sentinels,N4RRATE,Breach,241.0,22,17,10,144.0,18.0,1
VCT 2025 Americas Stage 1,https://www.vlr.gg/475901/mibr-vs-sentinels-champions-tour-2025-americas-stage-1-ubf,Split,Sentinels,MIBR,Sentinels,johnqt,Tejo,197.0,17,16,7,121.0,22.0,1
VCT 2025 Americas Stage 1,https://www.vlr.gg/475901/mibr-vs-sentinels-champions-tour-2025-americas-stage-1-ubf,Split,Sentinels,MIBR,Sentinels,Zellsis,Viper,91.0,6,19,9,68.0,50.0,1
VCT 2025 Americas Stage 1,https://www.vlr.gg/475907/g2-esports-vs-evil-geniuses-champions-tour-2025-americas-stage-1-lr3,Lotus,G2 Esports,Evil Geniuses,Evil Geniuses,JonahP,Breach,253.0,19,17,17,151.0,13.0,0
VCT 2025 Americas Stage 1,https://www.vlr.gg/475907/g2-esports-vs-evil-geniuses-champions-tour-2025-americas-stage-1-lr3,Lotus,G2 Esports,Evil Geniuses,Evil Geniuses,jawgemo,Yoru,298.0,22,17,2,179.0,31.0,0
VCT 2025 Americas Stage 1,https://www.vlr.gg/475907/g2-esports-vs-evil-geniuses-champions-tour-2025-americas-stage-1-lr3,Lotus,G2 Esports,Evil Geniuses,Evil Geniuses,valyn,Omen,169.0,12,16,10,119.0,11.0,0
VCT 2025 Americas Stage 1,https://www.vlr.gg/475907/g2-esports-vs-evil-geniuses-champions-tour-2025-americas-stage-1-lr3,Lotus,G2 Esports,Evil Geniuses,Evil Geniuses,trent,Tejo,193.0,16,19,5,112.0,36.0,0
VCT 2025 Americas Stage 1,https://www.vlr.gg/475907/g2-esports-vs-evil-geniuses-champions-tour-2025-americas-stage-1-lr3,Lotus,G2 Esports,Evil Geniuses,Evil Geniuses,leaf,Viper,144.0,10,17,9,101.0,18.0,0
VCT 2025 Americas Stage 1,https://www.vlr.gg/475907/g2-esports-vs-evil-geniuses-champions-tour-2025-americas-stage-1-lr3,Lotus,Evil Geniuses,G2 Esports,Evil Geniuses,supamen,Viper,245.0,19,15,7,163.0,46.0,1
VCT 2025 Americas Stage 1,https://www.vlr.gg/475907/g2-esports-vs-evil-geniuses-champions-tour-2025-americas-stage-1-lr3,Lotus,Evil Geniuses,G2 Esports,Evil Geniuses,yay,Clove,310.0,25,20,6,209.0,52.0,1
VCT 2025 Americas Stage 1,https://www.vlr.gg/475907/g2-esports-vs-evil-geniuses-champions-tour-2025-americas-stage-1-lr3,Lotus,Evil Geniuses,G2 Esports,Evil Geniuses,NaturE,Fade,186.0,14,14,6,129.0,24.0,1
VCT 2025 Americas Stage 1,https://www.vlr.gg/475907/g2-esports-vs-evil-geniuses-champions-tour-2025-americas-stage-1-lr3,Lotus,Evil Geniuses,G2 Esports,Evil Geniuses,Derrek,Tejo,170.0,14,14,5,111.0,25.0,1
VCT 2025 Americas Stage 1,https://www.vlr.gg/475907/g2-esports-vs-evil-geniuses-champions-tour-2025-americas-stage-1-lr3,Lotus,Evil Geniuses,G2 Esports,Evil Geniuses,icy,Raze,193.0,14,17,5,115.0,21.0,1
VCT 2025 Americas Stage 1,https://www.vlr.gg/475907/g2-esports-vs-evil-geniuses-champions-tour-2025-americas-stage-1-lr3,Split,G2 Esports,Evil Geniuses,G2 Esports,leaf,Viper,386.0,28,12,6,209.0,19.0,1
VCT 2025 Americas Stage 1,https://www.vlr.gg/475907/g2-esports-vs-evil-geniuses-champions-tour-2025-americas-stage-1-lr3,Split,G2 Esports,Evil Geniuses,G2 Esports,trent,Tejo,219.0,16,10,6,168.0,32.0,1
VCT 2025 Americas Stage 1,https://www.vlr.gg/475907/g2-esports-vs-evil-geniuses-champions-tour-2025-americas-stage-1-lr3,Split,G2 Esports,Evil Geniuses,G2 Esports,jawgemo,Yoru,249.0,18,15,1,151.0,23.0,1
VCT 2025 Americas Stage 1,https://www.vlr.gg/475907/g2-esports-vs-evil-geniuses-champions-tour-2025-americas-stage-1-lr3,Split,G2 Esports,Evil Geniuses,G2 Esports,JonahP,Breach,184.0,13,12,8,116.0,19.0,1
VCT 2025 Americas Stage 1,https://www.vlr.gg/475907/g2-esports-vs-evil-geniuses-champions-tour-2025-americas-stage-1-lr3,Split,G2 Esports,Evil Geniuses,G2 Esports,valyn,Omen,119.0,8,12,12,74.0,16.0,1
VCT 2025 Americas Stage 1,https://www.vlr.gg/475907/g2-esports-vs-evil-geniuses-champions-tour-2025-americas-stage-1-lr3,Split,Evil Geniuses,G2 Esports,G2 Esports,icy,Raze,302.0,20,17,1,189.0,21.0,0
VCT 2025 Americas Stage 1,https://www.vlr.gg/475907/g2-esports-vs-evil-geniuses-champions-tour-2025-americas-stage-1-lr3,Split,Evil Geniuses,G2 Esports,G2 Esports,Derrek,Tejo,183.0,13,15,3,124.0,36.0,0
VCT 2025 Americas Stage 1,https://www.vlr.gg/475907/g2-esports-vs-evil-geniuses-champions-tour-2025-americas-stage-1-lr3,Split,Evil Geniuses,G2 Esports,G2 Esports,yay,Astra,197.0,15,17,6,121.0,37.0,0
VCT 2025 Americas Stage 1,https://www.vlr.gg/475907/g2-esports-vs-evil-geniuses-champions-tour-2025-americas-stage-1-lr3,Split,Evil Geniuses,G2 Esports,G2 Esports,supamen,Viper,138.0,8,17,5,85.0,29.0,0
VCT 2025 Americas Stage 1,https://www.vlr.gg/475907/g2-esports-vs-evil-geniuses-champions-tour-2025-americas-stage-1-lr3,Split,Evil Geniuses,G2 Esports,G2 Esports,NaturE,Breach,76.0,5,17,7,48.0,25.0,0
VCT 2025 Americas Stage 1,https://www.vlr.gg/475907/g2-esports-vs-evil-geniuses-champions-tour-2025-americas-stage-1-lr3,Pearl,G2 Esports,Evil Geniuses,G2 Esports,leaf,Vyse,248.0,21,12,7,162.0,24.0,1
VCT 2025 Americas Stage 1,https://www.vlr.gg/475907/g2-esports-vs-evil-geniuses-champions-tour-2025-americas-stage-1-lr3,Pearl,G2 Esports,Evil Geniuses,G2 Esports,trent,Tejo,233.0,23,14,5,154.0,25.0,1
VCT 2025 Americas Stage 1,https://www.vlr.gg/475907/g2-esports-vs-evil-geniuses-champions-tour-2025-americas-stage-1-lr3,Pearl,G2 Esports,Evil Geniuses,G2 Esports,valyn,Astra,211.0,20,17,6,135.0,27.0,1
VCT 2025 Americas Stage 1,https://www.vlr.gg/475907/g2-esports-vs-evil-geniuses-champions-tour-2025-americas-stage-1-lr3,Pearl,G2 Esports,Evil Geniuses,G2 Esports,JonahP,Fade,174.0,13,16,15,113.0,16.0,1
VCT 2025 Americas Stage 1,https://www.vlr.gg/475907/g2-esports-vs-evil-geniuses-champions-tour-2025-americas-stage-1-lr3,Pearl,G2 Esports,Evil Geniuses,G2 Esports,jawgemo,Yoru,200.0,15,22,7,125.0,16.0,1
VCT 2025 Americas Stage 1,https://www.vlr.gg/475907/g2-esports-vs-evil-geniuses-champions-tour-2025-americas-stage-1-lr3,Pearl,Evil Geniuses,G2 Esports,G2 Esports,supamen,Astra,214.0,19,15,8,132.0,51.0,0
VCT 2025 Americas Stage 1,https://www.vlr.gg/475907/g2-esports-vs-evil-geniuses-champions-tour-2025-americas-stage-1-lr3,Pearl,Evil Geniuses,G2 Esports,G2 Esports,yay,Jett,222.0,18,19,4,143.0,29.0,0
VCT 2025 Americas Stage 1,https://www.vlr.gg/475907/g2-esports-vs-evil-geniuses-champions-tour-2025-americas-stage-1-lr3,Pearl,Evil Geniuses,G2 Esports,G2 Esports,NaturE,Vyse,165.0,13,17,7,104.0,20.0,0
VCT 2025 Americas Stage 1,https://www.vlr.gg/475907/g2-esports-vs-evil-geniuses-champions-tour-2025-americas-stage-1-lr3,Pearl,Evil Geniuses,G2 Esports,G2 Esports,Derrek,Tejo,185.0,14,19,7,129.0,28.0,0
VCT 2025 Americas Stage 1,https://www.vlr.gg/475907/g2-esports-vs-evil-geniuses-champions-tour-2025-americas-stage-1-lr3,Pearl,Evil Geniuses,G2 Esports,G2 Esports,icy,Yoru,198.0,17,22,4,140.0,26.0,0
VCT 2025 Americas Stage 1,https://www.vlr.gg/475908/mibr-vs-g2-esports-champions-tour-2025-americas-stage-1-lbf,Haven,MIBR,G2 Esports,MIBR,xenom,Omen,245.0,20,12,9,170.0,33.0,1
VCT 2025 Americas Stage 1,https://www.vlr.gg/475908/mibr-vs-g2-esports-champions-tour-2025-americas-stage-1-lbf,Haven,MIBR,G2 Esports,MIBR,artzin,Breach,256.0,20,14,12,170.0,34.0,1
VCT 2025 Americas Stage 1,https://www.vlr.gg/475908/mibr-vs-g2-esports-champions-tour-2025-americas-stage-1-lbf,Haven,MIBR,G2 Esports,MIBR,aspas,Jett,174.0,14,13,3,101.0,41.0,1
VCT 2025 Americas Stage 1,https://www.vlr.gg/475908/mibr-vs-g2-esports-champions-tour-2025-americas-stage-1-lbf,Haven,MIBR,G2 Esports,MIBR,Verno,Tejo,163.0,14,13,3,123.0,25.0,1
VCT 2025 Americas Stage 1,https://www.vlr.gg/475908/mibr-vs-g2-esports-champions-tour-2025-americas-stage-1-lbf,Haven,MIBR,G2 Esports,MIBR,cortezia,Cypher,151.0,14,18,3,99.0,24.0,1
VCT 2025 Americas Stage 1,https://www.vlr.gg/475908/mibr-vs-g2-esports-champions-tour-2025-americas-stage-1-lbf,Haven,G2 Esports,MIBR,MIBR,leaf,Vyse,232.0,18,18,5,160.0,22.0,0
VCT 2025 Americas Stage 1,https://www.vlr.gg/475908/mibr-vs-g2-esports-champions-tour-2025-americas-stage-1-lbf,Haven,G2 Esports,MIBR,MIBR,valyn,Astra,217.0,18,16,7,144.0,47.0,0
VCT 2025 Americas Stage 1,https://www.vlr.gg/475908/mibr-vs-g2-esports-champions-tour-2025-americas-stage-1-lbf,Haven,G2 Esports,MIBR,MIBR,jawgemo,Yoru,183.0,16,16,2,140.0,34.0,0
VCT 2025 Americas Stage 1,https://www.vlr.gg/475908/mibr-vs-g2-esports-champions-tour-2025-americas-stage-1-lbf,Haven,G2 Esports,MIBR,MIBR,trent,Tejo,156.0,10,14,12,115.0,20.0,0
VCT 2025 Americas Stage 1,https://www.vlr.gg/475908/mibr-vs-g2-esports-champions-tour-2025-americas-stage-1-lbf,Haven,G2 Esports,MIBR,MIBR,JonahP,Breach,123.0,8,18,7,82.0,10.0,0
VCT 2025 Americas Stage 1,https://www.vlr.gg/475908/mibr-vs-g2-esports-champions-tour-2025-americas-stage-1-lbf,Lotus,MIBR,G2 Esports,G2 Esports,aspas,Neon,305.0,30,20,5,187.0,24.0,0
VCT 2025 Americas Stage 1,https://www.vlr.gg/475908/mibr-vs-g2-esports-champions-tour-2025-americas-stage-1-lbf,Lotus,MIBR,G2 Esports,G2 Esports,Verno,Tejo,197.0,19,18,6,139.0,25.0,0
VCT 2025 Americas Stage 1,https://www.vlr.gg/475908/mibr-vs-g2-esports-champions-tour-2025-americas-stage-1-lbf,Lotus,MIBR,G2 Esports,G2 Esports,artzin,Breach,200.0,17,23,16,134.0,24.0,0
VCT 2025 Americas Stage 1,https://www.vlr.gg/475908/mibr-vs-g2-esports-champions-tour-2025-americas-stage-1-lbf,Lotus,MIBR,G2 Esports,G2 Esports,xenom,Viper,214.0,21,20,2,141.0,43.0,0
VCT 2025 Americas Stage 1,https://www.vlr.gg/475908/mibr-vs-g2-esports-champions-tour-2025-americas-stage-1-lbf,Lotus,MIBR,G2 Esports,G2 Esports,cortezia,Omen,135.0,15,22,5,84.0,41.0,0
VCT 2025 Americas Stage 1,https://www.vlr.gg/475908/mibr-vs-g2-esports-champions-tour-2025-americas-stage-1-lbf,Lotus,G2 Esports,MIBR,G2 Esports,trent,Tejo,301.0,28,17,12,196.0,27.0,1
VCT 2025 Americas Stage 1,https://www.vlr.gg/475908/mibr-vs-g2-esports-champions-tour-2025-americas-stage-1-lbf,Lotus,G2 Esports,MIBR,G2 Esports,leaf,Viper,238.0,24,23,7,149.0,31.0,1
VCT 2025 Americas Stage 1,https://www.vlr.gg/475908/mibr-vs-g2-esports-champions-tour-2025-americas-stage-1-lbf,Lotus,G2 Esports,MIBR,G2 Esports,jawgemo,Yoru,200.0,21,19,6,126.0,26.0,1
VCT 2025 Americas Stage 1,https://www.vlr.gg/475908/mibr-vs-g2-esports-champions-tour-2025-americas-stage-1-lbf,Lotus,G2 Esports,MIBR,G2 Esports,valyn,Omen,177.0,16,21,6,125.0,23.0,1
VCT 2025 Americas Stage 1,https://www.vlr.gg/475908/mibr-vs-g2-esports-champions-tour-2025-americas-stage-1-lbf,Lotus,G2 Esports,MIBR,G2 Esports,JonahP,Breach,158.0,14,22,14,107.0,14.0,1
VCT 2025 Americas Stage 1,https://www.vlr.gg/475908/mibr-vs-g2-esports-champions-tour-2025-americas-stage-1-lbf,Split,MIBR,G2 Esports,G2 Esports,aspas,Jett,269.0,21,15,4,159.0,30.0,0
VCT 2025 Americas Stage 1,https://www.vlr.gg/475908/mibr-vs-g2-esports-champions-tour-2025-americas-stage-1-lbf,Split,MIBR,G2 Esports,G2 Esports,Verno,Tejo,196.0,16,15,3,129.0,11.0,0
VCT 2025 Americas Stage 1,https://www.vlr.gg/475908/mibr-vs-g2-esports-champions-tour-2025-americas-stage-1-lbf,Split,MIBR,G2 Esports,G2 Esports,cortezia,Omen,180.0,14,19,5,121.0,32.0,0
VCT 2025 Americas Stage 1,https://www.vlr.gg/475908/mibr-vs-g2-esports-champions-tour-2025-americas-stage-1-lbf,Split,MIBR,G2 Esports,G2 Esports,artzin,Breach,141.0,10,19,9,104.0,34.0,0
VCT 2025 Americas Stage 1,https://www.vlr.gg/475908/mibr-vs-g2-esports-champions-tour-2025-americas-stage-1-lbf,Split,MIBR,G2 Esports,G2 Esports,xenom,Viper,71.0,6,16,3,51.0,25.0,0
VCT 2025 Americas Stage 1,https://www.vlr.gg/475908/mibr-vs-g2-esports-champions-tour-2025-americas-stage-1-lbf,Split,G2 Esports,MIBR,G2 Esports,trent,Tejo,227.0,18,11,10,161.0,24.0,1
VCT 2025 Americas Stage 1,https://www.vlr.gg/475908/mibr-vs-g2-esports-champions-tour-2025-americas-stage-1-lbf,Split,G2 Esports,MIBR,G2 Esports,leaf,Viper,245.0,20,15,5,171.0,30.0,1
VCT 2025 Americas Stage 1,https://www.vlr.gg/475908/mibr-vs-g2-esports-champions-tour-2025-americas-stage-1-lbf,Split,G2 Esports,MIBR,G2 Esports,valyn,Omen,199.0,18,14,5,125.0,31.0,1
VCT 2025 Americas Stage 1,https://www.vlr.gg/475908/mibr-vs-g2-esports-champions-tour-2025-americas-stage-1-lbf,Split,G2 Esports,MIBR,G2 Esports,jawgemo,Yoru,218.0,17,15,6,141.0,26.0,1
VCT 2025 Americas Stage 1,https://www.vlr.gg/475908/mibr-vs-g2-esports-champions-tour-2025-americas-stage-1-lbf,Split,G2 Esports,MIBR,G2 Esports,JonahP,Breach,155.0,11,12,15,83.0,17.0,1
VCT 2025 Americas Stage 1,https://www.vlr.gg/475908/mibr-vs-g2-esports-champions-tour-2025-americas-stage-1-lbf,Ascent,MIBR,G2 Esports,G2 Esports,Verno,Tejo,278.0,21,15,6,180.0,34.0,0
VCT 2025 Americas Stage 1,https://www.vlr.gg/475908/mibr-vs-g2-esports-champions-tour-2025-americas-stage-1-lbf,Ascent,MIBR,G2 Esports,G2 Esports,xenom,Omen,207.0,16,15,8,140.0,40.0,0
VCT 2025 Americas Stage 1,https://www.vlr.gg/475908/mibr-vs-g2-esports-champions-tour-2025-americas-stage-1-lbf,Ascent,MIBR,G2 Esports,G2 Esports,aspas,Jett,178.0,13,16,3,117.0,29.0,0
VCT 2025 Americas Stage 1,https://www.vlr.gg/475908/mibr-vs-g2-esports-champions-tour-2025-americas-stage-1-lbf,Ascent,MIBR,G2 Esports,G2 Esports,cortezia,Vyse,184.0,14,18,4,123.0,27.0,0
VCT 2025 Americas Stage 1,https://www.vlr.gg/475908/mibr-vs-g2-esports-champions-tour-2025-americas-stage-1-lbf,Ascent,MIBR,G2 Esports,G2 Esports,artzin,Kayo,118.0,6,18,10,80.0,14.0,0
VCT 2025 Americas Stage 1,https://www.vlr.gg/475908/mibr-vs-g2-esports-champions-tour-2025-americas-stage-1-lbf,Ascent,G2 Esports,MIBR,G2 Esports,valyn,Omen,296.0,24,14,10,178.0,23.0,1
VCT 2025 Americas Stage 1,https://www.vlr.gg/475908/mibr-vs-g2-esports-champions-tour-2025-americas-stage-1-lbf,Ascent,G2 Esports,MIBR,G2 Esports,leaf,Vyse,343.0,25,14,9,206.0,24.0,1
VCT 2025 Americas Stage 1,https://www.vlr.gg/475908/mibr-vs-g2-esports-champions-tour-2025-americas-stage-1-lbf,Ascent,G2 Esports,MIBR,G2 Esports,JonahP,Kayo,162.0,11,13,19,102.0,18.0,1
VCT 2025 Americas Stage 1,https://www.vlr.gg/475908/mibr-vs-g2-esports-champions-tour-2025-americas-stage-1-lbf,Ascent,G2 Esports,MIBR,G2 Esports,trent,Tejo,132.0,10,12,8,96.0,24.0,1
VCT 2025 Americas Stage 1,https://www.vlr.gg/475908/mibr-vs-g2-esports-champions-tour-2025-americas-stage-1-lbf,Ascent,G2 Esports,MIBR,G2 Esports,jawgemo,Waylay,152.0,12,17,3,76.0,19.0,1
VCT 2025 Americas Stage 1,https://www.vlr.gg/475902/sentinels-vs-g2-esports-champions-tour-2025-americas-stage-1-gf,Haven,Sentinels,G2 Esports,G2 Esports,zekken,Neon,281.0,22,16,4,172.0,32.0,0
VCT 2025 Americas Stage 1,https://www.vlr.gg/475902/sentinels-vs-g2-esports-champions-tour-2025-americas-stage-1-gf,Haven,Sentinels,G2 Esports,G2 Esports,bang,Omen,214.0,16,15,7,124.0,30.0,0
VCT 2025 Americas Stage 1,https://www.vlr.gg/475902/sentinels-vs-g2-esports-champions-tour-2025-americas-stage-1-gf,Haven,Sentinels,G2 Esports,G2 Esports,johnqt,Breach,175.0,13,15,13,107.0,25.0,0
VCT 2025 Americas Stage 1,https://www.vlr.gg/475902/sentinels-vs-g2-esports-champions-tour-2025-americas-stage-1-gf,Haven,Sentinels,G2 Esports,G2 Esports,N4RRATE,Sova,175.0,12,17,8,129.0,26.0,0
VCT 2025 Americas Stage 1,https://www.vlr.gg/475902/sentinels-vs-g2-esports-champions-tour-2025-americas-stage-1-gf,Haven,Sentinels,G2 Esports,G2 Esports,Zellsis,Cypher,168.0,13,16,3,120.0,28.0,0
VCT 2025 Americas Stage 1,https://www.vlr.gg/475902/sentinels-vs-g2-esports-champions-tour-2025-americas-stage-1-gf,Haven,G2 Esports,Sentinels,G2 Esports,trent,Tejo,253.0,21,11,7,171.0,30.0,1
VCT 2025 Americas Stage 1,https://www.vlr.gg/475902/sentinels-vs-g2-esports-champions-tour-2025-americas-stage-1-gf,Haven,G2 Esports,Sentinels,G2 Esports,valyn,Astra,251.0,21,15,6,152.0,33.0,1
VCT 2025 Americas Stage 1,https://www.vlr.gg/475902/sentinels-vs-g2-esports-champions-tour-2025-americas-stage-1-gf,Haven,G2 Esports,Sentinels,G2 Esports,leaf,Vyse,196.0,15,17,6,136.0,22.0,1
VCT 2025 Americas Stage 1,https://www.vlr.gg/475902/sentinels-vs-g2-esports-champions-tour-2025-americas-stage-1-gf,Haven,G2 Esports,Sentinels,G2 Esports,JonahP,Breach,147.0,11,16,13,95.0,27.0,1
VCT 2025 Americas Stage 1,https://www.vlr.gg/475902/sentinels-vs-g2-esports-champions-tour-2025-americas-stage-1-gf,Haven,G2 Esports,Sentinels,G2 Esports,jawgemo,Yoru,158.0,11,17,3,103.0,11.0,1
VCT 2025 Americas Stage 1,https://www.vlr.gg/475902/sentinels-vs-g2-esports-champions-tour-2025-americas-stage-1-gf,Split,Sentinels,G2 Esports,G2 Esports,zekken,Yoru,258.0,19,16,2,150.0,22.0,0
VCT 2025 Americas Stage 1,https://www.vlr.gg/475902/sentinels-vs-g2-esports-champions-tour-2025-americas-stage-1-gf,Split,Sentinels,G2 Esports,G2 Esports,N4RRATE,Breach,174.0,15,14,8,104.0,24.0,0
VCT 2025 Americas Stage 1,https://www.vlr.gg/475902/sentinels-vs-g2-esports-champions-tour-2025-americas-stage-1-gf,Split,Sentinels,G2 Esports,G2 Esports,johnqt,Tejo,165.0,14,11,3,98.0,20.0,0
VCT 2025 Americas Stage 1,https://www.vlr.gg/475902/sentinels-vs-g2-esports-champions-tour-2025-americas-stage-1-gf,Split,Sentinels,G2 Esports,G2 Esports,bang,Omen,160.0,11,16,10,94.0,27.0,0
VCT 2025 Americas Stage 1,https://www.vlr.gg/475902/sentinels-vs-g2-esports-champions-tour-2025-americas-stage-1-gf,Split,Sentinels,G2 Esports,G2 Esports,Zellsis,Viper,135.0,9,13,6,93.0,24.0,0
VCT 2025 Americas Stage 1,https://www.vlr.gg/475902/sentinels-vs-g2-esports-champions-tour-2025-americas-stage-1-gf,Split,G2 Esports,Sentinels,G2 Esports,valyn,Omen,225.0,20,14,4,149.0,26.0,1
VCT 2025 Americas Stage 1,https://www.vlr.gg/475902/sentinels-vs-g2-esports-champions-tour-2025-americas-stage-1-gf,Split,G2 Esports,Sentinels,G2 Esports,leaf,Viper,216.0,16,15,7,148.0,12.0,1
VCT 2025 Americas Stage 1,https://www.vlr.gg/475902/sentinels-vs-g2-esports-champions-tour-2025-americas-stage-1-gf,Split,G2 Esports,Sentinels,G2 Esports,trent,Tejo,161.0,12,13,4,104.0,28.0,1
VCT 2025 Americas Stage 1,https://www.vlr.gg/475902/sentinels-vs-g2-esports-champions-tour-2025-americas-stage-1-gf,Split,G2 Esports,Sentinels,G2 Esports,jawgemo,Yoru,187.0,13,14,6,115.0,13.0,1
VCT 2025 Americas Stage 1,https://www.vlr.gg/475902/sentinels-vs-g2-esports-champions-tour-2025-americas-stage-1-gf,Split,G2 Esports,Sentinels,G2 Esports,JonahP,Breach,107.0,9,12,11,62.0,20.0,1
VCT 2025 Americas Stage 1,https://www.vlr.gg/475902/sentinels-vs-g2-esports-champions-tour-2025-americas-stage-1-gf,Pearl,Sentinels,G2 Esports,Sentinels,johnqt,Tejo,241.0,22,12,4,158.0,29.0,1
VCT 2025 Americas Stage 1,https://www.vlr.gg/475902/sentinels-vs-g2-esports-champions-tour-2025-americas-stage-1-gf,Pearl,Sentinels,G2 Esports,Sentinels,Zellsis,Vyse,264.0,21,18,8,178.0,25.0,1
VCT 2025 Americas Stage 1,https://www.vlr.gg/475902/sentinels-vs-g2-esports-champions-tour-2025-americas-stage-1-gf,Pearl,Sentinels,G2 Esports,Sentinels,bang,Astra,239.0,20,18,4,144.0,35.0,1
VCT 2025 Americas Stage 1,https://www.vlr.gg/475902/sentinels-vs-g2-esports-champions-tour-2025-americas-stage-1-gf,Pearl,Sentinels,G2 Esports,Sentinels,N4RRATE,Fade,113.0,6,16,11,88.0,16.0,1
VCT 2025 Americas Stage 1,https://www.vlr.gg/475902/sentinels-vs-g2-esports-champions-tour-2025-americas-stage-1-gf,Pearl,Sentinels,G2 Esports,Sentinels,zekken,Yoru,126.0,11,18,4,80.0,21.0,1
VCT 2025 Americas Stage 1,https://www.vlr.gg/475902/sentinels-vs-g2-esports-champions-tour-2025-americas-stage-1-gf,Pearl,G2 Esports,Sentinels,Sentinels,trent,Tejo,198.0,17,14,5,146.0,35.0,0
VCT 2025 Americas Stage 1,https://www.vlr.gg/475902/sentinels-vs-g2-esports-champions-tour-2025-americas-stage-1-gf,Pearl,G2 Esports,Sentinels,Sentinels,jawgemo,Yoru,257.0,20,15,8,167.0,22.0,0
VCT 2025 Americas Stage 1,https://www.vlr.gg/475902/sentinels-vs-g2-esports-champions-tour-2025-americas-stage-1-gf,Pearl,G2 Esports,Sentinels,Sentinels,JonahP,Fade,234.0,19,17,10,137.0,26.0,0
VCT 2025 Americas Stage 1,https://www.vlr.gg/475902/sentinels-vs-g2-esports-champions-tour-2025-americas-stage-1-gf,Pearl,G2 Esports,Sentinels,Sentinels,valyn,Astra,164.0,14,16,2,122.0,24.0,0
VCT 2025 Americas Stage 1,https://www.vlr.gg/475902/sentinels-vs-g2-esports-champions-tour-2025-americas-stage-1-gf,Pearl,G2 Esports,Sentinels,Sentinels,leaf,Vyse,154.0,12,18,6,91.0,28.0,0
VCT 2025 Americas Stage 1,https://www.vlr.gg/475902/sentinels-vs-g2-esports-champions-tour-2025-americas-stage-1-gf,Ascent,Sentinels,G2 Esports,G2 Esports,bang,Omen,243.0,17,18,11,155.0,41.0,0
VCT 2025 Americas Stage 1,https://www.vlr.gg/475902/sentinels-vs-g2-esports-champions-tour-2025-americas-stage-1-gf,Ascent,Sentinels,G2 Esports,G2 Esports,N4RRATE,Tejo,229.0,18,17,7,175.0,24.0,0
VCT 2025 Americas Stage 1,https://www.vlr.gg/475902/sentinels-vs-g2-esports-champions-tour-2025-americas-stage-1-gf,Ascent,Sentinels,G2 Esports,G2 Esports,zekken,Jett,239.0,20,19,2,155.0,24.0,0
VCT 2025 Americas Stage 1,https://www.vlr.gg/475902/sentinels-vs-g2-esports-champions-tour-2025-americas-stage-1-gf,Ascent,Sentinels,G2 Esports,G2 Esports,Zellsis,Vyse,154.0,12,18,6,103.0,23.0,0
VCT 2025 Americas Stage 1,https://www.vlr.gg/475902/sentinels-vs-g2-esports-champions-tour-2025-americas-stage-1-gf,Ascent,Sentinels,G2 Esports,G2 Esports,johnqt,Kayo,116.0,8,16,12,77.0,13.0,0
VCT 2025 Americas Stage 1,https://www.vlr.gg/475902/sentinels-vs-g2-esports-champions-tour-2025-americas-stage-1-gf,Ascent,G2 Esports,Sentinels,G2 Esports,trent,Tejo,267.0,23,13,12,195.0,22.0,1
VCT 2025 Americas Stage 1,https://www.vlr.gg/475902/sentinels-vs-g2-esports-champions-tour-2025-americas-stage-1-gf,Ascent,G2 Esports,Sentinels,G2 Esports,leaf,Vyse,235.0,20,15,8,162.0,30.0,1
VCT 2025 Americas Stage 1,https://www.vlr.gg/475902/sentinels-vs-g2-esports-champions-tour-2025-americas-stage-1-gf,Ascent,G2 Esports,Sentinels,G2 Esports,jawgemo,Waylay,220.0,18,17,5,147.0,24.0,1
VCT 2025 Americas Stage 1,https://www.vlr.gg/475902/sentinels-vs-g2-esports-champions-tour-2025-americas-stage-1-gf,Ascent,G2 Esports,Sentinels,G2 Esports,JonahP,Kayo,183.0,12,15,18,107.0,13.0,1
VCT 2025 Americas Stage 1,https://www.vlr.gg/475902/sentinels-vs-g2-esports-champions-tour-2025-americas-stage-1-gf,Ascent,G2 Esports,Sentinels,G2 Esports,valyn,Omen,162.0,15,15,8,99.0,29.0,1
Valorant Masters Bangkok 2025,https://www.vlr.gg/449008/edward-gaming-vs-t1-champions-tour-2025-masters-bangkok-ubsf,Split,EDward Gaming,T1,EDward Gaming,CHICHOO,Viper,326.0,22,10,8,232.0,28.0,1
Valorant Masters Bangkok 2025,https://www.vlr.gg/449008/edward-gaming-vs-t1-champions-tour-2025-masters-bangkok-ubsf,Split,EDward Gaming,T1,EDward Gaming,ZmjjKK,Jett,322.0,24,13,3,189.0,20.0,1
Valorant Masters Bangkok 2025,https://www.vlr.gg/449008/edward-gaming-vs-t1-champions-tour-2025-masters-bangkok-ubsf,Split,EDward Gaming,T1,EDward Gaming,Smoggy,Omen,226.0,16,11,10,153.0,32.0,1
Valorant Masters Bangkok 2025,https://www.vlr.gg/449008/edward-gaming-vs-t1-champions-tour-2025-masters-bangkok-ubsf,Split,EDward Gaming,T1,EDward Gaming,nobody,Tejo,151.0,13,11,1,104.0,40.0,1
Valorant Masters Bangkok 2025,https://www.vlr.gg/449008/edward-gaming-vs-t1-champions-tour-2025-masters-bangkok-ubsf,Split,EDward Gaming,T1,EDward Gaming,S1Mon,Breach,134.0,11,12,8,89.0,28.0,1
Valorant Masters Bangkok 2025,https://www.vlr.gg/449008/edward-gaming-vs-t1-champions-tour-2025-masters-bangkok-ubsf,Split,T1,EDward Gaming,EDward Gaming,stax,Fade,183.0,13,15,6,134.0,35.0,0
Valorant Masters Bangkok 2025,https://www.vlr.gg/449008/edward-gaming-vs-t1-champions-tour-2025-masters-bangkok-ubsf,Split,T1,EDward Gaming,EDward Gaming,Sylvan,Omen,221.0,15,18,7,140.0,32.0,0
Valorant Masters Bangkok 2025,https://www.vlr.gg/449008/edward-gaming-vs-t1-champions-tour-2025-masters-bangkok-ubsf,Split,T1,EDward Gaming,EDward Gaming,BuZz,Raze,174.0,12,16,2,126.0,27.0,0
Valorant Masters Bangkok 2025,https://www.vlr.gg/449008/edward-gaming-vs-t1-champions-tour-2025-masters-bangkok-ubsf,Split,T1,EDward Gaming,EDward Gaming,iZu,Yoru,158.0,10,18,6,104.0,31.0,0
Valorant Masters Bangkok 2025,https://www.vlr.gg/449008/edward-gaming-vs-t1-champions-tour-2025-masters-bangkok-ubsf,Split,T1,EDward Gaming,EDward Gaming,Meteor,Viper,136.0,7,19,5,92.0,18.0,0
Valorant Masters Bangkok 2025,https://www.vlr.gg/449008/edward-gaming-vs-t1-champions-tour-2025-masters-bangkok-ubsf,Bind,EDward Gaming,T1,T1,CHICHOO,Vyse,283.0,18,17,10,194.0,33.0,0
Valorant Masters Bangkok 2025,https://www.vlr.gg/449008/edward-gaming-vs-t1-champions-tour-2025-masters-bangkok-ubsf,Bind,EDward Gaming,T1,T1,ZmjjKK,Raze,244.0,16,14,3,153.0,20.0,0
Valorant Masters Bangkok 2025,https://www.vlr.gg/449008/edward-gaming-vs-t1-champions-tour-2025-masters-bangkok-ubsf,Bind,EDward Gaming,T1,T1,Smoggy,Brimstone,159.0,11,13,8,97.0,21.0,0
Valorant Masters Bangkok 2025,https://www.vlr.gg/449008/edward-gaming-vs-t1-champions-tour-2025-masters-bangkok-ubsf,Bind,EDward Gaming,T1,T1,nobody,Tejo,156.0,10,14,3,112.0,42.0,0
Valorant Masters Bangkok 2025,https://www.vlr.gg/449008/edward-gaming-vs-t1-champions-tour-2025-masters-bangkok-ubsf,Bind,EDward Gaming,T1,T1,S1Mon,Kayo,101.0,7,14,13,63.0,24.0,0
Valorant Masters Bangkok 2025,https://www.vlr.gg/449008/edward-gaming-vs-t1-champions-tour-2025-masters-bangkok-ubsf,Bind,T1,EDward Gaming,T1,BuZz,Raze,264.0,19,12,2,178.0,26.0,1
Valorant Masters Bangkok 2025,https://www.vlr.gg/449008/edward-gaming-vs-t1-champions-tour-2025-masters-bangkok-ubsf,Bind,T1,EDward Gaming,T1,iZu,Fade,218.0,16,8,3,132.0,28.0,1
Valorant Masters Bangkok 2025,https://www.vlr.gg/449008/edward-gaming-vs-t1-champions-tour-2025-masters-bangkok-ubsf,Bind,T1,EDward Gaming,T1,Meteor,Vyse,243.0,17,14,4,155.0,49.0,1
Valorant Masters Bangkok 2025,https://www.vlr.gg/449008/edward-gaming-vs-t1-champions-tour-2025-masters-bangkok-ubsf,Bind,T1,EDward Gaming,T1,Sylvan,Brimstone,215.0,12,14,10,139.0,39.0,1
Valorant Masters Bangkok 2025,https://www.vlr.gg/449008/edward-gaming-vs-t1-champions-tour-2025-masters-bangkok-ubsf,Bind,T1,EDward Gaming,T1,stax,Kayo,128.0,8,14,15,90.0,35.0,1
Valorant Masters Bangkok 2025,https://www.vlr.gg/449008/edward-gaming-vs-t1-champions-tour-2025-masters-bangkok-ubsf,Pearl,EDward Gaming,T1,EDward Gaming,CHICHOO,Vyse,357.0,32,16,10,221.0,28.0,1
Valorant Masters Bangkok 2025,https://www.vlr.gg/449008/edward-gaming-vs-t1-champions-tour-2025-masters-bangkok-ubsf,Pearl,EDward Gaming,T1,EDward Gaming,nobody,Tejo,239.0,21,16,5,160.0,28.0,1
Valorant Masters Bangkok 2025,https://www.vlr.gg/449008/edward-gaming-vs-t1-champions-tour-2025-masters-bangkok-ubsf,Pearl,EDward Gaming,T1,EDward Gaming,S1Mon,Fade,224.0,19,17,9,152.0,43.0,1
Valorant Masters Bangkok 2025,https://www.vlr.gg/449008/edward-gaming-vs-t1-champions-tour-2025-masters-bangkok-ubsf,Pearl,EDward Gaming,T1,EDward Gaming,Smoggy,Astra,129.0,11,17,11,79.0,30.0,1
Valorant Masters Bangkok 2025,https://www.vlr.gg/449008/edward-gaming-vs-t1-champions-tour-2025-masters-bangkok-ubsf,Pearl,EDward Gaming,T1,EDward Gaming,ZmjjKK,Yoru,114.0,9,20,7,70.0,28.0,1
Valorant Masters Bangkok 2025,https://www.vlr.gg/449008/edward-gaming-vs-t1-champions-tour-2025-masters-bangkok-ubsf,Pearl,T1,EDward Gaming,EDward Gaming,iZu,Yoru,195.0,17,15,3,125.0,32.0,0
Valorant Masters Bangkok 2025,https://www.vlr.gg/449008/edward-gaming-vs-t1-champions-tour-2025-masters-bangkok-ubsf,Pearl,T1,EDward Gaming,EDward Gaming,Sylvan,Astra,272.0,25,20,5,168.0,35.0,0
Valorant Masters Bangkok 2025,https://www.vlr.gg/449008/edward-gaming-vs-t1-champions-tour-2025-masters-bangkok-ubsf,Pearl,T1,EDward Gaming,EDward Gaming,BuZz,Neon,208.0,17,20,9,135.0,20.0,0
Valorant Masters Bangkok 2025,https://www.vlr.gg/449008/edward-gaming-vs-t1-champions-tour-2025-masters-bangkok-ubsf,Pearl,T1,EDward Gaming,EDward Gaming,Meteor,Killjoy,165.0,15,19,5,116.0,30.0,0
Valorant Masters Bangkok 2025,https://www.vlr.gg/449008/edward-gaming-vs-t1-champions-tour-2025-masters-bangkok-ubsf,Pearl,T1,EDward Gaming,EDward Gaming,stax,Sova,146.0,12,18,10,97.0,12.0,0
Valorant Masters Bangkok 2025,https://www.vlr.gg/449009/team-vitality-vs-g2-esports-champions-tour-2025-masters-bangkok-ubsf,Bind,Team Vitality,G2 Esports,G2 Esports,Derke,Raze,257.0,24,21,7,168.0,20.0,0
Valorant Masters Bangkok 2025,https://www.vlr.gg/449009/team-vitality-vs-g2-esports-champions-tour-2025-masters-bangkok-ubsf,Bind,Team Vitality,G2 Esports,G2 Esports,Kicks,Skye,195.0,20,21,13,125.0,28.0,0
Valorant Masters Bangkok 2025,https://www.vlr.gg/449009/team-vitality-vs-g2-esports-champions-tour-2025-masters-bangkok-ubsf,Bind,Team Vitality,G2 Esports,G2 Esports,trexx,Brimstone,196.0,18,21,12,136.0,19.0,0
Valorant Masters Bangkok 2025,https://www.vlr.gg/449009/team-vitality-vs-g2-esports-champions-tour-2025-masters-bangkok-ubsf,Bind,Team Vitality,G2 Esports,G2 Esports,Less,Viper,193.0,20,23,9,122.0,24.0,0
Valorant Masters Bangkok 2025,https://www.vlr.gg/449009/team-vitality-vs-g2-esports-champions-tour-2025-masters-bangkok-ubsf,Bind,Team Vitality,G2 Esports,G2 Esports,Sayf,Tejo,164.0,16,21,7,100.0,23.0,0
Valorant Masters Bangkok 2025,https://www.vlr.gg/449009/team-vitality-vs-g2-esports-champions-tour-2025-masters-bangkok-ubsf,Bind,G2 Esports,Team Vitality,G2 Esports,leaf,Vyse,297.0,28,19,19,193.0,22.0,1
Valorant Masters Bangkok 2025,https://www.vlr.gg/449009/team-vitality-vs-g2-esports-champions-tour-2025-masters-bangkok-ubsf,Bind,G2 Esports,Team Vitality,G2 Esports,trent,Tejo,248.0,25,21,6,169.0,30.0,1
Valorant Masters Bangkok 2025,https://www.vlr.gg/449009/team-vitality-vs-g2-esports-champions-tour-2025-masters-bangkok-ubsf,Bind,G2 Esports,Team Vitality,G2 Esports,valyn,Brimstone,173.0,17,18,16,108.0,25.0,1
Valorant Masters Bangkok 2025,https://www.vlr.gg/449009/team-vitality-vs-g2-esports-champions-tour-2025-masters-bangkok-ubsf,Bind,G2 Esports,Team Vitality,G2 Esports,JonahP,Breach,171.0,18,19,15,115.0,33.0,1
Valorant Masters Bangkok 2025,https://www.vlr.gg/449009/team-vitality-vs-g2-esports-champions-tour-2025-masters-bangkok-ubsf,Bind,G2 Esports,Team Vitality,G2 Esports,jawgemo,Yoru,195.0,19,21,3,120.0,20.0,1
Valorant Masters Bangkok 2025,https://www.vlr.gg/449009/team-vitality-vs-g2-esports-champions-tour-2025-masters-bangkok-ubsf,Lotus,Team Vitality,G2 Esports,G2 Esports,Kicks,Omen,233.0,18,15,5,158.0,26.0,0
Valorant Masters Bangkok 2025,https://www.vlr.gg/449009/team-vitality-vs-g2-esports-champions-tour-2025-masters-bangkok-ubsf,Lotus,Team Vitality,G2 Esports,G2 Esports,Less,Viper,205.0,14,14,8,122.0,24.0,0
Valorant Masters Bangkok 2025,https://www.vlr.gg/449009/team-vitality-vs-g2-esports-champions-tour-2025-masters-bangkok-ubsf,Lotus,Team Vitality,G2 Esports,G2 Esports,Sayf,Vyse,225.0,18,17,4,131.0,36.0,0
Valorant Masters Bangkok 2025,https://www.vlr.gg/449009/team-vitality-vs-g2-esports-champions-tour-2025-masters-bangkok-ubsf,Lotus,Team Vitality,G2 Esports,G2 Esports,trexx,Fade,145.0,11,14,8,91.0,18.0,0
Valorant Masters Bangkok 2025,https://www.vlr.gg/449009/team-vitality-vs-g2-esports-champions-tour-2025-masters-bangkok-ubsf,Lotus,Team Vitality,G2 Esports,G2 Esports,Derke,Raze,208.0,14,18,3,133.0,19.0,0
Valorant Masters Bangkok 2025,https://www.vlr.gg/449009/team-vitality-vs-g2-esports-champions-tour-2025-masters-bangkok-ubsf,Lotus,G2 Esports,Team Vitality,G2 Esports,leaf,Viper,311.0,24,16,9,194.0,23.0,1
Valorant Masters Bangkok 2025,https://www.vlr.gg/449009/team-vitality-vs-g2-esports-champions-tour-2025-masters-bangkok-ubsf,Lotus,G2 Esports,Team Vitality,G2 Esports,trent,Tejo,226.0,18,13,11,147.0,17.0,1
Valorant Masters Bangkok 2025,https://www.vlr.gg/449009/team-vitality-vs-g2-esports-champions-tour-2025-masters-bangkok-ubsf,Lotus,G2 Esports,Team Vitality,G2 Esports,JonahP,Breach,201.0,17,15,10,134.0,31.0,1
Valorant Masters Bangkok 2025,https://www.vlr.gg/449009/team-vitality-vs-g2-esports-champions-tour-2025-masters-bangkok-ubsf,Lotus,G2 Esports,Team Vitality,G2 Esports,jawgemo,Yoru,145.0,11,16,8,109.0,21.0,1
Valorant Masters Bangkok 2025,https://www.vlr.gg/449009/team-vitality-vs-g2-esports-champions-tour-2025-masters-bangkok-ubsf,Lotus,G2 Esports,Team Vitality,G2 Esports,valyn,Omen,97.0,7,15,5,61.0,11.0,1
Valorant Masters Bangkok 2025,https://www.vlr.gg/449010/edward-gaming-vs-g2-esports-champions-tour-2025-masters-bangkok-ubf,Lotus,EDward Gaming,G2 Esports,G2 Esports,Smoggy,Clove,275.0,20,17,6,187.0,45.0,0
Valorant Masters Bangkok 2025,https://www.vlr.gg/449010/edward-gaming-vs-g2-esports-champions-tour-2025-masters-bangkok-ubf,Lotus,EDward Gaming,G2 Esports,G2 Esports,nobody,Fade,206.0,14,13,4,139.0,33.0,0
Valorant Masters Bangkok 2025,https://www.vlr.gg/449010/edward-gaming-vs-g2-esports-champions-tour-2025-masters-bangkok-ubf,Lotus,EDward Gaming,G2 Esports,G2 Esports,CHICHOO,Omen,193.0,15,17,8,147.0,44.0,0
Valorant Masters Bangkok 2025,https://www.vlr.gg/449010/edward-gaming-vs-g2-esports-champions-tour-2025-masters-bangkok-ubf,Lotus,EDward Gaming,G2 Esports,G2 Esports,ZmjjKK,Neon,188.0,15,16,0,125.0,27.0,0
Valorant Masters Bangkok 2025,https://www.vlr.gg/449010/edward-gaming-vs-g2-esports-champions-tour-2025-masters-bangkok-ubf,Lotus,EDward Gaming,G2 Esports,G2 Esports,S1Mon,Breach,102.0,6,17,9,73.0,33.0,0
Valorant Masters Bangkok 2025,https://www.vlr.gg/449010/edward-gaming-vs-g2-esports-champions-tour-2025-masters-bangkok-ubf,Lotus,G2 Esports,EDward Gaming,G2 Esports,JonahP,Breach,277.0,20,16,13,174.0,22.0,1
Valorant Masters Bangkok 2025,https://www.vlr.gg/449010/edward-gaming-vs-g2-esports-champions-tour-2025-masters-bangkok-ubf,Lotus,G2 Esports,EDward Gaming,G2 Esports,trent,Tejo,231.0,17,12,8,152.0,18.0,1
Valorant Masters Bangkok 2025,https://www.vlr.gg/449010/edward-gaming-vs-g2-esports-champions-tour-2025-masters-bangkok-ubf,Lotus,G2 Esports,EDward Gaming,G2 Esports,valyn,Omen,182.0,13,13,12,132.0,28.0,1
Valorant Masters Bangkok 2025,https://www.vlr.gg/449010/edward-gaming-vs-g2-esports-champions-tour-2025-masters-bangkok-ubf,Lotus,G2 Esports,EDward Gaming,G2 Esports,leaf,Viper,165.0,13,13,4,115.0,21.0,1
Valorant Masters Bangkok 2025,https://www.vlr.gg/449010/edward-gaming-vs-g2-esports-champions-tour-2025-masters-bangkok-ubf,Lotus,G2 Esports,EDward Gaming,G2 Esports,jawgemo,Yoru,214.0,16,16,10,135.0,15.0,1
Valorant Masters Bangkok 2025,https://www.vlr.gg/449010/edward-gaming-vs-g2-esports-champions-tour-2025-masters-bangkok-ubf,Split,EDward Gaming,G2 Esports,G2 Esports,ZmjjKK,Jett,234.0,16,18,2,146.0,23.0,0
Valorant Masters Bangkok 2025,https://www.vlr.gg/449010/edward-gaming-vs-g2-esports-champions-tour-2025-masters-bangkok-ubf,Split,EDward Gaming,G2 Esports,G2 Esports,CHICHOO,Viper,199.0,14,15,2,133.0,23.0,0
Valorant Masters Bangkok 2025,https://www.vlr.gg/449010/edward-gaming-vs-g2-esports-champions-tour-2025-masters-bangkok-ubf,Split,EDward Gaming,G2 Esports,G2 Esports,S1Mon,Breach,142.0,10,14,6,89.0,38.0,0
Valorant Masters Bangkok 2025,https://www.vlr.gg/449010/edward-gaming-vs-g2-esports-champions-tour-2025-masters-bangkok-ubf,Split,EDward Gaming,G2 Esports,G2 Esports,Smoggy,Omen,130.0,9,15,7,106.0,28.0,0
Valorant Masters Bangkok 2025,https://www.vlr.gg/449010/edward-gaming-vs-g2-esports-champions-tour-2025-masters-bangkok-ubf,Split,EDward Gaming,G2 Esports,G2 Esports,nobody,Tejo,130.0,9,16,4,87.0,21.0,0
Valorant Masters Bangkok 2025,https://www.vlr.gg/449010/edward-gaming-vs-g2-esports-champions-tour-2025-masters-bangkok-ubf,Split,G2 Esports,EDward Gaming,G2 Esports,jawgemo,Yoru,287.0,21,11,8,176.0,26.0,1
Valorant Masters Bangkok 2025,https://www.vlr.gg/449010/edward-gaming-vs-g2-esports-champions-tour-2025-masters-bangkok-ubf,Split,G2 Esports,EDward Gaming,G2 Esports,leaf,Viper,227.0,17,11,4,175.0,40.0,1
Valorant Masters Bangkok 2025,https://www.vlr.gg/449010/edward-gaming-vs-g2-esports-champions-tour-2025-masters-bangkok-ubf,Split,G2 Esports,EDward Gaming,G2 Esports,trent,Tejo,205.0,13,11,2,156.0,23.0,1
Valorant Masters Bangkok 2025,https://www.vlr.gg/449010/edward-gaming-vs-g2-esports-champions-tour-2025-masters-bangkok-ubf,Split,G2 Esports,EDward Gaming,G2 Esports,valyn,Omen,182.0,14,12,10,116.0,39.0,1
Valorant Masters Bangkok 2025,https://www.vlr.gg/449010/edward-gaming-vs-g2-esports-champions-tour-2025-masters-bangkok-ubf,Split,G2 Esports,EDward Gaming,G2 Esports,JonahP,Breach,193.0,13,13,7,120.0,19.0,1
Valorant Masters Bangkok 2025,https://www.vlr.gg/449012/t1-vs-team-vitality-champions-tour-2025-masters-bangkok-lr1,Lotus,T1,Team Vitality,Team Vitality,Meteor,Iso,235.0,21,20,5,147.0,38.0,0
Valorant Masters Bangkok 2025,https://www.vlr.gg/449012/t1-vs-team-vitality-champions-tour-2025-masters-bangkok-lr1,Lotus,T1,Team Vitality,Team Vitality,stax,Sova,155.0,14,15,11,119.0,36.0,0
Valorant Masters Bangkok 2025,https://www.vlr.gg/449012/t1-vs-team-vitality-champions-tour-2025-masters-bangkok-lr1,Lotus,T1,Team Vitality,Team Vitality,BuZz,Raze,242.0,21,21,5,171.0,12.0,0
Valorant Masters Bangkok 2025,https://www.vlr.gg/449012/t1-vs-team-vitality-champions-tour-2025-masters-bangkok-lr1,Lotus,T1,Team Vitality,Team Vitality,Sylvan,Omen,168.0,14,20,14,109.0,28.0,0
Valorant Masters Bangkok 2025,https://www.vlr.gg/449012/t1-vs-team-vitality-champions-tour-2025-masters-bangkok-lr1,Lotus,T1,Team Vitality,Team Vitality,iZu,Cypher,145.0,15,19,4,84.0,27.0,0
Valorant Masters Bangkok 2025,https://www.vlr.gg/449012/t1-vs-team-vitality-champions-tour-2025-masters-bangkok-lr1,Lotus,Team Vitality,T1,Team Vitality,Less,Viper,267.0,23,16,12,166.0,36.0,1
Valorant Masters Bangkok 2025,https://www.vlr.gg/449012/t1-vs-team-vitality-champions-tour-2025-masters-bangkok-lr1,Lotus,Team Vitality,T1,Team Vitality,Derke,Raze,261.0,24,17,5,159.0,25.0,1
Valorant Masters Bangkok 2025,https://www.vlr.gg/449012/t1-vs-team-vitality-champions-tour-2025-masters-bangkok-lr1,Lotus,Team Vitality,T1,Team Vitality,trexx,Fade,220.0,20,17,15,136.0,12.0,1
Valorant Masters Bangkok 2025,https://www.vlr.gg/449012/t1-vs-team-vitality-champions-tour-2025-masters-bangkok-lr1,Lotus,Team Vitality,T1,Team Vitality,Kicks,Omen,175.0,15,17,12,111.0,31.0,1
Valorant Masters Bangkok 2025,https://www.vlr.gg/449012/t1-vs-team-vitality-champions-tour-2025-masters-bangkok-lr1,Lotus,Team Vitality,T1,Team Vitality,Sayf,Vyse,158.0,13,18,8,105.0,18.0,1
Valorant Masters Bangkok 2025,https://www.vlr.gg/449012/t1-vs-team-vitality-champions-tour-2025-masters-bangkok-lr1,Haven,T1,Team Vitality,T1,iZu,Cypher,244.0,17,8,4,141.0,39.0,1
Valorant Masters Bangkok 2025,https://www.vlr.gg/449012/t1-vs-team-vitality-champions-tour-2025-masters-bangkok-lr1,Haven,T1,Team Vitality,T1,BuZz,Yoru,231.0,14,9,4,149.0,15.0,1
Valorant Masters Bangkok 2025,https://www.vlr.gg/449012/t1-vs-team-vitality-champions-tour-2025-masters-bangkok-lr1,Haven,T1,Team Vitality,T1,stax,Sova,182.0,11,7,3,138.0,33.0,1
Valorant Masters Bangkok 2025,https://www.vlr.gg/449012/t1-vs-team-vitality-champions-tour-2025-masters-bangkok-lr1,Haven,T1,Team Vitality,T1,Meteor,Iso,201.0,14,11,3,120.0,41.0,1
Valorant Masters Bangkok 2025,https://www.vlr.gg/449012/t1-vs-team-vitality-champions-tour-2025-masters-bangkok-lr1,Haven,T1,Team Vitality,T1,Sylvan,Omen,147.0,9,7,11,101.0,32.0,1
Valorant Masters Bangkok 2025,https://www.vlr.gg/449012/t1-vs-team-vitality-champions-tour-2025-masters-bangkok-lr1,Haven,Team Vitality,T1,T1,trexx,Sova,221.0,11,12,4,144.0,37.0,0
Valorant Masters Bangkok 2025,https://www.vlr.gg/449012/t1-vs-team-vitality-champions-tour-2025-masters-bangkok-lr1,Haven,Team Vitality,T1,T1,Sayf,Jett,227.0,13,14,0,157.0,20.0,0
Valorant Masters Bangkok 2025,https://www.vlr.gg/449012/t1-vs-team-vitality-champions-tour-2025-masters-bangkok-lr1,Haven,Team Vitality,T1,T1,Derke,Yoru,175.0,9,13,3,124.0,22.0,0
Valorant Masters Bangkok 2025,https://www.vlr.gg/449012/t1-vs-team-vitality-champions-tour-2025-masters-bangkok-lr1,Haven,Team Vitality,T1,T1,Kicks,Omen,102.0,6,13,5,65.0,20.0,0
Valorant Masters Bangkok 2025,https://www.vlr.gg/449012/t1-vs-team-vitality-champions-tour-2025-masters-bangkok-lr1,Haven,Team Vitality,T1,T1,Less,Cypher,58.0,3,13,2,44.0,23.0,0
Valorant Masters Bangkok 2025,https://www.vlr.gg/449012/t1-vs-team-vitality-champions-tour-2025-masters-bangkok-lr1,Split,T1,Team Vitality,T1,iZu,Yoru,249.0,17,7,6,149.0,24.0,1
Valorant Masters Bangkok 2025,https://www.vlr.gg/449012/t1-vs-team-vitality-champions-tour-2025-masters-bangkok-lr1,Split,T1,Team Vitality,T1,Sylvan,Omen,213.0,15,7,12,128.0,28.0,1
Valorant Masters Bangkok 2025,https://www.vlr.gg/449012/t1-vs-team-vitality-champions-tour-2025-masters-bangkok-lr1,Split,T1,Team Vitality,T1,BuZz,Raze,337.0,22,12,5,181.0,13.0,1
Valorant Masters Bangkok 2025,https://www.vlr.gg/449012/t1-vs-team-vitality-champions-tour-2025-masters-bangkok-lr1,Split,T1,Team Vitality,T1,Meteor,Viper,264.0,16,12,7,170.0,29.0,1
Valorant Masters Bangkok 2025,https://www.vlr.gg/449012/t1-vs-team-vitality-champions-tour-2025-masters-bangkok-lr1,Split,T1,Team Vitality,T1,stax,Fade,137.0,10,8,3,91.0,30.0,1
Valorant Masters Bangkok 2025,https://www.vlr.gg/449012/t1-vs-team-vitality-champions-tour-2025-masters-bangkok-lr1,Split,Team Vitality,T1,T1,trexx,Fade,181.0,10,15,5,114.0,16.0,0
Valorant Masters Bangkok 2025,https://www.vlr.gg/449012/t1-vs-team-vitality-champions-tour-2025-masters-bangkok-lr1,Split,Team Vitality,T1,T1,Less,Viper,176.0,11,16,3,106.0,32.0,0
Valorant Masters Bangkok 2025,https://www.vlr.gg/449012/t1-vs-team-vitality-champions-tour-2025-masters-bangkok-lr1,Split,Team Vitality,T1,T1,Derke,Raze,209.0,13,17,1,136.0,24.0,0
Valorant Masters Bangkok 2025,https://www.vlr.gg/449012/t1-vs-team-vitality-champions-tour-2025-masters-bangkok-lr1,Split,Team Vitality,T1,T1,Sayf,Omen,124.0,7,16,6,72.0,27.0,0
Valorant Masters Bangkok 2025,https://www.vlr.gg/449012/t1-vs-team-vitality-champions-tour-2025-masters-bangkok-lr1,Split,Team Vitality,T1,T1,Kicks,Breach,93.0,5,16,6,67.0,14.0,0
Valorant Masters Bangkok 2025,https://www.vlr.gg/449013/edward-gaming-vs-t1-champions-tour-2025-masters-bangkok-lbf,Bind,EDward Gaming,T1,T1,S1Mon,Kayo,172.0,11,15,8,100.0,30.0,0
Valorant Masters Bangkok 2025,https://www.vlr.gg/449013/edward-gaming-vs-t1-champions-tour-2025-masters-bangkok-lbf,Bind,EDward Gaming,T1,T1,ZmjjKK,Raze,195.0,11,17,5,133.0,12.0,0
Valorant Masters Bangkok 2025,https://www.vlr.gg/449013/edward-gaming-vs-t1-champions-tour-2025-masters-bangkok-lbf,Bind,EDward Gaming,T1,T1,nobody,Tejo,119.0,6,14,5,93.0,17.0,0
Valorant Masters Bangkok 2025,https://www.vlr.gg/449013/edward-gaming-vs-t1-champions-tour-2025-masters-bangkok-lbf,Bind,EDward Gaming,T1,T1,CHICHOO,Vyse,127.0,7,15,2,85.0,22.0,0
Valorant Masters Bangkok 2025,https://www.vlr.gg/449013/edward-gaming-vs-t1-champions-tour-2025-masters-bangkok-lbf,Bind,EDward Gaming,T1,T1,Smoggy,Brimstone,111.0,5,15,6,82.0,29.0,0
Valorant Masters Bangkok 2025,https://www.vlr.gg/449013/edward-gaming-vs-t1-champions-tour-2025-masters-bangkok-lbf,Bind,T1,EDward Gaming,T1,stax,Kayo,228.0,17,6,9,136.0,28.0,1
Valorant Masters Bangkok 2025,https://www.vlr.gg/449013/edward-gaming-vs-t1-champions-tour-2025-masters-bangkok-lbf,Bind,T1,EDward Gaming,T1,Meteor,Vyse,379.0,24,10,6,241.0,32.0,1
Valorant Masters Bangkok 2025,https://www.vlr.gg/449013/edward-gaming-vs-t1-champions-tour-2025-masters-bangkok-lbf,Bind,T1,EDward Gaming,T1,BuZz,Raze,281.0,17,7,5,173.0,14.0,1
Valorant Masters Bangkok 2025,https://www.vlr.gg/449013/edward-gaming-vs-t1-champions-tour-2025-masters-bangkok-lbf,Bind,T1,EDward Gaming,T1,iZu,Fade,173.0,12,8,3,102.0,24.0,1
Valorant Masters Bangkok 2025,https://www.vlr.gg/449013/edward-gaming-vs-t1-champions-tour-2025-masters-bangkok-lbf,Bind,T1,EDward Gaming,T1,Sylvan,Brimstone,150.0,6,9,22,105.0,26.0,1
Valorant Masters Bangkok 2025,https://www.vlr.gg/449013/edward-gaming-vs-t1-champions-tour-2025-masters-bangkok-lbf,Haven,EDward Gaming,T1,T1,ZmjjKK,Jett,320.0,27,18,1,205.0,39.0,0
Valorant Masters Bangkok 2025,https://www.vlr.gg/449013/edward-gaming-vs-t1-champions-tour-2025-masters-bangkok-lbf,Haven,EDward Gaming,T1,T1,CHICHOO,Cypher,254.0,21,14,5,159.0,35.0,0
Valorant Masters Bangkok 2025,https://www.vlr.gg/449013/edward-gaming-vs-t1-champions-tour-2025-masters-bangkok-lbf,Haven,EDward Gaming,T1,T1,Smoggy,Omen,141.0,9,16,15,92.0,30.0,0
Valorant Masters Bangkok 2025,https://www.vlr.gg/449013/edward-gaming-vs-t1-champions-tour-2025-masters-bangkok-lbf,Haven,EDward Gaming,T1,T1,S1Mon,Breach,163.0,12,20,8,111.0,24.0,0
Valorant Masters Bangkok 2025,https://www.vlr.gg/449013/edward-gaming-vs-t1-champions-tour-2025-masters-bangkok-lbf,Haven,EDward Gaming,T1,T1,nobody,Tejo,131.0,10,19,6,102.0,32.0,0
Valorant Masters Bangkok 2025,https://www.vlr.gg/449013/edward-gaming-vs-t1-champions-tour-2025-masters-bangkok-lbf,Haven,T1,EDward Gaming,T1,BuZz,Yoru,330.0,25,16,10,203.0,19.0,1
Valorant Masters Bangkok 2025,https://www.vlr.gg/449013/edward-gaming-vs-t1-champions-tour-2025-masters-bangkok-lbf,Haven,T1,EDward Gaming,T1,iZu,Cypher,241.0,21,13,5,164.0,30.0,1
Valorant Masters Bangkok 2025,https://www.vlr.gg/449013/edward-gaming-vs-t1-champions-tour-2025-masters-bangkok-lbf,Haven,T1,EDward Gaming,T1,Meteor,Iso,219.0,17,17,2,139.0,46.0,1
Valorant Masters Bangkok 2025,https://www.vlr.gg/449013/edward-gaming-vs-t1-champions-tour-2025-masters-bangkok-lbf,Haven,T1,EDward Gaming,T1,Sylvan,Omen,147.0,11,16,17,98.0,26.0,1
Valorant Masters Bangkok 2025,https://www.vlr.gg/449013/edward-gaming-vs-t1-champions-tour-2025-masters-bangkok-lbf,Haven,T1,EDward Gaming,T1,stax,Sova,166.0,13,17,3,117.0,40.0,1
Valorant Masters Bangkok 2025,https://www.vlr.gg/449013/edward-gaming-vs-t1-champions-tour-2025-masters-bangkok-lbf,Fracture,EDward Gaming,T1,EDward Gaming,nobody,Tejo,236.0,20,19,12,153.0,25.0,1
Valorant Masters Bangkok 2025,https://www.vlr.gg/449013/edward-gaming-vs-t1-champions-tour-2025-masters-bangkok-lbf,Fracture,EDward Gaming,T1,EDward Gaming,ZmjjKK,Neon,252.0,24,21,4,166.0,24.0,1
Valorant Masters Bangkok 2025,https://www.vlr.gg/449013/edward-gaming-vs-t1-champions-tour-2025-masters-bangkok-lbf,Fracture,EDward Gaming,T1,EDward Gaming,Smoggy,Brimstone,217.0,19,20,19,140.0,25.0,1
Valorant Masters Bangkok 2025,https://www.vlr.gg/449013/edward-gaming-vs-t1-champions-tour-2025-masters-bangkok-lbf,Fracture,EDward Gaming,T1,EDward Gaming,S1Mon,Breach,171.0,16,20,17,109.0,26.0,1
Valorant Masters Bangkok 2025,https://www.vlr.gg/449013/edward-gaming-vs-t1-champions-tour-2025-masters-bangkok-lbf,Fracture,EDward Gaming,T1,EDward Gaming,CHICHOO,Cypher,166.0,16,18,9,103.0,24.0,1
Valorant Masters Bangkok 2025,https://www.vlr.gg/449013/edward-gaming-vs-t1-champions-tour-2025-masters-bangkok-lbf,Fracture,T1,EDward Gaming,EDward Gaming,stax,Breach,206.0,19,15,12,136.0,30.0,0
Valorant Masters Bangkok 2025,https://www.vlr.gg/449013/edward-gaming-vs-t1-champions-tour-2025-masters-bangkok-lbf,Fracture,T1,EDward Gaming,EDward Gaming,iZu,Tejo,188.0,19,16,2,132.0,33.0,0
Valorant Masters Bangkok 2025,https://www.vlr.gg/449013/edward-gaming-vs-t1-champions-tour-2025-masters-bangkok-lbf,Fracture,T1,EDward Gaming,EDward Gaming,Sylvan,Brimstone,205.0,18,19,25,122.0,24.0,0
Valorant Masters Bangkok 2025,https://www.vlr.gg/449013/edward-gaming-vs-t1-champions-tour-2025-masters-bangkok-lbf,Fracture,T1,EDward Gaming,EDward Gaming,Meteor,Vyse,240.0,21,22,5,161.0,29.0,0
Valorant Masters Bangkok 2025,https://www.vlr.gg/449013/edward-gaming-vs-t1-champions-tour-2025-masters-bangkok-lbf,Fracture,T1,EDward Gaming,EDward Gaming,BuZz,Raze,252.0,21,23,5,153.0,20.0,0
Valorant Masters Bangkok 2025,https://www.vlr.gg/449013/edward-gaming-vs-t1-champions-tour-2025-masters-bangkok-lbf,Split,EDward Gaming,T1,T1,Smoggy,Omen,324.0,21,13,7,206.0,54.0,0
Valorant Masters Bangkok 2025,https://www.vlr.gg/449013/edward-gaming-vs-t1-champions-tour-2025-masters-bangkok-lbf,Split,EDward Gaming,T1,T1,nobody,Tejo,145.0,8,13,4,101.0,24.0,0
Valorant Masters Bangkok 2025,https://www.vlr.gg/449013/edward-gaming-vs-t1-champions-tour-2025-masters-bangkok-lbf,Split,EDward Gaming,T1,T1,CHICHOO,Viper,158.0,9,14,0,105.0,29.0,0
Valorant Masters Bangkok 2025,https://www.vlr.gg/449013/edward-gaming-vs-t1-champions-tour-2025-masters-bangkok-lbf,Split,EDward Gaming,T1,T1,ZmjjKK,Jett,132.0,7,15,1,89.0,19.0,0
Valorant Masters Bangkok 2025,https://www.vlr.gg/449013/edward-gaming-vs-t1-champions-tour-2025-masters-bangkok-lbf,Split,EDward Gaming,T1,T1,S1Mon,Breach,67.0,4,15,4,47.0,5.0,0
Valorant Masters Bangkok 2025,https://www.vlr.gg/449013/edward-gaming-vs-t1-champions-tour-2025-masters-bangkok-lbf,Split,T1,EDward Gaming,T1,iZu,Yoru,280.0,19,9,2,201.0,30.0,1
Valorant Masters Bangkok 2025,https://www.vlr.gg/449013/edward-gaming-vs-t1-champions-tour-2025-masters-bangkok-lbf,Split,T1,EDward Gaming,T1,stax,Fade,178.0,12,8,7,124.0,48.0,1
Valorant Masters Bangkok 2025,https://www.vlr.gg/449013/edward-gaming-vs-t1-champions-tour-2025-masters-bangkok-lbf,Split,T1,EDward Gaming,T1,Sylvan,Omen,201.0,11,9,16,119.0,18.0,1
Valorant Masters Bangkok 2025,https://www.vlr.gg/449013/edward-gaming-vs-t1-champions-tour-2025-masters-bangkok-lbf,Split,T1,EDward Gaming,T1,Meteor,Viper,200.0,13,11,9,122.0,34.0,1
Valorant Masters Bangkok 2025,https://www.vlr.gg/449013/edward-gaming-vs-t1-champions-tour-2025-masters-bangkok-lbf,Split,T1,EDward Gaming,T1,BuZz,Raze,210.0,15,12,4,126.0,13.0,1
Valorant Masters Bangkok 2025,https://www.vlr.gg/449011/g2-esports-vs-t1-champions-tour-2025-masters-bangkok-gf,Lotus,G2 Esports,T1,G2 Esports,trent,Tejo,296.0,17,11,10,213.0,18.0,1
Valorant Masters Bangkok 2025,https://www.vlr.gg/449011/g2-esports-vs-t1-champions-tour-2025-masters-bangkok-gf,Lotus,G2 Esports,T1,G2 Esports,leaf,Viper,279.0,21,10,2,159.0,19.0,1
Valorant Masters Bangkok 2025,https://www.vlr.gg/449011/g2-esports-vs-t1-champions-tour-2025-masters-bangkok-gf,Lotus,G2 Esports,T1,G2 Esports,jawgemo,Yoru,236.0,16,12,7,133.0,24.0,1
Valorant Masters Bangkok 2025,https://www.vlr.gg/449011/g2-esports-vs-t1-champions-tour-2025-masters-bangkok-gf,Lotus,G2 Esports,T1,G2 Esports,valyn,Omen,167.0,10,11,8,122.0,28.0,1
Valorant Masters Bangkok 2025,https://www.vlr.gg/449011/g2-esports-vs-t1-champions-tour-2025-masters-bangkok-gf,Lotus,G2 Esports,T1,G2 Esports,JonahP,Breach,123.0,9,10,4,82.0,69.0,1
Valorant Masters Bangkok 2025,https://www.vlr.gg/449011/g2-esports-vs-t1-champions-tour-2025-masters-bangkok-gf,Lotus,T1,G2 Esports,G2 Esports,iZu,Cypher,209.0,14,13,2,139.0,48.0,0
Valorant Masters Bangkok 2025,https://www.vlr.gg/449011/g2-esports-vs-t1-champions-tour-2025-masters-bangkok-gf,Lotus,T1,G2 Esports,G2 Esports,BuZz,Raze,241.0,13,14,3,162.0,17.0,0
Valorant Masters Bangkok 2025,https://www.vlr.gg/449011/g2-esports-vs-t1-champions-tour-2025-masters-bangkok-gf,Lotus,T1,G2 Esports,G2 Esports,Meteor,Iso,184.0,11,16,3,120.0,31.0,0
Valorant Masters Bangkok 2025,https://www.vlr.gg/449011/g2-esports-vs-t1-champions-tour-2025-masters-bangkok-gf,Lotus,T1,G2 Esports,G2 Esports,Sylvan,Omen,159.0,8,15,9,99.0,26.0,0
Valorant Masters Bangkok 2025,https://www.vlr.gg/449011/g2-esports-vs-t1-champions-tour-2025-masters-bangkok-gf,Lotus,T1,G2 Esports,G2 Esports,stax,Sova,116.0,8,15,2,82.0,50.0,0
Valorant Masters Bangkok 2025,https://www.vlr.gg/449011/g2-esports-vs-t1-champions-tour-2025-masters-bangkok-gf,Haven,G2 Esports,T1,T1,trent,Tejo,245.0,20,14,5,161.0,38.0,0
Valorant Masters Bangkok 2025,https://www.vlr.gg/449011/g2-esports-vs-t1-champions-tour-2025-masters-bangkok-gf,Haven,G2 Esports,T1,T1,valyn,Astra,203.0,16,16,3,137.0,27.0,0
Valorant Masters Bangkok 2025,https://www.vlr.gg/449011/g2-esports-vs-t1-champions-tour-2025-masters-bangkok-gf,Haven,G2 Esports,T1,T1,jawgemo,Yoru,205.0,13,18,11,137.0,27.0,0
Valorant Masters Bangkok 2025,https://www.vlr.gg/449011/g2-esports-vs-t1-champions-tour-2025-masters-bangkok-gf,Haven,G2 Esports,T1,T1,JonahP,Breach,174.0,15,18,10,109.0,29.0,0
Valorant Masters Bangkok 2025,https://www.vlr.gg/449011/g2-esports-vs-t1-champions-tour-2025-masters-bangkok-gf,Haven,G2 Esports,T1,T1,leaf,Vyse,170.0,12,15,9,127.0,42.0,0
Valorant Masters Bangkok 2025,https://www.vlr.gg/449011/g2-esports-vs-t1-champions-tour-2025-masters-bangkok-gf,Haven,T1,G2 Esports,T1,Sylvan,Omen,235.0,18,13,12,134.0,30.0,1
Valorant Masters Bangkok 2025,https://www.vlr.gg/449011/g2-esports-vs-t1-champions-tour-2025-masters-bangkok-gf,Haven,T1,G2 Esports,T1,BuZz,Yoru,226.0,19,14,5,134.0,25.0,1
Valorant Masters Bangkok 2025,https://www.vlr.gg/449011/g2-esports-vs-t1-champions-tour-2025-masters-bangkok-gf,Haven,T1,G2 Esports,T1,Meteor,Iso,200.0,16,15,5,160.0,29.0,1
Valorant Masters Bangkok 2025,https://www.vlr.gg/449011/g2-esports-vs-t1-champions-tour-2025-masters-bangkok-gf,Haven,T1,G2 Esports,T1,iZu,Cypher,210.0,14,17,15,142.0,32.0,1
Valorant Masters Bangkok 2025,https://www.vlr.gg/449011/g2-esports-vs-t1-champions-tour-2025-masters-bangkok-gf,Haven,T1,G2 Esports,T1,stax,Sova,199.0,14,17,13,144.0,20.0,1
Valorant Masters Bangkok 2025,https://www.vlr.gg/449011/g2-esports-vs-t1-champions-tour-2025-masters-bangkok-gf,Abyss,G2 Esports,T1,G2 Esports,trent,Sova,245.0,20,16,9,159.0,38.0,1
Valorant Masters Bangkok 2025,https://www.vlr.gg/449011/g2-esports-vs-t1-champions-tour-2025-masters-bangkok-gf,Abyss,G2 Esports,T1,G2 Esports,jawgemo,Yoru,232.0,19,16,8,137.0,20.0,1
Valorant Masters Bangkok 2025,https://www.vlr.gg/449011/g2-esports-vs-t1-champions-tour-2025-masters-bangkok-gf,Abyss,G2 Esports,T1,G2 Esports,valyn,Astra,198.0,17,15,14,127.0,19.0,1
Valorant Masters Bangkok 2025,https://www.vlr.gg/449011/g2-esports-vs-t1-champions-tour-2025-masters-bangkok-gf,Abyss,G2 Esports,T1,G2 Esports,leaf,Chamber,179.0,15,16,5,119.0,17.0,1
Valorant Masters Bangkok 2025,https://www.vlr.gg/449011/g2-esports-vs-t1-champions-tour-2025-masters-bangkok-gf,Abyss,G2 Esports,T1,G2 Esports,JonahP,Breach,154.0,13,16,11,97.0,25.0,1
Valorant Masters Bangkok 2025,https://www.vlr.gg/449011/g2-esports-vs-t1-champions-tour-2025-masters-bangkok-gf,Abyss,T1,G2 Esports,G2 Esports,stax,Tejo,214.0,18,15,6,138.0,23.0,0
Valorant Masters Bangkok 2025,https://www.vlr.gg/449011/g2-esports-vs-t1-champions-tour-2025-masters-bangkok-gf,Abyss,T1,G2 Esports,G2 Esports,iZu,Fade,169.0,15,16,8,116.0,28.0,0
Valorant Masters Bangkok 2025,https://www.vlr.gg/449011/g2-esports-vs-t1-champions-tour-2025-masters-bangkok-gf,Abyss,T1,G2 Esports,G2 Esports,Sylvan,Omen,175.0,15,18,19,103.0,29.0,0
Valorant Masters Bangkok 2025,https://www.vlr.gg/449011/g2-esports-vs-t1-champions-tour-2025-masters-bangkok-gf,Abyss,T1,G2 Esports,G2 Esports,BuZz,Jett,199.0,16,21,4,135.0,18.0,0
Valorant Masters Bangkok 2025,https://www.vlr.gg/449011/g2-esports-vs-t1-champions-tour-2025-masters-bangkok-gf,Abyss,T1,G2 Esports,G2 Esports,Meteor,Reyna,149.0,12,19,7,96.0,37.0,0
Valorant Masters Bangkok 2025,https://www.vlr.gg/449011/g2-esports-vs-t1-champions-tour-2025-masters-bangkok-gf,Split,G2 Esports,T1,T1,valyn,Omen,270.0,26,20,13,166.0,26.0,0
Valorant Masters Bangkok 2025,https://www.vlr.gg/449011/g2-esports-vs-t1-champions-tour-2025-masters-bangkok-gf,Split,G2 Esports,T1,T1,jawgemo,Yoru,265.0,26,21,7,189.0,35.0,0
Valorant Masters Bangkok 2025,https://www.vlr.gg/449011/g2-esports-vs-t1-champions-tour-2025-masters-bangkok-gf,Split,G2 Esports,T1,T1,trent,Tejo,159.0,16,20,5,112.0,26.0,0
Valorant Masters Bangkok 2025,https://www.vlr.gg/449011/g2-esports-vs-t1-champions-tour-2025-masters-bangkok-gf,Split,G2 Esports,T1,T1,leaf,Viper,188.0,17,22,11,121.0,15.0,0
Valorant Masters Bangkok 2025,https://www.vlr.gg/449011/g2-esports-vs-t1-champions-tour-2025-masters-bangkok-gf,Split,G2 Esports,T1,T1,JonahP,Breach,162.0,16,22,8,99.0,20.0,0
Valorant Masters Bangkok 2025,https://www.vlr.gg/449011/g2-esports-vs-t1-champions-tour-2025-masters-bangkok-gf,Split,T1,G2 Esports,T1,Meteor,Viper,308.0,30,23,9,202.0,30.0,1
Valorant Masters Bangkok 2025,https://www.vlr.gg/449011/g2-esports-vs-t1-champions-tour-2025-masters-bangkok-gf,Split,T1,G2 Esports,T1,stax,Fade,199.0,20,17,9,144.0,44.0,1
Valorant Masters Bangkok 2025,https://www.vlr.gg/449011/g2-esports-vs-t1-champions-tour-2025-masters-bangkok-gf,Split,T1,G2 Esports,T1,Sylvan,Omen,228.0,25,17,7,124.0,18.0,1
Valorant Masters Bangkok 2025,https://www.vlr.gg/449011/g2-esports-vs-t1-champions-tour-2025-masters-bangkok-gf,Split,T1,G2 Esports,T1,iZu,Yoru,217.0,20,21,13,131.0,20.0,1
Valorant Masters Bangkok 2025,https://www.vlr.gg/449011/g2-esports-vs-t1-champions-tour-2025-masters-bangkok-gf,Split,T1,G2 Esports,T1,BuZz,Raze,108.0,10,23,3,71.0,13.0,1
Valorant Masters Bangkok 2025,https://www.vlr.gg/449011/g2-esports-vs-t1-champions-tour-2025-masters-bangkok-gf,Pearl,G2 Esports,T1,T1,jawgemo,Yoru,275.0,29,22,11,184.0,29.0,0
Valorant Masters Bangkok 2025,https://www.vlr.gg/449011/g2-esports-vs-t1-champions-tour-2025-masters-bangkok-gf,Pearl,G2 Esports,T1,T1,valyn,Astra,212.0,25,20,13,131.0,27.0,0
Valorant Masters Bangkok 2025,https://www.vlr.gg/449011/g2-esports-vs-t1-champions-tour-2025-masters-bangkok-gf,Pearl,G2 Esports,T1,T1,trent,Sova,176.0,19,18,11,114.0,33.0,0
Valorant Masters Bangkok 2025,https://www.vlr.gg/449011/g2-esports-vs-t1-champions-tour-2025-masters-bangkok-gf,Pearl,G2 Esports,T1,T1,JonahP,Vyse,198.0,21,21,9,126.0,26.0,0
Valorant Masters Bangkok 2025,https://www.vlr.gg/449011/g2-esports-vs-t1-champions-tour-2025-masters-bangkok-gf,Pearl,G2 Esports,T1,T1,leaf,Chamber,134.0,14,23,4,87.0,22.0,0
Valorant Masters Bangkok 2025,https://www.vlr.gg/449011/g2-esports-vs-t1-champions-tour-2025-masters-bangkok-gf,Pearl,T1,G2 Esports,T1,BuZz,Neon,250.0,26,24,7,149.0,19.0,1
Valorant Masters Bangkok 2025,https://www.vlr.gg/449011/g2-esports-vs-t1-champions-tour-2025-masters-bangkok-gf,Pearl,T1,G2 Esports,T1,stax,Sova,194.0,22,20,5,139.0,24.0,1
Valorant Masters Bangkok 2025,https://www.vlr.gg/449011/g2-esports-vs-t1-champions-tour-2025-masters-bangkok-gf,Pearl,T1,G2 Esports,T1,Meteor,Killjoy,255.0,25,23,6,168.0,31.0,1
Valorant Masters Bangkok 2025,https://www.vlr.gg/449011/g2-esports-vs-t1-champions-tour-2025-masters-bangkok-gf,Pearl,T1,G2 Esports,T1,Sylvan,Astra,159.0,16,21,18,98.0,21.0,1
Valorant Masters Bangkok 2025,https://www.vlr.gg/449011/g2-esports-vs-t1-champions-tour-2025-masters-bangkok-gf,Pearl,T1,G2 Esports,T1,iZu,Yoru,143.0,15,20,4,92.0,18.0,1
