Player,Agents,Rnd,R2.0,ACS,KAST,ADR,KPR,APR,FKPR,FDPR,HS%,CL%,CL,KMax,K,D,A,FK,FD,event,KD_ratio,Team,Region
aspas,(+1),330,1.33,261.6,,164.7,0.97,0.13,0.2,0.07,26.0,8.0,,32,319,192,44,67,23,Valorant Champions 2025,1.66,MIBR,Champions
RieNs,,256,1.17,226.1,,148.9,0.79,0.33,0.07,0.05,34.0,20.0,,23,203,178,85,18,12,Valorant Champions 2025,1.14,TH,Champions
brawk,,377,1.16,224.6,,144.7,0.73,0.34,0.07,0.06,17.0,9.0,,28,275,236,128,26,23,Valorant Champions 2025,1.17,NRG,Champions
kaajak,(+1),453,1.15,228.4,,148.2,0.82,0.2,0.21,0.13,32.0,13.0,,30,372,311,90,95,59,Valorant Champions 2025,1.2,FNC,Champions
johnqt,,126,1.14,187.0,,118.7,0.67,0.27,0.04,0.04,33.0,9.0,,17,85,75,34,5,5,Valorant Champions 2025,1.13,SEN,Champions
Smoggy,,119,1.13,206.0,,135.3,0.74,0.4,0.09,0.04,25.0,17.0,,26,88,81,48,11,5,Valorant Champions 2025,1.09,EDG,Champions
leaf,(+1),268,1.11,222.8,,151.5,0.79,0.26,0.11,0.09,21.0,15.0,,30,213,188,69,30,24,Valorant Champions 2025,1.13,G2,Champions
something,,356,1.1,220.4,,141.0,0.79,0.26,0.16,0.13,25.0,13.0,,28,281,240,94,57,48,Valorant Champions 2025,1.17,PRX,Champions
Knight,,95,1.1,196.8,,135.4,0.68,0.28,0.08,0.09,26.0,12.0,,20,65,67,27,8,9,Valorant Champions 2025,0.97,BLG,Champions
skuba,(+1),377,1.09,190.1,,124.9,0.71,0.25,0.06,0.06,30.0,21.0,,28,266,228,94,21,24,Valorant Champions 2025,1.17,NRG,Champions
SpiritZ1,,98,1.08,237.0,,155.7,0.82,0.33,0.21,0.11,30.0,,,27,80,78,32,21,11,Valorant Champions 2025,1.03,DRG,Champions
NoMan,(+3),157,1.08,221.4,,140.7,0.78,0.19,0.1,0.1,32.0,5.0,,23,123,104,30,16,16,Valorant Champions 2025,1.18,XLG,Champions
cortezia,(+1),330,1.08,196.4,,130.2,0.72,0.21,0.11,0.07,33.0,8.0,,25,237,186,68,35,22,Valorant Champions 2025,1.27,MIBR,Champions
Cloud,,261,1.07,202.5,,135.2,0.69,0.33,0.07,0.06,29.0,7.0,,23,179,176,85,18,16,Valorant Champions 2025,1.02,GX,Champions
Chronicle,(+1),453,1.07,204.2,,138.7,0.72,0.28,0.09,0.08,29.0,7.0,,31,326,304,125,42,35,Valorant Champions 2025,1.07,FNC,Champions
Alfajer,(+3),391,1.06,211.7,,141.3,0.76,0.18,0.14,0.1,34.0,5.0,,25,299,263,72,53,41,Valorant Champions 2025,1.14,FNC,Champions
jawgemo,,268,1.05,230.4,,141.7,0.8,0.2,0.2,0.14,28.0,19.0,,28,214,196,54,53,38,Valorant Champions 2025,1.09,G2,Champions
Jinggg,,356,1.05,224.3,,146.0,0.78,0.24,0.12,0.13,22.0,12.0,,28,278,252,84,43,47,Valorant Champions 2025,1.1,PRX,Champions
Verno,,330,1.05,199.3,,129.3,0.67,0.33,0.1,0.06,25.0,17.0,,22,220,191,110,32,19,Valorant Champions 2025,1.15,MIBR,Champions
ZmjjKK,,119,1.04,237.4,,143.5,0.82,0.18,0.21,0.19,24.0,,,23,97,90,22,25,23,Valorant Champions 2025,1.08,EDG,Champions
iZu,,148,1.04,212.2,,124.8,0.76,0.15,0.14,0.1,26.0,21.0,,22,113,104,22,21,15,Valorant Champions 2025,1.09,T1,Champions
Meteor,,148,1.04,219.0,,144.2,0.74,0.18,0.17,0.07,36.0,11.0,,29,110,114,26,25,11,Valorant Champions 2025,0.96,T1,Champions
Flashback,,477,1.04,223.2,,144.3,0.8,0.16,0.17,0.16,24.0,10.0,,26,380,338,78,80,78,Valorant Champions 2025,1.12,DRX,Champions
valyn,,268,1.03,192.3,,124.1,0.65,0.37,0.09,0.07,26.0,14.0,,21,173,179,100,24,20,Valorant Champions 2025,0.97,G2,Champions
f0rsakeN,,356,1.03,213.1,,135.5,0.75,0.42,0.09,0.12,31.0,17.0,,28,266,257,149,31,44,Valorant Champions 2025,1.04,PRX,Champions
Wo0t,(+2),256,1.03,209.9,,138.2,0.75,0.16,0.13,0.12,30.0,26.0,,25,193,183,40,34,30,Valorant Champions 2025,1.05,TH,Champions
happywei,,157,1.03,216.4,,145.8,0.75,0.32,0.1,0.15,39.0,10.0,,24,118,111,50,15,23,Valorant Champions 2025,1.06,XLG,Champions
HYUNMIN,,477,1.02,212.7,,141.3,0.76,0.19,0.11,0.09,40.0,6.0,,36,362,327,92,53,44,Valorant Champions 2025,1.11,DRX,Champions
nAts,,148,1.02,194.4,,126.7,0.69,0.18,0.11,0.11,26.0,19.0,,27,102,96,27,16,16,Valorant Champions 2025,1.06,TL,Champions
MaKo,,477,1.01,171.7,,108.9,0.61,0.37,0.08,0.09,25.0,13.0,,21,291,284,177,36,42,Valorant Champions 2025,1.02,DRX,Champions
d4v41,,356,1.01,186.9,,127.3,0.67,0.26,0.05,0.09,27.0,17.0,,20,238,230,93,19,31,Valorant Champions 2025,1.03,PRX,Champions
Viva,,157,1.01,166.6,,119.6,0.6,0.29,0.06,0.07,34.0,13.0,,23,94,98,46,10,11,Valorant Champions 2025,0.96,XLG,Champions
westside,,261,1.0,187.1,,121.3,0.69,0.19,0.09,0.1,41.0,11.0,,20,181,181,49,23,27,Valorant Champions 2025,1.0,GX,Champions
mada,(+2),377,1.0,214.2,,137.2,0.75,0.19,0.17,0.2,26.0,15.0,,31,284,268,71,65,77,Valorant Champions 2025,1.06,NRG,Champions
crashies,,453,1.0,179.5,,120.3,0.62,0.28,0.06,0.08,31.0,14.0,,22,283,292,129,28,35,Valorant Champions 2025,0.97,FNC,Champions
keiko,,148,1.0,200.3,,131.0,0.68,0.26,0.13,0.08,35.0,14.0,,18,101,108,38,19,12,Valorant Champions 2025,0.94,TL,Champions
Demon1,,98,1.0,174.8,,117.0,0.65,0.16,0.04,0.04,38.0,10.0,,21,64,63,16,4,4,Valorant Champions 2025,1.02,DRG,Champions
nobody,,119,0.99,171.0,,115.2,0.62,0.16,0.04,0.07,30.0,27.0,,20,74,76,19,5,8,Valorant Champions 2025,0.97,EDG,Champions
s0m,,377,0.99,197.2,,124.2,0.68,0.37,0.08,0.1,24.0,14.0,,23,258,266,140,30,39,Valorant Champions 2025,0.97,NRG,Champions
artzin,,330,0.99,202.1,,127.0,0.66,0.38,0.12,0.15,24.0,20.0,,24,219,209,124,41,50,Valorant Champions 2025,1.05,MIBR,Champions
DH,,148,0.98,186.0,,122.4,0.64,0.39,0.07,0.11,34.0,21.0,,27,95,106,57,10,16,Valorant Champions 2025,0.9,T1,Champions
trent,,268,0.98,173.5,,117.6,0.62,0.24,0.03,0.08,31.0,15.0,,21,166,170,63,7,22,Valorant Champions 2025,0.98,G2,Champions
zekken,,126,0.98,229.3,,157.7,0.75,0.31,0.16,0.21,26.0,22.0,,23,94,100,39,20,26,Valorant Champions 2025,0.94,SEN,Champions
Ethan,(+1),377,0.98,175.8,,115.1,0.6,0.42,0.07,0.11,24.0,17.0,,23,225,243,157,28,43,Valorant Champions 2025,0.93,NRG,Champions
ara,(+1),261,0.97,198.7,,133.8,0.72,0.13,0.18,0.15,29.0,14.0,,27,189,187,35,48,40,Valorant Champions 2025,1.01,GX,Champions
Jemkin,,137,0.97,215.7,,132.8,0.74,0.13,0.17,0.13,35.0,8.0,,26,102,96,18,23,18,Valorant Champions 2025,1.06,RRQ,Champions
BeYN,,477,0.97,170.9,,114.5,0.6,0.26,0.06,0.06,28.0,23.0,,24,288,294,126,30,27,Valorant Champions 2025,0.98,DRX,Champions
xenom,,330,0.97,155.1,,96.1,0.55,0.53,0.05,0.06,24.0,8.0,,18,180,190,175,18,20,Valorant Champions 2025,0.95,MIBR,Champions
Rarga,(+3),157,0.96,208.6,,129.8,0.73,0.21,0.17,0.1,34.0,8.0,,21,115,117,33,27,16,Valorant Champions 2025,0.98,XLG,Champions
N4RRATE,,126,0.95,190.2,,121.2,0.63,0.39,0.06,0.1,26.0,17.0,,19,79,91,49,8,13,Valorant Champions 2025,0.87,SEN,Champions
doma,,62,0.94,167.3,,119.8,0.58,0.21,0.08,0.06,29.0,14.0,,13,36,40,13,5,4,Valorant Champions 2025,0.9,FNC,Champions
nephh,,95,0.94,164.0,,104.8,0.56,0.29,0.05,0.08,20.0,10.0,,18,53,60,28,5,8,Valorant Champions 2025,0.88,BLG,Champions
Levius,,95,0.93,188.0,,122.1,0.71,0.17,0.13,0.09,30.0,6.0,,26,67,68,16,12,9,Valorant Champions 2025,0.99,BLG,Champions
MiniBoo,,256,0.93,204.4,,134.9,0.71,0.16,0.19,0.17,26.0,27.0,,23,183,192,41,48,44,Valorant Champions 2025,0.95,TH,Champions
kamo,(+1),148,0.93,190.3,,128.4,0.68,0.12,0.14,0.24,32.0,15.0,,22,100,106,18,21,36,Valorant Champions 2025,0.94,TL,Champions
Flickless,,261,0.92,173.7,,115.8,0.56,0.47,0.06,0.07,26.0,9.0,,17,146,175,122,15,17,Valorant Champions 2025,0.83,GX,Champions
Monyet,,137,0.92,174.9,,109.6,0.61,0.4,0.05,0.09,28.0,11.0,,21,84,96,55,7,12,Valorant Champions 2025,0.88,RRQ,Champions
Kushy,,137,0.91,178.9,,120.7,0.63,0.29,0.07,0.12,40.0,14.0,,20,86,101,40,10,17,Valorant Champions 2025,0.85,RRQ,Champions
Nicc,,98,0.91,173.5,,121.7,0.65,0.28,0.02,0.06,34.0,,,25,64,68,27,2,6,Valorant Champions 2025,0.94,DRG,Champions
JonahP,(+1),268,0.91,172.8,,108.3,0.58,0.37,0.08,0.1,19.0,21.0,,26,155,184,99,22,28,Valorant Champions 2025,0.84,G2,Champions
benjyfishy,(+1),256,0.89,175.1,,115.0,0.59,0.28,0.06,0.07,27.0,17.0,,25,152,184,71,16,17,Valorant Champions 2025,0.83,TH,Champions
Boaster,,453,0.89,145.2,,94.0,0.49,0.38,0.04,0.08,22.0,16.0,,24,220,285,172,18,36,Valorant Champions 2025,0.77,FNC,Champions
CHICHOO,(+1),119,0.89,158.2,,113.5,0.59,0.25,0.07,0.08,21.0,15.0,,21,70,78,30,8,10,Valorant Champions 2025,0.9,EDG,Champions
Boo,,256,0.88,143.7,,93.1,0.5,0.53,0.05,0.09,31.0,17.0,,16,128,172,135,14,23,Valorant Champions 2025,0.74,TH,Champions
trexx,(+2),148,0.87,160.1,,109.7,0.51,0.26,0.04,0.07,20.0,4.0,,17,76,104,39,6,10,Valorant Champions 2025,0.73,TL,Champions
free1ng,,477,0.86,160.4,,107.1,0.57,0.2,0.09,0.09,35.0,16.0,,23,270,308,97,43,43,Valorant Champions 2025,0.88,DRX,Champions
xffero,,137,0.85,172.0,,113.5,0.61,0.2,0.12,0.12,27.0,8.0,,16,83,94,27,16,16,Valorant Champions 2025,0.88,RRQ,Champions
BuZz,,148,0.85,190.3,,127.4,0.7,0.25,0.06,0.18,25.0,38.0,,31,103,112,37,9,27,Valorant Champions 2025,0.92,T1,Champions
Flex1n,,98,0.84,184.8,,119.0,0.62,0.4,0.1,0.12,29.0,,,20,61,72,39,10,12,Valorant Champions 2025,0.85,DRG,Champions
Akeman,,98,0.84,196.8,,124.4,0.69,0.16,0.15,0.13,25.0,30.0,,20,68,77,16,15,13,Valorant Champions 2025,0.88,DRG,Champions
PatMen,,356,0.84,157.8,,106.5,0.55,0.21,0.04,0.06,31.0,5.0,,21,196,235,76,14,22,Valorant Champions 2025,0.83,PRX,Champions
grubinho,,261,0.83,169.1,,108.0,0.6,0.39,0.11,0.1,29.0,22.0,,17,156,196,102,30,27,Valorant Champions 2025,0.8,GX,Champions
crazyguy,(+1),137,0.82,152.0,,109.8,0.49,0.33,0.04,0.09,24.0,13.0,,15,67,94,45,5,12,Valorant Champions 2025,0.71,RRQ,Champions
Jieni7,(+1),119,0.82,191.8,,117.9,0.65,0.23,0.12,0.08,26.0,,,21,77,93,27,14,10,Valorant Champions 2025,0.83,EDG,Champions
paTiTek,(+1),148,0.81,156.9,,101.1,0.53,0.36,0.03,0.05,27.0,9.0,,16,78,106,54,4,8,Valorant Champions 2025,0.74,TL,Champions
Zellsis,(+1),126,0.8,152.3,,99.7,0.54,0.27,0.13,0.11,20.0,,,16,68,88,34,17,14,Valorant Champions 2025,0.77,SEN,Champions
bang,,126,0.79,140.8,,92.4,0.53,0.29,0.06,0.09,35.0,11.0,,15,67,85,37,7,11,Valorant Champions 2025,0.79,SEN,Champions
coconut,,157,0.77,149.6,,92.6,0.5,0.44,0.08,0.07,30.0,,,16,79,112,69,12,11,Valorant Champions 2025,0.71,XLG,Champions
stax,,148,0.75,146.5,,98.8,0.49,0.31,0.03,0.07,38.0,10.0,,16,73,106,46,4,10,Valorant Champions 2025,0.69,T1,Champions
rushia,,95,0.72,147.6,,102.3,0.45,0.33,0.06,0.11,19.0,,,12,43,73,31,6,10,Valorant Champions 2025,0.59,BLG,Champions
whzy,,95,0.63,154.4,,101.9,0.52,0.22,0.11,0.19,31.0,,,13,49,80,21,10,18,Valorant Champions 2025,0.61,BLG,Champions
OXY,(+1),442,1.17,254.6,,160.0,0.91,0.17,0.19,0.16,27.0,20.0,,27,404,324,75,85,70,VCT 2025: Americas Stage 2,1.25,C9,Americas
valyn,,452,1.14,213.7,,135.6,0.79,0.39,0.08,0.07,27.0,18.0,,26,357,290,175,37,31,VCT 2025: Americas Stage 2,1.23,G2,Americas
N4RRATE,,426,1.14,225.2,,144.0,0.78,0.33,0.14,0.08,26.0,17.0,,27,332,283,141,58,36,VCT 2025: Americas Stage 2,1.17,SEN,Americas
Cryocells,,372,1.14,221.0,,145.9,0.83,0.21,0.15,0.09,30.0,18.0,,35,310,252,79,56,33,VCT 2025: Americas Stage 2,1.23,100T,Americas
JonahP,(+1),452,1.13,206.4,,129.3,0.74,0.33,0.1,0.08,23.0,27.0,,23,333,278,150,46,34,VCT 2025: Americas Stage 2,1.2,G2,Americas
brawk,,568,1.13,213.7,,139.2,0.72,0.32,0.07,0.04,19.0,10.0,,25,411,356,179,41,22,VCT 2025: Americas Stage 2,1.15,NRG,Americas
Sato,(+1),463,1.12,254.0,,163.7,0.9,0.17,0.19,0.18,33.0,13.0,,35,418,349,79,86,85,VCT 2025: Americas Stage 2,1.2,LEV,Americas
aspas,(+1),242,1.12,227.4,,147.3,0.8,0.16,0.19,0.09,26.0,17.0,,24,194,159,39,46,21,VCT 2025: Americas Stage 2,1.22,MIBR,Americas
keznit,(+2),334,1.12,234.1,,151.3,0.8,0.28,0.12,0.12,23.0,16.0,,22,268,234,93,41,41,VCT 2025: Americas Stage 2,1.15,KRÜ,Americas
johnqt,(+1),426,1.11,184.2,,119.8,0.65,0.4,0.06,0.03,25.0,10.0,,20,276,234,171,25,14,VCT 2025: Americas Stage 2,1.18,SEN,Americas
zekken,(+1),426,1.09,234.0,,148.9,0.83,0.18,0.22,0.18,24.0,18.0,,27,355,300,76,94,75,VCT 2025: Americas Stage 2,1.18,SEN,Americas
trent,,452,1.08,192.1,,126.1,0.69,0.33,0.07,0.07,26.0,19.0,,21,310,273,147,30,31,VCT 2025: Americas Stage 2,1.14,G2,Americas
kiNgg,,463,1.08,194.4,,126.4,0.67,0.33,0.08,0.07,27.0,17.0,,25,308,297,154,35,33,VCT 2025: Americas Stage 2,1.04,LEV,Americas
leaf,,111,1.07,211.4,,139.5,0.75,0.2,0.14,0.11,26.0,23.0,,20,83,75,22,16,12,VCT 2025: Americas Stage 2,1.11,G2,Americas
skuba,(+2),568,1.07,189.8,,126.7,0.7,0.28,0.06,0.07,25.0,14.0,,26,397,347,161,35,41,VCT 2025: Americas Stage 2,1.14,NRG,Americas
Derrek,(+2),289,1.07,210.1,,147.9,0.73,0.29,0.07,0.04,31.0,8.0,,30,210,209,84,20,13,VCT 2025: Americas Stage 2,1.0,EG,Americas
silentzz,(+3),252,1.07,198.5,,134.6,0.75,0.14,0.12,0.1,37.0,9.0,,26,189,166,36,29,26,VCT 2025: Americas Stage 2,1.14,2G,Americas
eeiu,,372,1.06,194.4,,127.9,0.72,0.28,0.06,0.07,31.0,6.0,,26,266,239,103,24,26,VCT 2025: Americas Stage 2,1.11,100T,Americas
cortezia,(+1),242,1.06,202.7,,138.9,0.75,0.2,0.07,0.09,33.0,21.0,,28,182,164,49,16,21,VCT 2025: Americas Stage 2,1.11,MIBR,Americas
v1c,,442,1.06,199.9,,129.4,0.71,0.38,0.09,0.07,30.0,16.0,,22,315,292,169,40,32,VCT 2025: Americas Stage 2,1.08,C9,Americas
jawgemo,,452,1.05,227.5,,142.2,0.81,0.24,0.16,0.13,23.0,16.0,,25,364,318,109,72,59,VCT 2025: Americas Stage 2,1.14,G2,Americas
bang,,426,1.05,194.6,,118.8,0.68,0.38,0.08,0.08,29.0,14.0,,20,289,265,160,32,33,VCT 2025: Americas Stage 2,1.09,SEN,Americas
s0m,(+3),568,1.04,197.0,,128.5,0.69,0.4,0.09,0.11,26.0,23.0,,22,393,380,229,50,61,VCT 2025: Americas Stage 2,1.03,NRG,Americas
mada,(+1),568,1.04,222.9,,142.0,0.78,0.17,0.22,0.2,26.0,12.0,,26,442,400,97,124,111,VCT 2025: Americas Stage 2,1.11,NRG,Americas
lukxo,,276,1.03,211.4,,139.5,0.76,0.18,0.14,0.08,34.0,8.0,,28,209,198,49,40,23,VCT 2025: Americas Stage 2,1.06,LOUD,Americas
BABYBAY,(+1),341,1.02,197.5,,128.7,0.69,0.25,0.13,0.11,22.0,15.0,,23,234,215,84,45,39,VCT 2025: Americas Stage 2,1.09,G2,Americas
Okeanos,(+3),463,1.02,200.8,,132.7,0.71,0.38,0.09,0.09,33.0,11.0,,30,331,326,176,42,41,VCT 2025: Americas Stage 2,1.02,LEV,Americas
Ethan,(+2),568,1.02,195.0,,124.1,0.65,0.45,0.07,0.07,23.0,13.0,,23,367,384,257,41,42,VCT 2025: Americas Stage 2,0.96,NRG,Americas
Asuna,(+2),372,1.01,207.3,,135.4,0.68,0.29,0.13,0.15,21.0,18.0,,24,253,253,107,48,54,VCT 2025: Americas Stage 2,1.0,100T,Americas
Virtyy,,276,1.01,214.0,,133.2,0.74,0.18,0.19,0.22,25.0,9.0,,25,203,198,49,53,60,VCT 2025: Americas Stage 2,1.03,LOUD,Americas
Zellsis,(+2),426,1.01,190.0,,122.4,0.66,0.34,0.07,0.07,22.0,15.0,,18,281,271,145,28,31,VCT 2025: Americas Stage 2,1.04,SEN,Americas
spike,,252,0.99,232.5,,149.2,0.8,0.27,0.19,0.2,25.0,19.0,,27,202,196,69,49,50,VCT 2025: Americas Stage 2,1.03,2G,Americas
Xeppaa,,442,0.98,200.7,,132.4,0.69,0.28,0.07,0.06,23.0,16.0,,22,306,308,123,33,26,VCT 2025: Americas Stage 2,0.99,C9,Americas
Shyy,,334,0.97,182.9,,123.6,0.64,0.23,0.07,0.07,30.0,12.0,,23,214,222,76,23,23,VCT 2025: Americas Stage 2,0.96,KRÜ,Americas
C0M,,463,0.96,170.5,,117.9,0.59,0.29,0.06,0.06,27.0,14.0,,22,271,290,135,26,26,VCT 2025: Americas Stage 2,0.93,LEV,Americas
zander,,372,0.96,198.4,,128.2,0.69,0.32,0.11,0.1,26.0,14.0,,23,256,261,120,42,36,VCT 2025: Americas Stage 2,0.98,100T,Americas
Mazino,,334,0.96,191.1,,126.9,0.65,0.31,0.07,0.08,24.0,16.0,,22,216,230,104,25,27,VCT 2025: Americas Stage 2,0.94,KRÜ,Americas
yay,(+1),289,0.95,217.7,,142.2,0.77,0.19,0.17,0.21,29.0,9.0,,29,223,228,56,48,60,VCT 2025: Americas Stage 2,0.98,EG,Americas
xenom,(+1),242,0.94,168.5,,110.9,0.6,0.34,0.07,0.04,35.0,13.0,,20,145,157,82,17,9,VCT 2025: Americas Stage 2,0.92,MIBR,Americas
Melser,,334,0.93,159.2,,104.4,0.59,0.36,0.06,0.08,26.0,9.0,,20,196,218,119,19,28,VCT 2025: Americas Stage 2,0.9,KRÜ,Americas
mitch,,442,0.93,175.4,,115.5,0.57,0.4,0.06,0.11,19.0,20.0,,18,252,291,178,25,49,VCT 2025: Americas Stage 2,0.87,C9,Americas
cauanzin,(+2),276,0.92,193.8,,125.7,0.67,0.31,0.09,0.07,25.0,10.0,,21,185,204,86,24,20,VCT 2025: Americas Stage 2,0.91,LOUD,Americas
pryze,,252,0.91,178.6,,124.0,0.6,0.29,0.05,0.05,22.0,12.0,,20,152,189,74,13,12,VCT 2025: Americas Stage 2,0.8,2G,Americas
Kess,(+2),372,0.9,173.1,,112.9,0.6,0.29,0.07,0.07,28.0,15.0,,23,224,256,107,27,26,VCT 2025: Americas Stage 2,0.88,100T,Americas
neT,,442,0.9,164.1,,108.1,0.59,0.25,0.07,0.11,31.0,21.0,,22,261,288,112,33,49,VCT 2025: Americas Stage 2,0.91,C9,Americas
NaturE,(+1),289,0.89,180.3,,113.4,0.58,0.45,0.05,0.07,21.0,13.0,,18,169,212,130,14,21,VCT 2025: Americas Stage 2,0.8,EG,Americas
pANcada,,276,0.89,164.1,,111.9,0.56,0.34,0.04,0.05,38.0,13.0,,28,155,192,95,12,14,VCT 2025: Americas Stage 2,0.81,LOUD,Americas
Dantedeu5,(+1),334,0.87,187.8,,122.3,0.64,0.26,0.13,0.19,25.0,13.0,,24,214,247,86,45,62,VCT 2025: Americas Stage 2,0.87,KRÜ,Americas
heat,,196,0.87,185.1,,123.5,0.62,0.19,0.08,0.1,30.0,6.0,,18,121,158,37,16,20,VCT 2025: Americas Stage 2,0.77,FUR,Americas
lz,,252,0.86,160.9,,103.0,0.56,0.42,0.08,0.1,40.0,16.0,,19,140,177,106,21,26,VCT 2025: Americas Stage 2,0.79,2G,Americas
adverso,(+1),196,0.85,188.3,,125.4,0.64,0.24,0.06,0.08,20.0,17.0,,21,125,164,47,12,16,VCT 2025: Americas Stage 2,0.76,FUR,Americas
icy,,289,0.85,167.5,,112.4,0.6,0.19,0.09,0.14,28.0,11.0,,22,173,211,54,27,40,VCT 2025: Americas Stage 2,0.82,EG,Americas
tex,(+2),463,0.83,162.1,,107.5,0.59,0.17,0.09,0.1,32.0,12.0,,21,273,321,80,42,47,VCT 2025: Americas Stage 2,0.85,LEV,Americas
supamen,,289,0.83,154.5,,102.1,0.56,0.27,0.07,0.09,35.0,14.0,,21,161,207,79,20,26,VCT 2025: Americas Stage 2,0.78,EG,Americas
artzin,(+2),242,0.8,179.8,,119.1,0.63,0.21,0.11,0.2,22.0,15.0,,22,153,180,51,26,49,VCT 2025: Americas Stage 2,0.85,MIBR,Americas
gobera,(+1),252,0.78,156.7,,101.4,0.53,0.31,0.05,0.06,27.0,28.0,,21,133,185,79,12,14,VCT 2025: Americas Stage 2,0.72,2G,Americas
RobbieBk,(+1),276,0.78,149.0,,103.3,0.51,0.24,0.04,0.07,35.0,17.0,,17,142,194,65,10,20,VCT 2025: Americas Stage 2,0.73,LOUD,Americas
Palla,(+1),196,0.77,199.0,,130.5,0.66,0.18,0.15,0.22,30.0,,,24,130,174,35,30,44,VCT 2025: Americas Stage 2,0.75,FUR,Americas
tuyz,,196,0.72,135.7,,93.5,0.47,0.36,0.05,0.08,28.0,13.0,,17,93,152,71,10,16,VCT 2025: Americas Stage 2,0.61,FUR,Americas
Verno,,242,0.72,140.5,,96.1,0.45,0.3,0.06,0.09,27.0,13.0,,15,110,171,73,15,22,VCT 2025: Americas Stage 2,0.64,MIBR,Americas
Urango,(+3),196,0.59,139.9,,94.4,0.47,0.26,0.03,0.14,31.0,13.0,,14,93,168,50,5,27,VCT 2025: Americas Stage 2,0.55,FUR,Americas
Ruxic,,472,1.23,246.4,,159.4,0.91,0.3,0.12,0.08,31.0,15.0,,31,430,317,142,56,39,VCT 2025: EMEA Stage 2,1.36,NAVI,EMEA
keiko,(+1),494,1.21,233.4,,148.6,0.85,0.29,0.11,0.09,32.0,23.0,,26,422,317,141,53,44,VCT 2025: EMEA Stage 2,1.33,TL,EMEA
SUYGETSU,,389,1.16,214.6,,139.4,0.79,0.32,0.08,0.09,41.0,20.0,,26,306,254,126,30,34,VCT 2025: EMEA Stage 2,1.2,KC,EMEA
nAts,,494,1.15,231.4,,152.3,0.81,0.33,0.1,0.06,25.0,13.0,,30,400,337,161,48,31,VCT 2025: EMEA Stage 2,1.19,TL,EMEA
RieNs,,334,1.15,226.8,,155.8,0.8,0.31,0.07,0.03,35.0,24.0,,24,267,232,105,22,10,VCT 2025: EMEA Stage 2,1.15,TH,EMEA
hiro,(+1),472,1.14,220.1,,149.6,0.81,0.25,0.1,0.09,35.0,12.0,,32,380,320,118,47,44,VCT 2025: EMEA Stage 2,1.19,NAVI,EMEA
Wo0t,(+2),334,1.12,227.3,,149.4,0.82,0.28,0.15,0.11,38.0,30.0,,28,274,233,92,51,37,VCT 2025: EMEA Stage 2,1.18,TH,EMEA
Derke,(+1),299,1.12,244.5,,162.1,0.85,0.18,0.17,0.16,26.0,25.0,,23,253,225,55,50,48,VCT 2025: EMEA Stage 2,1.12,VIT,EMEA
Less,,299,1.11,205.9,,132.9,0.76,0.22,0.09,0.09,32.0,18.0,,24,227,194,67,28,26,VCT 2025: EMEA Stage 2,1.17,VIT,EMEA
Sayf,,44,1.11,176.0,,123.0,0.61,0.2,0.02,0.07,37.0,18.0,,17,27,29,9,1,3,VCT 2025: EMEA Stage 2,0.93,VIT,EMEA
kaajak,(+1),448,1.1,235.9,,150.8,0.82,0.15,0.17,0.13,35.0,36.0,,26,368,324,69,74,59,VCT 2025: EMEA Stage 2,1.14,FNC,EMEA
trexx,(+1),494,1.09,203.5,,130.1,0.69,0.44,0.06,0.06,20.0,19.0,,26,341,318,215,32,29,VCT 2025: EMEA Stage 2,1.07,TL,EMEA
Avez,(+2),389,1.07,223.1,,144.3,0.78,0.23,0.11,0.11,32.0,33.0,,28,304,272,88,44,42,VCT 2025: EMEA Stage 2,1.12,KC,EMEA
Alfajer,(+3),448,1.06,221.9,,148.6,0.81,0.13,0.14,0.11,36.0,14.0,,29,363,317,60,64,48,VCT 2025: EMEA Stage 2,1.15,FNC,EMEA
ara,,625,1.05,216.7,,140.3,0.77,0.15,0.18,0.13,26.0,17.0,,31,482,431,91,111,81,VCT 2025: EMEA Stage 2,1.12,GX,EMEA
crashies,,448,1.05,191.5,,133.5,0.67,0.31,0.05,0.06,33.0,16.0,,22,301,292,141,23,29,VCT 2025: EMEA Stage 2,1.03,FNC,EMEA
cNed,,247,1.05,215.8,,138.6,0.79,0.26,0.12,0.11,33.0,11.0,,25,194,184,65,29,27,VCT 2025: EMEA Stage 2,1.05,FUT,EMEA
PROFEK,(+1),519,1.04,191.5,,130.1,0.69,0.3,0.07,0.06,26.0,16.0,,24,358,348,158,36,33,VCT 2025: EMEA Stage 2,1.03,BBL,EMEA
marteen,(+1),389,1.04,215.9,,138.7,0.78,0.25,0.15,0.15,34.0,12.0,,26,302,277,96,58,59,VCT 2025: EMEA Stage 2,1.09,KC,EMEA
grubinho,,625,1.03,202.2,,132.1,0.7,0.4,0.1,0.1,29.0,24.0,,26,437,434,253,62,63,VCT 2025: EMEA Stage 2,1.01,GX,EMEA
westside,(+1),625,1.03,196.1,,130.2,0.72,0.19,0.1,0.08,44.0,19.0,,21,448,420,117,63,52,VCT 2025: EMEA Stage 2,1.07,GX,EMEA
yetujey,,247,1.03,202.6,,137.9,0.71,0.21,0.1,0.1,27.0,20.0,,24,175,171,53,24,25,VCT 2025: EMEA Stage 2,1.02,FUT,EMEA
Chronicle,(+1),448,1.02,206.2,,139.7,0.71,0.28,0.09,0.1,27.0,11.0,,28,320,314,125,39,43,VCT 2025: EMEA Stage 2,1.02,FNC,EMEA
paTiTek,(+2),494,1.02,185.9,,122.4,0.68,0.37,0.09,0.09,25.0,21.0,,25,334,322,185,46,46,VCT 2025: EMEA Stage 2,1.04,TL,EMEA
Minny,(+2),306,1.01,199.1,,135.5,0.71,0.22,0.08,0.12,36.0,20.0,,34,217,219,67,26,38,VCT 2025: EMEA Stage 2,0.99,M8,EMEA
MiniBoo,(+1),334,1.0,223.9,,145.6,0.8,0.19,0.2,0.15,31.0,17.0,,27,266,251,63,66,51,VCT 2025: EMEA Stage 2,1.06,TH,EMEA
alexiiik,,472,1.0,210.5,,136.7,0.77,0.14,0.16,0.17,26.0,11.0,,25,362,334,66,75,78,VCT 2025: EMEA Stage 2,1.08,NAVI,EMEA
ComeBack,,306,1.0,219.6,,140.2,0.78,0.17,0.16,0.17,33.0,11.0,,29,239,225,53,48,53,VCT 2025: EMEA Stage 2,1.06,M8,EMEA
MAGNUM,(+3),519,1.0,197.5,,127.1,0.69,0.27,0.07,0.12,30.0,17.0,,21,359,357,139,35,60,VCT 2025: EMEA Stage 2,1.01,BBL,EMEA
Shao,(+1),472,1.0,181.2,,118.4,0.62,0.32,0.08,0.06,32.0,23.0,,22,294,302,149,36,28,VCT 2025: EMEA Stage 2,0.97,NAVI,EMEA
Flickless,,625,1.0,192.2,,124.7,0.65,0.46,0.08,0.08,25.0,14.0,,26,408,437,288,47,51,VCT 2025: EMEA Stage 2,0.93,GX,EMEA
baddyG,,287,0.99,192.0,,122.0,0.71,0.35,0.09,0.07,24.0,17.0,,30,203,213,100,26,19,VCT 2025: EMEA Stage 2,0.95,MKOI,EMEA
benjyfishy,(+1),334,0.99,199.1,,127.7,0.71,0.25,0.08,0.08,37.0,11.0,,24,237,232,83,28,26,VCT 2025: EMEA Stage 2,1.02,TH,EMEA
penny,(+1),290,0.99,200.9,,133.6,0.73,0.18,0.16,0.19,21.0,17.0,,24,211,207,53,47,55,VCT 2025: EMEA Stage 2,1.02,APK,EMEA
Elite,,236,0.99,189.5,,127.5,0.68,0.18,0.08,0.07,41.0,11.0,,22,160,160,43,20,17,VCT 2025: EMEA Stage 2,1.0,KC,EMEA
kamo,,494,0.98,211.5,,137.6,0.73,0.23,0.17,0.17,26.0,18.0,,24,360,351,114,82,83,VCT 2025: EMEA Stage 2,1.03,TL,EMEA
LewN,(+3),519,0.98,215.0,,141.1,0.77,0.14,0.16,0.17,30.0,17.0,,26,399,386,75,83,88,VCT 2025: EMEA Stage 2,1.03,BBL,EMEA
MONSTEERR,(+1),287,0.98,196.4,,132.4,0.71,0.17,0.08,0.08,28.0,15.0,,23,205,210,50,22,22,VCT 2025: EMEA Stage 2,0.98,MKOI,EMEA
Veqaj,,306,0.98,195.6,,136.2,0.7,0.31,0.07,0.1,27.0,10.0,,28,213,224,94,20,30,VCT 2025: EMEA Stage 2,0.95,M8,EMEA
Jamppi,(+2),519,0.98,186.4,,122.0,0.64,0.3,0.07,0.08,27.0,18.0,,24,332,351,156,35,43,VCT 2025: EMEA Stage 2,0.95,BBL,EMEA
kamyk,(+1),306,0.98,193.6,,123.1,0.7,0.38,0.08,0.08,34.0,9.0,,24,214,219,117,25,26,VCT 2025: EMEA Stage 2,0.98,M8,EMEA
qRaxs,,247,0.95,181.6,,114.7,0.62,0.53,0.04,0.06,36.0,17.0,,21,152,187,132,10,14,VCT 2025: EMEA Stage 2,0.81,FUT,EMEA
Cloud,,625,0.94,180.8,,123.8,0.63,0.27,0.08,0.08,30.0,9.0,,21,395,433,170,47,48,VCT 2025: EMEA Stage 2,0.91,GX,EMEA
sociablEE,(+3),519,0.93,197.9,,130.5,0.71,0.2,0.12,0.09,31.0,15.0,,36,370,391,103,61,45,VCT 2025: EMEA Stage 2,0.95,BBL,EMEA
MOLSI,(+2),290,0.93,187.4,,127.9,0.61,0.37,0.06,0.06,27.0,4.0,,19,177,215,106,17,16,VCT 2025: EMEA Stage 2,0.82,APK,EMEA
KovaQ,(+5),255,0.92,198.6,,123.8,0.71,0.25,0.12,0.11,33.0,12.0,,23,182,187,64,30,28,VCT 2025: EMEA Stage 2,0.97,VIT,EMEA
OLIZERA,(+1),290,0.92,194.5,,127.1,0.69,0.21,0.1,0.09,28.0,11.0,,23,199,215,60,29,26,VCT 2025: EMEA Stage 2,0.93,APK,EMEA
Boo,,334,0.89,153.9,,99.3,0.52,0.43,0.07,0.06,30.0,19.0,,16,174,216,144,22,21,VCT 2025: EMEA Stage 2,0.81,TH,EMEA
xeus,,247,0.89,210.3,,132.0,0.73,0.21,0.14,0.18,29.0,,,24,180,197,53,35,44,VCT 2025: EMEA Stage 2,0.91,FUT,EMEA
Kicks,(+1),299,0.89,166.3,,109.7,0.56,0.44,0.07,0.06,29.0,18.0,,23,168,214,132,20,19,VCT 2025: EMEA Stage 2,0.79,VIT,EMEA
UNFAKE,,299,0.89,186.1,,120.6,0.65,0.26,0.07,0.08,38.0,17.0,,21,193,218,78,22,24,VCT 2025: EMEA Stage 2,0.89,VIT,EMEA
flyuh,(+1),287,0.88,185.9,,127.6,0.65,0.28,0.06,0.07,26.0,16.0,,23,187,219,80,18,19,VCT 2025: EMEA Stage 2,0.85,MKOI,EMEA
MrFaliN,,247,0.88,168.6,,111.4,0.57,0.37,0.07,0.09,24.0,14.0,,25,141,182,92,18,21,VCT 2025: EMEA Stage 2,0.77,FUT,EMEA
batujnax,(+2),290,0.86,178.5,,117.7,0.62,0.26,0.09,0.14,28.0,,,25,181,220,74,26,41,VCT 2025: EMEA Stage 2,0.82,APK,EMEA
Filu,(+5),287,0.85,199.7,,131.7,0.66,0.22,0.16,0.14,27.0,4.0,,20,190,227,64,45,39,VCT 2025: EMEA Stage 2,0.84,MKOI,EMEA
Proxh,,306,0.85,161.7,,107.0,0.56,0.39,0.05,0.08,25.0,10.0,,18,171,218,119,16,24,VCT 2025: EMEA Stage 2,0.78,M8,EMEA
nataNk,(+5),287,0.85,172.5,,117.4,0.61,0.22,0.11,0.16,27.0,14.0,,22,174,210,63,32,45,VCT 2025: EMEA Stage 2,0.83,MKOI,EMEA
saadhak,(+2),389,0.84,164.1,,109.9,0.54,0.36,0.07,0.11,30.0,20.0,,21,212,278,140,27,41,VCT 2025: EMEA Stage 2,0.76,KC,EMEA
AvovA,,290,0.83,146.7,,97.7,0.53,0.34,0.05,0.06,31.0,16.0,,16,153,211,98,15,18,VCT 2025: EMEA Stage 2,0.73,APK,EMEA
pyrolll,,153,0.82,146.8,,100.6,0.52,0.18,0.04,0.07,36.0,11.0,,22,80,104,28,6,11,VCT 2025: EMEA Stage 2,0.77,KC,EMEA
Boaster,,448,0.79,141.8,,94.3,0.5,0.31,0.05,0.11,30.0,21.0,,19,222,298,137,21,48,VCT 2025: EMEA Stage 2,0.74,FNC,EMEA
ANGE1,(+1),472,0.77,155.7,,104.8,0.53,0.37,0.06,0.09,31.0,11.0,,21,249,342,175,26,43,VCT 2025: EMEA Stage 2,0.73,NAVI,EMEA
Meiy,(+1),274,1.25,266.2,,167.2,0.96,0.19,0.17,0.1,29.0,17.0,,39,264,195,53,46,27,VCT 2025: Pacific Stage 2,1.35,DFM,Pacific
something,,402,1.23,230.4,,149.3,0.85,0.21,0.18,0.09,26.0,17.0,,32,340,247,86,71,38,VCT 2025: Pacific Stage 2,1.38,PRX,Pacific
Jinggg,,402,1.14,237.1,,154.3,0.81,0.29,0.13,0.09,24.0,22.0,,24,325,274,116,53,38,VCT 2025: Pacific Stage 2,1.19,PRX,Pacific
HYUNMIN,(+1),333,1.13,242.8,,157.6,0.83,0.18,0.17,0.11,28.0,13.0,,26,278,242,60,58,38,VCT 2025: Pacific Stage 2,1.15,DRX,Pacific
Jemkin,(+1),696,1.12,227.6,,141.9,0.83,0.17,0.18,0.15,35.0,7.0,,31,579,468,115,124,105,VCT 2025: Pacific Stage 2,1.24,RRQ,Pacific
DH,,442,1.1,196.8,,127.7,0.72,0.46,0.08,0.09,38.0,26.0,,23,317,296,202,36,40,VCT 2025: Pacific Stage 2,1.07,T1,Pacific
primmie,,498,1.1,216.7,,136.5,0.79,0.22,0.11,0.1,39.0,21.0,,30,394,332,110,55,52,VCT 2025: Pacific Stage 2,1.19,TLN,Pacific
d4v41,(+1),402,1.1,199.2,,137.4,0.72,0.25,0.09,0.06,25.0,12.0,,29,290,250,100,37,24,VCT 2025: Pacific Stage 2,1.16,PRX,Pacific
Dep,(+2),238,1.08,218.8,,141.8,0.77,0.19,0.13,0.1,33.0,13.0,,22,183,171,45,30,24,VCT 2025: Pacific Stage 2,1.07,ZETA,Pacific
Karon,,305,1.07,197.5,,124.5,0.71,0.47,0.1,0.06,35.0,21.0,,23,216,206,144,29,19,VCT 2025: Pacific Stage 2,1.05,GEN,Pacific
f0rsakeN,(+1),402,1.07,213.7,,139.7,0.76,0.36,0.11,0.12,31.0,37.0,,27,307,275,144,46,49,VCT 2025: Pacific Stage 2,1.12,PRX,Pacific
xffero,(+2),696,1.06,190.9,,125.6,0.69,0.24,0.07,0.05,29.0,20.0,,25,482,435,167,47,36,VCT 2025: Pacific Stage 2,1.11,RRQ,Pacific
dos9,(+1),235,1.06,204.6,,126.0,0.72,0.39,0.08,0.09,29.0,14.0,,25,169,160,92,18,20,VCT 2025: Pacific Stage 2,1.06,BME,Pacific
Dambi,(+1),400,1.06,228.9,,141.2,0.79,0.22,0.19,0.16,24.0,25.0,,23,314,289,89,74,65,VCT 2025: Pacific Stage 2,1.09,NS,Pacific
Flashback,(+1),333,1.06,203.6,,134.8,0.74,0.18,0.09,0.08,33.0,13.0,,24,247,213,61,31,27,VCT 2025: Pacific Stage 2,1.16,DRX,Pacific
Monyet,(+3),696,1.06,220.5,,141.3,0.75,0.35,0.13,0.14,28.0,22.0,,24,522,485,244,89,98,VCT 2025: Pacific Stage 2,1.08,RRQ,Pacific
MaKo,,333,1.05,197.9,,128.4,0.67,0.36,0.09,0.12,27.0,11.0,,22,222,216,119,31,39,VCT 2025: Pacific Stage 2,1.03,DRX,Pacific
SugarZ3ro,,238,1.05,204.4,,132.2,0.73,0.35,0.07,0.06,31.0,17.0,,23,173,174,83,16,15,VCT 2025: Pacific Stage 2,0.99,ZETA,Pacific
Ash,,305,1.05,185.3,,121.1,0.67,0.23,0.05,0.04,29.0,17.0,,18,204,186,71,14,13,VCT 2025: Pacific Stage 2,1.1,GEN,Pacific
Persia,,400,1.04,184.2,,116.4,0.67,0.39,0.08,0.08,29.0,15.0,,27,266,257,157,30,31,VCT 2025: Pacific Stage 2,1.04,NS,Pacific
Meteor,(+1),442,1.04,222.0,,141.6,0.76,0.29,0.1,0.09,29.0,6.0,,24,338,318,126,44,40,VCT 2025: Pacific Stage 2,1.06,T1,Pacific
UdoTan,,241,1.04,234.5,,152.5,0.82,0.14,0.16,0.16,22.0,22.0,,29,198,180,34,38,38,VCT 2025: Pacific Stage 2,1.1,GE,Pacific
gyen,,274,1.02,190.1,,123.6,0.68,0.25,0.09,0.11,34.0,14.0,,19,185,179,69,25,29,VCT 2025: Pacific Stage 2,1.03,DFM,Pacific
invy,(+3),256,1.02,203.9,,136.5,0.72,0.22,0.08,0.06,30.0,8.0,,28,184,195,56,21,15,VCT 2025: Pacific Stage 2,0.94,TS,Pacific
Kr1stal,(+1),241,1.01,198.3,,130.4,0.68,0.23,0.09,0.09,28.0,30.0,,21,164,174,56,22,21,VCT 2025: Pacific Stage 2,0.94,GE,Pacific
Killua,,498,1.01,199.9,,133.7,0.73,0.21,0.08,0.08,41.0,18.0,,27,366,349,103,41,40,VCT 2025: Pacific Stage 2,1.05,TLN,Pacific
Francis,(+3),400,1.01,199.3,,129.4,0.69,0.36,0.08,0.1,26.0,13.0,,27,275,278,144,30,38,VCT 2025: Pacific Stage 2,0.99,NS,Pacific
thyy,(+2),498,1.01,222.4,,140.4,0.79,0.2,0.15,0.12,30.0,18.0,,25,391,364,101,77,58,VCT 2025: Pacific Stage 2,1.07,TLN,Pacific
t3xture,,305,1.0,215.4,,138.0,0.75,0.17,0.17,0.14,26.0,16.0,,24,228,217,51,53,44,VCT 2025: Pacific Stage 2,1.05,GEN,Pacific
Foxy9,,305,0.99,187.1,,124.9,0.67,0.18,0.09,0.07,33.0,10.0,,19,204,194,54,28,22,VCT 2025: Pacific Stage 2,1.05,GEN,Pacific
Xdll,(+1),238,0.99,186.2,,122.1,0.69,0.23,0.08,0.09,34.0,14.0,,26,164,173,54,18,21,VCT 2025: Pacific Stage 2,0.95,ZETA,Pacific
n1zzy,(+4),256,0.98,189.6,,130.2,0.68,0.18,0.11,0.11,39.0,20.0,,22,173,190,45,29,29,VCT 2025: Pacific Stage 2,0.91,TS,Pacific
Rb,(+2),400,0.98,187.0,,125.5,0.67,0.25,0.1,0.1,28.0,14.0,,27,266,274,101,39,38,VCT 2025: Pacific Stage 2,0.97,NS,Pacific
JitBoyS,(+3),498,0.97,184.7,,118.7,0.65,0.25,0.07,0.1,35.0,10.0,,23,325,326,125,37,52,VCT 2025: Pacific Stage 2,1.0,TLN,Pacific
BuZz,,442,0.97,201.6,,129.4,0.72,0.16,0.14,0.14,22.0,7.0,,33,320,313,72,60,61,VCT 2025: Pacific Stage 2,1.02,T1,Pacific
free1ng,(+1),333,0.96,185.4,,120.6,0.64,0.28,0.08,0.1,35.0,21.0,,20,213,223,94,28,33,VCT 2025: Pacific Stage 2,0.96,DRX,Pacific
Jinboong,(+2),274,0.96,186.9,,122.3,0.64,0.19,0.08,0.07,33.0,18.0,,23,176,186,52,23,18,VCT 2025: Pacific Stage 2,0.95,DFM,Pacific
ban,(+2),241,0.95,205.8,,135.0,0.72,0.2,0.13,0.13,30.0,9.0,,21,174,178,47,31,31,VCT 2025: Pacific Stage 2,0.98,GE,Pacific
Ivy,,400,0.95,178.9,,114.7,0.64,0.21,0.07,0.07,28.0,4.0,,23,256,267,85,26,28,VCT 2025: Pacific Stage 2,0.96,NS,Pacific
Munchkin,,305,0.94,200.9,,129.4,0.67,0.32,0.14,0.13,23.0,6.0,,24,203,209,99,42,41,VCT 2025: Pacific Stage 2,0.97,GEN,Pacific
crazyguy,(+5),696,0.94,176.9,,115.9,0.61,0.39,0.06,0.07,28.0,11.0,,24,423,473,270,45,50,VCT 2025: Pacific Stage 2,0.89,RRQ,Pacific
PatMen,,402,0.93,172.0,,116.4,0.63,0.29,0.05,0.06,31.0,10.0,,25,253,267,118,21,25,VCT 2025: Pacific Stage 2,0.95,PRX,Pacific
iZu,,442,0.92,212.4,,136.6,0.72,0.24,0.13,0.14,25.0,13.0,,29,319,326,104,56,63,VCT 2025: Pacific Stage 2,0.98,T1,Pacific
Akame,(+3),274,0.92,203.5,,133.2,0.69,0.25,0.11,0.12,29.0,20.0,,23,188,203,68,31,34,VCT 2025: Pacific Stage 2,0.93,DFM,Pacific
BerserX,(+2),235,0.92,186.5,,118.3,0.66,0.14,0.12,0.1,23.0,7.0,,24,155,165,34,28,23,VCT 2025: Pacific Stage 2,0.94,BME,Pacific
Shiro,,235,0.91,187.5,,127.3,0.64,0.31,0.11,0.11,25.0,14.0,,21,151,176,72,27,26,VCT 2025: Pacific Stage 2,0.86,BME,Pacific
Crws,(+2),498,0.9,164.6,,109.9,0.55,0.33,0.08,0.09,24.0,17.0,,28,276,320,162,42,43,VCT 2025: Pacific Stage 2,0.86,TLN,Pacific
kellyS,(+4),256,0.9,187.2,,125.6,0.64,0.22,0.08,0.13,19.0,4.0,,25,163,197,56,21,33,VCT 2025: Pacific Stage 2,0.83,TS,Pacific
Kushy,(+2),696,0.89,168.8,,111.9,0.57,0.25,0.06,0.08,32.0,16.0,,23,396,467,177,44,58,VCT 2025: Pacific Stage 2,0.85,RRQ,Pacific
Papi,(+1),241,0.88,170.8,,113.6,0.58,0.29,0.06,0.06,27.0,6.0,,17,140,163,71,14,14,VCT 2025: Pacific Stage 2,0.86,GE,Pacific
stax,,442,0.88,158.6,,107.9,0.56,0.24,0.03,0.06,29.0,16.0,,21,246,292,108,15,27,VCT 2025: Pacific Stage 2,0.84,T1,Pacific
CLZ,(+4),238,0.85,161.3,,108.3,0.58,0.23,0.06,0.06,35.0,24.0,,22,138,171,54,15,14,VCT 2025: Pacific Stage 2,0.81,ZETA,Pacific
TenTen,(+2),238,0.84,194.9,,130.8,0.66,0.21,0.13,0.23,17.0,10.0,,22,157,185,51,30,55,VCT 2025: Pacific Stage 2,0.85,ZETA,Pacific
yoman,(+3),241,0.83,157.9,,104.0,0.57,0.3,0.07,0.06,27.0,18.0,,22,137,171,72,18,14,VCT 2025: Pacific Stage 2,0.8,GE,Pacific
Famouz,(+1),235,0.82,197.4,,126.7,0.66,0.15,0.12,0.12,18.0,5.0,,18,156,185,35,29,29,VCT 2025: Pacific Stage 2,0.84,BME,Pacific
Estrella,(+2),333,0.81,152.2,,99.4,0.49,0.39,0.05,0.1,27.0,19.0,,18,164,223,131,15,33,VCT 2025: Pacific Stage 2,0.74,DRX,Pacific
NcSlasher,(+2),235,0.78,159.9,,106.1,0.56,0.3,0.06,0.09,24.0,4.0,,19,132,175,71,15,20,VCT 2025: Pacific Stage 2,0.75,BME,Pacific
ZesBeeW,,195,0.76,151.4,,101.2,0.55,0.31,0.08,0.17,24.0,20.0,,28,107,148,61,16,34,VCT 2025: Pacific Stage 2,0.72,TS,Pacific
Wild0reoo,(+2),256,0.76,162.9,,107.5,0.55,0.27,0.06,0.15,34.0,26.0,,23,140,199,70,15,39,VCT 2025: Pacific Stage 2,0.7,TS,Pacific
JessieVash,,61,0.75,141.7,,103.7,0.49,0.16,0.03,0.03,32.0,,,16,30,43,10,2,2,VCT 2025: Pacific Stage 2,0.7,TS,Pacific
SSeeS,,274,0.66,122.5,,81.5,0.43,0.2,0.05,0.1,25.0,15.0,,12,117,182,54,13,28,VCT 2025: Pacific Stage 2,0.64,DFM,Pacific
stew,(+2),308,1.2,262.4,,169.1,0.93,0.18,0.22,0.15,36.0,,,35,286,234,54,68,47,VCT 2025: China Stage 2,1.22,JDG,China
slowly,(+2),345,1.2,231.2,,151.7,0.83,0.24,0.17,0.15,32.0,,,31,286,230,83,60,51,VCT 2025: China Stage 2,1.24,TYL,China
Ezeir,,299,1.19,226.1,,143.0,0.76,0.42,0.1,0.07,20.0,,,26,228,207,127,29,21,VCT 2025: China Stage 2,1.1,NOVA,China
whzy,,543,1.18,251.8,,160.4,0.9,0.2,0.19,0.17,29.0,,,30,491,395,110,102,92,VCT 2025: China Stage 2,1.24,BLG,China
rushia,(+1),543,1.17,213.2,,138.7,0.74,0.41,0.08,0.1,23.0,,,25,400,348,224,46,55,VCT 2025: China Stage 2,1.15,BLG,China
happywei,(+1),397,1.15,248.8,,161.9,0.84,0.28,0.12,0.1,29.0,,,24,333,270,113,36,29,VCT 2025: China Stage 2,1.23,XLG,China
Shr1mp,(+1),411,1.15,205.9,,135.5,0.74,0.31,0.07,0.06,26.0,,,23,304,266,129,24,21,VCT 2025: China Stage 2,1.14,AG,China
nephh,(+2),543,1.15,199.2,,125.1,0.69,0.55,0.08,0.07,21.0,,,29,374,346,296,43,39,VCT 2025: China Stage 2,1.08,BLG,China
Kai,(+3),333,1.14,251.2,,156.3,0.9,0.17,0.2,0.13,27.0,,,29,299,244,55,65,43,VCT 2025: China Stage 2,1.23,TE,China
Life,(+1),312,1.12,229.6,,146.8,0.81,0.15,0.2,0.2,30.0,,,24,252,215,46,53,52,VCT 2025: China Stage 2,1.17,FPX,China
Knight,,543,1.12,204.3,,129.6,0.73,0.23,0.08,0.06,27.0,,,27,397,336,125,43,35,VCT 2025: China Stage 2,1.18,BLG,China
vo0kashu,(+1),578,1.11,214.2,,142.3,0.77,0.22,0.08,0.05,31.0,,,25,444,376,126,45,31,VCT 2025: China Stage 2,1.18,DRG,China
Rarga,(+2),397,1.11,228.5,,153.0,0.8,0.23,0.16,0.12,34.0,,,27,316,289,93,49,35,VCT 2025: China Stage 2,1.09,XLG,China
Scales,(+1),345,1.08,220.4,,138.9,0.75,0.19,0.11,0.09,36.0,,,22,260,233,67,39,31,VCT 2025: China Stage 2,1.12,TYL,China
ZmjjKK,(+1),546,1.07,238.3,,151.2,0.84,0.21,0.17,0.18,23.0,,,31,457,408,115,95,101,VCT 2025: China Stage 2,1.12,EDG,China
K1ra,,411,1.07,210.4,,136.0,0.72,0.3,0.13,0.11,26.0,,,26,295,267,125,48,39,VCT 2025: China Stage 2,1.1,AG,China
AAAAY,,312,1.07,183.3,,125.9,0.66,0.22,0.06,0.06,41.0,,,24,205,193,69,17,16,VCT 2025: China Stage 2,1.06,FPX,China
Flex1n,,578,1.06,190.5,,118.7,0.68,0.47,0.06,0.09,28.0,,,21,391,378,269,37,50,VCT 2025: China Stage 2,1.03,DRG,China
MarT1n,(+1),333,1.04,193.4,,123.7,0.7,0.22,0.07,0.07,32.0,,,26,233,216,74,23,23,VCT 2025: China Stage 2,1.08,TE,China
Autumn,(+4),312,1.04,195.7,,132.2,0.7,0.22,0.08,0.09,31.0,,,24,218,213,70,20,24,VCT 2025: China Stage 2,1.02,FPX,China
yosemite,(+2),312,1.03,195.4,,130.3,0.67,0.24,0.09,0.05,24.0,,,23,209,208,74,23,14,VCT 2025: China Stage 2,1.0,FPX,China
nobody,(+3),546,1.03,204.1,,137.3,0.73,0.23,0.1,0.1,34.0,,,26,400,375,127,52,57,VCT 2025: China Stage 2,1.07,EDG,China
Jieni7,(+2),444,1.02,210.5,,132.8,0.73,0.33,0.11,0.08,29.0,,,24,324,315,148,49,36,VCT 2025: China Stage 2,1.03,EDG,China
Viva,,397,1.02,175.2,,121.6,0.62,0.31,0.04,0.06,29.0,,,24,247,244,122,13,17,VCT 2025: China Stage 2,1.01,XLG,China
Nicc,(+1),578,1.02,191.3,,130.8,0.67,0.38,0.04,0.05,35.0,,,23,389,397,220,26,29,VCT 2025: China Stage 2,0.98,DRG,China
NoMan,(+4),397,1.01,190.2,,129.5,0.68,0.17,0.13,0.13,33.0,,,23,269,261,68,38,38,VCT 2025: China Stage 2,1.03,XLG,China
Smoggy,(+3),546,1.01,192.2,,125.1,0.68,0.32,0.06,0.05,31.0,,,24,371,373,174,34,26,VCT 2025: China Stage 2,0.99,EDG,China
Spitfires,(+1),411,1.0,226.3,,141.7,0.8,0.18,0.16,0.15,28.0,,,28,330,298,75,58,54,VCT 2025: China Stage 2,1.11,AG,China
Haodong,,232,1.0,187.1,,121.6,0.67,0.32,0.08,0.09,33.0,,,22,155,158,75,18,20,VCT 2025: China Stage 2,0.98,TEC,China
Spring,(+4),258,1.0,206.0,,136.9,0.69,0.29,0.11,0.14,28.0,,,25,178,198,75,29,35,VCT 2025: China Stage 2,0.9,WOL,China
SpiritZ1,,578,0.98,225.4,,147.8,0.78,0.23,0.18,0.17,34.0,,,29,450,442,134,104,96,VCT 2025: China Stage 2,1.02,DRG,China
Abo,(+3),232,0.98,190.8,,127.0,0.71,0.19,0.08,0.09,37.0,,,23,164,165,45,19,22,VCT 2025: China Stage 2,0.99,TEC,China
Coco,(+1),232,0.97,199.1,,134.3,0.68,0.3,0.08,0.06,34.0,,,20,158,172,69,19,13,VCT 2025: China Stage 2,0.92,TEC,China
GuanG,(+1),299,0.97,204.2,,131.7,0.72,0.13,0.09,0.06,25.0,,,23,216,209,38,28,19,VCT 2025: China Stage 2,1.03,NOVA,China
cb,(+3),299,0.97,189.4,,127.3,0.67,0.26,0.11,0.13,28.0,,,34,201,214,79,34,40,VCT 2025: China Stage 2,0.94,NOVA,China
HanChe,,359,0.96,174.6,,123.6,0.6,0.25,0.09,0.08,26.0,,,25,216,231,91,32,29,VCT 2025: China Stage 2,0.94,AG,China
CHICHOO,(+1),546,0.96,176.2,,118.5,0.63,0.21,0.07,0.08,28.0,,,24,344,349,113,36,45,VCT 2025: China Stage 2,0.99,EDG,China
BerLIN,,312,0.96,166.9,,106.9,0.57,0.36,0.06,0.11,28.0,,,19,178,209,112,17,29,VCT 2025: China Stage 2,0.85,FPX,China
Ninebody,(+3),345,0.96,200.5,,131.3,0.69,0.21,0.12,0.1,28.0,,,20,237,240,71,42,34,VCT 2025: China Stage 2,0.99,TYL,China
lucas,,232,0.96,182.8,,121.4,0.64,0.24,0.11,0.09,28.0,,,21,148,162,55,25,20,VCT 2025: China Stage 2,0.91,TEC,China
Lysoar,(+2),258,0.96,200.4,,130.4,0.72,0.23,0.06,0.06,27.0,,,25,187,197,60,15,15,VCT 2025: China Stage 2,0.95,WOL,China
FengF,(+1),333,0.95,183.5,,120.4,0.64,0.23,0.11,0.12,28.0,,,21,213,232,75,38,41,VCT 2025: China Stage 2,0.92,TE,China
jkuro,,308,0.94,183.1,,116.3,0.67,0.31,0.08,0.11,32.0,,,21,205,226,95,26,34,VCT 2025: China Stage 2,0.91,JDG,China
coconut,,397,0.94,166.1,,112.2,0.59,0.44,0.06,0.08,28.0,,,20,233,256,174,19,24,VCT 2025: China Stage 2,0.91,XLG,China
sword9,,345,0.93,171.1,,115.9,0.62,0.3,0.05,0.07,26.0,,,23,213,232,102,18,25,VCT 2025: China Stage 2,0.92,TYL,China
Levius,(+1),543,0.91,176.9,,119.3,0.61,0.24,0.06,0.1,24.0,,,26,329,362,133,35,53,VCT 2025: China Stage 2,0.91,BLG,China
LuoK1ng,,333,0.9,174.3,,108.1,0.6,0.43,0.11,0.06,31.0,,,23,200,237,143,35,21,VCT 2025: China Stage 2,0.84,TE,China
deLb,(+2),411,0.9,178.0,,112.4,0.66,0.28,0.07,0.08,36.0,,,21,270,277,117,26,28,VCT 2025: China Stage 2,0.97,AG,China
SWERL,,299,0.89,197.1,,131.9,0.71,0.18,0.14,0.15,27.0,,,24,212,226,53,42,44,VCT 2025: China Stage 2,0.94,NOVA,China
Yoyo,(+3),345,0.89,185.2,,125.5,0.63,0.29,0.07,0.06,27.0,,,21,216,246,101,23,22,VCT 2025: China Stage 2,0.88,TYL,China
SiuFatBB,,258,0.88,148.9,,103.4,0.52,0.32,0.02,0.09,29.0,,,23,135,181,82,5,22,VCT 2025: China Stage 2,0.75,WOL,China
monk,,124,0.87,167.7,,108.4,0.55,0.39,0.06,0.08,24.0,,,15,68,94,48,8,10,VCT 2025: China Stage 2,0.72,NOVA,China
Z1yan,(+4),308,0.86,181.0,,114.8,0.64,0.21,0.09,0.09,36.0,,,22,197,225,64,27,28,VCT 2025: China Stage 2,0.88,JDG,China
Akeman,,578,0.84,193.1,,127.2,0.66,0.25,0.12,0.16,27.0,,,25,380,447,146,69,91,VCT 2025: China Stage 2,0.85,DRG,China
Babyblue,,308,0.82,154.5,,104.9,0.54,0.27,0.05,0.05,29.0,,,18,165,218,83,14,15,VCT 2025: China Stage 2,0.76,JDG,China
TvirusLuke,,232,0.81,184.7,,124.1,0.66,0.16,0.13,0.2,24.0,,,26,152,180,38,30,46,VCT 2025: China Stage 2,0.84,TEC,China
Biank,,333,0.8,162.1,,109.9,0.53,0.31,0.04,0.09,21.0,,,17,177,241,104,14,30,VCT 2025: China Stage 2,0.73,TE,China
Yuicaw,(+5),258,0.8,156.7,,109.9,0.53,0.31,0.07,0.13,32.0,,,21,136,202,80,19,33,VCT 2025: China Stage 2,0.67,WOL,China
Juicy,(+1),258,0.8,174.8,,112.3,0.62,0.19,0.16,0.17,24.0,,,19,159,203,50,40,45,VCT 2025: China Stage 2,0.78,WOL,China
kklin,(+1),308,0.77,162.5,,110.0,0.56,0.19,0.07,0.09,28.0,,,20,171,233,58,21,28,VCT 2025: China Stage 2,0.73,JDG,China
zjc,(+1),102,0.76,158.8,,101.6,0.54,0.41,0.07,0.06,37.0,,,14,55,81,42,7,6,VCT 2025: China Stage 2,0.68,EDG,China
o0o0o,(+1),175,0.73,138.8,,90.1,0.47,0.32,0.06,0.07,30.0,,,13,83,120,56,11,13,VCT 2025: China Stage 2,0.69,NOVA,China
XiYiJi,,52,,118.0,,,0.44,0.15,,,,,,10,23,37,8,0,0,VCT 2025: China Stage 2,0.62,AG,China
trent,,663,1.24,212.6,,145.8,0.76,0.33,0.07,0.06,26.0,27.0,,28,505,391,222,49,38,VCT 2025: Americas Stage 1,1.29,G2,Americas
lukxo,(+1),203,1.23,270.4,,172.8,0.96,0.23,0.17,0.09,31.0,31.0,,27,195,145,46,35,18,VCT 2025: Americas Stage 1,1.34,LOUD,Americas
Cryocells,(+2),408,1.23,235.4,,157.9,0.89,0.23,0.11,0.1,27.0,15.0,,30,363,277,94,45,42,VCT 2025: Americas Stage 1,1.31,100T,Americas
aspas,,500,1.19,241.4,,152.3,0.87,0.14,0.19,0.15,27.0,29.0,,30,436,323,69,97,74,VCT 2025: Americas Stage 1,1.35,MIBR,Americas
Verno,,500,1.18,201.0,,136.7,0.71,0.29,0.05,0.05,25.0,22.0,,22,355,281,146,26,24,VCT 2025: Americas Stage 1,1.26,MIBR,Americas
johnqt,(+2),475,1.15,191.0,,128.1,0.69,0.42,0.04,0.05,25.0,8.0,,22,327,275,199,21,22,VCT 2025: Americas Stage 1,1.19,SEN,Americas
zekken,(+2),475,1.15,243.1,,150.9,0.86,0.24,0.2,0.17,28.0,24.0,,26,409,332,113,97,81,VCT 2025: Americas Stage 1,1.23,SEN,Americas
v1c,(+1),367,1.15,203.4,,129.9,0.73,0.43,0.08,0.08,34.0,16.0,,27,267,234,158,28,30,VCT 2025: Americas Stage 1,1.14,C9,Americas
pANcada,(+1),307,1.15,214.9,,147.9,0.77,0.35,0.09,0.07,32.0,8.0,,34,235,207,107,28,20,VCT 2025: Americas Stage 1,1.14,LOUD,Americas
leaf,(+1),663,1.14,236.0,,153.6,0.83,0.29,0.13,0.1,23.0,11.0,,29,547,460,195,88,65,VCT 2025: Americas Stage 1,1.19,G2,Americas
bang,,475,1.13,212.7,,131.9,0.76,0.4,0.11,0.08,35.0,29.0,,22,359,305,189,50,39,VCT 2025: Americas Stage 1,1.18,SEN,Americas
mada,(+1),275,1.11,239.6,,159.6,0.82,0.22,0.23,0.2,25.0,5.0,,26,225,202,61,64,54,VCT 2025: Americas Stage 1,1.11,NRG,Americas
keznit,(+1),323,1.11,238.9,,153.4,0.84,0.25,0.24,0.15,23.0,19.0,,25,271,242,80,76,50,VCT 2025: Americas Stage 1,1.12,KRÜ,Americas
Shyy,(+2),323,1.1,190.3,,130.2,0.73,0.19,0.07,0.06,25.0,15.0,,26,236,197,62,23,19,VCT 2025: Americas Stage 1,1.2,KRÜ,Americas
s0m,(+1),275,1.09,202.8,,136.3,0.72,0.45,0.08,0.09,30.0,11.0,,25,199,184,125,21,24,VCT 2025: Americas Stage 1,1.08,NRG,Americas
eeiu,,408,1.08,189.8,,128.0,0.67,0.27,0.03,0.05,30.0,15.0,,23,273,264,110,14,19,VCT 2025: Americas Stage 1,1.03,100T,Americas
Zap,,45,1.07,205.0,,135.3,0.76,0.2,0.04,0.02,22.0,22.0,,17,34,31,9,2,1,VCT 2025: Americas Stage 1,1.1,2G,Americas
Ethan,(+1),275,1.07,200.4,,128.3,0.69,0.37,0.08,0.07,22.0,17.0,,24,191,189,103,23,18,VCT 2025: Americas Stage 1,1.01,NRG,Americas
N4RRATE,(+3),475,1.07,205.4,,137.2,0.69,0.43,0.08,0.07,23.0,14.0,,25,327,316,204,40,32,VCT 2025: Americas Stage 1,1.03,SEN,Americas
Xeppaa,(+1),367,1.07,206.4,,136.8,0.72,0.26,0.08,0.07,27.0,26.0,,22,265,243,96,29,26,VCT 2025: Americas Stage 1,1.09,C9,Americas
Demon1,(+3),229,1.05,209.2,,139.4,0.76,0.29,0.12,0.11,38.0,11.0,,22,175,165,66,27,25,VCT 2025: Americas Stage 1,1.06,LEV,Americas
valyn,(+1),663,1.05,200.9,,128.4,0.74,0.35,0.08,0.09,24.0,17.0,,24,488,450,230,53,59,VCT 2025: Americas Stage 1,1.08,G2,Americas
Mazino,(+1),323,1.05,212.8,,138.9,0.75,0.35,0.08,0.09,27.0,12.0,,23,243,241,114,25,28,VCT 2025: Americas Stage 1,1.01,KRÜ,Americas
jawgemo,,663,1.04,221.8,,138.8,0.78,0.23,0.17,0.15,23.0,15.0,,27,514,471,150,116,102,VCT 2025: Americas Stage 1,1.09,G2,Americas
yay,(+3),401,1.02,224.2,,147.3,0.82,0.16,0.18,0.13,34.0,15.0,,27,327,314,64,71,53,VCT 2025: Americas Stage 1,1.04,EG,Americas
mitch,,367,1.01,188.4,,127.5,0.66,0.41,0.06,0.08,22.0,30.0,,25,242,255,152,21,28,VCT 2025: Americas Stage 1,0.95,C9,Americas
zander,(+1),408,1.0,185.1,,121.1,0.64,0.44,0.09,0.1,23.0,17.0,,28,262,283,179,37,39,VCT 2025: Americas Stage 1,0.93,100T,Americas
supamen,(+1),401,1.0,196.3,,127.9,0.7,0.28,0.06,0.08,37.0,18.0,,23,280,281,114,25,32,VCT 2025: Americas Stage 1,1.0,EG,Americas
brawk,,275,0.99,185.0,,126.7,0.67,0.31,0.04,0.07,19.0,6.0,,19,183,186,84,12,18,VCT 2025: Americas Stage 1,0.98,NRG,Americas
OXY,(+1),367,0.99,236.4,,150.8,0.82,0.19,0.21,0.19,27.0,21.0,,27,300,297,69,78,70,VCT 2025: Americas Stage 1,1.01,C9,Americas
xenom,,500,0.99,183.1,,119.6,0.68,0.31,0.06,0.09,32.0,16.0,,22,340,319,155,31,43,VCT 2025: Americas Stage 1,1.07,MIBR,Americas
icy,(+2),401,0.99,220.3,,146.6,0.79,0.16,0.16,0.17,26.0,23.0,,28,316,308,63,64,67,VCT 2025: Americas Stage 1,1.03,EG,Americas
cortezia,(+1),500,0.98,196.4,,129.2,0.72,0.23,0.1,0.09,35.0,14.0,,22,359,343,113,49,43,VCT 2025: Americas Stage 1,1.05,MIBR,Americas
Derrek,,401,0.98,182.6,,128.6,0.64,0.26,0.04,0.05,30.0,17.0,,22,256,269,103,17,20,VCT 2025: Americas Stage 1,0.95,EG,Americas
Melser,(+1),323,0.96,177.9,,117.9,0.62,0.36,0.08,0.09,25.0,11.0,,18,199,223,117,27,29,VCT 2025: Americas Stage 1,0.89,KRÜ,Americas
dgzin,(+2),307,0.95,215.1,,136.0,0.75,0.19,0.19,0.17,30.0,5.0,,32,230,230,59,59,52,VCT 2025: Americas Stage 1,1.0,LOUD,Americas
tex,(+1),229,0.95,198.5,,132.1,0.69,0.18,0.11,0.1,38.0,13.0,,23,159,163,41,26,24,VCT 2025: Americas Stage 1,0.98,LEV,Americas
lz,,234,0.94,193.4,,120.4,0.71,0.38,0.09,0.11,40.0,25.0,,25,165,171,90,21,25,VCT 2025: Americas Stage 1,0.96,2G,Americas
C0M,,229,0.93,170.4,,117.9,0.59,0.28,0.04,0.05,25.0,16.0,,21,135,157,65,10,11,VCT 2025: Americas Stage 1,0.86,LEV,Americas
Askia,,234,0.92,194.0,,134.0,0.69,0.15,0.15,0.16,32.0,17.0,,20,161,171,35,35,37,VCT 2025: Americas Stage 1,0.94,2G,Americas
JonahP,(+1),663,0.92,162.3,,103.3,0.54,0.52,0.07,0.07,19.0,11.0,,19,359,440,345,45,48,VCT 2025: Americas Stage 1,0.82,G2,Americas
Asuna,(+1),408,0.92,201.7,,135.2,0.68,0.29,0.17,0.18,24.0,23.0,,21,278,318,119,69,74,VCT 2025: Americas Stage 1,0.87,100T,Americas
NaturE,(+1),401,0.91,182.0,,118.1,0.62,0.41,0.05,0.07,23.0,28.0,,20,250,292,166,22,30,VCT 2025: Americas Stage 1,0.86,EG,Americas
cauanzin,,307,0.9,178.3,,122.2,0.6,0.23,0.06,0.11,23.0,22.0,,18,184,212,71,17,35,VCT 2025: Americas Stage 1,0.87,LOUD,Americas
kiNgg,(+2),229,0.89,189.1,,123.0,0.65,0.24,0.14,0.17,28.0,16.0,,22,148,167,56,31,38,VCT 2025: Americas Stage 1,0.89,LEV,Americas
pryze,,236,0.89,168.3,,114.6,0.59,0.22,0.03,0.07,27.0,23.0,,23,140,168,52,7,16,VCT 2025: Americas Stage 1,0.83,FUR,Americas
tuyz,(+2),243,0.88,161.1,,110.7,0.56,0.35,0.05,0.05,30.0,12.0,,16,137,162,85,11,13,VCT 2025: Americas Stage 1,0.85,LOUD,Americas
adverso,,323,0.88,166.8,,116.8,0.56,0.26,0.06,0.08,20.0,19.0,,18,181,220,85,19,27,VCT 2025: Americas Stage 1,0.82,KRÜ,Americas
Rossy,(+1),229,0.87,174.6,,115.1,0.62,0.37,0.06,0.1,29.0,14.0,,19,143,173,85,13,23,VCT 2025: Americas Stage 1,0.83,LEV,Americas
Khalil,(+1),236,0.87,175.8,,116.4,0.62,0.21,0.06,0.1,27.0,14.0,,23,147,176,50,15,24,VCT 2025: Americas Stage 1,0.84,FUR,Americas
Zellsis,(+1),475,0.87,173.3,,114.5,0.59,0.26,0.08,0.11,24.0,15.0,,21,281,322,122,40,54,VCT 2025: Americas Stage 1,0.87,SEN,Americas
gobera,,234,0.86,177.7,,126.0,0.62,0.18,0.07,0.1,28.0,3.0,,21,146,170,43,17,23,VCT 2025: Americas Stage 1,0.86,2G,Americas
neT,(+1),367,0.85,169.6,,107.3,0.61,0.19,0.08,0.08,29.0,10.0,,23,223,252,68,28,28,VCT 2025: Americas Stage 1,0.88,C9,Americas
PxS,(+1),189,0.81,164.4,,105.9,0.56,0.4,0.08,0.11,28.0,24.0,,16,106,141,76,15,21,VCT 2025: Americas Stage 1,0.75,2G,Americas
silentzz,,234,0.81,188.5,,127.2,0.65,0.17,0.07,0.09,37.0,9.0,,21,152,185,39,17,20,VCT 2025: Americas Stage 1,0.82,2G,Americas
artzin,,500,0.8,182.5,,118.6,0.6,0.39,0.1,0.12,23.0,13.0,,22,299,383,197,52,61,VCT 2025: Americas Stage 1,0.78,MIBR,Americas
heat,(+2),236,0.8,166.4,,116.2,0.62,0.16,0.06,0.08,41.0,12.0,,23,146,180,38,15,19,VCT 2025: Americas Stage 1,0.81,FUR,Americas
FiNESSE,,275,0.77,150.7,,104.4,0.49,0.28,0.07,0.09,19.0,8.0,,15,135,196,78,18,24,VCT 2025: Americas Stage 1,0.69,NRG,Americas
Boostio,(+1),408,0.75,152.4,,103.7,0.52,0.27,0.08,0.09,30.0,5.0,,24,211,309,111,31,38,VCT 2025: Americas Stage 1,0.68,100T,Americas
havoc,(+1),236,0.73,184.6,,121.2,0.66,0.14,0.23,0.22,33.0,,,24,156,200,32,54,51,VCT 2025: Americas Stage 1,0.78,FUR,Americas
raafa,,236,0.66,136.0,,91.0,0.45,0.36,0.04,0.11,20.0,8.0,,18,106,178,86,9,26,VCT 2025: Americas Stage 1,0.6,FUR,Americas
v1nny,,168,0.65,129.3,,85.8,0.44,0.45,0.02,0.09,28.0,7.0,,15,74,130,76,4,15,VCT 2025: Americas Stage 1,0.57,LOUD,Americas
kaajak,(+1),489,1.24,249.9,,160.6,0.89,0.19,0.19,0.12,30.0,10.0,,28,435,316,95,91,59,VCT 2025: EMEA Stage 1,1.38,FNC,EMEA
marteen,,326,1.22,245.3,,159.2,0.87,0.22,0.16,0.13,33.0,28.0,,27,283,216,73,52,42,VCT 2025: EMEA Stage 1,1.31,KC,EMEA
SUYGETSU,,326,1.11,195.3,,129.7,0.73,0.32,0.08,0.09,41.0,8.0,,26,237,198,105,25,29,VCT 2025: EMEA Stage 1,1.2,KC,EMEA
sociablEE,(+3),489,1.11,212.6,,142.4,0.79,0.2,0.09,0.07,26.0,16.0,,40,385,316,97,41,33,VCT 2025: EMEA Stage 1,1.22,BBL,EMEA
MiniBoo,(+1),447,1.1,241.0,,151.3,0.85,0.22,0.2,0.15,34.0,32.0,,23,379,317,99,89,68,VCT 2025: EMEA Stage 1,1.2,TH,EMEA
keiko,(+2),489,1.09,213.8,,141.6,0.77,0.24,0.11,0.07,39.0,15.0,,25,377,343,116,54,35,VCT 2025: EMEA Stage 1,1.1,TL,EMEA
RieNs,(+1),447,1.09,207.1,,139.5,0.74,0.36,0.08,0.07,39.0,16.0,,29,329,292,161,35,31,VCT 2025: EMEA Stage 1,1.13,TH,EMEA
PROFEK,(+2),489,1.09,209.8,,136.7,0.74,0.43,0.08,0.06,27.0,4.0,,37,361,334,208,37,30,VCT 2025: EMEA Stage 1,1.08,BBL,EMEA
crashies,,489,1.09,190.6,,128.8,0.68,0.32,0.05,0.06,33.0,24.0,,26,334,294,158,26,29,VCT 2025: EMEA Stage 1,1.14,FNC,EMEA
nAts,,489,1.08,216.0,,141.8,0.77,0.22,0.14,0.09,26.0,12.0,,23,376,328,106,68,44,VCT 2025: EMEA Stage 1,1.15,TL,EMEA
Wo0t,(+3),447,1.08,222.0,,141.8,0.8,0.2,0.13,0.1,33.0,22.0,,26,356,308,90,58,44,VCT 2025: EMEA Stage 1,1.16,TH,EMEA
CyvOph,(+1),277,1.07,209.5,,127.7,0.73,0.33,0.08,0.08,32.0,6.0,,23,203,191,91,21,23,VCT 2025: EMEA Stage 1,1.06,VIT,EMEA
Shao,(+2),423,1.07,194.7,,133.7,0.69,0.26,0.06,0.05,33.0,18.0,,26,291,271,108,25,23,VCT 2025: EMEA Stage 1,1.07,NAVI,EMEA
florescent,(+1),255,1.07,235.8,,151.7,0.85,0.2,0.16,0.16,35.0,8.0,,27,216,195,51,41,40,VCT 2025: EMEA Stage 1,1.11,APK,EMEA
kamyk,(+1),285,1.07,205.2,,141.0,0.76,0.32,0.05,0.07,34.0,11.0,,34,218,210,92,14,21,VCT 2025: EMEA Stage 1,1.04,M8,EMEA
Ruxic,(+1),423,1.06,210.4,,136.6,0.73,0.34,0.1,0.1,32.0,12.0,,29,308,292,145,44,44,VCT 2025: EMEA Stage 1,1.05,NAVI,EMEA
Chronicle,(+2),489,1.06,203.8,,131.1,0.7,0.31,0.1,0.09,23.0,5.0,,25,341,309,153,49,43,VCT 2025: EMEA Stage 1,1.1,FNC,EMEA
MrFaliN,(+1),433,1.05,186.1,,126.0,0.63,0.39,0.09,0.09,23.0,11.0,,38,273,290,171,35,36,VCT 2025: EMEA Stage 1,0.94,FUT,EMEA
benjyfishy,(+1),447,1.05,197.5,,133.9,0.74,0.17,0.07,0.06,38.0,16.0,,26,329,287,77,31,27,VCT 2025: EMEA Stage 1,1.15,TH,EMEA
Minny,(+1),285,1.05,190.7,,131.3,0.69,0.17,0.09,0.08,35.0,10.0,,25,198,194,48,26,22,VCT 2025: EMEA Stage 1,1.02,M8,EMEA
ara,,106,1.04,229.8,,146.7,0.8,0.15,0.2,0.16,24.0,,,22,85,78,16,21,17,VCT 2025: EMEA Stage 1,1.09,GX,EMEA
Avez,(+2),326,1.03,204.4,,132.9,0.7,0.26,0.07,0.12,32.0,12.0,,25,229,215,86,22,38,VCT 2025: EMEA Stage 1,1.07,KC,EMEA
soulcas,,230,1.03,190.6,,127.7,0.7,0.2,0.07,0.03,35.0,16.0,,23,160,160,45,16,7,VCT 2025: EMEA Stage 1,1.0,MKOI,EMEA
LewN,(+2),489,1.03,221.0,,148.4,0.79,0.18,0.2,0.18,32.0,19.0,,42,384,349,87,92,85,VCT 2025: EMEA Stage 1,1.1,BBL,EMEA
MAGNUM,(+4),489,1.03,197.1,,127.4,0.71,0.31,0.1,0.09,23.0,15.0,,38,346,328,152,45,40,VCT 2025: EMEA Stage 1,1.05,BBL,EMEA
yetujey,(+2),433,1.03,189.5,,130.6,0.71,0.24,0.09,0.09,23.0,8.0,,38,308,288,105,37,36,VCT 2025: EMEA Stage 1,1.07,FUT,EMEA
Cloud,(+1),259,1.02,206.8,,137.2,0.76,0.24,0.11,0.1,28.0,3.0,,23,198,194,61,29,26,VCT 2025: EMEA Stage 1,1.02,GX,EMEA
hiro,(+1),423,1.01,202.9,,135.7,0.74,0.18,0.06,0.1,31.0,14.0,,26,315,292,75,27,44,VCT 2025: EMEA Stage 1,1.08,NAVI,EMEA
xeus,(+2),433,1.0,233.0,,144.6,0.83,0.15,0.2,0.18,39.0,4.0,,33,359,333,66,82,75,VCT 2025: EMEA Stage 1,1.08,FUT,EMEA
Alfajer,(+2),489,0.99,213.4,,142.7,0.77,0.16,0.12,0.1,30.0,19.0,,26,378,350,79,61,51,VCT 2025: EMEA Stage 1,1.08,FNC,EMEA
MOLSI,,255,0.99,194.4,,125.6,0.69,0.35,0.06,0.08,29.0,8.0,,25,177,183,89,16,20,VCT 2025: EMEA Stage 1,0.97,APK,EMEA
koalanoob,(+1),423,0.99,210.3,,133.8,0.72,0.2,0.19,0.14,21.0,9.0,,24,306,307,86,81,59,VCT 2025: EMEA Stage 1,1.0,NAVI,EMEA
AtaKaptan,(+1),433,0.99,184.9,,120.7,0.64,0.46,0.07,0.07,31.0,20.0,,31,276,309,200,29,28,VCT 2025: EMEA Stage 1,0.89,FUT,EMEA
Jamppi,(+1),489,0.98,180.8,,115.1,0.64,0.4,0.05,0.08,23.0,13.0,,20,313,325,195,25,37,VCT 2025: EMEA Stage 1,0.96,BBL,EMEA
westside,,259,0.97,192.2,,124.3,0.72,0.19,0.07,0.08,42.0,7.0,,23,186,187,48,19,20,VCT 2025: EMEA Stage 1,0.99,GX,EMEA
Kicks,(+1),277,0.97,167.6,,110.0,0.6,0.43,0.04,0.09,23.0,21.0,,26,165,188,118,10,24,VCT 2025: EMEA Stage 1,0.88,VIT,EMEA
Boo,(+1),447,0.96,163.9,,103.6,0.57,0.4,0.08,0.06,33.0,13.0,,23,255,277,177,37,26,VCT 2025: EMEA Stage 1,0.92,TH,EMEA
Less,,277,0.95,189.2,,123.8,0.68,0.18,0.06,0.08,32.0,11.0,,26,188,187,50,16,23,VCT 2025: EMEA Stage 1,1.01,VIT,EMEA
paTiTek,(+2),489,0.95,176.3,,116.7,0.62,0.27,0.07,0.05,25.0,9.0,,23,303,327,134,35,24,VCT 2025: EMEA Stage 1,0.93,TL,EMEA
Elite,(+2),326,0.95,172.2,,114.8,0.6,0.23,0.06,0.06,33.0,14.0,,20,194,213,75,21,18,VCT 2025: EMEA Stage 1,0.91,KC,EMEA
kamo,(+2),489,0.94,209.3,,135.3,0.74,0.16,0.18,0.16,30.0,19.0,,23,361,357,80,86,77,VCT 2025: EMEA Stage 1,1.01,TL,EMEA
Derke,(+1),277,0.93,208.5,,133.4,0.69,0.22,0.21,0.24,23.0,21.0,,20,192,209,61,59,67,VCT 2025: EMEA Stage 1,0.92,VIT,EMEA
Boaster,(+1),489,0.93,161.7,,106.6,0.56,0.35,0.07,0.09,24.0,26.0,,29,276,298,173,35,45,VCT 2025: EMEA Stage 1,0.93,FNC,EMEA
Filu,(+1),230,0.93,206.9,,130.2,0.73,0.21,0.16,0.15,26.0,15.0,,21,169,180,48,36,35,VCT 2025: EMEA Stage 1,0.94,MKOI,EMEA
Flickless,,106,0.93,172.4,,116.5,0.61,0.38,0.05,0.12,33.0,20.0,,19,65,72,40,5,13,VCT 2025: EMEA Stage 1,0.9,GX,EMEA
Serial,(+1),489,0.92,167.0,,114.0,0.59,0.28,0.05,0.08,37.0,14.0,,18,289,325,139,25,37,VCT 2025: EMEA Stage 1,0.89,TL,EMEA
sheydos,(+3),230,0.92,169.4,,116.1,0.61,0.15,0.04,0.07,30.0,14.0,,21,141,153,34,10,17,VCT 2025: EMEA Stage 1,0.92,MKOI,EMEA
runneR,(+1),195,0.92,173.7,,120.4,0.58,0.38,0.03,0.1,24.0,28.0,,18,114,144,75,6,20,VCT 2025: EMEA Stage 1,0.79,GX,EMEA
qRaxs,(+1),433,0.91,171.8,,113.8,0.63,0.36,0.06,0.06,26.0,24.0,,40,273,310,156,26,26,VCT 2025: EMEA Stage 1,0.88,FUT,EMEA
Kada,(+1),285,0.91,177.8,,119.0,0.63,0.36,0.09,0.08,31.0,7.0,,26,179,210,103,27,24,VCT 2025: EMEA Stage 1,0.85,M8,EMEA
saadhak,(+2),326,0.89,183.1,,119.6,0.59,0.4,0.11,0.13,26.0,20.0,,18,192,235,130,36,43,VCT 2025: EMEA Stage 1,0.82,KC,EMEA
AvovA,,255,0.88,167.0,,108.3,0.54,0.39,0.06,0.05,29.0,18.0,,19,138,182,99,15,12,VCT 2025: EMEA Stage 1,0.76,APK,EMEA
purp0,(+3),217,0.88,173.1,,115.6,0.6,0.35,0.06,0.13,35.0,15.0,,17,130,166,77,14,29,VCT 2025: EMEA Stage 1,0.78,GX,EMEA
batujnax,(+1),255,0.87,187.8,,122.1,0.65,0.24,0.11,0.11,27.0,3.0,,27,167,194,60,27,29,VCT 2025: EMEA Stage 1,0.86,APK,EMEA
Sayf,,277,0.86,165.2,,114.8,0.57,0.24,0.05,0.06,23.0,14.0,,24,159,194,67,15,18,VCT 2025: EMEA Stage 1,0.82,VIT,EMEA
grubinho,(+1),230,0.86,153.6,,104.2,0.56,0.31,0.1,0.13,32.0,8.0,,19,129,171,72,24,29,VCT 2025: EMEA Stage 1,0.75,MKOI,EMEA
flyuh,(+1),230,0.84,189.7,,128.3,0.63,0.27,0.1,0.13,27.0,8.0,,21,144,181,61,22,31,VCT 2025: EMEA Stage 1,0.8,MKOI,EMEA
Zyppan,,285,0.78,150.5,,108.9,0.53,0.22,0.06,0.11,27.0,6.0,,22,150,204,62,18,32,VCT 2025: EMEA Stage 1,0.74,M8,EMEA
ANGE1,(+2),423,0.74,146.8,,100.2,0.51,0.22,0.08,0.1,34.0,20.0,,18,215,302,93,32,43,VCT 2025: EMEA Stage 1,0.71,NAVI,EMEA
Click,(+2),285,0.72,187.9,,115.6,0.62,0.14,0.13,0.22,36.0,20.0,,22,178,227,40,37,64,VCT 2025: EMEA Stage 1,0.78,M8,EMEA
tomaszy,(+1),153,0.65,146.0,,99.3,0.5,0.27,0.09,0.17,33.0,7.0,,16,76,124,42,14,26,VCT 2025: EMEA Stage 1,0.61,GX,EMEA
Governor,,255,0.65,145.2,,98.0,0.48,0.2,0.08,0.13,27.0,25.0,,17,122,195,50,20,34,VCT 2025: EMEA Stage 1,0.63,APK,EMEA
invy,(+2),271,1.26,237.2,,158.4,0.87,0.35,0.08,0.07,29.0,10.0,,27,236,186,95,23,18,VCT 2025: Pacific Stage 1,1.27,TS,Pacific
Jemkin,(+1),573,1.22,253.9,,161.3,0.91,0.15,0.24,0.15,38.0,18.0,,32,524,404,87,137,84,VCT 2025: Pacific Stage 1,1.3,RRQ,Pacific
dos9,(+2),344,1.19,212.2,,136.3,0.76,0.47,0.09,0.07,26.0,29.0,,35,261,222,160,30,24,VCT 2025: Pacific Stage 1,1.18,BME,Pacific
Jinggg,(+2),536,1.14,220.9,,145.4,0.79,0.32,0.1,0.08,26.0,11.0,,31,422,359,171,53,43,VCT 2025: Pacific Stage 1,1.18,PRX,Pacific
Foxy9,(+2),360,1.12,207.8,,137.3,0.77,0.18,0.1,0.08,34.0,29.0,,23,277,222,65,35,30,VCT 2025: Pacific Stage 1,1.25,GEN,Pacific
MaKo,,484,1.12,209.2,,135.8,0.73,0.37,0.1,0.09,26.0,12.0,,29,352,308,178,47,42,VCT 2025: Pacific Stage 1,1.14,DRX,Pacific
HYUNMIN,(+1),484,1.12,238.3,,152.0,0.86,0.14,0.18,0.12,30.0,11.0,,32,418,348,67,85,58,VCT 2025: Pacific Stage 1,1.2,DRX,Pacific
Akame,(+2),225,1.11,212.9,,142.8,0.76,0.3,0.14,0.11,32.0,6.0,,32,172,171,68,31,25,VCT 2025: Pacific Stage 1,1.01,DFM,Pacific
primmie,(+2),392,1.11,229.8,,148.8,0.83,0.14,0.15,0.13,34.0,13.0,,26,327,273,53,60,51,VCT 2025: Pacific Stage 1,1.2,TLN,Pacific
f0rsakeN,(+5),536,1.11,226.1,,142.9,0.8,0.31,0.15,0.15,29.0,28.0,,26,430,364,168,78,82,VCT 2025: Pacific Stage 1,1.18,PRX,Pacific
t3xture,(+1),472,1.11,244.0,,154.8,0.86,0.18,0.17,0.18,28.0,21.0,,29,407,336,86,79,84,VCT 2025: Pacific Stage 1,1.21,GEN,Pacific
Flashback,(+1),141,1.11,215.6,,139.4,0.79,0.17,0.18,0.07,24.0,42.0,,25,111,86,24,25,10,VCT 2025: Pacific Stage 1,1.29,DRX,Pacific
Karon,(+1),472,1.08,207.7,,134.3,0.73,0.39,0.07,0.06,31.0,19.0,,24,345,313,184,33,27,VCT 2025: Pacific Stage 1,1.1,GEN,Pacific
Munchkin,(+2),472,1.07,198.8,,130.3,0.69,0.39,0.12,0.1,24.0,9.0,,29,324,308,183,56,49,VCT 2025: Pacific Stage 1,1.05,GEN,Pacific
margaret,,333,1.07,205.8,,135.5,0.74,0.17,0.11,0.09,29.0,21.0,,27,248,220,57,35,30,VCT 2025: Pacific Stage 1,1.13,NS,Pacific
Kr1stal,,199,1.07,188.5,,127.1,0.69,0.23,0.05,0.1,24.0,13.0,,19,138,137,45,10,19,VCT 2025: Pacific Stage 1,1.01,GE,Pacific
NcSlasher,(+2),344,1.05,197.4,,126.8,0.7,0.37,0.06,0.07,28.0,8.0,,22,240,232,127,19,25,VCT 2025: Pacific Stage 1,1.03,BME,Pacific
Francis,(+3),333,1.05,198.8,,130.8,0.69,0.28,0.1,0.09,21.0,8.0,,25,231,225,92,33,29,VCT 2025: Pacific Stage 1,1.03,NS,Pacific
UdoTan,,199,1.04,215.3,,148.4,0.75,0.22,0.1,0.13,30.0,13.0,,28,150,149,43,20,25,VCT 2025: Pacific Stage 1,1.01,GE,Pacific
SugarZ3ro,(+1),255,1.04,181.8,,116.4,0.7,0.31,0.06,0.05,29.0,13.0,,27,178,170,78,15,13,VCT 2025: Pacific Stage 1,1.05,ZETA,Pacific
iZu,(+2),378,1.03,195.8,,126.2,0.71,0.24,0.07,0.09,30.0,18.0,,23,268,256,90,26,35,VCT 2025: Pacific Stage 1,1.05,T1,Pacific
something,(+3),536,1.03,197.8,,127.4,0.7,0.26,0.15,0.13,26.0,16.0,,23,373,361,137,78,69,VCT 2025: Pacific Stage 1,1.03,PRX,Pacific
BerserX,(+1),344,1.01,196.0,,127.7,0.69,0.21,0.1,0.08,25.0,25.0,,22,236,224,72,33,26,VCT 2025: Pacific Stage 1,1.05,BME,Pacific
Ivy,(+2),333,1.01,172.2,,112.7,0.65,0.22,0.07,0.07,30.0,14.0,,18,215,212,74,22,22,VCT 2025: Pacific Stage 1,1.01,NS,Pacific
Kushy,(+3),573,1.01,193.0,,131.2,0.69,0.29,0.06,0.06,32.0,15.0,,31,393,396,166,35,36,VCT 2025: Pacific Stage 1,0.99,RRQ,Pacific
PatMen,(+2),412,1.0,193.0,,124.8,0.65,0.44,0.05,0.05,30.0,24.0,,19,266,276,183,19,21,VCT 2025: Pacific Stage 1,0.96,PRX,Pacific
Ash,(+1),472,1.0,173.7,,116.8,0.61,0.25,0.06,0.06,31.0,15.0,,19,290,280,117,26,27,VCT 2025: Pacific Stage 1,1.04,GEN,Pacific
BeYN,(+4),445,0.99,178.2,,117.6,0.62,0.28,0.08,0.06,25.0,19.0,,19,277,290,126,35,28,VCT 2025: Pacific Stage 1,0.96,DRX,Pacific
Killua,(+3),392,0.99,187.5,,126.7,0.67,0.26,0.09,0.07,34.0,14.0,,18,263,268,101,36,29,VCT 2025: Pacific Stage 1,0.98,TLN,Pacific
JessieVash,(+2),271,0.99,182.5,,128.3,0.65,0.23,0.05,0.07,30.0,16.0,,20,176,187,62,14,19,VCT 2025: Pacific Stage 1,0.94,TS,Pacific
Persia,(+1),333,0.99,173.8,,113.1,0.6,0.37,0.09,0.06,26.0,18.0,,22,200,218,123,29,19,VCT 2025: Pacific Stage 1,0.92,NS,Pacific
Famouz,(+1),344,0.99,228.3,,146.7,0.82,0.21,0.19,0.19,21.0,12.0,,29,281,261,71,66,67,VCT 2025: Pacific Stage 1,1.08,BME,Pacific
d4v41,(+4),536,0.98,190.7,,127.1,0.69,0.28,0.08,0.06,24.0,14.0,,24,371,350,151,43,34,VCT 2025: Pacific Stage 1,1.06,PRX,Pacific
Meteor,(+3),378,0.98,215.3,,144.2,0.75,0.2,0.13,0.15,30.0,9.0,,24,283,279,76,51,58,VCT 2025: Pacific Stage 1,1.01,T1,Pacific
BuZz,(+2),378,0.98,225.0,,145.0,0.78,0.15,0.14,0.17,27.0,9.0,,30,294,278,57,52,64,VCT 2025: Pacific Stage 1,1.06,T1,Pacific
xffero,(+2),573,0.97,183.8,,126.3,0.67,0.25,0.07,0.09,26.0,19.0,,23,385,374,142,38,49,VCT 2025: Pacific Stage 1,1.03,RRQ,Pacific
free1ng,(+2),484,0.97,189.6,,123.7,0.67,0.19,0.12,0.1,27.0,14.0,,26,323,321,93,56,46,VCT 2025: Pacific Stage 1,1.01,DRX,Pacific
CLZ,,255,0.96,178.1,,126.2,0.61,0.22,0.07,0.04,26.0,16.0,,23,155,176,57,19,11,VCT 2025: Pacific Stage 1,0.88,ZETA,Pacific
Dambi,(+1),333,0.95,210.8,,133.6,0.72,0.24,0.15,0.18,24.0,16.0,,23,240,242,81,49,61,VCT 2025: Pacific Stage 1,0.99,NS,Pacific
gyen,(+1),225,0.95,189.8,,125.8,0.62,0.34,0.08,0.1,37.0,5.0,,21,139,177,76,17,22,VCT 2025: Pacific Stage 1,0.79,DFM,Pacific
stax,(+1),378,0.95,175.2,,119.2,0.64,0.33,0.03,0.06,31.0,12.0,,25,241,256,126,11,22,VCT 2025: Pacific Stage 1,0.94,T1,Pacific
crazyguy,,573,0.94,181.8,,121.2,0.61,0.33,0.06,0.06,24.0,14.0,,23,352,384,187,37,33,VCT 2025: Pacific Stage 1,0.92,RRQ,Pacific
Monyet,(+3),573,0.94,181.1,,119.7,0.65,0.34,0.1,0.12,28.0,22.0,,25,375,402,196,55,66,VCT 2025: Pacific Stage 1,0.93,RRQ,Pacific
TenTen,,103,0.94,216.4,,135.5,0.73,0.19,0.22,0.22,16.0,25.0,,20,75,78,20,23,23,VCT 2025: Pacific Stage 1,0.96,ZETA,Pacific
Dep,(+1),152,0.94,211.1,,142.3,0.75,0.16,0.16,0.18,28.0,14.0,,28,114,116,25,24,28,VCT 2025: Pacific Stage 1,0.98,ZETA,Pacific
Shiro,,344,0.93,187.6,,128.1,0.64,0.27,0.09,0.07,27.0,19.0,,23,220,244,94,32,24,VCT 2025: Pacific Stage 1,0.9,BME,Pacific
thyy,(+1),392,0.93,177.2,,113.7,0.62,0.39,0.06,0.05,33.0,9.0,,24,242,274,153,23,20,VCT 2025: Pacific Stage 1,0.88,TLN,Pacific
Sylvan,(+1),378,0.92,179.2,,120.5,0.6,0.44,0.06,0.1,25.0,12.0,,18,228,266,167,21,38,VCT 2025: Pacific Stage 1,0.86,T1,Pacific
JitBoyS,(+2),392,0.91,186.9,,125.6,0.66,0.19,0.12,0.15,36.0,11.0,,20,258,282,74,47,57,VCT 2025: Pacific Stage 1,0.91,TLN,Pacific
Meiy,(+1),225,0.9,190.3,,123.9,0.7,0.12,0.09,0.13,28.0,18.0,,19,158,178,27,20,30,VCT 2025: Pacific Stage 1,0.89,DFM,Pacific
Jremy,(+3),271,0.9,201.0,,131.7,0.71,0.21,0.14,0.18,26.0,19.0,,27,192,211,58,37,49,VCT 2025: Pacific Stage 1,0.91,TS,Pacific
Crws,(+1),392,0.9,174.2,,119.8,0.6,0.23,0.07,0.1,25.0,15.0,,20,236,272,91,28,40,VCT 2025: Pacific Stage 1,0.87,TLN,Pacific
Xdll,,255,0.88,200.5,,129.1,0.7,0.23,0.12,0.09,35.0,15.0,,21,178,203,59,31,24,VCT 2025: Pacific Stage 1,0.88,ZETA,Pacific
kellyS,(+1),199,0.87,182.4,,119.7,0.62,0.33,0.06,0.09,21.0,12.0,,19,124,153,66,11,18,VCT 2025: Pacific Stage 1,0.81,GE,Pacific
mindfreak,(+1),124,0.86,165.2,,114.1,0.57,0.21,0.06,0.07,30.0,18.0,,17,71,86,26,7,9,VCT 2025: Pacific Stage 1,0.83,PRX,Pacific
Wild0reoo,(+5),271,0.85,185.5,,123.4,0.66,0.17,0.12,0.14,26.0,18.0,,25,179,212,45,32,37,VCT 2025: Pacific Stage 1,0.84,TS,Pacific
Estrella,(+5),382,0.83,161.7,,103.9,0.56,0.32,0.06,0.08,25.0,11.0,,22,214,255,121,22,29,VCT 2025: Pacific Stage 1,0.84,DRX,Pacific
2GE,(+1),271,0.81,165.3,,108.7,0.55,0.36,0.05,0.1,23.0,5.0,,19,150,202,97,14,28,VCT 2025: Pacific Stage 1,0.74,TS,Pacific
Deryeon,,78,0.81,207.5,,132.3,0.64,0.24,0.19,0.14,25.0,,,16,50,68,19,15,11,VCT 2025: Pacific Stage 1,0.74,GE,Pacific
Papi,,199,0.8,152.4,,98.8,0.55,0.32,0.05,0.09,26.0,19.0,,15,110,147,63,10,18,VCT 2025: Pacific Stage 1,0.75,GE,Pacific
Jinboong,,225,0.8,157.4,,111.1,0.54,0.21,0.06,0.13,33.0,12.0,,16,121,169,48,14,29,VCT 2025: Pacific Stage 1,0.72,DFM,Pacific
SyouTa,(+1),255,0.79,162.8,,108.1,0.58,0.19,0.1,0.07,35.0,9.0,,18,147,190,48,26,18,VCT 2025: Pacific Stage 1,0.77,ZETA,Pacific
Suggest,,112,0.66,152.2,,110.8,0.57,0.12,0.09,0.12,30.0,,,21,64,83,13,10,13,VCT 2025: Pacific Stage 1,0.77,GEN,Pacific
Art,(+1),225,0.61,135.7,,92.8,0.42,0.31,0.04,0.12,21.0,,,16,94,182,69,9,28,VCT 2025: Pacific Stage 1,0.52,DFM,Pacific
yokam,,121,0.55,152.7,,104.2,0.48,0.17,0.16,0.19,23.0,13.0,,15,58,104,21,19,23,VCT 2025: Pacific Stage 1,0.56,GE,Pacific
t3xture,,255,1.23,258.2,,159.5,0.94,0.19,0.21,0.17,28.0,37.0,,27,239,166,48,54,43,Valorant Masters Toronto 2025,1.44,GEN,Masters
Spring,,349,1.21,244.1,,160.1,0.85,0.32,0.13,0.09,29.0,7.0,,26,295,240,111,47,31,Valorant Masters Toronto 2025,1.23,WOL,Masters
Verno,,71,1.18,230.5,,157.6,0.79,0.3,0.04,0.04,28.0,14.0,,19,56,55,21,3,3,Valorant Masters Toronto 2025,1.02,MIBR,Masters
Alfajer,(+3),419,1.17,257.9,,167.6,0.94,0.14,0.17,0.11,32.0,12.0,,29,392,301,60,73,45,Valorant Masters Toronto 2025,1.3,FNC,Masters
zekken,(+2),249,1.17,237.5,,147.2,0.81,0.26,0.19,0.21,24.0,17.0,,27,202,167,65,47,53,Valorant Masters Toronto 2025,1.21,SEN,Masters
trent,,198,1.17,214.2,,138.0,0.77,0.25,0.1,0.07,35.0,13.0,,22,152,125,49,19,13,Valorant Masters Toronto 2025,1.22,G2,Masters
leaf,,198,1.15,230.3,,148.6,0.81,0.26,0.08,0.08,24.0,29.0,,24,161,133,51,15,16,Valorant Masters Toronto 2025,1.21,G2,Masters
Chronicle,(+2),419,1.13,207.6,,141.1,0.72,0.3,0.08,0.06,26.0,14.0,,27,302,257,127,35,25,Valorant Masters Toronto 2025,1.18,FNC,Masters
whzy,,179,1.13,253.1,,155.5,0.89,0.16,0.19,0.17,28.0,13.0,,29,160,132,29,34,31,Valorant Masters Toronto 2025,1.21,BLG,Masters
f0rsakeN,(+1),387,1.12,208.9,,137.5,0.72,0.4,0.1,0.08,26.0,31.0,,25,280,263,156,37,31,Valorant Masters Toronto 2025,1.06,PRX,Masters
Jinggg,,387,1.1,229.1,,151.9,0.78,0.26,0.14,0.13,23.0,8.0,,26,303,264,100,54,50,Valorant Masters Toronto 2025,1.15,PRX,Masters
keiko,(+1),187,1.1,199.3,,132.9,0.76,0.17,0.09,0.07,45.0,13.0,,29,142,121,32,16,13,Valorant Masters Toronto 2025,1.17,TL,Masters
N4RRATE,(+1),249,1.08,219.5,,140.1,0.74,0.34,0.06,0.09,24.0,25.0,,21,185,174,85,16,23,Valorant Masters Toronto 2025,1.06,SEN,Masters
d4v41,(+1),387,1.07,189.4,,131.7,0.72,0.23,0.05,0.07,26.0,10.0,,29,277,247,88,21,26,Valorant Masters Toronto 2025,1.12,PRX,Masters
happywei,,75,1.06,223.0,,147.0,0.76,0.17,0.16,0.15,45.0,12.0,,20,57,59,13,12,11,Valorant Masters Toronto 2025,0.97,XLG,Masters
kaajak,(+1),419,1.06,218.3,,141.5,0.78,0.16,0.19,0.16,35.0,18.0,,32,327,290,66,79,65,Valorant Masters Toronto 2025,1.13,FNC,Masters
rushia,,179,1.03,201.9,,130.6,0.7,0.38,0.12,0.08,27.0,10.0,,23,126,127,68,22,15,Valorant Masters Toronto 2025,0.99,BLG,Masters
Karon,,255,1.03,189.3,,125.6,0.69,0.32,0.09,0.09,31.0,11.0,,24,176,161,81,22,23,Valorant Masters Toronto 2025,1.09,GEN,Masters
crashies,,419,1.03,181.8,,126.4,0.65,0.29,0.05,0.03,34.0,10.0,,26,273,254,120,20,11,Valorant Masters Toronto 2025,1.07,FNC,Masters
Ash,,255,1.02,173.9,,118.3,0.62,0.22,0.05,0.03,31.0,15.0,,19,158,150,57,14,7,Valorant Masters Toronto 2025,1.05,GEN,Masters
PatMen,,387,1.01,193.0,,124.2,0.68,0.32,0.06,0.08,31.0,24.0,,22,263,257,123,24,32,Valorant Masters Toronto 2025,1.02,PRX,Masters
penny,(+1),121,1.0,188.4,,131.3,0.67,0.29,0.12,0.1,20.0,22.0,,30,81,83,35,15,12,Valorant Masters Toronto 2025,0.98,TL,Masters
Munchkin,,255,0.99,207.8,,134.1,0.68,0.35,0.1,0.1,22.0,5.0,,21,174,170,90,25,26,Valorant Masters Toronto 2025,1.02,GEN,Masters
bang,,249,0.99,188.1,,112.5,0.69,0.33,0.08,0.08,34.0,14.0,,19,171,172,83,21,19,Valorant Masters Toronto 2025,0.99,SEN,Masters
johnqt,(+1),249,0.99,166.3,,109.7,0.59,0.38,0.05,0.07,26.0,8.0,,18,147,156,95,13,17,Valorant Masters Toronto 2025,0.94,SEN,Masters
Zellsis,(+1),249,0.99,173.6,,118.2,0.61,0.28,0.07,0.09,21.0,12.0,,20,152,160,69,17,23,Valorant Masters Toronto 2025,0.95,SEN,Masters
jawgemo,,198,0.98,217.1,,143.7,0.73,0.25,0.16,0.19,23.0,,,19,144,144,50,32,38,Valorant Masters Toronto 2025,1.0,G2,Masters
Monyet,,100,0.97,196.4,,130.3,0.66,0.31,0.05,0.13,26.0,,,17,66,74,31,5,13,Valorant Masters Toronto 2025,0.89,RRQ,Masters
something,(+1),387,0.96,192.2,,123.9,0.68,0.2,0.14,0.15,25.0,8.0,,22,265,265,78,54,58,Valorant Masters Toronto 2025,1.0,PRX,Masters
kamo,(+2),187,0.96,210.8,,141.9,0.75,0.2,0.16,0.17,35.0,20.0,,26,140,141,38,30,32,Valorant Masters Toronto 2025,0.99,TL,Masters
Juicy,,349,0.95,212.0,,139.5,0.74,0.19,0.19,0.17,25.0,31.0,,23,260,260,65,65,61,Valorant Masters Toronto 2025,1.0,WOL,Masters
Wo0t,(+1),81,0.94,183.0,,118.9,0.63,0.36,0.1,0.15,34.0,10.0,,17,51,59,29,8,12,Valorant Masters Toronto 2025,0.86,TH,Masters
nephh,(+1),179,0.93,178.6,,117.9,0.59,0.46,0.07,0.08,22.0,17.0,,21,106,122,82,12,14,Valorant Masters Toronto 2025,0.87,BLG,Masters
valyn,,198,0.93,172.1,,109.6,0.61,0.37,0.07,0.08,22.0,6.0,,20,121,140,73,14,16,Valorant Masters Toronto 2025,0.86,G2,Masters
JonahP,,198,0.93,178.8,,113.2,0.61,0.39,0.04,0.14,24.0,8.0,,20,120,133,77,8,27,Valorant Masters Toronto 2025,0.9,G2,Masters
Lysoar,(+2),349,0.91,174.5,,112.1,0.6,0.33,0.08,0.06,25.0,13.0,,19,211,241,115,28,22,Valorant Masters Toronto 2025,0.88,WOL,Masters
SiuFatBB,,349,0.91,151.1,,99.9,0.54,0.25,0.03,0.05,28.0,23.0,,17,190,217,88,12,16,Valorant Masters Toronto 2025,0.88,WOL,Masters
paTiTek,,187,0.91,183.1,,117.7,0.61,0.21,0.09,0.07,27.0,8.0,,23,114,130,39,17,14,Valorant Masters Toronto 2025,0.88,TL,Masters
Levius,(+1),179,0.9,158.1,,111.4,0.59,0.16,0.03,0.11,23.0,,,19,105,112,28,5,19,Valorant Masters Toronto 2025,0.94,BLG,Masters
xffero,,100,0.9,175.2,,118.8,0.64,0.17,0.07,0.07,32.0,8.0,,15,64,72,17,7,7,Valorant Masters Toronto 2025,0.89,RRQ,Masters
Yuicaw,(+2),349,0.89,175.0,,117.3,0.62,0.19,0.09,0.1,27.0,9.0,,24,218,244,68,33,34,Valorant Masters Toronto 2025,0.89,WOL,Masters
Foxy9,,255,0.88,179.2,,111.6,0.65,0.18,0.08,0.08,32.0,28.0,,21,167,170,46,20,21,Valorant Masters Toronto 2025,0.98,GEN,Masters
Kushy,,100,0.88,174.0,,114.0,0.62,0.22,0.01,0.05,39.0,17.0,,23,62,72,22,1,5,Valorant Masters Toronto 2025,0.86,RRQ,Masters
nAts,,111,0.88,186.0,,121.2,0.64,0.2,0.08,0.05,28.0,12.0,,18,71,81,22,9,6,Valorant Masters Toronto 2025,0.88,TL,Masters
Rarga,,75,0.86,217.0,,136.1,0.76,0.16,0.2,0.25,41.0,33.0,,20,57,65,12,15,19,Valorant Masters Toronto 2025,0.88,XLG,Masters
RieNs,,81,0.85,191.5,,125.0,0.63,0.25,0.09,0.12,28.0,,,17,51,61,20,7,10,Valorant Masters Toronto 2025,0.84,TH,Masters
benjyfishy,,81,0.85,178.8,,119.9,0.63,0.11,0.12,0.06,30.0,17.0,,18,51,60,9,10,5,Valorant Masters Toronto 2025,0.85,TH,Masters
Jemkin,,100,0.85,196.8,,138.2,0.69,0.14,0.21,0.16,33.0,,,19,69,78,14,21,16,Valorant Masters Toronto 2025,0.88,RRQ,Masters
Boaster,,419,0.84,143.4,,94.4,0.47,0.36,0.08,0.08,25.0,9.0,,21,199,261,149,33,33,Valorant Masters Toronto 2025,0.76,FNC,Masters
Knight,,179,0.83,149.1,,105.0,0.51,0.23,0.06,0.09,26.0,7.0,,18,92,113,42,11,16,Valorant Masters Toronto 2025,0.81,BLG,Masters
Serial,(+1),142,0.83,155.2,,103.1,0.57,0.16,0.09,0.07,45.0,32.0,,20,81,97,23,13,10,Valorant Masters Toronto 2025,0.84,TL,Masters
Boo,,81,0.76,139.5,,86.7,0.48,0.43,0.02,0.1,38.0,6.0,,14,39,56,35,2,8,Valorant Masters Toronto 2025,0.7,TH,Masters
crazyguy,,100,0.75,144.2,,90.7,0.47,0.34,0.11,0.14,25.0,9.0,,11,47,72,34,11,14,Valorant Masters Toronto 2025,0.65,RRQ,Masters
MiniBoo,,81,0.74,167.5,,105.6,0.64,0.09,0.12,0.11,31.0,,,19,52,64,7,10,9,Valorant Masters Toronto 2025,0.81,TH,Masters
xenom,,71,0.71,148.3,,101.7,0.55,0.15,0.06,0.14,35.0,,,15,39,60,11,4,10,Valorant Masters Toronto 2025,0.65,MIBR,Masters
cortezia,,71,0.69,164.0,,115.2,0.55,0.17,0.1,0.14,33.0,,,12,39,59,12,7,10,Valorant Masters Toronto 2025,0.66,MIBR,Masters
Viva,,75,0.67,147.0,,107.6,0.44,0.28,0.05,0.03,27.0,,,11,33,65,21,4,2,Valorant Masters Toronto 2025,0.51,XLG,Masters
coconut,,75,0.65,128.3,,82.6,0.45,0.29,0.01,0.08,26.0,23.0,,12,34,60,22,1,6,Valorant Masters Toronto 2025,0.57,XLG,Masters
Midi,,75,0.59,132.0,,88.8,0.48,0.19,0.04,0.03,34.0,,,14,36,62,14,3,2,Valorant Masters Toronto 2025,0.58,XLG,Masters
aspas,,71,0.53,129.8,,88.8,0.44,0.17,0.07,0.21,18.0,20.0,,10,31,59,12,5,15,Valorant Masters Toronto 2025,0.53,MIBR,Masters
artzin,,71,0.51,121.5,,86.3,0.44,0.25,0.04,0.15,26.0,,,12,31,60,18,3,11,Valorant Masters Toronto 2025,0.52,MIBR,Masters
CHICHOO,(+1),313,1.23,235.6,,158.1,0.87,0.28,0.08,0.07,28.0,22.0,,36,271,213,87,24,22,Valorant Masters Bangkok 2025,1.27,EDG,Masters
nAts,,155,1.21,257.6,,155.1,0.91,0.19,0.09,0.12,26.0,13.0,,25,141,107,29,14,18,Valorant Masters Bangkok 2025,1.32,TL,Masters
trent,,360,1.21,220.0,,146.9,0.76,0.32,0.09,0.09,25.0,29.0,,26,274,226,116,31,31,Valorant Masters Bangkok 2025,1.21,G2,Masters
Derke,,225,1.18,257.2,,166.8,0.91,0.17,0.2,0.2,22.0,31.0,,32,204,170,38,46,45,Valorant Masters Bangkok 2025,1.2,VIT,Masters
iZu,(+1),453,1.13,207.1,,130.6,0.75,0.21,0.11,0.09,30.0,31.0,,21,341,276,96,48,40,Valorant Masters Bangkok 2025,1.24,T1,Masters
free1ng,,149,1.1,227.3,,146.9,0.79,0.26,0.12,0.11,29.0,7.0,,24,117,101,38,18,16,Valorant Masters Bangkok 2025,1.16,DRX,Masters
keiko,(+1),155,1.09,198.9,,137.7,0.75,0.34,0.1,0.08,30.0,10.0,,31,117,107,52,15,12,Valorant Masters Bangkok 2025,1.09,TL,Masters
trexx,(+1),225,1.09,207.3,,134.3,0.68,0.44,0.05,0.05,19.0,9.0,,28,153,150,98,12,11,Valorant Masters Bangkok 2025,1.02,VIT,Masters
BeYN,,149,1.08,182.4,,117.3,0.64,0.44,0.06,0.07,25.0,21.0,,17,95,92,65,9,10,Valorant Masters Bangkok 2025,1.03,DRX,Masters
BuZz,(+1),453,1.08,239.5,,150.4,0.82,0.24,0.17,0.14,17.0,20.0,,26,370,331,107,78,62,Valorant Masters Bangkok 2025,1.12,T1,Masters
valyn,,360,1.08,186.8,,122.1,0.68,0.44,0.08,0.08,23.0,14.0,,26,244,231,158,29,27,Valorant Masters Bangkok 2025,1.06,G2,Masters
leaf,,360,1.06,207.3,,137.5,0.74,0.25,0.11,0.1,24.0,12.0,,28,267,244,91,38,36,Valorant Masters Bangkok 2025,1.09,G2,Masters
N4RRATE,(+1),103,1.05,202.4,,148.4,0.73,0.39,0.13,0.04,27.0,13.0,,33,75,77,40,13,4,Valorant Masters Bangkok 2025,0.97,SEN,Masters
Meteor,(+2),453,1.04,229.0,,152.8,0.81,0.23,0.17,0.11,33.0,16.0,,30,366,337,103,75,50,Valorant Masters Bangkok 2025,1.09,T1,Masters
Less,(+1),225,1.03,197.1,,128.8,0.72,0.31,0.06,0.12,29.0,20.0,,23,163,159,69,14,26,Valorant Masters Bangkok 2025,1.03,VIT,Masters
jawgemo,,360,1.03,218.5,,142.9,0.77,0.29,0.13,0.18,23.0,38.0,,29,277,262,104,47,64,Valorant Masters Bangkok 2025,1.06,G2,Masters
Sylvan,,408,1.02,186.1,,114.6,0.64,0.64,0.08,0.04,27.0,17.0,,25,260,267,262,31,18,Valorant Masters Bangkok 2025,0.97,T1,Masters
ZmjjKK,(+1),313,1.01,236.2,,151.0,0.83,0.19,0.21,0.22,23.0,4.0,,33,260,249,59,66,70,Valorant Masters Bangkok 2025,1.04,EDG,Masters
stax,(+2),453,1.01,173.6,,120.3,0.63,0.34,0.04,0.04,31.0,17.0,,22,284,282,154,20,20,Valorant Masters Bangkok 2025,1.01,T1,Masters
Smoggy,(+1),313,1.01,191.1,,124.6,0.65,0.49,0.1,0.06,30.0,20.0,,24,203,219,152,30,20,Valorant Masters Bangkok 2025,0.93,EDG,Masters
Flashback,,149,1.0,180.4,,126.4,0.68,0.17,0.09,0.07,26.0,8.0,,26,101,101,26,13,11,Valorant Masters Bangkok 2025,1.0,DRX,Masters
kamo,(+1),155,0.99,215.0,,144.5,0.75,0.15,0.18,0.17,27.0,13.0,,34,117,115,23,28,27,Valorant Masters Bangkok 2025,1.02,TL,Masters
JonahP,,360,0.98,187.6,,119.3,0.65,0.46,0.08,0.07,24.0,9.0,,21,235,254,164,30,26,Valorant Masters Bangkok 2025,0.93,G2,Masters
Kicks,,225,0.94,174.3,,115.0,0.63,0.36,0.05,0.11,27.0,22.0,,20,142,153,82,11,25,Valorant Masters Bangkok 2025,0.93,VIT,Masters
nobody,,313,0.94,180.1,,123.9,0.62,0.23,0.09,0.09,30.0,4.0,,25,195,216,71,27,27,Valorant Masters Bangkok 2025,0.9,EDG,Masters
bang,,103,0.93,186.0,,113.8,0.65,0.32,0.11,0.11,31.0,25.0,,22,67,74,33,11,11,Valorant Masters Bangkok 2025,0.91,SEN,Masters
Kai,,74,0.92,200.8,,128.6,0.73,0.12,0.14,0.12,31.0,8.0,,20,54,62,9,10,9,Valorant Masters Bangkok 2025,0.87,TE,Masters
zekken,,103,0.92,196.6,,135.1,0.7,0.11,0.16,0.23,29.0,14.0,,25,72,73,11,16,24,Valorant Masters Bangkok 2025,0.99,SEN,Masters
MaKo,,149,0.92,173.3,,118.4,0.57,0.48,0.05,0.11,24.0,13.0,,25,85,103,72,8,16,Valorant Masters Bangkok 2025,0.83,DRX,Masters
HYUNMIN,,149,0.9,205.9,,134.0,0.72,0.22,0.17,0.15,32.0,,,23,108,121,33,25,23,Valorant Masters Bangkok 2025,0.89,DRX,Masters
kamyk,(+1),155,0.86,180.3,,118.3,0.61,0.25,0.06,0.06,31.0,10.0,,23,95,112,38,9,9,Valorant Masters Bangkok 2025,0.85,TL,Masters
Biank,,74,0.85,166.8,,115.6,0.55,0.24,0.07,0.08,19.0,22.0,,14,41,57,18,5,6,Valorant Masters Bangkok 2025,0.72,TE,Masters
S1Mon,,313,0.83,151.5,,100.7,0.54,0.42,0.03,0.06,30.0,17.0,,19,169,225,133,9,18,Valorant Masters Bangkok 2025,0.75,EDG,Masters
johnqt,,103,0.82,159.8,,105.3,0.59,0.25,0.04,0.06,19.0,,,18,61,77,26,4,6,Valorant Masters Bangkok 2025,0.79,SEN,Masters
Zellsis,,103,0.77,159.8,,109.3,0.5,0.39,0.05,0.09,19.0,,,17,51,81,40,5,9,Valorant Masters Bangkok 2025,0.63,SEN,Masters
Sayf,(+1),225,0.75,155.9,,100.1,0.53,0.25,0.07,0.09,22.0,9.0,,18,119,160,56,15,20,Valorant Masters Bangkok 2025,0.74,VIT,Masters
LuoK1ng,,74,0.74,155.8,,105.2,0.54,0.31,0.05,0.07,34.0,,,13,40,60,23,4,5,Valorant Masters Bangkok 2025,0.67,TE,Masters
paTiTek,(+2),155,0.73,144.0,,97.8,0.47,0.43,0.06,0.08,25.0,7.0,,18,73,112,67,10,13,Valorant Masters Bangkok 2025,0.65,TL,Masters
heybay,,74,0.69,134.3,,89.7,0.42,0.3,0.07,0.09,26.0,,,12,31,57,22,5,7,Valorant Masters Bangkok 2025,0.54,TE,Masters
carpe,,45,0.63,140.5,,92.1,0.44,0.38,0.09,0.13,27.0,25.0,,14,20,35,17,4,6,Valorant Masters Bangkok 2025,0.57,T1,Masters
FengF,,74,0.55,151.0,,104.6,0.47,0.16,0.11,0.2,21.0,13.0,,14,35,63,12,8,15,Valorant Masters Bangkok 2025,0.56,TE,Masters
keiko,(+2),493,1.26,239.5,,156.3,0.88,0.3,0.11,0.06,40.0,16.0,,28,436,325,149,53,32,VCT 2025: EMEA Kickoff,1.34,TL,EMEA
Minny,(+1),192,1.18,219.5,,139.8,0.79,0.17,0.14,0.07,38.0,11.0,,25,151,120,32,27,14,VCT 2025: EMEA Kickoff,1.26,M8,EMEA
florescent,,111,1.17,256.6,,172.9,0.91,0.15,0.2,0.14,38.0,8.0,,26,101,87,17,22,15,VCT 2025: EMEA Kickoff,1.16,APK,EMEA
kaajak,,215,1.16,245.0,,157.9,0.89,0.21,0.15,0.16,37.0,23.0,,32,191,147,45,32,35,VCT 2025: EMEA Kickoff,1.3,FNC,EMEA
yetujey,,179,1.13,230.8,,150.9,0.81,0.23,0.14,0.08,26.0,15.0,,22,145,126,41,25,14,VCT 2025: EMEA Kickoff,1.15,FUT,EMEA
Alfajer,(+2),215,1.12,233.5,,153.4,0.84,0.22,0.18,0.08,29.0,13.0,,32,181,157,48,38,18,VCT 2025: EMEA Kickoff,1.15,FNC,EMEA
Derke,,249,1.12,252.8,,164.9,0.87,0.18,0.24,0.21,30.0,,,32,217,185,46,61,52,VCT 2025: EMEA Kickoff,1.17,VIT,EMEA
Sayf,(+1),249,1.1,214.2,,138.5,0.78,0.24,0.09,0.08,26.0,19.0,,22,195,160,60,22,21,VCT 2025: EMEA Kickoff,1.22,VIT,EMEA
sociablEE,(+3),244,1.09,228.5,,144.8,0.8,0.2,0.11,0.13,22.0,14.0,,25,196,175,50,28,32,VCT 2025: EMEA Kickoff,1.12,BBL,EMEA
Avez,,199,1.09,208.8,,135.0,0.72,0.3,0.07,0.07,36.0,15.0,,24,144,133,59,13,13,VCT 2025: EMEA Kickoff,1.08,KC,EMEA
Wo0t,,189,1.08,205.1,,136.8,0.7,0.43,0.11,0.1,35.0,14.0,,23,132,128,82,20,18,VCT 2025: EMEA Kickoff,1.03,TH,EMEA
Ruxic,,128,1.08,216.0,,136.7,0.75,0.38,0.11,0.11,26.0,,,26,96,92,49,14,14,VCT 2025: EMEA Kickoff,1.04,NAVI,EMEA
Less,(+1),249,1.08,196.3,,126.5,0.69,0.32,0.04,0.06,30.0,35.0,,22,173,150,79,10,14,VCT 2025: EMEA Kickoff,1.15,VIT,EMEA
SUYGETSU,,199,1.08,194.2,,122.7,0.69,0.42,0.08,0.1,42.0,13.0,,19,137,125,84,16,19,VCT 2025: EMEA Kickoff,1.1,KC,EMEA
Shao,(+2),128,1.07,183.8,,120.7,0.7,0.3,0.09,0.05,29.0,20.0,,23,90,79,38,11,7,VCT 2025: EMEA Kickoff,1.14,NAVI,EMEA
Cloud,,176,1.07,206.1,,139.5,0.71,0.26,0.11,0.1,30.0,8.0,,22,125,121,45,19,18,VCT 2025: EMEA Kickoff,1.03,GX,EMEA
kamyk,(+3),493,1.07,201.9,,132.9,0.71,0.28,0.09,0.08,25.0,15.0,,21,352,319,138,44,37,VCT 2025: EMEA Kickoff,1.1,TL,EMEA
Chronicle,(+1),215,1.06,195.8,,131.1,0.69,0.35,0.07,0.08,24.0,6.0,,24,149,135,75,14,17,VCT 2025: EMEA Kickoff,1.1,FNC,EMEA
RieNs,(+1),189,1.06,205.4,,137.4,0.74,0.27,0.11,0.06,43.0,9.0,,21,140,137,51,21,12,VCT 2025: EMEA Kickoff,1.02,TH,EMEA
PROFEK,,244,1.05,200.7,,133.8,0.74,0.31,0.06,0.07,30.0,28.0,,22,180,168,75,14,16,VCT 2025: EMEA Kickoff,1.07,BBL,EMEA
xeus,,179,1.05,231.8,,148.7,0.85,0.15,0.14,0.22,38.0,25.0,,25,153,140,26,25,40,VCT 2025: EMEA Kickoff,1.09,FUT,EMEA
Kada,(+1),192,1.04,181.9,,113.7,0.64,0.36,0.05,0.04,36.0,8.0,,20,122,119,70,9,8,VCT 2025: EMEA Kickoff,1.03,M8,EMEA
trexx,(+1),249,1.03,194.2,,128.3,0.63,0.39,0.08,0.06,17.0,18.0,,29,157,156,96,19,14,VCT 2025: EMEA Kickoff,1.01,VIT,EMEA
Click,(+1),192,1.02,209.6,,134.1,0.81,0.09,0.19,0.19,38.0,25.0,,24,155,138,17,36,36,VCT 2025: EMEA Kickoff,1.12,M8,EMEA
Kicks,,249,1.01,194.7,,117.7,0.67,0.47,0.09,0.06,29.0,16.0,,20,168,168,117,22,15,VCT 2025: EMEA Kickoff,1.0,VIT,EMEA
paTiTek,(+2),493,0.99,173.8,,116.2,0.61,0.37,0.09,0.07,26.0,13.0,,22,302,309,180,42,33,VCT 2025: EMEA Kickoff,0.98,TL,EMEA
Zyppan,(+1),192,0.98,179.6,,120.8,0.63,0.43,0.08,0.1,31.0,12.0,,22,121,133,82,16,19,VCT 2025: EMEA Kickoff,0.91,M8,EMEA
kamo,(+1),493,0.98,219.6,,143.6,0.77,0.16,0.17,0.15,27.0,16.0,,22,381,364,77,84,74,VCT 2025: EMEA Kickoff,1.05,TL,EMEA
nAts,(+1),493,0.98,200.0,,135.0,0.71,0.26,0.11,0.09,29.0,11.0,,19,348,340,130,52,42,VCT 2025: EMEA Kickoff,1.02,TL,EMEA
tomaszy,,176,0.97,182.5,,120.8,0.66,0.41,0.08,0.09,30.0,13.0,,23,116,128,73,14,15,VCT 2025: EMEA Kickoff,0.91,GX,EMEA
saadhak,,199,0.97,183.9,,119.2,0.64,0.34,0.07,0.11,26.0,15.0,,18,127,131,67,14,22,VCT 2025: EMEA Kickoff,0.97,KC,EMEA
Filu,,117,0.97,228.8,,149.9,0.79,0.17,0.15,0.22,28.0,8.0,,22,92,93,20,17,26,VCT 2025: EMEA Kickoff,0.99,MKOI,EMEA
purp0,,176,0.97,218.5,,143.5,0.78,0.13,0.19,0.16,37.0,,,22,137,134,23,34,28,VCT 2025: EMEA Kickoff,1.02,GX,EMEA
Elite,,199,0.96,170.1,,117.9,0.6,0.24,0.07,0.1,40.0,15.0,,19,120,125,47,13,19,VCT 2025: EMEA Kickoff,0.96,KC,EMEA
Boaster,,215,0.95,169.9,,110.8,0.59,0.47,0.09,0.09,23.0,26.0,,20,127,140,100,20,19,VCT 2025: EMEA Kickoff,0.91,FNC,EMEA
marteen,,199,0.95,204.2,,134.6,0.72,0.19,0.17,0.18,28.0,8.0,,26,144,148,38,34,36,VCT 2025: EMEA Kickoff,0.97,KC,EMEA
Jamppi,(+1),244,0.94,189.0,,127.9,0.64,0.34,0.05,0.08,29.0,23.0,,22,157,178,83,13,20,VCT 2025: EMEA Kickoff,0.88,BBL,EMEA
MiniBoo,,189,0.94,197.3,,131.4,0.69,0.19,0.18,0.14,33.0,6.0,,20,130,142,35,34,27,VCT 2025: EMEA Kickoff,0.92,TH,EMEA
LewN,,244,0.93,205.3,,132.8,0.73,0.19,0.16,0.23,36.0,13.0,,25,179,182,46,40,56,VCT 2025: EMEA Kickoff,0.98,BBL,EMEA
AvovA,,111,0.93,175.4,,117.1,0.61,0.33,0.06,0.07,35.0,11.0,,17,68,80,37,7,8,VCT 2025: EMEA Kickoff,0.85,APK,EMEA
soulcas,,117,0.92,184.8,,125.3,0.68,0.24,0.08,0.06,33.0,14.0,,20,79,85,28,9,7,VCT 2025: EMEA Kickoff,0.93,MKOI,EMEA
MrFaliN,(+1),179,0.91,164.8,,109.7,0.56,0.33,0.04,0.09,23.0,17.0,,15,101,120,59,8,16,VCT 2025: EMEA Kickoff,0.84,FUT,EMEA
grubinho,,117,0.91,168.3,,104.5,0.62,0.39,0.08,0.1,26.0,21.0,,20,73,82,46,9,12,VCT 2025: EMEA Kickoff,0.89,MKOI,EMEA
qRaxs,,179,0.9,178.6,,117.8,0.61,0.41,0.06,0.05,26.0,7.0,,19,110,130,74,11,9,VCT 2025: EMEA Kickoff,0.85,FUT,EMEA
oderus,,46,0.9,184.5,,132.5,0.67,0.28,0.0,0.13,38.0,40.0,,23,31,34,13,0,6,VCT 2025: EMEA Kickoff,0.91,APK,EMEA
RobbieBk,,192,0.9,154.3,,111.0,0.49,0.29,0.07,0.07,28.0,4.0,,18,95,124,56,14,13,VCT 2025: EMEA Kickoff,0.77,M8,EMEA
runneR,(+2),176,0.9,170.6,,110.4,0.57,0.4,0.06,0.07,24.0,14.0,,20,100,123,70,10,12,VCT 2025: EMEA Kickoff,0.81,GX,EMEA
AtaKaptan,(+1),179,0.89,170.8,,110.8,0.59,0.37,0.06,0.11,27.0,30.0,,17,106,134,67,11,20,VCT 2025: EMEA Kickoff,0.79,FUT,EMEA
crashies,,215,0.89,155.3,,112.0,0.55,0.23,0.05,0.06,34.0,14.0,,21,119,131,49,10,12,VCT 2025: EMEA Kickoff,0.91,FNC,EMEA
koalanoob,(+1),128,0.88,200.7,,133.8,0.72,0.17,0.16,0.17,23.0,21.0,,24,92,98,22,21,22,VCT 2025: EMEA Kickoff,0.94,NAVI,EMEA
hiro,(+1),128,0.87,168.7,,120.5,0.62,0.29,0.06,0.08,29.0,6.0,,20,79,92,37,8,10,VCT 2025: EMEA Kickoff,0.86,NAVI,EMEA
Boo,,189,0.86,156.3,,104.6,0.54,0.54,0.05,0.08,38.0,,,17,102,134,102,9,16,VCT 2025: EMEA Kickoff,0.76,TH,EMEA
MOLSI,,111,0.85,149.6,,100.9,0.5,0.46,0.02,0.07,27.0,15.0,,17,55,79,51,2,8,VCT 2025: EMEA Kickoff,0.7,APK,EMEA
sheydos,,117,0.84,154.3,,111.7,0.54,0.19,0.07,0.03,27.0,16.0,,15,63,84,22,8,3,VCT 2025: EMEA Kickoff,0.75,MKOI,EMEA
hype,,111,0.83,172.6,,116.9,0.59,0.16,0.11,0.12,29.0,,,21,66,84,18,12,13,VCT 2025: EMEA Kickoff,0.79,APK,EMEA
westside,,176,0.83,164.4,,111.2,0.57,0.24,0.07,0.08,36.0,5.0,,17,101,129,42,12,14,VCT 2025: EMEA Kickoff,0.78,GX,EMEA
benjyfishy,,189,0.82,161.6,,113.5,0.58,0.21,0.05,0.12,36.0,19.0,,22,109,136,39,9,22,VCT 2025: EMEA Kickoff,0.8,TH,EMEA
vakk,(+1),244,0.78,150.5,,97.4,0.55,0.25,0.03,0.07,32.0,16.0,,22,135,175,60,8,17,VCT 2025: EMEA Kickoff,0.77,BBL,EMEA
flyuh,(+1),117,0.77,168.7,,112.5,0.6,0.25,0.09,0.14,24.0,7.0,,18,70,91,29,10,16,VCT 2025: EMEA Kickoff,0.77,MKOI,EMEA
batujnax,,65,0.76,155.7,,103.0,0.58,0.26,0.09,0.18,19.0,17.0,,27,38,52,17,6,12,VCT 2025: EMEA Kickoff,0.73,APK,EMEA
ANGE1,(+1),128,0.68,148.0,,99.5,0.47,0.3,0.08,0.09,29.0,30.0,,13,60,95,38,10,11,VCT 2025: EMEA Kickoff,0.63,NAVI,EMEA
penny,,38,1.37,266.0,,165.9,0.97,0.21,0.18,0.11,24.0,25.0,,22,37,22,8,7,4,VCT 2025: Americas Kickoff,1.68,FUR,Americas
mada,(+1),183,1.29,277.3,,173.6,0.97,0.19,0.2,0.21,22.0,26.0,,30,178,130,35,37,39,VCT 2025: Americas Kickoff,1.37,NRG,Americas
bdog,,38,1.28,212.5,,125.5,0.74,0.55,0.05,0.0,35.0,,,16,28,21,21,2,0,VCT 2025: Americas Kickoff,1.33,FUR,Americas
aspas,,373,1.26,248.8,,163.4,0.89,0.13,0.2,0.12,23.0,7.0,,37,332,241,48,73,45,VCT 2025: Americas Kickoff,1.38,MIBR,Americas
trent,,221,1.26,217.2,,150.7,0.81,0.21,0.1,0.07,28.0,26.0,,23,179,126,47,21,16,VCT 2025: Americas Kickoff,1.42,G2,Americas
Shyy,,246,1.2,213.1,,141.9,0.76,0.23,0.08,0.04,28.0,24.0,,25,188,154,56,19,9,VCT 2025: Americas Kickoff,1.22,KRÜ,Americas
leaf,,221,1.19,230.0,,151.6,0.84,0.2,0.15,0.09,27.0,22.0,,24,186,146,44,34,19,VCT 2025: Americas Kickoff,1.27,G2,Americas
dgzin,,204,1.19,238.9,,156.1,0.86,0.12,0.21,0.12,26.0,13.0,,28,175,130,25,42,24,VCT 2025: Americas Kickoff,1.35,LOUD,Americas
jakee,,38,1.16,221.0,,141.7,0.76,0.47,0.03,0.11,25.0,,,19,29,25,18,1,4,VCT 2025: Americas Kickoff,1.16,FUR,Americas
gobera,,69,1.16,239.5,,157.2,0.84,0.29,0.1,0.06,32.0,6.0,,23,58,54,20,7,4,VCT 2025: Americas Kickoff,1.07,2G,Americas
Cryocells,(+1),170,1.15,233.9,,154.1,0.81,0.24,0.14,0.08,29.0,20.0,,24,138,115,41,23,13,VCT 2025: Americas Kickoff,1.2,100T,Americas
Melser,,246,1.14,204.0,,125.7,0.74,0.36,0.1,0.07,33.0,26.0,,26,182,148,88,24,16,VCT 2025: Americas Kickoff,1.23,KRÜ,Americas
s0m,(+2),183,1.11,215.0,,134.1,0.75,0.44,0.1,0.08,24.0,11.0,,30,138,125,81,19,14,VCT 2025: Americas Kickoff,1.1,NRG,Americas
Khalil,,80,1.1,211.3,,137.1,0.78,0.26,0.09,0.04,39.0,7.0,,19,62,58,21,7,3,VCT 2025: Americas Kickoff,1.07,FUR,Americas
eeiu,,170,1.09,198.1,,129.0,0.76,0.32,0.06,0.05,41.0,17.0,,26,129,107,55,10,8,VCT 2025: Americas Kickoff,1.21,100T,Americas
johnqt,,370,1.09,186.5,,127.9,0.65,0.27,0.06,0.05,27.0,10.0,,27,242,231,100,24,18,VCT 2025: Americas Kickoff,1.05,SEN,Americas
kiNgg,,148,1.09,216.0,,138.4,0.76,0.39,0.09,0.09,32.0,16.0,,20,112,104,57,14,13,VCT 2025: Americas Kickoff,1.08,LEV,Americas
pANcada,,204,1.08,193.4,,129.0,0.7,0.31,0.08,0.05,39.0,5.0,,20,142,131,63,17,11,VCT 2025: Americas Kickoff,1.08,LOUD,Americas
stellar,,38,1.08,204.5,,143.3,0.76,0.29,0.11,0.16,19.0,100.0,,15,29,24,11,4,6,VCT 2025: Americas Kickoff,1.21,FUR,Americas
JonahP,,221,1.05,178.9,,113.7,0.65,0.51,0.05,0.06,24.0,18.0,,18,144,138,113,12,13,VCT 2025: Americas Kickoff,1.04,G2,Americas
nataNk,(+2),148,1.05,207.1,,136.9,0.7,0.38,0.13,0.14,25.0,27.0,,20,104,97,56,19,21,VCT 2025: Americas Kickoff,1.07,LEV,Americas
Asuna,,170,1.04,234.3,,149.7,0.78,0.28,0.19,0.16,22.0,43.0,,23,132,122,47,33,27,VCT 2025: Americas Kickoff,1.08,100T,Americas
zekken,,370,1.04,219.7,,144.3,0.79,0.22,0.19,0.18,23.0,14.0,,32,291,264,81,71,68,VCT 2025: Americas Kickoff,1.1,SEN,Americas
xenom,,373,1.04,182.6,,118.2,0.66,0.42,0.06,0.06,31.0,17.0,,33,247,240,155,21,24,VCT 2025: Americas Kickoff,1.03,MIBR,Americas
keznit,,246,1.03,214.6,,137.9,0.74,0.16,0.17,0.16,22.0,17.0,,24,183,167,40,43,39,VCT 2025: Americas Kickoff,1.1,KRÜ,Americas
tex,,148,1.03,186.6,,123.3,0.7,0.09,0.06,0.11,36.0,30.0,,17,104,95,14,9,16,VCT 2025: Americas Kickoff,1.09,LEV,Americas
valyn,,221,1.03,187.5,,122.8,0.66,0.4,0.06,0.07,20.0,29.0,,20,145,141,89,14,16,VCT 2025: Americas Kickoff,1.03,G2,Americas
supamen,,128,1.01,190.0,,123.2,0.69,0.29,0.09,0.08,35.0,29.0,,25,88,87,37,11,10,VCT 2025: Americas Kickoff,1.01,EG,Americas
Zellsis,(+2),370,1.01,200.2,,129.9,0.69,0.35,0.08,0.11,24.0,11.0,,31,254,261,129,29,40,VCT 2025: Americas Kickoff,0.97,SEN,Americas
Ethan,(+1),183,1.01,188.0,,123.4,0.62,0.44,0.04,0.08,27.0,25.0,,24,114,121,81,8,15,VCT 2025: Americas Kickoff,0.94,NRG,Americas
N4RRATE,(+2),370,1.0,193.5,,124.8,0.66,0.38,0.07,0.08,23.0,28.0,,21,244,258,140,27,28,VCT 2025: Americas Kickoff,0.95,SEN,Americas
bang,(+1),370,1.0,189.4,,123.8,0.65,0.41,0.08,0.09,34.0,15.0,,24,242,252,152,31,34,VCT 2025: Americas Kickoff,0.96,SEN,Americas
v1c,,152,0.97,174.0,,115.2,0.61,0.39,0.07,0.05,24.0,26.0,,21,92,101,60,10,7,VCT 2025: Americas Kickoff,0.91,C9,Americas
yay,(+1),128,0.97,193.7,,129.3,0.66,0.2,0.16,0.1,30.0,27.0,,18,85,89,25,20,13,VCT 2025: Americas Kickoff,0.96,EG,Americas
jawgemo,,221,0.97,217.3,,136.7,0.76,0.3,0.19,0.15,18.0,17.0,,21,167,169,66,43,33,VCT 2025: Americas Kickoff,0.99,G2,Americas
Xeppaa,(+1),152,0.96,194.6,,131.4,0.7,0.27,0.07,0.05,21.0,17.0,,28,107,115,41,11,8,VCT 2025: Americas Kickoff,0.93,C9,Americas
NaturE,,128,0.95,171.7,,117.3,0.6,0.28,0.04,0.07,25.0,21.0,,18,77,86,36,5,9,VCT 2025: Americas Kickoff,0.9,EG,Americas
adverso,,246,0.94,186.3,,122.3,0.64,0.31,0.08,0.1,19.0,29.0,,21,157,169,77,19,24,VCT 2025: Americas Kickoff,0.93,KRÜ,Americas
C0M,,148,0.94,195.9,,132.2,0.7,0.26,0.06,0.07,21.0,17.0,,27,103,106,38,9,11,VCT 2025: Americas Kickoff,0.97,LEV,Americas
icy,,128,0.94,216.5,,141.0,0.74,0.16,0.14,0.2,21.0,6.0,,19,95,99,20,18,25,VCT 2025: Americas Kickoff,0.96,EG,Americas
cauanzin,(+1),204,0.94,211.4,,138.0,0.7,0.24,0.13,0.13,28.0,13.0,,22,142,153,49,26,27,VCT 2025: Americas Kickoff,0.93,LOUD,Americas
Verno,,183,0.94,172.1,,114.4,0.63,0.23,0.06,0.07,33.0,9.0,,24,116,120,42,11,12,VCT 2025: Americas Kickoff,0.97,NRG,Americas
nzr,(+1),373,0.93,172.3,,118.8,0.58,0.33,0.04,0.03,27.0,8.0,,23,216,250,122,14,13,VCT 2025: Americas Kickoff,0.86,MIBR,Americas
Demon1,(+1),148,0.9,198.1,,137.2,0.7,0.3,0.08,0.16,26.0,,,23,103,111,44,12,23,VCT 2025: Americas Kickoff,0.93,LEV,Americas
Add3r,,38,0.89,194.5,,126.2,0.74,0.08,0.11,0.16,33.0,,,18,28,28,3,4,6,VCT 2025: Americas Kickoff,1.0,FUR,Americas
Mazino,,246,0.89,182.5,,118.3,0.65,0.45,0.09,0.13,27.0,10.0,,21,159,178,110,22,31,VCT 2025: Americas Kickoff,0.89,KRÜ,Americas
zander,,170,0.89,171.6,,106.7,0.59,0.33,0.11,0.1,25.0,21.0,,19,100,113,56,18,17,VCT 2025: Americas Kickoff,0.88,100T,Americas
tuyz,,204,0.88,158.6,,103.0,0.55,0.25,0.08,0.08,31.0,35.0,,16,113,134,50,17,17,VCT 2025: Americas Kickoff,0.84,LOUD,Americas
v1nny,,204,0.88,153.8,,108.2,0.54,0.39,0.03,0.08,34.0,12.0,,20,111,135,79,7,16,VCT 2025: Americas Kickoff,0.82,LOUD,Americas
OXY,,152,0.88,222.0,,145.7,0.78,0.2,0.16,0.22,23.0,17.0,,24,118,127,30,25,33,VCT 2025: Americas Kickoff,0.93,C9,Americas
mwzera,,80,0.87,166.3,,111.6,0.55,0.29,0.09,0.09,18.0,,,16,44,55,23,7,7,VCT 2025: Americas Kickoff,0.8,FUR,Americas
cortezia,(+1),373,0.86,184.4,,125.6,0.66,0.18,0.08,0.08,34.0,6.0,,29,245,267,67,31,30,VCT 2025: Americas Kickoff,0.92,MIBR,Americas
havoc,,80,0.86,220.0,,146.8,0.71,0.23,0.18,0.16,24.0,,,15,57,66,18,14,13,VCT 2025: Americas Kickoff,0.86,FUR,Americas
artzin,(+4),373,0.85,192.8,,126.4,0.65,0.3,0.13,0.19,18.0,18.0,,28,243,288,112,49,71,VCT 2025: Americas Kickoff,0.84,MIBR,Americas
Derrek,,128,0.85,174.8,,115.3,0.61,0.34,0.04,0.09,35.0,5.0,,20,78,94,44,5,12,VCT 2025: Americas Kickoff,0.83,EG,Americas
neT,(+1),152,0.83,174.7,,116.2,0.63,0.23,0.09,0.1,40.0,10.0,,18,95,110,35,13,15,VCT 2025: Americas Kickoff,0.86,C9,Americas
mitch,,152,0.8,163.0,,103.2,0.52,0.47,0.08,0.12,20.0,14.0,,17,79,111,71,12,18,VCT 2025: Americas Kickoff,0.71,C9,Americas
lz,,69,0.8,171.3,,118.0,0.61,0.26,0.12,0.17,44.0,20.0,,14,42,57,18,8,12,VCT 2025: Americas Kickoff,0.74,2G,Americas
FiNESSE,(+2),183,0.79,145.1,,99.6,0.47,0.32,0.05,0.1,18.0,5.0,,16,86,126,59,9,18,VCT 2025: Americas Kickoff,0.68,NRG,Americas
heat,,80,0.79,172.5,,116.1,0.61,0.09,0.09,0.13,41.0,11.0,,16,49,59,7,7,10,VCT 2025: Americas Kickoff,0.83,FUR,Americas
silentzz,,69,0.75,188.5,,122.1,0.64,0.16,0.22,0.16,40.0,,,16,44,62,11,15,11,VCT 2025: Americas Kickoff,0.71,2G,Americas
pryze,,69,0.7,149.5,,96.0,0.46,0.3,0.03,0.01,23.0,,,13,32,52,21,2,1,VCT 2025: Americas Kickoff,0.62,2G,Americas
Boostio,(+1),170,0.69,138.0,,85.7,0.48,0.33,0.05,0.07,23.0,7.0,,14,81,119,56,9,12,VCT 2025: Americas Kickoff,0.68,100T,Americas
raafa,,80,0.6,136.3,,93.7,0.44,0.25,0.03,0.13,21.0,8.0,,12,35,63,20,2,10,VCT 2025: Americas Kickoff,0.56,FUR,Americas
Zap,,69,0.51,128.3,,92.8,0.41,0.25,0.03,0.1,19.0,,,9,28,57,17,2,7,VCT 2025: Americas Kickoff,0.49,2G,Americas
Karon,,304,1.2,205.2,,135.9,0.74,0.45,0.05,0.08,32.0,12.0,,24,224,179,138,14,24,VCT 2025: Pacific Kickoff,1.25,GEN,Pacific
Jemkin,,269,1.2,257.4,,164.2,0.91,0.22,0.22,0.16,27.0,9.0,,38,245,190,60,59,42,VCT 2025: Pacific Kickoff,1.29,RRQ,Pacific
Meiy,(+1),180,1.19,240.4,,161.3,0.88,0.16,0.18,0.11,31.0,28.0,,32,159,131,29,32,20,VCT 2025: Pacific Kickoff,1.21,DFM,Pacific
primmie,(+1),217,1.19,234.8,,152.2,0.87,0.19,0.05,0.06,36.0,13.0,,25,189,145,42,11,13,VCT 2025: Pacific Kickoff,1.3,TLN,Pacific
free1ng,,297,1.16,222.2,,146.5,0.81,0.24,0.1,0.07,29.0,18.0,,28,241,195,70,30,20,VCT 2025: Pacific Kickoff,1.24,DRX,Pacific
BerserX,,123,1.14,208.8,,145.1,0.75,0.18,0.07,0.09,25.0,11.0,,22,92,77,22,9,11,VCT 2025: Pacific Kickoff,1.19,BME,Pacific
Kushy,,269,1.14,222.2,,142.6,0.74,0.32,0.08,0.06,34.0,17.0,,22,200,175,86,22,16,VCT 2025: Pacific Kickoff,1.14,RRQ,Pacific
MaKo,,297,1.12,204.8,,134.8,0.71,0.48,0.09,0.09,26.0,27.0,,25,210,193,143,26,27,VCT 2025: Pacific Kickoff,1.09,DRX,Pacific
f0rsakeN,(+3),140,1.12,221.6,,148.5,0.79,0.38,0.09,0.09,35.0,,,24,111,101,53,13,12,VCT 2025: Pacific Kickoff,1.1,PRX,Pacific
Ivy,(+5),319,1.11,195.8,,124.4,0.73,0.35,0.07,0.05,30.0,26.0,,35,232,200,112,22,16,VCT 2025: Pacific Kickoff,1.16,NS,Pacific
HYUNMIN,,297,1.11,245.4,,165.5,0.86,0.16,0.22,0.13,28.0,11.0,,29,255,221,49,65,40,VCT 2025: Pacific Kickoff,1.15,DRX,Pacific
Francis,(+3),319,1.1,218.8,,144.7,0.74,0.39,0.08,0.08,23.0,11.0,,23,235,219,126,24,24,VCT 2025: Pacific Kickoff,1.07,NS,Pacific
Kr1stal,,164,1.1,207.3,,139.0,0.7,0.28,0.1,0.09,24.0,18.0,,19,115,107,46,17,14,VCT 2025: Pacific Kickoff,1.07,GE,Pacific
JessieVash,,111,1.1,217.8,,155.5,0.78,0.23,0.07,0.06,36.0,14.0,,22,87,80,25,8,7,VCT 2025: Pacific Kickoff,1.09,TS,Pacific
Persia,,319,1.09,191.2,,125.5,0.68,0.47,0.05,0.06,27.0,22.0,,35,216,203,151,17,19,VCT 2025: Pacific Kickoff,1.06,NS,Pacific
JitBoyS,,217,1.09,190.2,,125.0,0.71,0.32,0.09,0.06,34.0,20.0,,19,154,143,69,20,14,VCT 2025: Pacific Kickoff,1.08,TLN,Pacific
Estrella,(+2),269,1.08,181.4,,122.0,0.64,0.46,0.06,0.07,31.0,20.0,,28,173,166,125,17,18,VCT 2025: Pacific Kickoff,1.04,RRQ,Pacific
BuZz,,483,1.07,236.6,,154.8,0.81,0.21,0.21,0.16,19.0,20.0,,28,391,362,101,100,76,VCT 2025: Pacific Kickoff,1.08,T1,Pacific
Jinggg,,140,1.04,218.1,,143.6,0.77,0.16,0.14,0.16,20.0,8.0,,21,108,98,23,20,22,VCT 2025: Pacific Kickoff,1.1,PRX,Pacific
Dep,,83,1.04,227.0,,135.2,0.78,0.19,0.14,0.19,28.0,33.0,,21,65,63,16,12,16,VCT 2025: Pacific Kickoff,1.03,ZETA,Pacific
Famouz,,123,1.04,230.5,,142.9,0.79,0.2,0.2,0.2,13.0,15.0,,24,97,91,24,24,24,VCT 2025: Pacific Kickoff,1.07,BME,Pacific
Munchkin,(+1),304,1.03,202.4,,130.3,0.67,0.37,0.1,0.09,24.0,6.0,,22,205,199,113,30,26,VCT 2025: Pacific Kickoff,1.03,GEN,Pacific
carpe,,297,1.02,180.8,,117.9,0.63,0.54,0.06,0.05,34.0,14.0,,19,187,206,159,19,16,VCT 2025: Pacific Kickoff,0.91,T1,Pacific
yoman,,304,1.0,172.1,,108.5,0.61,0.31,0.06,0.06,30.0,6.0,,22,185,185,93,18,17,VCT 2025: Pacific Kickoff,1.0,GEN,Pacific
Akame,(+1),180,1.0,201.9,,129.5,0.68,0.32,0.11,0.08,31.0,12.0,,24,123,131,58,19,14,VCT 2025: Pacific Kickoff,0.94,DFM,Pacific
d4v41,(+3),140,1.0,194.0,,139.0,0.69,0.31,0.06,0.07,32.0,13.0,,27,97,98,44,9,10,VCT 2025: Pacific Kickoff,0.99,PRX,Pacific
dos9,,123,1.0,180.2,,114.6,0.63,0.41,0.07,0.04,28.0,13.0,,20,77,86,50,9,5,VCT 2025: Pacific Kickoff,0.9,BME,Pacific
iZu,(+4),483,1.0,183.5,,126.7,0.66,0.22,0.07,0.09,28.0,10.0,,29,321,316,108,34,42,VCT 2025: Pacific Kickoff,1.02,T1,Pacific
Papi,,164,1.0,174.0,,112.8,0.63,0.32,0.08,0.04,39.0,19.0,,16,103,104,52,13,7,VCT 2025: Pacific Kickoff,0.99,GE,Pacific
stax,(+2),483,0.99,169.7,,116.8,0.6,0.39,0.06,0.06,26.0,10.0,,28,292,314,190,27,29,VCT 2025: Pacific Kickoff,0.93,T1,Pacific
Monyet,(+1),269,0.99,187.9,,120.3,0.67,0.32,0.07,0.12,31.0,23.0,,27,179,175,87,18,31,VCT 2025: Pacific Kickoff,1.02,RRQ,Pacific
t3xture,,304,0.99,222.4,,141.8,0.82,0.13,0.18,0.23,24.0,18.0,,35,248,222,41,56,69,VCT 2025: Pacific Kickoff,1.12,GEN,Pacific
something,,140,0.98,210.4,,131.3,0.74,0.22,0.16,0.14,22.0,14.0,,21,103,102,31,22,20,VCT 2025: Pacific Kickoff,1.01,PRX,Pacific
UdoTan,,164,0.98,217.9,,138.5,0.76,0.13,0.13,0.2,26.0,,,23,125,125,22,22,32,VCT 2025: Pacific Kickoff,1.0,GE,Pacific
Foxy9,,304,0.97,194.5,,125.3,0.69,0.16,0.08,0.08,34.0,21.0,,23,211,204,48,25,25,VCT 2025: Pacific Kickoff,1.03,GEN,Pacific
xffero,,269,0.97,180.6,,121.3,0.66,0.25,0.09,0.09,27.0,11.0,,31,177,173,68,23,23,VCT 2025: Pacific Kickoff,1.02,RRQ,Pacific
margaret,(+1),319,0.96,180.7,,122.0,0.65,0.23,0.13,0.08,28.0,8.0,,31,206,215,73,43,27,VCT 2025: Pacific Kickoff,0.96,NS,Pacific
BeYN,(+1),297,0.95,159.9,,106.1,0.56,0.4,0.05,0.05,27.0,9.0,,23,165,187,118,15,15,VCT 2025: Pacific Kickoff,0.88,DRX,Pacific
Flashback,(+1),297,0.94,183.9,,121.8,0.63,0.25,0.08,0.11,24.0,10.0,,22,188,197,74,25,34,VCT 2025: Pacific Kickoff,0.95,DRX,Pacific
Sylvan,,186,0.93,176.3,,118.7,0.6,0.53,0.05,0.11,26.0,25.0,,19,111,128,98,10,20,VCT 2025: Pacific Kickoff,0.87,T1,Pacific
Meteor,(+3),483,0.93,203.2,,136.6,0.72,0.18,0.1,0.13,28.0,9.0,,25,346,357,86,50,61,VCT 2025: Pacific Kickoff,0.97,T1,Pacific
Shiro,,123,0.92,174.5,,114.0,0.59,0.46,0.12,0.1,20.0,14.0,,18,72,88,57,15,12,VCT 2025: Pacific Kickoff,0.82,BME,Pacific
Jinboong,(+1),180,0.92,169.6,,111.8,0.62,0.23,0.06,0.12,34.0,13.0,,21,111,121,41,11,21,VCT 2025: Pacific Kickoff,0.92,DFM,Pacific
gyen,,180,0.91,168.0,,110.1,0.61,0.28,0.08,0.07,27.0,11.0,,27,110,122,51,14,13,VCT 2025: Pacific Kickoff,0.9,DFM,Pacific
mindfreak,,140,0.9,168.6,,110.9,0.59,0.44,0.04,0.04,30.0,13.0,,19,82,99,62,6,6,VCT 2025: Pacific Kickoff,0.83,PRX,Pacific
invy,(+1),111,0.89,173.8,,117.1,0.59,0.45,0.05,0.06,32.0,8.0,,22,66,83,50,6,7,VCT 2025: Pacific Kickoff,0.8,TS,Pacific
ban,(+3),217,0.89,183.7,,117.4,0.64,0.2,0.1,0.12,34.0,13.0,,19,139,148,44,22,27,VCT 2025: Pacific Kickoff,0.94,TLN,Pacific
Jremy,,111,0.89,215.3,,130.4,0.75,0.08,0.17,0.16,26.0,14.0,,21,83,83,9,19,18,VCT 2025: Pacific Kickoff,1.0,TS,Pacific
Deryeon,(+1),164,0.89,155.3,,107.4,0.58,0.18,0.07,0.12,26.0,10.0,,18,95,107,29,11,19,VCT 2025: Pacific Kickoff,0.89,GE,Pacific
Dambi,,319,0.87,218.5,,135.7,0.71,0.35,0.21,0.19,20.0,20.0,,26,226,258,111,66,60,VCT 2025: Pacific Kickoff,0.88,NS,Pacific
Art,(+1),180,0.85,177.0,,115.6,0.58,0.3,0.08,0.12,19.0,12.0,,16,104,130,54,14,21,VCT 2025: Pacific Kickoff,0.8,DFM,Pacific
kellyS,(+1),164,0.85,175.1,,118.4,0.59,0.32,0.08,0.09,25.0,,,24,97,123,52,13,14,VCT 2025: Pacific Kickoff,0.79,GE,Pacific
2GE,,111,0.84,166.0,,101.6,0.57,0.33,0.12,0.14,16.0,14.0,,18,63,78,37,13,15,VCT 2025: Pacific Kickoff,0.81,TS,Pacific
Wild0reoo,(+1),111,0.8,164.0,,112.8,0.53,0.14,0.09,0.07,33.0,,,17,59,78,16,10,8,VCT 2025: Pacific Kickoff,0.76,TS,Pacific
SugarZ3ro,,83,0.8,175.8,,114.3,0.57,0.41,0.06,0.06,33.0,17.0,,16,47,65,34,5,5,VCT 2025: Pacific Kickoff,0.72,ZETA,Pacific
CLZ,,83,0.78,142.0,,95.7,0.49,0.33,0.01,0.11,37.0,14.0,,15,41,63,27,1,9,VCT 2025: Pacific Kickoff,0.65,ZETA,Pacific
Crws,(+1),217,0.75,146.1,,96.1,0.49,0.31,0.05,0.08,25.0,14.0,,24,107,151,68,11,18,VCT 2025: Pacific Kickoff,0.71,TLN,Pacific
Governor,,217,0.75,173.6,,111.6,0.58,0.16,0.17,0.2,19.0,6.0,,18,126,163,35,36,44,VCT 2025: Pacific Kickoff,0.77,TLN,Pacific
SyouTa,,83,0.75,177.8,,114.1,0.64,0.11,0.11,0.13,44.0,12.0,,15,53,70,9,9,11,VCT 2025: Pacific Kickoff,0.76,ZETA,Pacific
NcSlasher,,123,0.73,147.5,,97.3,0.52,0.33,0.02,0.07,31.0,,,14,64,90,40,3,9,VCT 2025: Pacific Kickoff,0.71,BME,Pacific
Xdll,,83,0.7,174.0,,115.4,0.59,0.1,0.1,0.08,33.0,,,14,49,70,8,8,7,VCT 2025: Pacific Kickoff,0.7,ZETA,Pacific
Rarga,,290,,242.2,,,0.85,0.13,,,,,,27,247,216,37,0,0,VCT 2025: China Kickoff,1.14,XLG,China
Autumn,(+1),167,,204.9,,,0.69,0.24,,,,,,20,116,114,40,0,0,VCT 2025: China Kickoff,1.02,FPX,China
K1ra,(+1),89,,181.8,,,0.63,0.25,,,,,,17,56,73,22,0,0,VCT 2025: China Kickoff,0.77,AG,China
Lsn,(+1),89,,164.8,,,0.63,0.36,,,,,,20,56,69,32,0,0,VCT 2025: China Kickoff,0.81,AG,China
SWERL,,186,,219.8,,,0.76,0.18,,,,,,28,142,132,33,0,0,VCT 2025: China Kickoff,1.08,NOVA,China
o0o0o,,186,,143.9,,,0.49,0.44,,,,,,15,92,134,81,0,0,VCT 2025: China Kickoff,0.69,NOVA,China
cb,(+1),186,,214.9,,,0.75,0.32,,,,,,24,139,133,59,0,0,VCT 2025: China Kickoff,1.05,NOVA,China
GuanG,,186,,225.3,,,0.84,0.15,,,,,,25,156,120,28,0,0,VCT 2025: China Kickoff,1.3,NOVA,China
Ezeir,,186,,223.4,,,0.74,0.49,,,,,,21,137,128,91,0,0,VCT 2025: China Kickoff,1.07,NOVA,China
Knight,,244,,192.2,,,0.67,0.3,,,,,,20,164,164,74,0,0,VCT 2025: China Kickoff,1.0,BLG,China
whzy,,244,,206.7,,,0.73,0.19,,,,,,30,179,183,46,0,0,VCT 2025: China Kickoff,0.98,BLG,China
nephh,(+1),244,,228.5,,,0.77,0.4,,,,,,24,187,176,98,0,0,VCT 2025: China Kickoff,1.06,BLG,China
Levius,,244,,167.2,,,0.61,0.14,,,,,,19,150,177,33,0,0,VCT 2025: China Kickoff,0.85,BLG,China
rushia,(+1),244,,163.2,,,0.59,0.35,,,,,,21,145,169,85,0,0,VCT 2025: China Kickoff,0.86,BLG,China
Life,(+1),167,,242.9,,,0.81,0.22,,,,,,23,136,122,36,0,0,VCT 2025: China Kickoff,1.11,FPX,China
deLb,,89,,210.4,,,0.79,0.1,,,,,,23,70,69,9,0,0,VCT 2025: China Kickoff,1.01,AG,China
yosemite,,167,,216.4,,,0.77,0.24,,,,,,24,129,114,40,0,0,VCT 2025: China Kickoff,1.13,FPX,China
BerLIN,,167,,155.1,,,0.51,0.41,,,,,,17,85,113,69,0,0,VCT 2025: China Kickoff,0.75,FPX,China
AAAAY,(+1),167,,192.3,,,0.7,0.17,,,,,,20,117,112,29,0,0,VCT 2025: China Kickoff,1.04,FPX,China
Biank,,233,,211.1,,,0.72,0.38,,,,,,28,167,173,89,0,0,VCT 2025: China Kickoff,0.97,TE,China
LuoK1ng,,233,,201.4,,,0.73,0.53,,,,,,31,171,151,123,0,0,VCT 2025: China Kickoff,1.13,TE,China
heybay,(+2),233,,197.4,,,0.69,0.35,,,,,,25,160,157,81,0,0,VCT 2025: China Kickoff,1.02,TE,China
FengF,(+2),233,,225.7,,,0.81,0.14,,,,,,27,188,167,33,0,0,VCT 2025: China Kickoff,1.13,TE,China
Kai,,233,,207.8,,,0.75,0.23,,,,,,27,174,167,53,0,0,VCT 2025: China Kickoff,1.04,TE,China
nobody,(+1),333,,205.9,,,0.76,0.22,,,,,,37,252,210,74,0,0,VCT 2025: China Kickoff,1.2,EDG,China
ZmjjKK,,333,,270.4,,,0.94,0.22,,,,,,29,313,247,73,0,0,VCT 2025: China Kickoff,1.27,EDG,China
Smoggy,(+1),333,,212.2,,,0.78,0.4,,,,,,28,261,215,132,0,0,VCT 2025: China Kickoff,1.21,EDG,China
S1Mon,,333,,151.4,,,0.53,0.55,,,,,,18,176,209,184,0,0,VCT 2025: China Kickoff,0.84,EDG,China
CHICHOO,(+3),333,,209.3,,,0.76,0.27,,,,,,28,252,213,91,0,0,VCT 2025: China Kickoff,1.18,EDG,China
monk,(+1),89,,167.0,,,0.52,0.4,,,,,,12,46,73,36,0,0,VCT 2025: China Kickoff,0.63,AG,China
nizhaoTZH,,37,,131.0,,,0.35,0.38,,,,,,7,13,31,14,0,0,VCT 2025: China Kickoff,0.42,AG,China
happywei,(+1),290,,239.4,,,0.85,0.35,,,,,,25,246,186,101,0,0,VCT 2025: China Kickoff,1.32,XLG,China
5CM,,89,,160.8,,,0.53,0.38,,,,,,15,47,66,34,0,0,VCT 2025: China Kickoff,0.71,TYL,China
YOU,,290,,166.9,,,0.58,0.48,,,,,,23,168,187,139,0,0,VCT 2025: China Kickoff,0.9,XLG,China
coconut,,290,,192.8,,,0.65,0.32,,,,,,19,189,187,92,0,0,VCT 2025: China Kickoff,1.01,XLG,China
Viva,(+2),290,,163.1,,,0.58,0.3,,,,,,20,168,183,87,0,0,VCT 2025: China Kickoff,0.92,XLG,China
Spring,,110,,225.8,,,0.76,0.15,,,,,,29,84,82,17,0,0,VCT 2025: China Kickoff,1.02,WOL,China
Yuicaw,,110,,180.4,,,0.6,0.35,,,,,,22,66,82,38,0,0,VCT 2025: China Kickoff,0.8,WOL,China
SiuFatBB,(+1),110,,152.8,,,0.55,0.25,,,,,,19,60,75,27,0,0,VCT 2025: China Kickoff,0.8,WOL,China
Lysoar,,110,,198.6,,,0.65,0.2,,,,,,20,71,89,22,0,0,VCT 2025: China Kickoff,0.8,WOL,China
Juicy,,110,,186.6,,,0.66,0.41,,,,,,19,73,78,45,0,0,VCT 2025: China Kickoff,0.94,WOL,China
Ninebody,,89,,193.3,,,0.66,0.2,,,,,,20,59,64,18,0,0,VCT 2025: China Kickoff,0.92,TYL,China
zjc,,89,,203.3,,,0.64,0.33,,,,,,17,57,67,29,0,0,VCT 2025: China Kickoff,0.85,TYL,China
Eren,,89,,165.5,,,0.62,0.24,,,,,,17,55,68,21,0,0,VCT 2025: China Kickoff,0.81,TYL,China
slowly,(+1),89,,225.8,,,0.83,0.26,,,,,,23,74,62,23,0,0,VCT 2025: China Kickoff,1.19,TYL,China
B1ack,,148,,189.6,,,0.64,0.54,,,,,,24,94,101,80,0,0,VCT 2025: China Kickoff,0.93,TEC,China
SpiritZ1,,283,,179.1,,,0.65,0.24,,,,,,23,185,208,69,0,0,VCT 2025: China Kickoff,0.89,DRG,China
Abo,,148,,188.7,,,0.69,0.11,,,,,,23,102,113,16,0,0,VCT 2025: China Kickoff,0.9,TEC,China
Rb,,148,,194.0,,,0.67,0.26,,,,,,25,99,105,39,0,0,VCT 2025: China Kickoff,0.94,TEC,China
Haodong,,148,,198.3,,,0.69,0.51,,,,,,20,102,99,75,0,0,VCT 2025: China Kickoff,1.03,TEC,China
Dynamite,,148,,179.3,,,0.64,0.16,,,,,,22,94,114,24,0,0,VCT 2025: China Kickoff,0.82,TEC,China
stew,,162,,250.5,,,0.91,0.16,,,,,,28,148,106,26,0,0,VCT 2025: China Kickoff,1.4,JDG,China
jkuro,(+1),162,,201.6,,,0.67,0.4,,,,,,19,108,122,65,0,0,VCT 2025: China Kickoff,0.89,JDG,China
Z1yan,(+1),162,,225.1,,,0.81,0.23,,,,,,30,132,107,37,0,0,VCT 2025: China Kickoff,1.23,JDG,China
MrCANI,(+1),162,,131.3,,,0.46,0.29,,,,,,15,75,123,47,0,0,VCT 2025: China Kickoff,0.61,JDG,China
Babyblue,(+1),162,,185.3,,,0.66,0.21,,,,,,19,107,118,34,0,0,VCT 2025: China Kickoff,0.91,JDG,China
vo0kashu,(+1),283,,210.3,,,0.75,0.24,,,,,,26,212,193,68,0,0,VCT 2025: China Kickoff,1.1,DRG,China
Flex1n,,283,,195.9,,,0.7,0.39,,,,,,20,199,193,111,0,0,VCT 2025: China Kickoff,1.03,DRG,China
TvirusLuke,,283,,192.5,,,0.7,0.16,,,,,,23,198,224,46,0,0,VCT 2025: China Kickoff,0.88,DRG,China
Nicc,,283,,193.8,,,0.67,0.58,,,,,,20,191,195,165,0,0,VCT 2025: China Kickoff,0.98,DRG,China
bunt,,52,,121.7,,,0.38,0.29,,,,,,9,20,41,15,0,0,VCT 2025: China Kickoff,0.49,AG,China
