event,match_url,map,team,opponent,winner,player,agent,ACS,K,D,A,ADR,HS%
Valorant Champions 2025,https://www.vlr.gg/542265/paper-rex-vs-g2-esports-valorant-champions-2025-ubqf,Lotus,Paper Rex,G2 Esports,Paper Rex,something,Yoru,218,20,15,3,136,21%
Valorant Champions 2025,https://www.vlr.gg/542265/paper-rex-vs-g2-esports-valorant-champions-2025-ubqf,Lotus,Paper Rex,G2 Esports,Paper Rex,Jinggg,Raze,247,20,17,6,158,18%
Valorant Champions 2025,https://www.vlr.gg/542265/paper-rex-vs-g2-esports-valorant-champions-2025-ubqf,Lotus,Paper Rex,G2 Esports,Paper Rex,d4v41,Vyse,192,15,15,8,137,36%
Valorant Champions 2025,https://www.vlr.gg/542265/paper-rex-vs-g2-esports-valorant-champions-2025-ubqf,Lotus,Paper Rex,G2 Esports,Paper Rex,f0rsakeN,Omen,178,14,18,12,114,32%
Valorant Champions 2025,https://www.vlr.gg/542265/paper-rex-vs-g2-esports-valorant-champions-2025-ubqf,Lotus,Paper Rex,G2 Esports,Paper Rex,PatMen,Fade,176,16,17,3,111,31%
Valorant Champions 2025,https://www.vlr.gg/542265/paper-rex-vs-g2-esports-valorant-champions-2025-ubqf,Lotus,G2 Esports,Paper Rex,Paper Rex,jawgemo,Yoru,296,25,17,2,183,20%
Valorant Champions 2025,https://www.vlr.gg/542265/paper-rex-vs-g2-esports-valorant-champions-2025-ubqf,Lotus,G2 Esports,Paper Rex,Paper Rex,JonahP,Fade,215,17,17,5,130,26%
Valorant Champions 2025,https://www.vlr.gg/542265/paper-rex-vs-g2-esports-valorant-champions-2025-ubqf,Lotus,G2 Esports,Paper Rex,Paper Rex,leaf,Viper,231,19,18,8,150,12%
Valorant Champions 2025,https://www.vlr.gg/542265/paper-rex-vs-g2-esports-valorant-champions-2025-ubqf,Lotus,G2 Esports,Paper Rex,Paper Rex,valyn,Omen,169,14,17,3,121,27%
Valorant Champions 2025,https://www.vlr.gg/542265/paper-rex-vs-g2-esports-valorant-champions-2025-ubqf,Lotus,G2 Esports,Paper Rex,Paper Rex,trent,Tejo,72,7,16,2,56,33%
Valorant Champions 2025,https://www.vlr.gg/542265/paper-rex-vs-g2-esports-valorant-champions-2025-ubqf,Corrode,Paper Rex,G2 Esports,G2 Esports,something,Yoru,285,28,19,5,175,37%
Valorant Champions 2025,https://www.vlr.gg/542265/paper-rex-vs-g2-esports-valorant-champions-2025-ubqf,Corrode,Paper Rex,G2 Esports,G2 Esports,PatMen,Fade,209,21,17,6,132,33%
Valorant Champions 2025,https://www.vlr.gg/542265/paper-rex-vs-g2-esports-valorant-champions-2025-ubqf,Corrode,Paper Rex,G2 Esports,G2 Esports,Jinggg,Raze,207,18,19,4,137,9%
Valorant Champions 2025,https://www.vlr.gg/542265/paper-rex-vs-g2-esports-valorant-champions-2025-ubqf,Corrode,Paper Rex,G2 Esports,G2 Esports,f0rsakeN,Omen,186,20,22,11,126,24%
Valorant Champions 2025,https://www.vlr.gg/542265/paper-rex-vs-g2-esports-valorant-champions-2025-ubqf,Corrode,Paper Rex,G2 Esports,G2 Esports,d4v41,Vyse,148,13,20,8,99,34%
Valorant Champions 2025,https://www.vlr.gg/542265/paper-rex-vs-g2-esports-valorant-champions-2025-ubqf,Corrode,G2 Esports,Paper Rex,G2 Esports,JonahP,Fade,280,26,22,9,164,24%
Valorant Champions 2025,https://www.vlr.gg/542265/paper-rex-vs-g2-esports-valorant-champions-2025-ubqf,Corrode,G2 Esports,Paper Rex,G2 Esports,leaf,Viper,225,22,19,5,157,32%
Valorant Champions 2025,https://www.vlr.gg/542265/paper-rex-vs-g2-esports-valorant-champions-2025-ubqf,Corrode,G2 Esports,Paper Rex,G2 Esports,trent,Tejo,227,21,20,8,146,28%
Valorant Champions 2025,https://www.vlr.gg/542265/paper-rex-vs-g2-esports-valorant-champions-2025-ubqf,Corrode,G2 Esports,Paper Rex,G2 Esports,jawgemo,Yoru,143,14,20,3,96,32%
Valorant Champions 2025,https://www.vlr.gg/542265/paper-rex-vs-g2-esports-valorant-champions-2025-ubqf,Corrode,G2 Esports,Paper Rex,G2 Esports,valyn,Omen,140,14,19,11,97,16%
Valorant Champions 2025,https://www.vlr.gg/542265/paper-rex-vs-g2-esports-valorant-champions-2025-ubqf,Ascent,Paper Rex,G2 Esports,Paper Rex,f0rsakeN,Omen,310,28,14,7,199,35%
Valorant Champions 2025,https://www.vlr.gg/542265/paper-rex-vs-g2-esports-valorant-champions-2025-ubqf,Ascent,Paper Rex,G2 Esports,Paper Rex,something,Yoru,233,20,14,6,152,34%
Valorant Champions 2025,https://www.vlr.gg/542265/paper-rex-vs-g2-esports-valorant-champions-2025-ubqf,Ascent,Paper Rex,G2 Esports,Paper Rex,Jinggg,Sage,193,16,18,9,119,26%
Valorant Champions 2025,https://www.vlr.gg/542265/paper-rex-vs-g2-esports-valorant-champions-2025-ubqf,Ascent,Paper Rex,G2 Esports,Paper Rex,d4v41,Vyse,208,16,19,7,151,26%
Valorant Champions 2025,https://www.vlr.gg/542265/paper-rex-vs-g2-esports-valorant-champions-2025-ubqf,Ascent,Paper Rex,G2 Esports,Paper Rex,PatMen,Sova,105,9,17,3,78,13%
Valorant Champions 2025,https://www.vlr.gg/542265/paper-rex-vs-g2-esports-valorant-champions-2025-ubqf,Ascent,G2 Esports,Paper Rex,Paper Rex,leaf,Chamber,362,30,19,3,238,24%
Valorant Champions 2025,https://www.vlr.gg/542265/paper-rex-vs-g2-esports-valorant-champions-2025-ubqf,Ascent,G2 Esports,Paper Rex,Paper Rex,trent,Sova,156,13,15,6,106,15%
Valorant Champions 2025,https://www.vlr.gg/542265/paper-rex-vs-g2-esports-valorant-champions-2025-ubqf,Ascent,G2 Esports,Paper Rex,Paper Rex,valyn,Omen,142,11,16,11,97,22%
Valorant Champions 2025,https://www.vlr.gg/542265/paper-rex-vs-g2-esports-valorant-champions-2025-ubqf,Ascent,G2 Esports,Paper Rex,Paper Rex,JonahP,Vyse,184,14,20,6,116,20%
Valorant Champions 2025,https://www.vlr.gg/542265/paper-rex-vs-g2-esports-valorant-champions-2025-ubqf,Ascent,G2 Esports,Paper Rex,Paper Rex,jawgemo,Yoru,176,14,19,3,122,26%
Valorant Champions 2025,https://www.vlr.gg/542264/fnatic-vs-drx-valorant-champions-2025-ubqf,Haven,FNATIC,DRX,FNATIC,kaajak,Yoru,264,22,12,5,184,31%
Valorant Champions 2025,https://www.vlr.gg/542264/fnatic-vs-drx-valorant-champions-2025-ubqf,Haven,FNATIC,DRX,FNATIC,Alfajer,Killjoy,283,25,12,2,206,37%
Valorant Champions 2025,https://www.vlr.gg/542264/fnatic-vs-drx-valorant-champions-2025-ubqf,Haven,FNATIC,DRX,FNATIC,crashies,Sova,185,16,14,5,126,23%
Valorant Champions 2025,https://www.vlr.gg/542264/fnatic-vs-drx-valorant-champions-2025-ubqf,Haven,FNATIC,DRX,FNATIC,Boaster,Omen,125,10,17,6,71,29%
Valorant Champions 2025,https://www.vlr.gg/542264/fnatic-vs-drx-valorant-champions-2025-ubqf,Haven,FNATIC,DRX,FNATIC,Chronicle,Viper,123,9,17,7,94,19%
Valorant Champions 2025,https://www.vlr.gg/542264/fnatic-vs-drx-valorant-champions-2025-ubqf,Haven,DRX,FNATIC,FNATIC,BeYN,Sova,182,15,13,7,128,19%
Valorant Champions 2025,https://www.vlr.gg/542264/fnatic-vs-drx-valorant-champions-2025-ubqf,Haven,DRX,FNATIC,FNATIC,MaKo,Omen,196,15,14,6,128,22%
Valorant Champions 2025,https://www.vlr.gg/542264/fnatic-vs-drx-valorant-champions-2025-ubqf,Haven,DRX,FNATIC,FNATIC,HYUNMIN,Waylay,179,14,17,8,124,36%
Valorant Champions 2025,https://www.vlr.gg/542264/fnatic-vs-drx-valorant-champions-2025-ubqf,Haven,DRX,FNATIC,FNATIC,Flashback,Neon,196,16,19,1,121,22%
Valorant Champions 2025,https://www.vlr.gg/542264/fnatic-vs-drx-valorant-champions-2025-ubqf,Haven,DRX,FNATIC,FNATIC,free1ng,Cypher,135,12,19,3,90,38%
Valorant Champions 2025,https://www.vlr.gg/542264/fnatic-vs-drx-valorant-champions-2025-ubqf,Ascent,FNATIC,DRX,DRX,Chronicle,Vyse,252,17,14,8,162,28%
Valorant Champions 2025,https://www.vlr.gg/542264/fnatic-vs-drx-valorant-champions-2025-ubqf,Ascent,FNATIC,DRX,DRX,Alfajer,Sage,226,19,14,4,142,41%
Valorant Champions 2025,https://www.vlr.gg/542264/fnatic-vs-drx-valorant-champions-2025-ubqf,Ascent,FNATIC,DRX,DRX,kaajak,Yoru,215,16,14,5,144,32%
Valorant Champions 2025,https://www.vlr.gg/542264/fnatic-vs-drx-valorant-champions-2025-ubqf,Ascent,FNATIC,DRX,DRX,Boaster,Omen,145,8,15,11,83,18%
Valorant Champions 2025,https://www.vlr.gg/542264/fnatic-vs-drx-valorant-champions-2025-ubqf,Ascent,FNATIC,DRX,DRX,crashies,Sova,105,8,14,4,80,17%
Valorant Champions 2025,https://www.vlr.gg/542264/fnatic-vs-drx-valorant-champions-2025-ubqf,Ascent,DRX,FNATIC,DRX,MaKo,Omen,212,16,11,9,129,20%
Valorant Champions 2025,https://www.vlr.gg/542264/fnatic-vs-drx-valorant-champions-2025-ubqf,Ascent,DRX,FNATIC,DRX,Flashback,Yoru,248,18,14,4,166,24%
Valorant Champions 2025,https://www.vlr.gg/542264/fnatic-vs-drx-valorant-champions-2025-ubqf,Ascent,DRX,FNATIC,DRX,BeYN,Sova,173,11,12,7,134,24%
Valorant Champions 2025,https://www.vlr.gg/542264/fnatic-vs-drx-valorant-champions-2025-ubqf,Ascent,DRX,FNATIC,DRX,HYUNMIN,Waylay,223,16,15,3,143,37%
Valorant Champions 2025,https://www.vlr.gg/542264/fnatic-vs-drx-valorant-champions-2025-ubqf,Ascent,DRX,FNATIC,DRX,free1ng,Vyse,134,10,16,2,88,28%
Valorant Champions 2025,https://www.vlr.gg/542264/fnatic-vs-drx-valorant-champions-2025-ubqf,Lotus,FNATIC,DRX,FNATIC,Alfajer,Killjoy,326,20,10,9,223,37%
Valorant Champions 2025,https://www.vlr.gg/542264/fnatic-vs-drx-valorant-champions-2025-ubqf,Lotus,FNATIC,DRX,FNATIC,kaajak,Raze,203,14,7,5,129,27%
Valorant Champions 2025,https://www.vlr.gg/542264/fnatic-vs-drx-valorant-champions-2025-ubqf,Lotus,FNATIC,DRX,FNATIC,crashies,Fade,183,13,11,4,109,42%
Valorant Champions 2025,https://www.vlr.gg/542264/fnatic-vs-drx-valorant-champions-2025-ubqf,Lotus,FNATIC,DRX,FNATIC,Boaster,Omen,144,9,10,9,86,9%
Valorant Champions 2025,https://www.vlr.gg/542264/fnatic-vs-drx-valorant-champions-2025-ubqf,Lotus,FNATIC,DRX,FNATIC,Chronicle,Viper,156,10,13,8,125,24%
Valorant Champions 2025,https://www.vlr.gg/542264/fnatic-vs-drx-valorant-champions-2025-ubqf,Lotus,DRX,FNATIC,FNATIC,HYUNMIN,Waylay,187,13,12,0,115,39%
Valorant Champions 2025,https://www.vlr.gg/542264/fnatic-vs-drx-valorant-champions-2025-ubqf,Lotus,DRX,FNATIC,FNATIC,Flashback,Yoru,240,15,14,4,152,17%
Valorant Champions 2025,https://www.vlr.gg/542264/fnatic-vs-drx-valorant-champions-2025-ubqf,Lotus,DRX,FNATIC,FNATIC,free1ng,Vyse,134,8,12,4,98,43%
Valorant Champions 2025,https://www.vlr.gg/542264/fnatic-vs-drx-valorant-champions-2025-ubqf,Lotus,DRX,FNATIC,FNATIC,BeYN,Fade,140,9,13,2,86,25%
Valorant Champions 2025,https://www.vlr.gg/542264/fnatic-vs-drx-valorant-champions-2025-ubqf,Lotus,DRX,FNATIC,FNATIC,MaKo,Omen,116,6,15,2,77,29%
Valorant Champions 2025,https://www.vlr.gg/542266/team-heretics-vs-mibr-valorant-champions-2025-ubqf,Corrode,Team Heretics,MIBR,MIBR,RieNs,Fade,219,18,16,10,147,23%
Valorant Champions 2025,https://www.vlr.gg/542266/team-heretics-vs-mibr-valorant-champions-2025-ubqf,Corrode,Team Heretics,MIBR,MIBR,MiniBoo,Yoru,197,18,19,2,139,36%
Valorant Champions 2025,https://www.vlr.gg/542266/team-heretics-vs-mibr-valorant-champions-2025-ubqf,Corrode,Team Heretics,MIBR,MIBR,Wo0t,Viper,196,16,22,3,136,32%
Valorant Champions 2025,https://www.vlr.gg/542266/team-heretics-vs-mibr-valorant-champions-2025-ubqf,Corrode,Team Heretics,MIBR,MIBR,Boo,Astra,129,11,18,4,89,44%
Valorant Champions 2025,https://www.vlr.gg/542266/team-heretics-vs-mibr-valorant-champions-2025-ubqf,Corrode,Team Heretics,MIBR,MIBR,benjyfishy,Vyse,127,11,19,9,94,26%
Valorant Champions 2025,https://www.vlr.gg/542266/team-heretics-vs-mibr-valorant-champions-2025-ubqf,Corrode,MIBR,Team Heretics,MIBR,artzin,Kayo,280,24,12,15,185,23%
Valorant Champions 2025,https://www.vlr.gg/542266/team-heretics-vs-mibr-valorant-champions-2025-ubqf,Corrode,MIBR,Team Heretics,MIBR,xenom,Omen,188,17,16,13,121,30%
Valorant Champions 2025,https://www.vlr.gg/542266/team-heretics-vs-mibr-valorant-champions-2025-ubqf,Corrode,MIBR,Team Heretics,MIBR,aspas,Waylay,192,19,15,4,116,28%
Valorant Champions 2025,https://www.vlr.gg/542266/team-heretics-vs-mibr-valorant-champions-2025-ubqf,Corrode,MIBR,Team Heretics,MIBR,Verno,Sova,214,19,17,12,148,28%
Valorant Champions 2025,https://www.vlr.gg/542266/team-heretics-vs-mibr-valorant-champions-2025-ubqf,Corrode,MIBR,Team Heretics,MIBR,cortezia,Viper,135,15,14,3,87,20%
Valorant Champions 2025,https://www.vlr.gg/542266/team-heretics-vs-mibr-valorant-champions-2025-ubqf,Sunset,Team Heretics,MIBR,MIBR,RieNs,Sova,220,12,16,5,142,28%
Valorant Champions 2025,https://www.vlr.gg/542266/team-heretics-vs-mibr-valorant-champions-2025-ubqf,Sunset,Team Heretics,MIBR,MIBR,benjyfishy,Vyse,181,12,18,2,106,37%
Valorant Champions 2025,https://www.vlr.gg/542266/team-heretics-vs-mibr-valorant-champions-2025-ubqf,Sunset,Team Heretics,MIBR,MIBR,Wo0t,Viper,178,11,17,3,108,20%
Valorant Champions 2025,https://www.vlr.gg/542266/team-heretics-vs-mibr-valorant-champions-2025-ubqf,Sunset,Team Heretics,MIBR,MIBR,Boo,Omen,98,6,15,5,55,37%
Valorant Champions 2025,https://www.vlr.gg/542266/team-heretics-vs-mibr-valorant-champions-2025-ubqf,Sunset,Team Heretics,MIBR,MIBR,MiniBoo,Yoru,110,8,16,0,83,29%
Valorant Champions 2025,https://www.vlr.gg/542266/team-heretics-vs-mibr-valorant-champions-2025-ubqf,Sunset,MIBR,Team Heretics,MIBR,aspas,Neon,284,19,10,5,185,25%
Valorant Champions 2025,https://www.vlr.gg/542266/team-heretics-vs-mibr-valorant-champions-2025-ubqf,Sunset,MIBR,Team Heretics,MIBR,cortezia,Cypher,224,18,8,4,163,44%
Valorant Champions 2025,https://www.vlr.gg/542266/team-heretics-vs-mibr-valorant-champions-2025-ubqf,Sunset,MIBR,Team Heretics,MIBR,Verno,Sova,234,17,10,5,154,24%
Valorant Champions 2025,https://www.vlr.gg/542266/team-heretics-vs-mibr-valorant-champions-2025-ubqf,Sunset,MIBR,Team Heretics,MIBR,artzin,Viper,244,15,12,10,152,20%
Valorant Champions 2025,https://www.vlr.gg/542266/team-heretics-vs-mibr-valorant-champions-2025-ubqf,Sunset,MIBR,Team Heretics,MIBR,xenom,Omen,174,13,9,9,112,21%
Valorant Champions 2025,https://www.vlr.gg/542267/nrg-vs-giantx-valorant-champions-2025-ubqf,Haven,NRG,GIANTX,NRG,brawk,Sova,324,18,1,8,198,15%
Valorant Champions 2025,https://www.vlr.gg/542267/nrg-vs-giantx-valorant-champions-2025-ubqf,Haven,NRG,GIANTX,NRG,mada,Neon,272,15,6,2,164,23%
Valorant Champions 2025,https://www.vlr.gg/542267/nrg-vs-giantx-valorant-champions-2025-ubqf,Haven,NRG,GIANTX,NRG,s0m,Viper,321,15,11,5,223,26%
Valorant Champions 2025,https://www.vlr.gg/542267/nrg-vs-giantx-valorant-champions-2025-ubqf,Haven,NRG,GIANTX,NRG,Ethan,Omen,129,7,5,7,85,17%
Valorant Champions 2025,https://www.vlr.gg/542267/nrg-vs-giantx-valorant-champions-2025-ubqf,Haven,NRG,GIANTX,NRG,skuba,Killjoy,87,4,4,3,61,26%
Valorant Champions 2025,https://www.vlr.gg/542267/nrg-vs-giantx-valorant-champions-2025-ubqf,Haven,GIANTX,NRG,NRG,grubinho,Omen,181,10,12,4,116,40%
Valorant Champions 2025,https://www.vlr.gg/542267/nrg-vs-giantx-valorant-champions-2025-ubqf,Haven,GIANTX,NRG,NRG,Cloud,Sova,123,4,11,10,88,24%
Valorant Champions 2025,https://www.vlr.gg/542267/nrg-vs-giantx-valorant-champions-2025-ubqf,Haven,GIANTX,NRG,NRG,westside,Cypher,118,5,13,1,84,22%
Valorant Champions 2025,https://www.vlr.gg/542267/nrg-vs-giantx-valorant-champions-2025-ubqf,Haven,GIANTX,NRG,NRG,Flickless,Breach,120,4,11,7,93,35%
Valorant Champions 2025,https://www.vlr.gg/542267/nrg-vs-giantx-valorant-champions-2025-ubqf,Haven,GIANTX,NRG,NRG,ara,Neon,80,4,12,0,46,50%
Valorant Champions 2025,https://www.vlr.gg/542267/nrg-vs-giantx-valorant-champions-2025-ubqf,Lotus,NRG,GIANTX,NRG,skuba,Viper,226,17,9,8,133,35%
Valorant Champions 2025,https://www.vlr.gg/542267/nrg-vs-giantx-valorant-champions-2025-ubqf,Lotus,NRG,GIANTX,NRG,mada,Raze,269,19,11,4,177,14%
Valorant Champions 2025,https://www.vlr.gg/542267/nrg-vs-giantx-valorant-champions-2025-ubqf,Lotus,NRG,GIANTX,NRG,s0m,Omen,202,14,10,11,120,21%
Valorant Champions 2025,https://www.vlr.gg/542267/nrg-vs-giantx-valorant-champions-2025-ubqf,Lotus,NRG,GIANTX,NRG,brawk,Vyse,257,17,12,3,161,12%
Valorant Champions 2025,https://www.vlr.gg/542267/nrg-vs-giantx-valorant-champions-2025-ubqf,Lotus,NRG,GIANTX,NRG,Ethan,Fade,150,8,11,7,97,28%
Valorant Champions 2025,https://www.vlr.gg/542267/nrg-vs-giantx-valorant-champions-2025-ubqf,Lotus,GIANTX,NRG,NRG,Cloud,Fade,217,14,13,7,135,23%
Valorant Champions 2025,https://www.vlr.gg/542267/nrg-vs-giantx-valorant-champions-2025-ubqf,Lotus,GIANTX,NRG,NRG,westside,Cypher,203,15,14,2,142,43%
Valorant Champions 2025,https://www.vlr.gg/542267/nrg-vs-giantx-valorant-champions-2025-ubqf,Lotus,GIANTX,NRG,NRG,grubinho,Omen,200,14,17,3,120,34%
Valorant Champions 2025,https://www.vlr.gg/542267/nrg-vs-giantx-valorant-champions-2025-ubqf,Lotus,GIANTX,NRG,NRG,Flickless,Viper,128,8,16,4,95,19%
Valorant Champions 2025,https://www.vlr.gg/542267/nrg-vs-giantx-valorant-champions-2025-ubqf,Lotus,GIANTX,NRG,NRG,ara,Raze,43,2,15,2,38,9%
Valorant Champions 2025,https://www.vlr.gg/542273/drx-vs-g2-esports-valorant-champions-2025-lr1,Lotus,DRX,G2 Esports,G2 Esports,MaKo,Omen,243,18,14,5,141,29%
Valorant Champions 2025,https://www.vlr.gg/542273/drx-vs-g2-esports-valorant-champions-2025-lr1,Lotus,DRX,G2 Esports,G2 Esports,free1ng,Vyse,224,15,15,4,137,26%
Valorant Champions 2025,https://www.vlr.gg/542273/drx-vs-g2-esports-valorant-champions-2025-lr1,Lotus,DRX,G2 Esports,G2 Esports,Flashback,Yoru,151,10,17,2,98,24%
Valorant Champions 2025,https://www.vlr.gg/542273/drx-vs-g2-esports-valorant-champions-2025-lr1,Lotus,DRX,G2 Esports,G2 Esports,HYUNMIN,Waylay,115,6,15,8,87,36%
Valorant Champions 2025,https://www.vlr.gg/542273/drx-vs-g2-esports-valorant-champions-2025-lr1,Lotus,DRX,G2 Esports,G2 Esports,BeYN,Fade,71,5,14,3,53,18%
Valorant Champions 2025,https://www.vlr.gg/542273/drx-vs-g2-esports-valorant-champions-2025-lr1,Lotus,G2 Esports,DRX,G2 Esports,jawgemo,Yoru,365,28,13,5,230,29%
Valorant Champions 2025,https://www.vlr.gg/542273/drx-vs-g2-esports-valorant-champions-2025-lr1,Lotus,G2 Esports,DRX,G2 Esports,JonahP,Fade,193,11,9,10,118,14%
Valorant Champions 2025,https://www.vlr.gg/542273/drx-vs-g2-esports-valorant-champions-2025-lr1,Lotus,G2 Esports,DRX,G2 Esports,valyn,Omen,149,10,8,13,80,27%
Valorant Champions 2025,https://www.vlr.gg/542273/drx-vs-g2-esports-valorant-champions-2025-lr1,Lotus,G2 Esports,DRX,G2 Esports,leaf,Viper,179,11,13,11,118,27%
Valorant Champions 2025,https://www.vlr.gg/542273/drx-vs-g2-esports-valorant-champions-2025-lr1,Lotus,G2 Esports,DRX,G2 Esports,trent,Tejo,208,15,12,2,151,42%
Valorant Champions 2025,https://www.vlr.gg/542273/drx-vs-g2-esports-valorant-champions-2025-lr1,Abyss,DRX,G2 Esports,DRX,HYUNMIN,Waylay,357,30,14,10,224,50%
Valorant Champions 2025,https://www.vlr.gg/542273/drx-vs-g2-esports-valorant-champions-2025-lr1,Abyss,DRX,G2 Esports,DRX,Flashback,Yoru,255,22,16,4,156,27%
Valorant Champions 2025,https://www.vlr.gg/542273/drx-vs-g2-esports-valorant-champions-2025-lr1,Abyss,DRX,G2 Esports,DRX,MaKo,Omen,213,18,16,9,123,29%
Valorant Champions 2025,https://www.vlr.gg/542273/drx-vs-g2-esports-valorant-champions-2025-lr1,Abyss,DRX,G2 Esports,DRX,BeYN,Sova,146,9,16,11,98,31%
Valorant Champions 2025,https://www.vlr.gg/542273/drx-vs-g2-esports-valorant-champions-2025-lr1,Abyss,DRX,G2 Esports,DRX,free1ng,Cypher,62,6,14,3,35,17%
Valorant Champions 2025,https://www.vlr.gg/542273/drx-vs-g2-esports-valorant-champions-2025-lr1,Abyss,G2 Esports,DRX,DRX,trent,Tejo,213,16,16,5,156,47%
Valorant Champions 2025,https://www.vlr.gg/542273/drx-vs-g2-esports-valorant-champions-2025-lr1,Abyss,G2 Esports,DRX,DRX,leaf,Chamber,210,17,18,6,147,20%
Valorant Champions 2025,https://www.vlr.gg/542273/drx-vs-g2-esports-valorant-champions-2025-lr1,Abyss,G2 Esports,DRX,DRX,JonahP,Sova,181,15,15,8,103,14%
Valorant Champions 2025,https://www.vlr.gg/542273/drx-vs-g2-esports-valorant-champions-2025-lr1,Abyss,G2 Esports,DRX,DRX,valyn,Astra,170,14,16,5,105,24%
Valorant Champions 2025,https://www.vlr.gg/542273/drx-vs-g2-esports-valorant-champions-2025-lr1,Abyss,G2 Esports,DRX,DRX,jawgemo,Yoru,183,14,20,4,114,36%
Valorant Champions 2025,https://www.vlr.gg/542273/drx-vs-g2-esports-valorant-champions-2025-lr1,Bind,DRX,G2 Esports,DRX,MaKo,Brimstone,261,21,10,11,160,23%
Valorant Champions 2025,https://www.vlr.gg/542273/drx-vs-g2-esports-valorant-champions-2025-lr1,Bind,DRX,G2 Esports,DRX,Flashback,Yoru,234,18,9,3,129,15%
Valorant Champions 2025,https://www.vlr.gg/542273/drx-vs-g2-esports-valorant-champions-2025-lr1,Bind,DRX,G2 Esports,DRX,HYUNMIN,Waylay,178,11,10,5,127,24%
Valorant Champions 2025,https://www.vlr.gg/542273/drx-vs-g2-esports-valorant-champions-2025-lr1,Bind,DRX,G2 Esports,DRX,free1ng,Viper,198,14,11,7,127,41%
Valorant Champions 2025,https://www.vlr.gg/542273/drx-vs-g2-esports-valorant-champions-2025-lr1,Bind,DRX,G2 Esports,DRX,BeYN,Fade,169,12,13,8,99,21%
Valorant Champions 2025,https://www.vlr.gg/542273/drx-vs-g2-esports-valorant-champions-2025-lr1,Bind,G2 Esports,DRX,DRX,valyn,Brimstone,233,16,14,5,142,32%
Valorant Champions 2025,https://www.vlr.gg/542273/drx-vs-g2-esports-valorant-champions-2025-lr1,Bind,G2 Esports,DRX,DRX,jawgemo,Yoru,222,15,15,3,133,18%
Valorant Champions 2025,https://www.vlr.gg/542273/drx-vs-g2-esports-valorant-champions-2025-lr1,Bind,G2 Esports,DRX,DRX,trent,Tejo,165,12,15,2,99,29%
Valorant Champions 2025,https://www.vlr.gg/542273/drx-vs-g2-esports-valorant-champions-2025-lr1,Bind,G2 Esports,DRX,DRX,leaf,Deadlock,130,8,17,6,86,19%
Valorant Champions 2025,https://www.vlr.gg/542273/drx-vs-g2-esports-valorant-champions-2025-lr1,Bind,G2 Esports,DRX,DRX,JonahP,Fade,62,2,15,6,44,18%
Valorant Champions 2025,https://www.vlr.gg/542274/team-heretics-vs-giantx-valorant-champions-2025-lr1,Ascent,Team Heretics,GIANTX,Team Heretics,RieNs,Sova,350,23,8,4,224,32%
Valorant Champions 2025,https://www.vlr.gg/542274/team-heretics-vs-giantx-valorant-champions-2025-lr1,Ascent,Team Heretics,GIANTX,Team Heretics,MiniBoo,Yoru,271,17,11,4,192,23%
Valorant Champions 2025,https://www.vlr.gg/542274/team-heretics-vs-giantx-valorant-champions-2025-lr1,Ascent,Team Heretics,GIANTX,Team Heretics,Wo0t,Jett,188,13,8,0,96,27%
Valorant Champions 2025,https://www.vlr.gg/542274/team-heretics-vs-giantx-valorant-champions-2025-lr1,Ascent,Team Heretics,GIANTX,Team Heretics,benjyfishy,Cypher,170,11,8,4,109,26%
Valorant Champions 2025,https://www.vlr.gg/542274/team-heretics-vs-giantx-valorant-champions-2025-lr1,Ascent,Team Heretics,GIANTX,Team Heretics,Boo,Omen,157,9,10,16,96,26%
Valorant Champions 2025,https://www.vlr.gg/542274/team-heretics-vs-giantx-valorant-champions-2025-lr1,Ascent,GIANTX,Team Heretics,Team Heretics,Flickless,Kayo,203,13,15,8,117,26%
Valorant Champions 2025,https://www.vlr.gg/542274/team-heretics-vs-giantx-valorant-champions-2025-lr1,Ascent,GIANTX,Team Heretics,Team Heretics,ara,Jett,185,10,14,4,137,25%
Valorant Champions 2025,https://www.vlr.gg/542274/team-heretics-vs-giantx-valorant-champions-2025-lr1,Ascent,GIANTX,Team Heretics,Team Heretics,westside,Cypher,169,10,15,4,114,42%
Valorant Champions 2025,https://www.vlr.gg/542274/team-heretics-vs-giantx-valorant-champions-2025-lr1,Ascent,GIANTX,Team Heretics,Team Heretics,Cloud,Sova,150,8,14,4,98,24%
Valorant Champions 2025,https://www.vlr.gg/542274/team-heretics-vs-giantx-valorant-champions-2025-lr1,Ascent,GIANTX,Team Heretics,Team Heretics,grubinho,Omen,81,4,15,9,44,56%
Valorant Champions 2025,https://www.vlr.gg/542274/team-heretics-vs-giantx-valorant-champions-2025-lr1,Lotus,Team Heretics,GIANTX,GIANTX,Wo0t,Chamber,182,10,11,1,105,31%
Valorant Champions 2025,https://www.vlr.gg/542274/team-heretics-vs-giantx-valorant-champions-2025-lr1,Lotus,Team Heretics,GIANTX,GIANTX,MiniBoo,Raze,183,11,14,1,121,26%
Valorant Champions 2025,https://www.vlr.gg/542274/team-heretics-vs-giantx-valorant-champions-2025-lr1,Lotus,Team Heretics,GIANTX,GIANTX,benjyfishy,Deadlock,154,9,15,2,97,29%
Valorant Champions 2025,https://www.vlr.gg/542274/team-heretics-vs-giantx-valorant-champions-2025-lr1,Lotus,Team Heretics,GIANTX,GIANTX,Boo,Omen,46,2,12,5,35,18%
Valorant Champions 2025,https://www.vlr.gg/542274/team-heretics-vs-giantx-valorant-champions-2025-lr1,Lotus,Team Heretics,GIANTX,GIANTX,RieNs,Fade,135,6,16,3,90,43%
Valorant Champions 2025,https://www.vlr.gg/542274/team-heretics-vs-giantx-valorant-champions-2025-lr1,Lotus,GIANTX,Team Heretics,GIANTX,Flickless,Viper,249,13,6,11,160,32%
Valorant Champions 2025,https://www.vlr.gg/542274/team-heretics-vs-giantx-valorant-champions-2025-lr1,Lotus,GIANTX,Team Heretics,GIANTX,ara,Raze,271,14,11,5,183,28%
Valorant Champions 2025,https://www.vlr.gg/542274/team-heretics-vs-giantx-valorant-champions-2025-lr1,Lotus,GIANTX,Team Heretics,GIANTX,westside,Cypher,223,16,7,3,127,31%
Valorant Champions 2025,https://www.vlr.gg/542274/team-heretics-vs-giantx-valorant-champions-2025-lr1,Lotus,GIANTX,Team Heretics,GIANTX,Cloud,Fade,236,14,7,5,144,31%
Valorant Champions 2025,https://www.vlr.gg/542274/team-heretics-vs-giantx-valorant-champions-2025-lr1,Lotus,GIANTX,Team Heretics,GIANTX,grubinho,Omen,175,11,7,6,119,23%
Valorant Champions 2025,https://www.vlr.gg/542274/team-heretics-vs-giantx-valorant-champions-2025-lr1,Bind,Team Heretics,GIANTX,Team Heretics,MiniBoo,Waylay,243,19,17,4,140,36%
Valorant Champions 2025,https://www.vlr.gg/542274/team-heretics-vs-giantx-valorant-champions-2025-lr1,Bind,Team Heretics,GIANTX,Team Heretics,Boo,Brimstone,176,16,14,7,111,37%
Valorant Champions 2025,https://www.vlr.gg/542274/team-heretics-vs-giantx-valorant-champions-2025-lr1,Bind,Team Heretics,GIANTX,Team Heretics,RieNs,Fade,171,14,17,8,117,38%
Valorant Champions 2025,https://www.vlr.gg/542274/team-heretics-vs-giantx-valorant-champions-2025-lr1,Bind,Team Heretics,GIANTX,Team Heretics,benjyfishy,Viper,199,12,17,9,133,25%
Valorant Champions 2025,https://www.vlr.gg/542274/team-heretics-vs-giantx-valorant-champions-2025-lr1,Bind,Team Heretics,GIANTX,Team Heretics,Wo0t,Yoru,200,16,18,5,125,38%
Valorant Champions 2025,https://www.vlr.gg/542274/team-heretics-vs-giantx-valorant-champions-2025-lr1,Bind,GIANTX,Team Heretics,Team Heretics,Cloud,Gekko,213,18,13,9,142,29%
Valorant Champions 2025,https://www.vlr.gg/542274/team-heretics-vs-giantx-valorant-champions-2025-lr1,Bind,GIANTX,Team Heretics,Team Heretics,westside,Deadlock,241,20,15,7,139,35%
Valorant Champions 2025,https://www.vlr.gg/542274/team-heretics-vs-giantx-valorant-champions-2025-lr1,Bind,GIANTX,Team Heretics,Team Heretics,Flickless,Viper,229,17,16,8,153,26%
Valorant Champions 2025,https://www.vlr.gg/542274/team-heretics-vs-giantx-valorant-champions-2025-lr1,Bind,GIANTX,Team Heretics,Team Heretics,grubinho,Astra,209,16,16,13,126,18%
Valorant Champions 2025,https://www.vlr.gg/542274/team-heretics-vs-giantx-valorant-champions-2025-lr1,Bind,GIANTX,Team Heretics,Team Heretics,ara,Raze,153,10,17,6,106,23%
Valorant Champions 2025,https://www.vlr.gg/542268/fnatic-vs-paper-rex-valorant-champions-2025-ubsf,Bind,FNATIC,Paper Rex,Paper Rex,kaajak,Yoru,369,30,17,8,228,33%
Valorant Champions 2025,https://www.vlr.gg/542268/fnatic-vs-paper-rex-valorant-champions-2025-ubsf,Bind,FNATIC,Paper Rex,Paper Rex,doma,Tejo,159,13,14,4,118,32%
Valorant Champions 2025,https://www.vlr.gg/542268/fnatic-vs-paper-rex-valorant-champions-2025-ubsf,Bind,FNATIC,Paper Rex,Paper Rex,Boaster,Astra,134,9,14,6,103,25%
Valorant Champions 2025,https://www.vlr.gg/542268/fnatic-vs-paper-rex-valorant-champions-2025-ubsf,Bind,FNATIC,Paper Rex,Paper Rex,crashies,Fade,165,14,16,7,106,19%
Valorant Champions 2025,https://www.vlr.gg/542268/fnatic-vs-paper-rex-valorant-champions-2025-ubsf,Bind,FNATIC,Paper Rex,Paper Rex,Chronicle,Viper,129,10,18,3,96,35%
Valorant Champions 2025,https://www.vlr.gg/542268/fnatic-vs-paper-rex-valorant-champions-2025-ubsf,Bind,Paper Rex,FNATIC,Paper Rex,d4v41,Viper,190,18,12,3,127,29%
Valorant Champions 2025,https://www.vlr.gg/542268/fnatic-vs-paper-rex-valorant-champions-2025-ubsf,Bind,Paper Rex,FNATIC,Paper Rex,f0rsakeN,Brimstone,218,17,15,8,152,44%
Valorant Champions 2025,https://www.vlr.gg/542268/fnatic-vs-paper-rex-valorant-champions-2025-ubsf,Bind,Paper Rex,FNATIC,Paper Rex,PatMen,Fade,184,15,14,3,129,30%
Valorant Champions 2025,https://www.vlr.gg/542268/fnatic-vs-paper-rex-valorant-champions-2025-ubsf,Bind,Paper Rex,FNATIC,Paper Rex,something,Yoru,189,16,17,2,119,18%
Valorant Champions 2025,https://www.vlr.gg/542268/fnatic-vs-paper-rex-valorant-champions-2025-ubsf,Bind,Paper Rex,FNATIC,Paper Rex,Jinggg,Raze,184,13,18,8,140,19%
Valorant Champions 2025,https://www.vlr.gg/542268/fnatic-vs-paper-rex-valorant-champions-2025-ubsf,Haven,FNATIC,Paper Rex,FNATIC,kaajak,Yoru,325,20,9,3,206,30%
Valorant Champions 2025,https://www.vlr.gg/542268/fnatic-vs-paper-rex-valorant-champions-2025-ubsf,Haven,FNATIC,Paper Rex,FNATIC,Chronicle,Viper,293,18,9,4,192,27%
Valorant Champions 2025,https://www.vlr.gg/542268/fnatic-vs-paper-rex-valorant-champions-2025-ubsf,Haven,FNATIC,Paper Rex,FNATIC,crashies,Sova,171,12,7,0,117,33%
Valorant Champions 2025,https://www.vlr.gg/542268/fnatic-vs-paper-rex-valorant-champions-2025-ubsf,Haven,FNATIC,Paper Rex,FNATIC,Boaster,Omen,125,8,9,8,68,44%
Valorant Champions 2025,https://www.vlr.gg/542268/fnatic-vs-paper-rex-valorant-champions-2025-ubsf,Haven,FNATIC,Paper Rex,FNATIC,doma,Killjoy,186,11,11,2,123,29%
Valorant Champions 2025,https://www.vlr.gg/542268/fnatic-vs-paper-rex-valorant-champions-2025-ubsf,Haven,Paper Rex,FNATIC,FNATIC,d4v41,Vyse,154,11,12,1,95,28%
Valorant Champions 2025,https://www.vlr.gg/542268/fnatic-vs-paper-rex-valorant-champions-2025-ubsf,Haven,Paper Rex,FNATIC,FNATIC,Jinggg,Omen,150,9,13,2,93,32%
Valorant Champions 2025,https://www.vlr.gg/542268/fnatic-vs-paper-rex-valorant-champions-2025-ubsf,Haven,Paper Rex,FNATIC,FNATIC,f0rsakeN,Waylay,208,12,16,3,127,26%
Valorant Champions 2025,https://www.vlr.gg/542268/fnatic-vs-paper-rex-valorant-champions-2025-ubsf,Haven,Paper Rex,FNATIC,FNATIC,PatMen,Fade,136,7,15,5,85,25%
Valorant Champions 2025,https://www.vlr.gg/542268/fnatic-vs-paper-rex-valorant-champions-2025-ubsf,Haven,Paper Rex,FNATIC,FNATIC,something,Yoru,135,6,13,4,83,21%
Valorant Champions 2025,https://www.vlr.gg/542268/fnatic-vs-paper-rex-valorant-champions-2025-ubsf,Lotus,FNATIC,Paper Rex,FNATIC,Chronicle,Viper,376,31,14,7,246,39%
Valorant Champions 2025,https://www.vlr.gg/542268/fnatic-vs-paper-rex-valorant-champions-2025-ubsf,Lotus,FNATIC,Paper Rex,FNATIC,Boaster,Omen,202,14,14,10,137,10%
Valorant Champions 2025,https://www.vlr.gg/542268/fnatic-vs-paper-rex-valorant-champions-2025-ubsf,Lotus,FNATIC,Paper Rex,FNATIC,kaajak,Raze,250,19,18,8,153,16%
Valorant Champions 2025,https://www.vlr.gg/542268/fnatic-vs-paper-rex-valorant-champions-2025-ubsf,Lotus,FNATIC,Paper Rex,FNATIC,doma,Killjoy,157,12,15,7,119,26%
Valorant Champions 2025,https://www.vlr.gg/542268/fnatic-vs-paper-rex-valorant-champions-2025-ubsf,Lotus,FNATIC,Paper Rex,FNATIC,crashies,Fade,110,9,14,7,79,41%
Valorant Champions 2025,https://www.vlr.gg/542268/fnatic-vs-paper-rex-valorant-champions-2025-ubsf,Lotus,Paper Rex,FNATIC,FNATIC,Jinggg,Raze,232,19,17,6,164,23%
Valorant Champions 2025,https://www.vlr.gg/542268/fnatic-vs-paper-rex-valorant-champions-2025-ubsf,Lotus,Paper Rex,FNATIC,FNATIC,d4v41,Vyse,211,17,17,5,133,26%
Valorant Champions 2025,https://www.vlr.gg/542268/fnatic-vs-paper-rex-valorant-champions-2025-ubsf,Lotus,Paper Rex,FNATIC,FNATIC,f0rsakeN,Omen,219,15,18,7,137,21%
Valorant Champions 2025,https://www.vlr.gg/542268/fnatic-vs-paper-rex-valorant-champions-2025-ubsf,Lotus,Paper Rex,FNATIC,FNATIC,PatMen,Fade,143,11,16,4,105,32%
Valorant Champions 2025,https://www.vlr.gg/542268/fnatic-vs-paper-rex-valorant-champions-2025-ubsf,Lotus,Paper Rex,FNATIC,FNATIC,something,Yoru,163,13,17,3,132,22%
Valorant Champions 2025,https://www.vlr.gg/542269/mibr-vs-nrg-valorant-champions-2025-ubsf,Abyss,MIBR,NRG,NRG,aspas,Jett,285,32,15,2,175,20%
Valorant Champions 2025,https://www.vlr.gg/542269/mibr-vs-nrg-valorant-champions-2025-ubsf,Abyss,MIBR,NRG,NRG,cortezia,Cypher,230,25,17,2,164,41%
Valorant Champions 2025,https://www.vlr.gg/542269/mibr-vs-nrg-valorant-champions-2025-ubsf,Abyss,MIBR,NRG,NRG,xenom,Astra,146,16,15,16,90,22%
Valorant Champions 2025,https://www.vlr.gg/542269/mibr-vs-nrg-valorant-champions-2025-ubsf,Abyss,MIBR,NRG,NRG,Verno,Sova,141,12,15,12,91,16%
Valorant Champions 2025,https://www.vlr.gg/542269/mibr-vs-nrg-valorant-champions-2025-ubsf,Abyss,MIBR,NRG,NRG,artzin,Kayo,158,16,19,16,107,29%
Valorant Champions 2025,https://www.vlr.gg/542269/mibr-vs-nrg-valorant-champions-2025-ubsf,Abyss,NRG,MIBR,NRG,mada,Yoru,193,20,19,7,114,31%
Valorant Champions 2025,https://www.vlr.gg/542269/mibr-vs-nrg-valorant-champions-2025-ubsf,Abyss,NRG,MIBR,NRG,brawk,Sova,148,15,19,6,96,17%
Valorant Champions 2025,https://www.vlr.gg/542269/mibr-vs-nrg-valorant-champions-2025-ubsf,Abyss,NRG,MIBR,NRG,Ethan,Omen,177,16,22,11,113,21%
Valorant Champions 2025,https://www.vlr.gg/542269/mibr-vs-nrg-valorant-champions-2025-ubsf,Abyss,NRG,MIBR,NRG,s0m,Harbor,162,18,23,5,101,20%
Valorant Champions 2025,https://www.vlr.gg/542269/mibr-vs-nrg-valorant-champions-2025-ubsf,Abyss,NRG,MIBR,NRG,skuba,Vyse,140,12,23,12,98,15%
Valorant Champions 2025,https://www.vlr.gg/542269/mibr-vs-nrg-valorant-champions-2025-ubsf,Haven,MIBR,NRG,MIBR,aspas,Neon,318,23,8,1,172,25%
Valorant Champions 2025,https://www.vlr.gg/542269/mibr-vs-nrg-valorant-champions-2025-ubsf,Haven,MIBR,NRG,MIBR,cortezia,Killjoy,230,15,5,4,147,17%
Valorant Champions 2025,https://www.vlr.gg/542269/mibr-vs-nrg-valorant-champions-2025-ubsf,Haven,MIBR,NRG,MIBR,Verno,Sova,237,13,9,8,165,36%
Valorant Champions 2025,https://www.vlr.gg/542269/mibr-vs-nrg-valorant-champions-2025-ubsf,Haven,MIBR,NRG,MIBR,artzin,Viper,235,16,10,6,159,16%
Valorant Champions 2025,https://www.vlr.gg/542269/mibr-vs-nrg-valorant-champions-2025-ubsf,Haven,MIBR,NRG,MIBR,xenom,Omen,119,6,6,19,58,13%
Valorant Champions 2025,https://www.vlr.gg/542269/mibr-vs-nrg-valorant-champions-2025-ubsf,Haven,NRG,MIBR,MIBR,brawk,Sova,210,9,14,9,147,17%
Valorant Champions 2025,https://www.vlr.gg/542269/mibr-vs-nrg-valorant-champions-2025-ubsf,Haven,NRG,MIBR,MIBR,skuba,Killjoy,130,8,15,1,102,20%
Valorant Champions 2025,https://www.vlr.gg/542269/mibr-vs-nrg-valorant-champions-2025-ubsf,Haven,NRG,MIBR,MIBR,s0m,Viper,189,11,15,0,121,30%
Valorant Champions 2025,https://www.vlr.gg/542269/mibr-vs-nrg-valorant-champions-2025-ubsf,Haven,NRG,MIBR,MIBR,Ethan,Omen,89,4,14,3,64,26%
Valorant Champions 2025,https://www.vlr.gg/542269/mibr-vs-nrg-valorant-champions-2025-ubsf,Haven,NRG,MIBR,MIBR,mada,Neon,101,6,15,3,75,19%
Valorant Champions 2025,https://www.vlr.gg/542269/mibr-vs-nrg-valorant-champions-2025-ubsf,Corrode,MIBR,NRG,NRG,aspas,Waylay,212,25,19,3,129,33%
Valorant Champions 2025,https://www.vlr.gg/542269/mibr-vs-nrg-valorant-champions-2025-ubsf,Corrode,MIBR,NRG,NRG,Verno,Sova,215,22,19,6,140,30%
Valorant Champions 2025,https://www.vlr.gg/542269/mibr-vs-nrg-valorant-champions-2025-ubsf,Corrode,MIBR,NRG,NRG,xenom,Omen,147,16,20,16,89,19%
Valorant Champions 2025,https://www.vlr.gg/542269/mibr-vs-nrg-valorant-champions-2025-ubsf,Corrode,MIBR,NRG,NRG,cortezia,Viper,160,15,19,7,102,36%
Valorant Champions 2025,https://www.vlr.gg/542269/mibr-vs-nrg-valorant-champions-2025-ubsf,Corrode,MIBR,NRG,NRG,artzin,Kayo,159,17,21,8,89,26%
Valorant Champions 2025,https://www.vlr.gg/542269/mibr-vs-nrg-valorant-champions-2025-ubsf,Corrode,NRG,MIBR,NRG,s0m,Omen,192,22,18,8,136,30%
Valorant Champions 2025,https://www.vlr.gg/542269/mibr-vs-nrg-valorant-champions-2025-ubsf,Corrode,NRG,MIBR,NRG,skuba,Viper,181,20,16,7,134,38%
Valorant Champions 2025,https://www.vlr.gg/542269/mibr-vs-nrg-valorant-champions-2025-ubsf,Corrode,NRG,MIBR,NRG,Ethan,Kayo,186,18,19,17,126,21%
Valorant Champions 2025,https://www.vlr.gg/542269/mibr-vs-nrg-valorant-champions-2025-ubsf,Corrode,NRG,MIBR,NRG,brawk,Sova,228,20,21,12,157,15%
Valorant Champions 2025,https://www.vlr.gg/542269/mibr-vs-nrg-valorant-champions-2025-ubsf,Corrode,NRG,MIBR,NRG,mada,Waylay,175,18,21,3,114,29%
Valorant Champions 2025,https://www.vlr.gg/542277/paper-rex-vs-team-heretics-valorant-champions-2025-lr2,Ascent,Paper Rex,Team Heretics,Paper Rex,d4v41,Vyse,233,20,13,11,152,19%
Valorant Champions 2025,https://www.vlr.gg/542277/paper-rex-vs-team-heretics-valorant-champions-2025-lr2,Ascent,Paper Rex,Team Heretics,Paper Rex,something,Yoru,279,22,17,9,168,18%
Valorant Champions 2025,https://www.vlr.gg/542277/paper-rex-vs-team-heretics-valorant-champions-2025-lr2,Ascent,Paper Rex,Team Heretics,Paper Rex,f0rsakeN,Omen,211,18,17,12,122,25%
Valorant Champions 2025,https://www.vlr.gg/542277/paper-rex-vs-team-heretics-valorant-champions-2025-lr2,Ascent,Paper Rex,Team Heretics,Paper Rex,PatMen,Sova,169,13,15,9,112,30%
Valorant Champions 2025,https://www.vlr.gg/542277/paper-rex-vs-team-heretics-valorant-champions-2025-lr2,Ascent,Paper Rex,Team Heretics,Paper Rex,Jinggg,Sage,150,13,16,10,94,27%
Valorant Champions 2025,https://www.vlr.gg/542277/paper-rex-vs-team-heretics-valorant-champions-2025-lr2,Ascent,Team Heretics,Paper Rex,Paper Rex,Wo0t,Jett,282,24,19,3,181,30%
Valorant Champions 2025,https://www.vlr.gg/542277/paper-rex-vs-team-heretics-valorant-champions-2025-lr2,Ascent,Team Heretics,Paper Rex,Paper Rex,RieNs,Sova,224,19,17,7,155,47%
Valorant Champions 2025,https://www.vlr.gg/542277/paper-rex-vs-team-heretics-valorant-champions-2025-lr2,Ascent,Team Heretics,Paper Rex,Paper Rex,Boo,Omen,172,13,17,10,111,47%
Valorant Champions 2025,https://www.vlr.gg/542277/paper-rex-vs-team-heretics-valorant-champions-2025-lr2,Ascent,Team Heretics,Paper Rex,Paper Rex,MiniBoo,Yoru,166,13,17,4,115,18%
Valorant Champions 2025,https://www.vlr.gg/542277/paper-rex-vs-team-heretics-valorant-champions-2025-lr2,Ascent,Team Heretics,Paper Rex,Paper Rex,benjyfishy,Cypher,101,9,16,3,70,18%
Valorant Champions 2025,https://www.vlr.gg/542277/paper-rex-vs-team-heretics-valorant-champions-2025-lr2,Bind,Paper Rex,Team Heretics,Team Heretics,f0rsakeN,Brimstone,284,21,17,9,181,40%
Valorant Champions 2025,https://www.vlr.gg/542277/paper-rex-vs-team-heretics-valorant-champions-2025-lr2,Bind,Paper Rex,Team Heretics,Team Heretics,d4v41,Viper,198,15,16,8,132,34%
Valorant Champions 2025,https://www.vlr.gg/542277/paper-rex-vs-team-heretics-valorant-champions-2025-lr2,Bind,Paper Rex,Team Heretics,Team Heretics,Jinggg,Raze,213,16,16,4,136,11%
Valorant Champions 2025,https://www.vlr.gg/542277/paper-rex-vs-team-heretics-valorant-champions-2025-lr2,Bind,Paper Rex,Team Heretics,Team Heretics,something,Yoru,147,12,14,5,91,21%
Valorant Champions 2025,https://www.vlr.gg/542277/paper-rex-vs-team-heretics-valorant-champions-2025-lr2,Bind,Paper Rex,Team Heretics,Team Heretics,PatMen,Fade,184,16,15,5,120,32%
Valorant Champions 2025,https://www.vlr.gg/542277/paper-rex-vs-team-heretics-valorant-champions-2025-lr2,Bind,Team Heretics,Paper Rex,Team Heretics,Wo0t,Yoru,292,25,16,4,169,40%
Valorant Champions 2025,https://www.vlr.gg/542277/paper-rex-vs-team-heretics-valorant-champions-2025-lr2,Bind,Team Heretics,Paper Rex,Team Heretics,RieNs,Fade,184,14,15,9,121,34%
Valorant Champions 2025,https://www.vlr.gg/542277/paper-rex-vs-team-heretics-valorant-champions-2025-lr2,Bind,Team Heretics,Paper Rex,Team Heretics,benjyfishy,Viper,161,13,14,5,97,28%
Valorant Champions 2025,https://www.vlr.gg/542277/paper-rex-vs-team-heretics-valorant-champions-2025-lr2,Bind,Team Heretics,Paper Rex,Team Heretics,Boo,Brimstone,176,13,17,9,119,39%
Valorant Champions 2025,https://www.vlr.gg/542277/paper-rex-vs-team-heretics-valorant-champions-2025-lr2,Bind,Team Heretics,Paper Rex,Team Heretics,MiniBoo,Waylay,173,13,18,6,109,27%
Valorant Champions 2025,https://www.vlr.gg/542277/paper-rex-vs-team-heretics-valorant-champions-2025-lr2,Lotus,Paper Rex,Team Heretics,Paper Rex,PatMen,Fade,238,15,8,11,156,31%
Valorant Champions 2025,https://www.vlr.gg/542277/paper-rex-vs-team-heretics-valorant-champions-2025-lr2,Lotus,Paper Rex,Team Heretics,Paper Rex,f0rsakeN,Omen,239,14,10,13,159,40%
Valorant Champions 2025,https://www.vlr.gg/542277/paper-rex-vs-team-heretics-valorant-champions-2025-lr2,Lotus,Paper Rex,Team Heretics,Paper Rex,d4v41,Vyse,273,17,10,2,186,35%
Valorant Champions 2025,https://www.vlr.gg/542277/paper-rex-vs-team-heretics-valorant-champions-2025-lr2,Lotus,Paper Rex,Team Heretics,Paper Rex,something,Yoru,217,13,11,9,149,25%
Valorant Champions 2025,https://www.vlr.gg/542277/paper-rex-vs-team-heretics-valorant-champions-2025-lr2,Lotus,Paper Rex,Team Heretics,Paper Rex,Jinggg,Raze,190,12,13,4,114,14%
Valorant Champions 2025,https://www.vlr.gg/542277/paper-rex-vs-team-heretics-valorant-champions-2025-lr2,Lotus,Team Heretics,Paper Rex,Paper Rex,benjyfishy,Deadlock,196,11,14,6,142,38%
Valorant Champions 2025,https://www.vlr.gg/542277/paper-rex-vs-team-heretics-valorant-champions-2025-lr2,Lotus,Team Heretics,Paper Rex,Paper Rex,RieNs,Fade,214,14,14,6,136,42%
Valorant Champions 2025,https://www.vlr.gg/542277/paper-rex-vs-team-heretics-valorant-champions-2025-lr2,Lotus,Team Heretics,Paper Rex,Paper Rex,Wo0t,Chamber,130,8,12,4,98,47%
Valorant Champions 2025,https://www.vlr.gg/542277/paper-rex-vs-team-heretics-valorant-champions-2025-lr2,Lotus,Team Heretics,Paper Rex,Paper Rex,Boo,Omen,172,9,15,7,112,16%
Valorant Champions 2025,https://www.vlr.gg/542277/paper-rex-vs-team-heretics-valorant-champions-2025-lr2,Lotus,Team Heretics,Paper Rex,Paper Rex,MiniBoo,Raze,211,10,16,4,150,15%
Valorant Champions 2025,https://www.vlr.gg/542276/mibr-vs-drx-valorant-champions-2025-lr2,Sunset,MIBR,DRX,MIBR,aspas,Neon,296,25,15,4,198,27%
Valorant Champions 2025,https://www.vlr.gg/542276/mibr-vs-drx-valorant-champions-2025-lr2,Sunset,MIBR,DRX,MIBR,cortezia,Cypher,217,18,11,3,148,37%
Valorant Champions 2025,https://www.vlr.gg/542276/mibr-vs-drx-valorant-champions-2025-lr2,Sunset,MIBR,DRX,MIBR,Verno,Sova,212,16,13,5,138,37%
Valorant Champions 2025,https://www.vlr.gg/542276/mibr-vs-drx-valorant-champions-2025-lr2,Sunset,MIBR,DRX,MIBR,artzin,Viper,190,16,15,1,132,26%
Valorant Champions 2025,https://www.vlr.gg/542276/mibr-vs-drx-valorant-champions-2025-lr2,Sunset,MIBR,DRX,MIBR,xenom,Omen,130,10,13,9,85,27%
Valorant Champions 2025,https://www.vlr.gg/542276/mibr-vs-drx-valorant-champions-2025-lr2,Sunset,DRX,MIBR,MIBR,BeYN,Sova,177,15,16,5,116,32%
Valorant Champions 2025,https://www.vlr.gg/542276/mibr-vs-drx-valorant-champions-2025-lr2,Sunset,DRX,MIBR,MIBR,free1ng,Cypher,175,14,15,3,115,38%
Valorant Champions 2025,https://www.vlr.gg/542276/mibr-vs-drx-valorant-champions-2025-lr2,Sunset,DRX,MIBR,MIBR,MaKo,Omen,156,13,16,7,107,21%
Valorant Champions 2025,https://www.vlr.gg/542276/mibr-vs-drx-valorant-champions-2025-lr2,Sunset,DRX,MIBR,MIBR,HYUNMIN,Waylay,150,13,17,2,105,34%
Valorant Champions 2025,https://www.vlr.gg/542276/mibr-vs-drx-valorant-champions-2025-lr2,Sunset,DRX,MIBR,MIBR,Flashback,Neon,157,12,21,3,104,22%
Valorant Champions 2025,https://www.vlr.gg/542276/mibr-vs-drx-valorant-champions-2025-lr2,Ascent,MIBR,DRX,DRX,aspas,Jett,268,28,19,3,170,22%
Valorant Champions 2025,https://www.vlr.gg/542276/mibr-vs-drx-valorant-champions-2025-lr2,Ascent,MIBR,DRX,DRX,cortezia,Vyse,223,22,18,5,152,40%
Valorant Champions 2025,https://www.vlr.gg/542276/mibr-vs-drx-valorant-champions-2025-lr2,Ascent,MIBR,DRX,DRX,Verno,Sova,179,16,19,9,126,24%
Valorant Champions 2025,https://www.vlr.gg/542276/mibr-vs-drx-valorant-champions-2025-lr2,Ascent,MIBR,DRX,DRX,xenom,Omen,179,17,20,14,109,20%
Valorant Champions 2025,https://www.vlr.gg/542276/mibr-vs-drx-valorant-champions-2025-lr2,Ascent,MIBR,DRX,DRX,artzin,Kayo,116,8,22,16,76,13%
Valorant Champions 2025,https://www.vlr.gg/542276/mibr-vs-drx-valorant-champions-2025-lr2,Ascent,DRX,MIBR,DRX,BeYN,Sova,242,24,14,6,162,24%
Valorant Champions 2025,https://www.vlr.gg/542276/mibr-vs-drx-valorant-champions-2025-lr2,Ascent,DRX,MIBR,DRX,free1ng,Vyse,224,23,17,9,145,36%
Valorant Champions 2025,https://www.vlr.gg/542276/mibr-vs-drx-valorant-champions-2025-lr2,Ascent,DRX,MIBR,DRX,Flashback,Yoru,218,20,22,10,148,22%
Valorant Champions 2025,https://www.vlr.gg/542276/mibr-vs-drx-valorant-champions-2025-lr2,Ascent,DRX,MIBR,DRX,MaKo,Omen,139,13,18,10,89,20%
Valorant Champions 2025,https://www.vlr.gg/542276/mibr-vs-drx-valorant-champions-2025-lr2,Ascent,DRX,MIBR,DRX,HYUNMIN,Waylay,182,18,20,3,118,54%
Valorant Champions 2025,https://www.vlr.gg/542276/mibr-vs-drx-valorant-champions-2025-lr2,Bind,MIBR,DRX,DRX,aspas,Raze,284,23,17,1,181,25%
Valorant Champions 2025,https://www.vlr.gg/542276/mibr-vs-drx-valorant-champions-2025-lr2,Bind,MIBR,DRX,DRX,cortezia,Viper,208,17,14,8,139,32%
Valorant Champions 2025,https://www.vlr.gg/542276/mibr-vs-drx-valorant-champions-2025-lr2,Bind,MIBR,DRX,DRX,xenom,Brimstone,148,10,15,20,88,21%
Valorant Champions 2025,https://www.vlr.gg/542276/mibr-vs-drx-valorant-champions-2025-lr2,Bind,MIBR,DRX,DRX,Verno,Fade,142,11,14,11,95,19%
Valorant Champions 2025,https://www.vlr.gg/542276/mibr-vs-drx-valorant-champions-2025-lr2,Bind,MIBR,DRX,DRX,artzin,Yoru,136,10,14,3,97,34%
Valorant Champions 2025,https://www.vlr.gg/542276/mibr-vs-drx-valorant-champions-2025-lr2,Bind,DRX,MIBR,DRX,Flashback,Yoru,258,23,13,1,159,23%
Valorant Champions 2025,https://www.vlr.gg/542276/mibr-vs-drx-valorant-champions-2025-lr2,Bind,DRX,MIBR,DRX,MaKo,Brimstone,162,11,11,8,112,19%
Valorant Champions 2025,https://www.vlr.gg/542276/mibr-vs-drx-valorant-champions-2025-lr2,Bind,DRX,MIBR,DRX,BeYN,Fade,156,12,13,10,97,14%
Valorant Champions 2025,https://www.vlr.gg/542276/mibr-vs-drx-valorant-champions-2025-lr2,Bind,DRX,MIBR,DRX,HYUNMIN,Waylay,173,14,18,4,118,37%
Valorant Champions 2025,https://www.vlr.gg/542276/mibr-vs-drx-valorant-champions-2025-lr2,Bind,DRX,MIBR,DRX,free1ng,Viper,181,14,16,3,119,24%
Valorant Champions 2025,https://www.vlr.gg/542270/fnatic-vs-nrg-valorant-champions-2025-ubf,Ascent,FNATIC,NRG,NRG,kaajak,Yoru,244,23,22,5,160,40%
Valorant Champions 2025,https://www.vlr.gg/542270/fnatic-vs-nrg-valorant-champions-2025-ubf,Ascent,FNATIC,NRG,NRG,Boaster,Omen,185,18,16,14,119,21%
Valorant Champions 2025,https://www.vlr.gg/542270/fnatic-vs-nrg-valorant-champions-2025-ubf,Ascent,FNATIC,NRG,NRG,Chronicle,Vyse,182,18,16,5,120,25%
Valorant Champions 2025,https://www.vlr.gg/542270/fnatic-vs-nrg-valorant-champions-2025-ubf,Ascent,FNATIC,NRG,NRG,crashies,Sova,171,14,18,6,118,25%
Valorant Champions 2025,https://www.vlr.gg/542270/fnatic-vs-nrg-valorant-champions-2025-ubf,Ascent,FNATIC,NRG,NRG,Alfajer,Sage,173,15,21,12,110,33%
Valorant Champions 2025,https://www.vlr.gg/542270/fnatic-vs-nrg-valorant-champions-2025-ubf,Ascent,NRG,FNATIC,NRG,brawk,Sova,263,22,18,11,163,11%
Valorant Champions 2025,https://www.vlr.gg/542270/fnatic-vs-nrg-valorant-champions-2025-ubf,Ascent,NRG,FNATIC,NRG,s0m,Omen,217,19,17,10,136,22%
Valorant Champions 2025,https://www.vlr.gg/542270/fnatic-vs-nrg-valorant-champions-2025-ubf,Ascent,NRG,FNATIC,NRG,skuba,Vyse,229,22,15,4,146,31%
Valorant Champions 2025,https://www.vlr.gg/542270/fnatic-vs-nrg-valorant-champions-2025-ubf,Ascent,NRG,FNATIC,NRG,Ethan,Kayo,170,15,18,13,105,18%
Valorant Champions 2025,https://www.vlr.gg/542270/fnatic-vs-nrg-valorant-champions-2025-ubf,Ascent,NRG,FNATIC,NRG,mada,Jett,176,15,20,2,119,42%
Valorant Champions 2025,https://www.vlr.gg/542270/fnatic-vs-nrg-valorant-champions-2025-ubf,Abyss,FNATIC,NRG,NRG,Chronicle,Breach,173,11,14,3,120,29%
Valorant Champions 2025,https://www.vlr.gg/542270/fnatic-vs-nrg-valorant-champions-2025-ubf,Abyss,FNATIC,NRG,NRG,crashies,Sova,182,12,15,5,125,25%
Valorant Champions 2025,https://www.vlr.gg/542270/fnatic-vs-nrg-valorant-champions-2025-ubf,Abyss,FNATIC,NRG,NRG,kaajak,Waylay,154,10,14,1,104,35%
Valorant Champions 2025,https://www.vlr.gg/542270/fnatic-vs-nrg-valorant-champions-2025-ubf,Abyss,FNATIC,NRG,NRG,Alfajer,Cypher,129,9,15,0,89,30%
Valorant Champions 2025,https://www.vlr.gg/542270/fnatic-vs-nrg-valorant-champions-2025-ubf,Abyss,FNATIC,NRG,NRG,Boaster,Astra,78,3,13,5,58,10%
Valorant Champions 2025,https://www.vlr.gg/542270/fnatic-vs-nrg-valorant-champions-2025-ubf,Abyss,NRG,FNATIC,NRG,skuba,Vyse,251,17,7,6,158,45%
Valorant Champions 2025,https://www.vlr.gg/542270/fnatic-vs-nrg-valorant-champions-2025-ubf,Abyss,NRG,FNATIC,NRG,mada,Yoru,246,16,11,2,158,30%
Valorant Champions 2025,https://www.vlr.gg/542270/fnatic-vs-nrg-valorant-champions-2025-ubf,Abyss,NRG,FNATIC,NRG,brawk,Sova,181,12,9,2,119,31%
Valorant Champions 2025,https://www.vlr.gg/542270/fnatic-vs-nrg-valorant-champions-2025-ubf,Abyss,NRG,FNATIC,NRG,s0m,Harbor,201,14,11,6,144,39%
Valorant Champions 2025,https://www.vlr.gg/542270/fnatic-vs-nrg-valorant-champions-2025-ubf,Abyss,NRG,FNATIC,NRG,Ethan,Omen,174,11,10,5,114,29%
Valorant Champions 2025,https://www.vlr.gg/542278/drx-vs-paper-rex-valorant-champions-2025-lr3,Ascent,DRX,Paper Rex,DRX,HYUNMIN,Waylay,345,36,19,1,220,41%
Valorant Champions 2025,https://www.vlr.gg/542278/drx-vs-paper-rex-valorant-champions-2025-lr3,Ascent,DRX,Paper Rex,DRX,free1ng,Vyse,176,16,17,7,110,62%
Valorant Champions 2025,https://www.vlr.gg/542278/drx-vs-paper-rex-valorant-champions-2025-lr3,Ascent,DRX,Paper Rex,DRX,MaKo,Omen,149,15,16,8,106,31%
Valorant Champions 2025,https://www.vlr.gg/542278/drx-vs-paper-rex-valorant-champions-2025-lr3,Ascent,DRX,Paper Rex,DRX,BeYN,Sova,172,16,18,7,119,18%
Valorant Champions 2025,https://www.vlr.gg/542278/drx-vs-paper-rex-valorant-champions-2025-lr3,Ascent,DRX,Paper Rex,DRX,Flashback,Yoru,186,17,20,7,121,19%
Valorant Champions 2025,https://www.vlr.gg/542278/drx-vs-paper-rex-valorant-champions-2025-lr3,Ascent,Paper Rex,DRX,DRX,Jinggg,Sage,276,28,19,5,175,42%
Valorant Champions 2025,https://www.vlr.gg/542278/drx-vs-paper-rex-valorant-champions-2025-lr3,Ascent,Paper Rex,DRX,DRX,d4v41,Vyse,195,16,21,10,143,19%
Valorant Champions 2025,https://www.vlr.gg/542278/drx-vs-paper-rex-valorant-champions-2025-lr3,Ascent,Paper Rex,DRX,DRX,PatMen,Sova,151,13,18,3,113,36%
Valorant Champions 2025,https://www.vlr.gg/542278/drx-vs-paper-rex-valorant-champions-2025-lr3,Ascent,Paper Rex,DRX,DRX,f0rsakeN,Omen,137,15,21,11,97,37%
Valorant Champions 2025,https://www.vlr.gg/542278/drx-vs-paper-rex-valorant-champions-2025-lr3,Ascent,Paper Rex,DRX,DRX,something,Yoru,179,18,21,3,109,14%
Valorant Champions 2025,https://www.vlr.gg/542278/drx-vs-paper-rex-valorant-champions-2025-lr3,Lotus,DRX,Paper Rex,DRX,MaKo,Omen,205,17,8,14,114,21%
Valorant Champions 2025,https://www.vlr.gg/542278/drx-vs-paper-rex-valorant-champions-2025-lr3,Lotus,DRX,Paper Rex,DRX,free1ng,Vyse,211,16,11,5,137,31%
Valorant Champions 2025,https://www.vlr.gg/542278/drx-vs-paper-rex-valorant-champions-2025-lr3,Lotus,DRX,Paper Rex,DRX,BeYN,Fade,193,14,10,4,124,39%
Valorant Champions 2025,https://www.vlr.gg/542278/drx-vs-paper-rex-valorant-champions-2025-lr3,Lotus,DRX,Paper Rex,DRX,HYUNMIN,Raze,246,19,13,3,173,37%
Valorant Champions 2025,https://www.vlr.gg/542278/drx-vs-paper-rex-valorant-champions-2025-lr3,Lotus,DRX,Paper Rex,DRX,Flashback,Yoru,188,14,15,8,134,25%
Valorant Champions 2025,https://www.vlr.gg/542278/drx-vs-paper-rex-valorant-champions-2025-lr3,Lotus,Paper Rex,DRX,DRX,Jinggg,Raze,261,20,15,1,181,35%
Valorant Champions 2025,https://www.vlr.gg/542278/drx-vs-paper-rex-valorant-champions-2025-lr3,Lotus,Paper Rex,DRX,DRX,d4v41,Vyse,157,12,14,3,102,24%
Valorant Champions 2025,https://www.vlr.gg/542278/drx-vs-paper-rex-valorant-champions-2025-lr3,Lotus,Paper Rex,DRX,DRX,f0rsakeN,Omen,163,11,16,5,106,30%
Valorant Champions 2025,https://www.vlr.gg/542278/drx-vs-paper-rex-valorant-champions-2025-lr3,Lotus,Paper Rex,DRX,DRX,something,Yoru,145,10,18,6,100,30%
Valorant Champions 2025,https://www.vlr.gg/542278/drx-vs-paper-rex-valorant-champions-2025-lr3,Lotus,Paper Rex,DRX,DRX,PatMen,Fade,59,4,17,1,42,24%
Valorant Champions 2025,https://www.vlr.gg/542279/fnatic-vs-drx-valorant-champions-2025-lbf,Sunset,FNATIC,DRX,DRX,Alfajer,Vyse,258,19,15,3,169,44%
Valorant Champions 2025,https://www.vlr.gg/542279/fnatic-vs-drx-valorant-champions-2025-lbf,Sunset,FNATIC,DRX,DRX,crashies,Fade,171,12,12,4,122,41%
Valorant Champions 2025,https://www.vlr.gg/542279/fnatic-vs-drx-valorant-champions-2025-lbf,Sunset,FNATIC,DRX,DRX,kaajak,Neon,198,14,16,4,131,44%
Valorant Champions 2025,https://www.vlr.gg/542279/fnatic-vs-drx-valorant-champions-2025-lbf,Sunset,FNATIC,DRX,DRX,Boaster,Omen,111,9,15,5,66,38%
Valorant Champions 2025,https://www.vlr.gg/542279/fnatic-vs-drx-valorant-champions-2025-lbf,Sunset,FNATIC,DRX,DRX,Chronicle,Breach,95,6,18,5,70,19%
Valorant Champions 2025,https://www.vlr.gg/542279/fnatic-vs-drx-valorant-champions-2025-lbf,Sunset,DRX,FNATIC,DRX,free1ng,Cypher,211,15,9,2,144,39%
Valorant Champions 2025,https://www.vlr.gg/542279/fnatic-vs-drx-valorant-champions-2025-lbf,Sunset,DRX,FNATIC,DRX,HYUNMIN,Waylay,280,22,15,4,185,43%
Valorant Champions 2025,https://www.vlr.gg/542279/fnatic-vs-drx-valorant-champions-2025-lbf,Sunset,DRX,FNATIC,DRX,Flashback,Yoru,255,20,13,1,161,20%
Valorant Champions 2025,https://www.vlr.gg/542279/fnatic-vs-drx-valorant-champions-2025-lbf,Sunset,DRX,FNATIC,DRX,BeYN,Sova,150,11,13,3,101,18%
Valorant Champions 2025,https://www.vlr.gg/542279/fnatic-vs-drx-valorant-champions-2025-lbf,Sunset,DRX,FNATIC,DRX,MaKo,Omen,100,8,10,4,65,39%
Valorant Champions 2025,https://www.vlr.gg/542279/fnatic-vs-drx-valorant-champions-2025-lbf,Corrode,FNATIC,DRX,FNATIC,crashies,Fade,290,18,6,2,186,48%
Valorant Champions 2025,https://www.vlr.gg/542279/fnatic-vs-drx-valorant-champions-2025-lbf,Corrode,FNATIC,DRX,FNATIC,Chronicle,Viper,298,18,9,4,189,34%
Valorant Champions 2025,https://www.vlr.gg/542279/fnatic-vs-drx-valorant-champions-2025-lbf,Corrode,FNATIC,DRX,FNATIC,Alfajer,Vyse,214,14,8,3,156,38%
Valorant Champions 2025,https://www.vlr.gg/542279/fnatic-vs-drx-valorant-champions-2025-lbf,Corrode,FNATIC,DRX,FNATIC,Boaster,Astra,158,10,5,3,106,25%
Valorant Champions 2025,https://www.vlr.gg/542279/fnatic-vs-drx-valorant-champions-2025-lbf,Corrode,FNATIC,DRX,FNATIC,kaajak,Yoru,175,8,10,6,126,29%
Valorant Champions 2025,https://www.vlr.gg/542279/fnatic-vs-drx-valorant-champions-2025-lbf,Corrode,DRX,FNATIC,FNATIC,BeYN,Fade,161,10,13,2,97,48%
Valorant Champions 2025,https://www.vlr.gg/542279/fnatic-vs-drx-valorant-champions-2025-lbf,Corrode,DRX,FNATIC,FNATIC,HYUNMIN,Waylay,177,9,14,4,128,31%
Valorant Champions 2025,https://www.vlr.gg/542279/fnatic-vs-drx-valorant-champions-2025-lbf,Corrode,DRX,FNATIC,FNATIC,Flashback,Yoru,187,10,15,0,102,35%
Valorant Champions 2025,https://www.vlr.gg/542279/fnatic-vs-drx-valorant-champions-2025-lbf,Corrode,DRX,FNATIC,FNATIC,free1ng,Vyse,123,7,12,1,77,39%
Valorant Champions 2025,https://www.vlr.gg/542279/fnatic-vs-drx-valorant-champions-2025-lbf,Corrode,DRX,FNATIC,FNATIC,MaKo,Omen,63,2,14,5,52,21%
Valorant Champions 2025,https://www.vlr.gg/542279/fnatic-vs-drx-valorant-champions-2025-lbf,Haven,FNATIC,DRX,FNATIC,crashies,Sova,215,20,11,5,140,53%
Valorant Champions 2025,https://www.vlr.gg/542279/fnatic-vs-drx-valorant-champions-2025-lbf,Haven,FNATIC,DRX,FNATIC,kaajak,Yoru,243,20,14,5,146,24%
Valorant Champions 2025,https://www.vlr.gg/542279/fnatic-vs-drx-valorant-champions-2025-lbf,Haven,FNATIC,DRX,FNATIC,Chronicle,Viper,203,16,16,8,142,30%
Valorant Champions 2025,https://www.vlr.gg/542279/fnatic-vs-drx-valorant-champions-2025-lbf,Haven,FNATIC,DRX,FNATIC,Alfajer,Killjoy,186,15,16,0,120,34%
Valorant Champions 2025,https://www.vlr.gg/542279/fnatic-vs-drx-valorant-champions-2025-lbf,Haven,FNATIC,DRX,FNATIC,Boaster,Omen,124,10,17,14,78,34%
Valorant Champions 2025,https://www.vlr.gg/542279/fnatic-vs-drx-valorant-champions-2025-lbf,Haven,DRX,FNATIC,FNATIC,BeYN,Sova,242,20,14,7,156,37%
Valorant Champions 2025,https://www.vlr.gg/542279/fnatic-vs-drx-valorant-champions-2025-lbf,Haven,DRX,FNATIC,FNATIC,HYUNMIN,Waylay,169,12,16,7,122,41%
Valorant Champions 2025,https://www.vlr.gg/542279/fnatic-vs-drx-valorant-champions-2025-lbf,Haven,DRX,FNATIC,FNATIC,MaKo,Omen,197,16,17,11,116,16%
Valorant Champions 2025,https://www.vlr.gg/542279/fnatic-vs-drx-valorant-champions-2025-lbf,Haven,DRX,FNATIC,FNATIC,Flashback,Yoru,172,16,17,3,108,31%
Valorant Champions 2025,https://www.vlr.gg/542279/fnatic-vs-drx-valorant-champions-2025-lbf,Haven,DRX,FNATIC,FNATIC,free1ng,Cypher,132,10,17,7,84,42%
Valorant Champions 2025,https://www.vlr.gg/542279/fnatic-vs-drx-valorant-champions-2025-lbf,Bind,FNATIC,DRX,FNATIC,Chronicle,Viper,278,17,8,3,186,32%
Valorant Champions 2025,https://www.vlr.gg/542279/fnatic-vs-drx-valorant-champions-2025-lbf,Bind,FNATIC,DRX,FNATIC,kaajak,Yoru,279,17,9,8,172,38%
Valorant Champions 2025,https://www.vlr.gg/542279/fnatic-vs-drx-valorant-champions-2025-lbf,Bind,FNATIC,DRX,FNATIC,Boaster,Astra,189,12,7,4,107,10%
Valorant Champions 2025,https://www.vlr.gg/542279/fnatic-vs-drx-valorant-champions-2025-lbf,Bind,FNATIC,DRX,FNATIC,crashies,Fade,235,15,10,4,144,45%
Valorant Champions 2025,https://www.vlr.gg/542279/fnatic-vs-drx-valorant-champions-2025-lbf,Bind,FNATIC,DRX,FNATIC,Alfajer,Tejo,100,6,8,4,70,19%
Valorant Champions 2025,https://www.vlr.gg/542279/fnatic-vs-drx-valorant-champions-2025-lbf,Bind,DRX,FNATIC,FNATIC,MaKo,Brimstone,178,11,11,7,94,23%
Valorant Champions 2025,https://www.vlr.gg/542279/fnatic-vs-drx-valorant-champions-2025-lbf,Bind,DRX,FNATIC,FNATIC,BeYN,Fade,133,8,11,3,87,33%
Valorant Champions 2025,https://www.vlr.gg/542279/fnatic-vs-drx-valorant-champions-2025-lbf,Bind,DRX,FNATIC,FNATIC,HYUNMIN,Waylay,180,9,16,4,109,39%
Valorant Champions 2025,https://www.vlr.gg/542279/fnatic-vs-drx-valorant-champions-2025-lbf,Bind,DRX,FNATIC,FNATIC,free1ng,Viper,144,8,15,3,91,19%
Valorant Champions 2025,https://www.vlr.gg/542279/fnatic-vs-drx-valorant-champions-2025-lbf,Bind,DRX,FNATIC,FNATIC,Flashback,Yoru,135,6,14,3,98,11%
Valorant Champions 2025,https://www.vlr.gg/542272/nrg-vs-fnatic-valorant-champions-2025-gf,Corrode,NRG,FNATIC,NRG,brawk,Sova,375,24,7,2,212,19%
Valorant Champions 2025,https://www.vlr.gg/542272/nrg-vs-fnatic-valorant-champions-2025-gf,Corrode,NRG,FNATIC,NRG,mada,Waylay,295,17,10,6,169,19%
Valorant Champions 2025,https://www.vlr.gg/542272/nrg-vs-fnatic-valorant-champions-2025-gf,Corrode,NRG,FNATIC,NRG,Ethan,Kayo,178,11,7,4,121,37%
Valorant Champions 2025,https://www.vlr.gg/542272/nrg-vs-fnatic-valorant-champions-2025-gf,Corrode,NRG,FNATIC,NRG,s0m,Omen,190,10,8,10,116,19%
Valorant Champions 2025,https://www.vlr.gg/542272/nrg-vs-fnatic-valorant-champions-2025-gf,Corrode,NRG,FNATIC,NRG,skuba,Viper,162,10,8,4,116,24%
Valorant Champions 2025,https://www.vlr.gg/542272/nrg-vs-fnatic-valorant-champions-2025-gf,Corrode,FNATIC,NRG,NRG,kaajak,Yoru,184,11,13,0,128,59%
Valorant Champions 2025,https://www.vlr.gg/542272/nrg-vs-fnatic-valorant-champions-2025-gf,Corrode,FNATIC,NRG,NRG,crashies,Fade,168,9,13,6,114,23%
Valorant Champions 2025,https://www.vlr.gg/542272/nrg-vs-fnatic-valorant-champions-2025-gf,Corrode,FNATIC,NRG,NRG,Chronicle,Viper,112,6,15,3,74,32%
Valorant Champions 2025,https://www.vlr.gg/542272/nrg-vs-fnatic-valorant-champions-2025-gf,Corrode,FNATIC,NRG,NRG,Boaster,Astra,121,6,15,4,73,9%
Valorant Champions 2025,https://www.vlr.gg/542272/nrg-vs-fnatic-valorant-champions-2025-gf,Corrode,FNATIC,NRG,NRG,Alfajer,Vyse,144,8,16,2,102,45%
Valorant Champions 2025,https://www.vlr.gg/542272/nrg-vs-fnatic-valorant-champions-2025-gf,Lotus,NRG,FNATIC,NRG,mada,Raze,275,20,13,4,170,40%
Valorant Champions 2025,https://www.vlr.gg/542272/nrg-vs-fnatic-valorant-champions-2025-gf,Lotus,NRG,FNATIC,NRG,skuba,Viper,175,13,9,4,103,39%
Valorant Champions 2025,https://www.vlr.gg/542272/nrg-vs-fnatic-valorant-champions-2025-gf,Lotus,NRG,FNATIC,NRG,brawk,Vyse,203,14,13,8,117,8%
Valorant Champions 2025,https://www.vlr.gg/542272/nrg-vs-fnatic-valorant-champions-2025-gf,Lotus,NRG,FNATIC,NRG,Ethan,Fade,158,13,12,4,93,19%
Valorant Champions 2025,https://www.vlr.gg/542272/nrg-vs-fnatic-valorant-champions-2025-gf,Lotus,NRG,FNATIC,NRG,s0m,Omen,160,10,13,6,101,15%
Valorant Champions 2025,https://www.vlr.gg/542272/nrg-vs-fnatic-valorant-champions-2025-gf,Lotus,FNATIC,NRG,NRG,kaajak,Raze,313,21,15,4,198,38%
Valorant Champions 2025,https://www.vlr.gg/542272/nrg-vs-fnatic-valorant-champions-2025-gf,Lotus,FNATIC,NRG,NRG,Chronicle,Viper,186,12,12,5,131,30%
Valorant Champions 2025,https://www.vlr.gg/542272/nrg-vs-fnatic-valorant-champions-2025-gf,Lotus,FNATIC,NRG,NRG,Alfajer,Killjoy,173,11,13,1,117,27%
Valorant Champions 2025,https://www.vlr.gg/542272/nrg-vs-fnatic-valorant-champions-2025-gf,Lotus,FNATIC,NRG,NRG,Boaster,Omen,163,9,14,7,110,12%
Valorant Champions 2025,https://www.vlr.gg/542272/nrg-vs-fnatic-valorant-champions-2025-gf,Lotus,FNATIC,NRG,NRG,crashies,Fade,107,7,16,7,78,28%
Valorant Champions 2025,https://www.vlr.gg/542272/nrg-vs-fnatic-valorant-champions-2025-gf,Abyss,NRG,FNATIC,FNATIC,skuba,Vyse,216,22,15,4,131,32%
Valorant Champions 2025,https://www.vlr.gg/542272/nrg-vs-fnatic-valorant-champions-2025-gf,Abyss,NRG,FNATIC,FNATIC,brawk,Sova,222,20,17,9,151,26%
Valorant Champions 2025,https://www.vlr.gg/542272/nrg-vs-fnatic-valorant-champions-2025-gf,Abyss,NRG,FNATIC,FNATIC,Ethan,Omen,183,17,16,10,118,25%
Valorant Champions 2025,https://www.vlr.gg/542272/nrg-vs-fnatic-valorant-champions-2025-gf,Abyss,NRG,FNATIC,FNATIC,mada,Yoru,153,15,18,3,113,41%
Valorant Champions 2025,https://www.vlr.gg/542272/nrg-vs-fnatic-valorant-champions-2025-gf,Abyss,NRG,FNATIC,FNATIC,s0m,Harbor,129,13,22,5,87,28%
Valorant Champions 2025,https://www.vlr.gg/542272/nrg-vs-fnatic-valorant-champions-2025-gf,Abyss,FNATIC,NRG,FNATIC,crashies,Sova,221,22,15,7,139,29%
Valorant Champions 2025,https://www.vlr.gg/542272/nrg-vs-fnatic-valorant-champions-2025-gf,Abyss,FNATIC,NRG,FNATIC,kaajak,Waylay,247,24,19,4,160,30%
Valorant Champions 2025,https://www.vlr.gg/542272/nrg-vs-fnatic-valorant-champions-2025-gf,Abyss,FNATIC,NRG,FNATIC,Chronicle,Breach,167,17,19,8,117,27%
Valorant Champions 2025,https://www.vlr.gg/542272/nrg-vs-fnatic-valorant-champions-2025-gf,Abyss,FNATIC,NRG,FNATIC,Alfajer,Cypher,136,14,17,5,87,18%
Valorant Champions 2025,https://www.vlr.gg/542272/nrg-vs-fnatic-valorant-champions-2025-gf,Abyss,FNATIC,NRG,FNATIC,Boaster,Astra,130,11,17,10,87,28%
Valorant Champions 2025,https://www.vlr.gg/542272/nrg-vs-fnatic-valorant-champions-2025-gf,Ascent,NRG,FNATIC,FNATIC,brawk,Sova,218,15,13,10,140,26%
Valorant Champions 2025,https://www.vlr.gg/542272/nrg-vs-fnatic-valorant-champions-2025-gf,Ascent,NRG,FNATIC,FNATIC,s0m,Omen,246,17,18,7,146,25%
Valorant Champions 2025,https://www.vlr.gg/542272/nrg-vs-fnatic-valorant-champions-2025-gf,Ascent,NRG,FNATIC,FNATIC,Ethan,Kayo,164,13,15,8,96,14%
Valorant Champions 2025,https://www.vlr.gg/542272/nrg-vs-fnatic-valorant-champions-2025-gf,Ascent,NRG,FNATIC,FNATIC,skuba,Vyse,204,16,19,2,119,29%
Valorant Champions 2025,https://www.vlr.gg/542272/nrg-vs-fnatic-valorant-champions-2025-gf,Ascent,NRG,FNATIC,FNATIC,mada,Jett,145,10,14,4,94,16%
Valorant Champions 2025,https://www.vlr.gg/542272/nrg-vs-fnatic-valorant-champions-2025-gf,Ascent,FNATIC,NRG,FNATIC,Alfajer,Sage,299,23,14,4,200,46%
Valorant Champions 2025,https://www.vlr.gg/542272/nrg-vs-fnatic-valorant-champions-2025-gf,Ascent,FNATIC,NRG,FNATIC,kaajak,Yoru,222,18,13,4,138,40%
Valorant Champions 2025,https://www.vlr.gg/542272/nrg-vs-fnatic-valorant-champions-2025-gf,Ascent,FNATIC,NRG,FNATIC,crashies,Sova,202,14,16,10,137,23%
Valorant Champions 2025,https://www.vlr.gg/542272/nrg-vs-fnatic-valorant-champions-2025-gf,Ascent,FNATIC,NRG,FNATIC,Chronicle,Vyse,221,18,16,7,137,21%
Valorant Champions 2025,https://www.vlr.gg/542272/nrg-vs-fnatic-valorant-champions-2025-gf,Ascent,FNATIC,NRG,FNATIC,Boaster,Omen,103,6,12,9,76,17%
Valorant Champions 2025,https://www.vlr.gg/542272/nrg-vs-fnatic-valorant-champions-2025-gf,Sunset,NRG,FNATIC,NRG,Ethan,Breach,355,23,12,9,223,27%
Valorant Champions 2025,https://www.vlr.gg/542272/nrg-vs-fnatic-valorant-champions-2025-gf,Sunset,NRG,FNATIC,NRG,skuba,Cypher,201,15,9,2,140,18%
Valorant Champions 2025,https://www.vlr.gg/542272/nrg-vs-fnatic-valorant-champions-2025-gf,Sunset,NRG,FNATIC,NRG,brawk,Sova,203,11,11,11,145,31%
Valorant Champions 2025,https://www.vlr.gg/542272/nrg-vs-fnatic-valorant-champions-2025-gf,Sunset,NRG,FNATIC,NRG,s0m,Omen,160,13,12,9,103,17%
Valorant Champions 2025,https://www.vlr.gg/542272/nrg-vs-fnatic-valorant-champions-2025-gf,Sunset,NRG,FNATIC,NRG,mada,Neon,191,12,14,5,126,26%
Valorant Champions 2025,https://www.vlr.gg/542272/nrg-vs-fnatic-valorant-champions-2025-gf,Sunset,FNATIC,NRG,NRG,kaajak,Yoru,227,16,15,2,152,27%
Valorant Champions 2025,https://www.vlr.gg/542272/nrg-vs-fnatic-valorant-champions-2025-gf,Sunset,FNATIC,NRG,NRG,Alfajer,Neon,253,16,15,5,160,19%
Valorant Champions 2025,https://www.vlr.gg/542272/nrg-vs-fnatic-valorant-champions-2025-gf,Sunset,FNATIC,NRG,NRG,Chronicle,Cypher,197,13,15,5,131,24%
Valorant Champions 2025,https://www.vlr.gg/542272/nrg-vs-fnatic-valorant-champions-2025-gf,Sunset,FNATIC,NRG,NRG,crashies,Fade,141,7,14,6,98,40%
Valorant Champions 2025,https://www.vlr.gg/542272/nrg-vs-fnatic-valorant-champions-2025-gf,Sunset,FNATIC,NRG,NRG,Boaster,Omen,113,6,15,9,65,10%
VCT 2025 Americas Stage 2,https://www.vlr.gg/530902/leviat-n-vs-cloud9-vct-2025-americas-stage-2-ur1,Corrode,LEVIATÁN,Cloud9,Cloud9,kiNgg,Viper,237,19,14,6,148,35%
VCT 2025 Americas Stage 2,https://www.vlr.gg/530902/leviat-n-vs-cloud9-vct-2025-americas-stage-2-ur1,Corrode,LEVIATÁN,Cloud9,Cloud9,Sato,Neon,250,21,18,0,162,43%
VCT 2025 Americas Stage 2,https://www.vlr.gg/530902/leviat-n-vs-cloud9-vct-2025-americas-stage-2-ur1,Corrode,LEVIATÁN,Cloud9,Cloud9,Okeanos,Omen,216,16,18,11,152,28%
VCT 2025 Americas Stage 2,https://www.vlr.gg/530902/leviat-n-vs-cloud9-vct-2025-americas-stage-2-ur1,Corrode,LEVIATÁN,Cloud9,Cloud9,tex,Chamber,137,12,17,2,94,14%
VCT 2025 Americas Stage 2,https://www.vlr.gg/530902/leviat-n-vs-cloud9-vct-2025-americas-stage-2-ur1,Corrode,LEVIATÁN,Cloud9,Cloud9,C0M,Fade,124,9,17,6,78,18%
VCT 2025 Americas Stage 2,https://www.vlr.gg/530902/leviat-n-vs-cloud9-vct-2025-americas-stage-2-ur1,Corrode,Cloud9,LEVIATÁN,Cloud9,neT,Viper,203,17,12,5,131,37%
VCT 2025 Americas Stage 2,https://www.vlr.gg/530902/leviat-n-vs-cloud9-vct-2025-americas-stage-2-ur1,Corrode,Cloud9,LEVIATÁN,Cloud9,mitch,Skye,229,17,15,17,135,20%
VCT 2025 Americas Stage 2,https://www.vlr.gg/530902/leviat-n-vs-cloud9-vct-2025-americas-stage-2-ur1,Corrode,Cloud9,LEVIATÁN,Cloud9,v1c,Omen,193,15,16,8,133,34%
VCT 2025 Americas Stage 2,https://www.vlr.gg/530902/leviat-n-vs-cloud9-vct-2025-americas-stage-2-ur1,Corrode,Cloud9,LEVIATÁN,Cloud9,OXY,Raze,224,18,17,5,152,31%
VCT 2025 Americas Stage 2,https://www.vlr.gg/530902/leviat-n-vs-cloud9-vct-2025-americas-stage-2-ur1,Corrode,Cloud9,LEVIATÁN,Cloud9,Xeppaa,Vyse,206,17,17,9,140,13%
VCT 2025 Americas Stage 2,https://www.vlr.gg/530902/leviat-n-vs-cloud9-vct-2025-americas-stage-2-ur1,Haven,LEVIATÁN,Cloud9,LEVIATÁN,Sato,Yoru,383,30,15,4,236,27%
VCT 2025 Americas Stage 2,https://www.vlr.gg/530902/leviat-n-vs-cloud9-vct-2025-americas-stage-2-ur1,Haven,LEVIATÁN,Cloud9,LEVIATÁN,Okeanos,Neon,239,20,14,3,169,31%
VCT 2025 Americas Stage 2,https://www.vlr.gg/530902/leviat-n-vs-cloud9-vct-2025-americas-stage-2-ur1,Haven,LEVIATÁN,Cloud9,LEVIATÁN,kiNgg,Omen,199,14,16,14,139,31%
VCT 2025 Americas Stage 2,https://www.vlr.gg/530902/leviat-n-vs-cloud9-vct-2025-americas-stage-2-ur1,Haven,LEVIATÁN,Cloud9,LEVIATÁN,C0M,Sova,172,17,10,2,112,29%
VCT 2025 Americas Stage 2,https://www.vlr.gg/530902/leviat-n-vs-cloud9-vct-2025-americas-stage-2-ur1,Haven,LEVIATÁN,Cloud9,LEVIATÁN,tex,Cypher,107,9,13,6,70,16%
VCT 2025 Americas Stage 2,https://www.vlr.gg/530902/leviat-n-vs-cloud9-vct-2025-americas-stage-2-ur1,Haven,Cloud9,LEVIATÁN,LEVIATÁN,neT,Viper,234,18,19,5,143,42%
VCT 2025 Americas Stage 2,https://www.vlr.gg/530902/leviat-n-vs-cloud9-vct-2025-americas-stage-2-ur1,Haven,Cloud9,LEVIATÁN,LEVIATÁN,OXY,Jett,215,18,18,5,134,51%
VCT 2025 Americas Stage 2,https://www.vlr.gg/530902/leviat-n-vs-cloud9-vct-2025-americas-stage-2-ur1,Haven,Cloud9,LEVIATÁN,LEVIATÁN,v1c,Omen,128,10,18,5,89,35%
VCT 2025 Americas Stage 2,https://www.vlr.gg/530902/leviat-n-vs-cloud9-vct-2025-americas-stage-2-ur1,Haven,Cloud9,LEVIATÁN,LEVIATÁN,Xeppaa,Killjoy,168,13,17,3,110,36%
VCT 2025 Americas Stage 2,https://www.vlr.gg/530902/leviat-n-vs-cloud9-vct-2025-americas-stage-2-ur1,Haven,Cloud9,LEVIATÁN,LEVIATÁN,mitch,Skye,108,9,18,6,76,13%
VCT 2025 Americas Stage 2,https://www.vlr.gg/530902/leviat-n-vs-cloud9-vct-2025-americas-stage-2-ur1,Lotus,LEVIATÁN,Cloud9,Cloud9,Okeanos,Omen,349,30,16,8,226,30%
VCT 2025 Americas Stage 2,https://www.vlr.gg/530902/leviat-n-vs-cloud9-vct-2025-americas-stage-2-ur1,Lotus,LEVIATÁN,Cloud9,Cloud9,kiNgg,Viper,186,15,18,8,126,21%
VCT 2025 Americas Stage 2,https://www.vlr.gg/530902/leviat-n-vs-cloud9-vct-2025-americas-stage-2-ur1,Lotus,LEVIATÁN,Cloud9,Cloud9,tex,Vyse,126,10,18,3,84,44%
VCT 2025 Americas Stage 2,https://www.vlr.gg/530902/leviat-n-vs-cloud9-vct-2025-americas-stage-2-ur1,Lotus,LEVIATÁN,Cloud9,Cloud9,Sato,Raze,177,16,21,1,110,25%
VCT 2025 Americas Stage 2,https://www.vlr.gg/530902/leviat-n-vs-cloud9-vct-2025-americas-stage-2-ur1,Lotus,LEVIATÁN,Cloud9,Cloud9,C0M,Fade,128,11,17,4,91,35%
VCT 2025 Americas Stage 2,https://www.vlr.gg/530902/leviat-n-vs-cloud9-vct-2025-americas-stage-2-ur1,Lotus,Cloud9,LEVIATÁN,Cloud9,v1c,Omen,202,18,14,9,135,30%
VCT 2025 Americas Stage 2,https://www.vlr.gg/530902/leviat-n-vs-cloud9-vct-2025-americas-stage-2-ur1,Lotus,Cloud9,LEVIATÁN,Cloud9,Xeppaa,Vyse,235,20,17,4,158,34%
VCT 2025 Americas Stage 2,https://www.vlr.gg/530902/leviat-n-vs-cloud9-vct-2025-americas-stage-2-ur1,Lotus,Cloud9,LEVIATÁN,Cloud9,mitch,Fade,188,15,15,12,123,45%
VCT 2025 Americas Stage 2,https://www.vlr.gg/530902/leviat-n-vs-cloud9-vct-2025-americas-stage-2-ur1,Lotus,Cloud9,LEVIATÁN,Cloud9,OXY,Raze,222,19,18,5,145,21%
VCT 2025 Americas Stage 2,https://www.vlr.gg/530902/leviat-n-vs-cloud9-vct-2025-americas-stage-2-ur1,Lotus,Cloud9,LEVIATÁN,Cloud9,neT,Viper,204,18,18,5,131,34%
VCT 2025 Americas Stage 2,https://www.vlr.gg/530903/g2-esports-vs-100-thieves-vct-2025-americas-stage-2-ur1,Sunset,G2 Esports,100 Thieves,G2 Esports,BABYBAY,Chamber,281,16,9,7,199,20%
VCT 2025 Americas Stage 2,https://www.vlr.gg/530903/g2-esports-vs-100-thieves-vct-2025-americas-stage-2-ur1,Sunset,G2 Esports,100 Thieves,G2 Esports,jawgemo,Neon,301,18,11,4,186,36%
VCT 2025 Americas Stage 2,https://www.vlr.gg/530903/g2-esports-vs-100-thieves-vct-2025-americas-stage-2-ur1,Sunset,G2 Esports,100 Thieves,G2 Esports,valyn,Omen,195,13,9,8,128,34%
VCT 2025 Americas Stage 2,https://www.vlr.gg/530903/g2-esports-vs-100-thieves-vct-2025-americas-stage-2-ur1,Sunset,G2 Esports,100 Thieves,G2 Esports,trent,Fade,175,13,9,7,120,28%
VCT 2025 Americas Stage 2,https://www.vlr.gg/530903/g2-esports-vs-100-thieves-vct-2025-americas-stage-2-ur1,Sunset,G2 Esports,100 Thieves,G2 Esports,JonahP,Sage,193,12,9,8,137,23%
VCT 2025 Americas Stage 2,https://www.vlr.gg/530903/g2-esports-vs-100-thieves-vct-2025-americas-stage-2-ur1,Sunset,100 Thieves,G2 Esports,G2 Esports,eeiu,Sova,214,14,14,2,149,46%
VCT 2025 Americas Stage 2,https://www.vlr.gg/530903/g2-esports-vs-100-thieves-vct-2025-americas-stage-2-ur1,Sunset,100 Thieves,G2 Esports,G2 Esports,Cryocells,Yoru,235,13,14,5,164,40%
VCT 2025 Americas Stage 2,https://www.vlr.gg/530903/g2-esports-vs-100-thieves-vct-2025-americas-stage-2-ur1,Sunset,100 Thieves,G2 Esports,G2 Esports,zander,Omen,147,9,15,6,86,20%
VCT 2025 Americas Stage 2,https://www.vlr.gg/530903/g2-esports-vs-100-thieves-vct-2025-americas-stage-2-ur1,Sunset,100 Thieves,G2 Esports,G2 Esports,Asuna,Neon,124,6,15,7,93,24%
VCT 2025 Americas Stage 2,https://www.vlr.gg/530903/g2-esports-vs-100-thieves-vct-2025-americas-stage-2-ur1,Sunset,100 Thieves,G2 Esports,G2 Esports,Kess,Cypher,86,5,14,1,53,17%
VCT 2025 Americas Stage 2,https://www.vlr.gg/530903/g2-esports-vs-100-thieves-vct-2025-americas-stage-2-ur1,Haven,G2 Esports,100 Thieves,G2 Esports,jawgemo,Yoru,345,25,9,4,196,17%
VCT 2025 Americas Stage 2,https://www.vlr.gg/530903/g2-esports-vs-100-thieves-vct-2025-americas-stage-2-ur1,Haven,G2 Esports,100 Thieves,G2 Esports,JonahP,Viper,212,15,9,4,120,23%
VCT 2025 Americas Stage 2,https://www.vlr.gg/530903/g2-esports-vs-100-thieves-vct-2025-americas-stage-2-ur1,Haven,G2 Esports,100 Thieves,G2 Esports,BABYBAY,Vyse,238,15,11,7,159,24%
VCT 2025 Americas Stage 2,https://www.vlr.gg/530903/g2-esports-vs-100-thieves-vct-2025-americas-stage-2-ur1,Haven,G2 Esports,100 Thieves,G2 Esports,trent,Fade,176,12,11,5,132,24%
VCT 2025 Americas Stage 2,https://www.vlr.gg/530903/g2-esports-vs-100-thieves-vct-2025-americas-stage-2-ur1,Haven,G2 Esports,100 Thieves,G2 Esports,valyn,Omen,156,10,12,8,110,19%
VCT 2025 Americas Stage 2,https://www.vlr.gg/530903/g2-esports-vs-100-thieves-vct-2025-americas-stage-2-ur1,Haven,100 Thieves,G2 Esports,G2 Esports,eeiu,Sova,256,18,15,1,159,43%
VCT 2025 Americas Stage 2,https://www.vlr.gg/530903/g2-esports-vs-100-thieves-vct-2025-americas-stage-2-ur1,Haven,100 Thieves,G2 Esports,G2 Esports,Kess,Cypher,173,11,16,2,104,40%
VCT 2025 Americas Stage 2,https://www.vlr.gg/530903/g2-esports-vs-100-thieves-vct-2025-americas-stage-2-ur1,Haven,100 Thieves,G2 Esports,G2 Esports,Cryocells,Yoru,170,10,16,6,112,32%
VCT 2025 Americas Stage 2,https://www.vlr.gg/530903/g2-esports-vs-100-thieves-vct-2025-americas-stage-2-ur1,Haven,100 Thieves,G2 Esports,G2 Esports,zander,Omen,146,8,16,10,103,22%
VCT 2025 Americas Stage 2,https://www.vlr.gg/530903/g2-esports-vs-100-thieves-vct-2025-americas-stage-2-ur1,Haven,100 Thieves,G2 Esports,G2 Esports,Asuna,Neon,106,5,14,4,72,10%
VCT 2025 Americas Stage 2,https://www.vlr.gg/530906/sentinels-vs-cloud9-vct-2025-americas-stage-2-ubsf,Corrode,Sentinels,Cloud9,Sentinels,johnqt,Viper,232,18,12,8,147,25%
VCT 2025 Americas Stage 2,https://www.vlr.gg/530906/sentinels-vs-cloud9-vct-2025-americas-stage-2-ubsf,Corrode,Sentinels,Cloud9,Sentinels,zekken,Neon,255,23,15,2,158,30%
VCT 2025 Americas Stage 2,https://www.vlr.gg/530906/sentinels-vs-cloud9-vct-2025-americas-stage-2-ubsf,Corrode,Sentinels,Cloud9,Sentinels,Zellsis,Vyse,228,18,15,9,143,23%
VCT 2025 Americas Stage 2,https://www.vlr.gg/530906/sentinels-vs-cloud9-vct-2025-americas-stage-2-ubsf,Corrode,Sentinels,Cloud9,Sentinels,N4RRATE,Fade,193,15,18,7,107,14%
VCT 2025 Americas Stage 2,https://www.vlr.gg/530906/sentinels-vs-cloud9-vct-2025-americas-stage-2-ubsf,Corrode,Sentinels,Cloud9,Sentinels,bang,Omen,121,9,14,9,74,26%
VCT 2025 Americas Stage 2,https://www.vlr.gg/530906/sentinels-vs-cloud9-vct-2025-americas-stage-2-ubsf,Corrode,Cloud9,Sentinels,Sentinels,mitch,Skye,219,18,14,9,135,21%
VCT 2025 Americas Stage 2,https://www.vlr.gg/530906/sentinels-vs-cloud9-vct-2025-americas-stage-2-ubsf,Corrode,Cloud9,Sentinels,Sentinels,Xeppaa,Vyse,206,16,16,7,139,20%
VCT 2025 Americas Stage 2,https://www.vlr.gg/530906/sentinels-vs-cloud9-vct-2025-americas-stage-2-ubsf,Corrode,Cloud9,Sentinels,Sentinels,v1c,Omen,207,17,17,12,121,28%
VCT 2025 Americas Stage 2,https://www.vlr.gg/530906/sentinels-vs-cloud9-vct-2025-americas-stage-2-ubsf,Corrode,Cloud9,Sentinels,Sentinels,neT,Viper,130,11,17,7,76,17%
VCT 2025 Americas Stage 2,https://www.vlr.gg/530906/sentinels-vs-cloud9-vct-2025-americas-stage-2-ubsf,Corrode,Cloud9,Sentinels,Sentinels,OXY,Raze,186,12,19,6,125,23%
VCT 2025 Americas Stage 2,https://www.vlr.gg/530906/sentinels-vs-cloud9-vct-2025-americas-stage-2-ubsf,Icebox,Sentinels,Cloud9,Cloud9,Zellsis,Killjoy,231,17,15,4,153,25%
VCT 2025 Americas Stage 2,https://www.vlr.gg/530906/sentinels-vs-cloud9-vct-2025-americas-stage-2-ubsf,Icebox,Sentinels,Cloud9,Cloud9,bang,Viper,210,15,16,3,148,30%
VCT 2025 Americas Stage 2,https://www.vlr.gg/530906/sentinels-vs-cloud9-vct-2025-americas-stage-2-ubsf,Icebox,Sentinels,Cloud9,Cloud9,N4RRATE,Sova,122,10,13,4,75,28%
VCT 2025 Americas Stage 2,https://www.vlr.gg/530906/sentinels-vs-cloud9-vct-2025-americas-stage-2-ubsf,Icebox,Sentinels,Cloud9,Cloud9,johnqt,Sage,134,9,15,8,88,31%
VCT 2025 Americas Stage 2,https://www.vlr.gg/530906/sentinels-vs-cloud9-vct-2025-americas-stage-2-ubsf,Icebox,Sentinels,Cloud9,Cloud9,zekken,Jett,146,11,18,2,106,28%
VCT 2025 Americas Stage 2,https://www.vlr.gg/530906/sentinels-vs-cloud9-vct-2025-americas-stage-2-ubsf,Icebox,Cloud9,Sentinels,Cloud9,mitch,Sova,230,18,11,4,151,27%
VCT 2025 Americas Stage 2,https://www.vlr.gg/530906/sentinels-vs-cloud9-vct-2025-americas-stage-2-ubsf,Icebox,Cloud9,Sentinels,Cloud9,Xeppaa,Killjoy,223,18,12,2,159,37%
VCT 2025 Americas Stage 2,https://www.vlr.gg/530906/sentinels-vs-cloud9-vct-2025-americas-stage-2-ubsf,Icebox,Cloud9,Sentinels,Cloud9,neT,Viper,198,16,9,9,127,23%
VCT 2025 Americas Stage 2,https://www.vlr.gg/530906/sentinels-vs-cloud9-vct-2025-americas-stage-2-ubsf,Icebox,Cloud9,Sentinels,Cloud9,v1c,Iso,166,12,13,3,106,34%
VCT 2025 Americas Stage 2,https://www.vlr.gg/530906/sentinels-vs-cloud9-vct-2025-americas-stage-2-ubsf,Icebox,Cloud9,Sentinels,Cloud9,OXY,Raze,168,13,17,3,122,31%
VCT 2025 Americas Stage 2,https://www.vlr.gg/530906/sentinels-vs-cloud9-vct-2025-americas-stage-2-ubsf,Lotus,Sentinels,Cloud9,Sentinels,N4RRATE,Fade,222,21,11,7,148,30%
VCT 2025 Americas Stage 2,https://www.vlr.gg/530906/sentinels-vs-cloud9-vct-2025-americas-stage-2-ubsf,Lotus,Sentinels,Cloud9,Sentinels,zekken,Raze,252,21,12,2,161,21%
VCT 2025 Americas Stage 2,https://www.vlr.gg/530906/sentinels-vs-cloud9-vct-2025-americas-stage-2-ubsf,Lotus,Sentinels,Cloud9,Sentinels,Zellsis,Vyse,224,18,14,13,150,15%
VCT 2025 Americas Stage 2,https://www.vlr.gg/530906/sentinels-vs-cloud9-vct-2025-americas-stage-2-ubsf,Lotus,Sentinels,Cloud9,Sentinels,johnqt,Viper,197,15,14,12,144,46%
VCT 2025 Americas Stage 2,https://www.vlr.gg/530906/sentinels-vs-cloud9-vct-2025-americas-stage-2-ubsf,Lotus,Sentinels,Cloud9,Sentinels,bang,Omen,147,9,20,20,86,29%
VCT 2025 Americas Stage 2,https://www.vlr.gg/530906/sentinels-vs-cloud9-vct-2025-americas-stage-2-ubsf,Lotus,Cloud9,Sentinels,Sentinels,v1c,Omen,203,17,16,15,144,29%
VCT 2025 Americas Stage 2,https://www.vlr.gg/530906/sentinels-vs-cloud9-vct-2025-americas-stage-2-ubsf,Lotus,Cloud9,Sentinels,Sentinels,OXY,Raze,240,18,18,4,167,20%
VCT 2025 Americas Stage 2,https://www.vlr.gg/530906/sentinels-vs-cloud9-vct-2025-americas-stage-2-ubsf,Lotus,Cloud9,Sentinels,Sentinels,neT,Viper,166,16,15,8,107,33%
VCT 2025 Americas Stage 2,https://www.vlr.gg/530906/sentinels-vs-cloud9-vct-2025-americas-stage-2-ubsf,Lotus,Cloud9,Sentinels,Sentinels,Xeppaa,Vyse,166,12,16,12,110,12%
VCT 2025 Americas Stage 2,https://www.vlr.gg/530906/sentinels-vs-cloud9-vct-2025-americas-stage-2-ubsf,Lotus,Cloud9,Sentinels,Sentinels,mitch,Fade,122,8,19,8,83,4%
VCT 2025 Americas Stage 2,https://www.vlr.gg/530907/nrg-vs-g2-esports-vct-2025-americas-stage-2-ubsf,Corrode,NRG,G2 Esports,NRG,s0m,Omen,256,22,13,5,158,49%
VCT 2025 Americas Stage 2,https://www.vlr.gg/530907/nrg-vs-g2-esports-vct-2025-americas-stage-2-ubsf,Corrode,NRG,G2 Esports,NRG,skuba,Viper,258,19,15,12,152,23%
VCT 2025 Americas Stage 2,https://www.vlr.gg/530907/nrg-vs-g2-esports-vct-2025-americas-stage-2-ubsf,Corrode,NRG,G2 Esports,NRG,Ethan,Kayo,207,14,17,16,145,19%
VCT 2025 Americas Stage 2,https://www.vlr.gg/530907/nrg-vs-g2-esports-vct-2025-americas-stage-2-ubsf,Corrode,NRG,G2 Esports,NRG,mada,Waylay,203,17,16,1,151,18%
VCT 2025 Americas Stage 2,https://www.vlr.gg/530907/nrg-vs-g2-esports-vct-2025-americas-stage-2-ubsf,Corrode,NRG,G2 Esports,NRG,brawk,Sova,137,10,15,2,93,11%
VCT 2025 Americas Stage 2,https://www.vlr.gg/530907/nrg-vs-g2-esports-vct-2025-americas-stage-2-ubsf,Corrode,G2 Esports,NRG,NRG,BABYBAY,Viper,196,16,12,5,131,24%
VCT 2025 Americas Stage 2,https://www.vlr.gg/530907/nrg-vs-g2-esports-vct-2025-americas-stage-2-ubsf,Corrode,G2 Esports,NRG,NRG,valyn,Omen,262,22,20,6,153,28%
VCT 2025 Americas Stage 2,https://www.vlr.gg/530907/nrg-vs-g2-esports-vct-2025-americas-stage-2-ubsf,Corrode,G2 Esports,NRG,NRG,JonahP,Sage,142,12,15,12,88,21%
VCT 2025 Americas Stage 2,https://www.vlr.gg/530907/nrg-vs-g2-esports-vct-2025-americas-stage-2-ubsf,Corrode,G2 Esports,NRG,NRG,jawgemo,Waylay,214,18,18,4,132,27%
VCT 2025 Americas Stage 2,https://www.vlr.gg/530907/nrg-vs-g2-esports-vct-2025-americas-stage-2-ubsf,Corrode,G2 Esports,NRG,NRG,trent,Fade,104,8,17,6,76,31%
VCT 2025 Americas Stage 2,https://www.vlr.gg/530907/nrg-vs-g2-esports-vct-2025-americas-stage-2-ubsf,Sunset,NRG,G2 Esports,G2 Esports,mada,Neon,306,26,18,5,192,33%
VCT 2025 Americas Stage 2,https://www.vlr.gg/530907/nrg-vs-g2-esports-vct-2025-americas-stage-2-ubsf,Sunset,NRG,G2 Esports,G2 Esports,s0m,Omen,259,22,18,8,166,32%
VCT 2025 Americas Stage 2,https://www.vlr.gg/530907/nrg-vs-g2-esports-vct-2025-americas-stage-2-ubsf,Sunset,NRG,G2 Esports,G2 Esports,Ethan,Breach,198,15,15,10,134,35%
VCT 2025 Americas Stage 2,https://www.vlr.gg/530907/nrg-vs-g2-esports-vct-2025-americas-stage-2-ubsf,Sunset,NRG,G2 Esports,G2 Esports,brawk,Sova,116,10,17,8,83,17%
VCT 2025 Americas Stage 2,https://www.vlr.gg/530907/nrg-vs-g2-esports-vct-2025-americas-stage-2-ubsf,Sunset,NRG,G2 Esports,G2 Esports,skuba,Cypher,126,10,17,8,88,21%
VCT 2025 Americas Stage 2,https://www.vlr.gg/530907/nrg-vs-g2-esports-vct-2025-americas-stage-2-ubsf,Sunset,G2 Esports,NRG,G2 Esports,JonahP,Sage,214,19,13,8,132,43%
VCT 2025 Americas Stage 2,https://www.vlr.gg/530907/nrg-vs-g2-esports-vct-2025-americas-stage-2-ubsf,Sunset,G2 Esports,NRG,G2 Esports,BABYBAY,Chamber,262,23,18,5,161,23%
VCT 2025 Americas Stage 2,https://www.vlr.gg/530907/nrg-vs-g2-esports-vct-2025-americas-stage-2-ubsf,Sunset,G2 Esports,NRG,G2 Esports,valyn,Omen,200,17,15,12,135,32%
VCT 2025 Americas Stage 2,https://www.vlr.gg/530907/nrg-vs-g2-esports-vct-2025-americas-stage-2-ubsf,Sunset,G2 Esports,NRG,G2 Esports,jawgemo,Neon,174,16,19,4,112,21%
VCT 2025 Americas Stage 2,https://www.vlr.gg/530907/nrg-vs-g2-esports-vct-2025-americas-stage-2-ubsf,Sunset,G2 Esports,NRG,G2 Esports,trent,Fade,115,10,18,2,78,18%
VCT 2025 Americas Stage 2,https://www.vlr.gg/530907/nrg-vs-g2-esports-vct-2025-americas-stage-2-ubsf,Bind,NRG,G2 Esports,G2 Esports,s0m,Brimstone,259,19,13,5,163,37%
VCT 2025 Americas Stage 2,https://www.vlr.gg/530907/nrg-vs-g2-esports-vct-2025-americas-stage-2-ubsf,Bind,NRG,G2 Esports,G2 Esports,mada,Raze,203,12,18,2,142,19%
VCT 2025 Americas Stage 2,https://www.vlr.gg/530907/nrg-vs-g2-esports-vct-2025-americas-stage-2-ubsf,Bind,NRG,G2 Esports,G2 Esports,skuba,Viper,158,12,16,3,102,13%
VCT 2025 Americas Stage 2,https://www.vlr.gg/530907/nrg-vs-g2-esports-vct-2025-americas-stage-2-ubsf,Bind,NRG,G2 Esports,G2 Esports,Ethan,Kayo,119,8,16,10,68,14%
VCT 2025 Americas Stage 2,https://www.vlr.gg/530907/nrg-vs-g2-esports-vct-2025-americas-stage-2-ubsf,Bind,NRG,G2 Esports,G2 Esports,brawk,Fade,98,7,16,4,73,21%
VCT 2025 Americas Stage 2,https://www.vlr.gg/530907/nrg-vs-g2-esports-vct-2025-americas-stage-2-ubsf,Bind,G2 Esports,NRG,G2 Esports,JonahP,Fade,253,19,12,6,168,29%
VCT 2025 Americas Stage 2,https://www.vlr.gg/530907/nrg-vs-g2-esports-vct-2025-americas-stage-2-ubsf,Bind,G2 Esports,NRG,G2 Esports,valyn,Brimstone,259,20,13,6,171,31%
VCT 2025 Americas Stage 2,https://www.vlr.gg/530907/nrg-vs-g2-esports-vct-2025-americas-stage-2-ubsf,Bind,G2 Esports,NRG,G2 Esports,trent,Tejo,195,14,11,8,126,13%
VCT 2025 Americas Stage 2,https://www.vlr.gg/530907/nrg-vs-g2-esports-vct-2025-americas-stage-2-ubsf,Bind,G2 Esports,NRG,G2 Esports,BABYBAY,Deadlock,165,12,10,2,100,22%
VCT 2025 Americas Stage 2,https://www.vlr.gg/530907/nrg-vs-g2-esports-vct-2025-americas-stage-2-ubsf,Bind,G2 Esports,NRG,G2 Esports,jawgemo,Yoru,196,14,12,3,138,21%
VCT 2025 Americas Stage 2,https://www.vlr.gg/530904/leviat-n-vs-kr-esports-vct-2025-americas-stage-2-lr1,Lotus,LEVIATÁN,"VISA KRÜ						
							(KRÜ Esports)",LEVIATÁN,C0M,Fade,224,20,14,6,150,24%
VCT 2025 Americas Stage 2,https://www.vlr.gg/530904/leviat-n-vs-kr-esports-vct-2025-americas-stage-2-lr1,Lotus,LEVIATÁN,"VISA KRÜ						
							(KRÜ Esports)",LEVIATÁN,Okeanos,Omen,197,19,15,12,129,40%
VCT 2025 Americas Stage 2,https://www.vlr.gg/530904/leviat-n-vs-kr-esports-vct-2025-americas-stage-2-lr1,Lotus,LEVIATÁN,"VISA KRÜ						
							(KRÜ Esports)",LEVIATÁN,kiNgg,Viper,193,16,13,5,126,25%
VCT 2025 Americas Stage 2,https://www.vlr.gg/530904/leviat-n-vs-kr-esports-vct-2025-americas-stage-2-lr1,Lotus,LEVIATÁN,"VISA KRÜ						
							(KRÜ Esports)",LEVIATÁN,Sato,Raze,271,24,21,4,182,37%
VCT 2025 Americas Stage 2,https://www.vlr.gg/530904/leviat-n-vs-kr-esports-vct-2025-americas-stage-2-lr1,Lotus,LEVIATÁN,"VISA KRÜ						
							(KRÜ Esports)",LEVIATÁN,tex,Vyse,110,10,19,1,73,24%
VCT 2025 Americas Stage 2,https://www.vlr.gg/530904/leviat-n-vs-kr-esports-vct-2025-americas-stage-2-lr1,Lotus,"VISA KRÜ						
							(KRÜ Esports)",LEVIATÁN,LEVIATÁN,Mazino,Fade,264,22,16,8,174,36%
VCT 2025 Americas Stage 2,https://www.vlr.gg/530904/leviat-n-vs-kr-esports-vct-2025-americas-stage-2-lr1,Lotus,"VISA KRÜ						
							(KRÜ Esports)",LEVIATÁN,LEVIATÁN,Dantedeu5,Yoru,225,20,18,3,139,38%
VCT 2025 Americas Stage 2,https://www.vlr.gg/530904/leviat-n-vs-kr-esports-vct-2025-americas-stage-2-lr1,Lotus,"VISA KRÜ						
							(KRÜ Esports)",LEVIATÁN,LEVIATÁN,Shyy,Viper,166,15,16,5,107,39%
VCT 2025 Americas Stage 2,https://www.vlr.gg/530904/leviat-n-vs-kr-esports-vct-2025-americas-stage-2-lr1,Lotus,"VISA KRÜ						
							(KRÜ Esports)",LEVIATÁN,LEVIATÁN,keznit,Raze,204,17,20,4,135,19%
VCT 2025 Americas Stage 2,https://www.vlr.gg/530904/leviat-n-vs-kr-esports-vct-2025-americas-stage-2-lr1,Lotus,"VISA KRÜ						
							(KRÜ Esports)",LEVIATÁN,LEVIATÁN,Melser,Omen,77,8,19,7,49,22%
VCT 2025 Americas Stage 2,https://www.vlr.gg/530904/leviat-n-vs-kr-esports-vct-2025-americas-stage-2-lr1,Sunset,LEVIATÁN,"VISA KRÜ						
							(KRÜ Esports)","VISA KRÜ						
							(KRÜ Esports)",Okeanos,Kayo,242,15,16,11,175,40%
VCT 2025 Americas Stage 2,https://www.vlr.gg/530904/leviat-n-vs-kr-esports-vct-2025-americas-stage-2-lr1,Sunset,LEVIATÁN,"VISA KRÜ						
							(KRÜ Esports)","VISA KRÜ						
							(KRÜ Esports)",kiNgg,Omen,230,16,14,8,133,30%
VCT 2025 Americas Stage 2,https://www.vlr.gg/530904/leviat-n-vs-kr-esports-vct-2025-americas-stage-2-lr1,Sunset,LEVIATÁN,"VISA KRÜ						
							(KRÜ Esports)","VISA KRÜ						
							(KRÜ Esports)",tex,Vyse,171,12,14,5,110,28%
VCT 2025 Americas Stage 2,https://www.vlr.gg/530904/leviat-n-vs-kr-esports-vct-2025-americas-stage-2-lr1,Sunset,LEVIATÁN,"VISA KRÜ						
							(KRÜ Esports)","VISA KRÜ						
							(KRÜ Esports)",C0M,Sova,157,9,14,4,95,18%
VCT 2025 Americas Stage 2,https://www.vlr.gg/530904/leviat-n-vs-kr-esports-vct-2025-americas-stage-2-lr1,Sunset,LEVIATÁN,"VISA KRÜ						
							(KRÜ Esports)","VISA KRÜ						
							(KRÜ Esports)",Sato,Neon,175,11,16,5,115,21%
VCT 2025 Americas Stage 2,https://www.vlr.gg/530904/leviat-n-vs-kr-esports-vct-2025-americas-stage-2-lr1,Sunset,"VISA KRÜ						
							(KRÜ Esports)",LEVIATÁN,"VISA KRÜ						
							(KRÜ Esports)",keznit,Yoru,298,21,12,2,181,17%
VCT 2025 Americas Stage 2,https://www.vlr.gg/530904/leviat-n-vs-kr-esports-vct-2025-americas-stage-2-lr1,Sunset,"VISA KRÜ						
							(KRÜ Esports)",LEVIATÁN,"VISA KRÜ						
							(KRÜ Esports)",Shyy,Cypher,209,14,13,5,152,29%
VCT 2025 Americas Stage 2,https://www.vlr.gg/530904/leviat-n-vs-kr-esports-vct-2025-americas-stage-2-lr1,Sunset,"VISA KRÜ						
							(KRÜ Esports)",LEVIATÁN,"VISA KRÜ						
							(KRÜ Esports)",Mazino,Sova,221,16,12,4,139,20%
VCT 2025 Americas Stage 2,https://www.vlr.gg/530904/leviat-n-vs-kr-esports-vct-2025-americas-stage-2-lr1,Sunset,"VISA KRÜ						
							(KRÜ Esports)",LEVIATÁN,"VISA KRÜ						
							(KRÜ Esports)",Melser,Omen,159,12,12,8,108,20%
VCT 2025 Americas Stage 2,https://www.vlr.gg/530904/leviat-n-vs-kr-esports-vct-2025-americas-stage-2-lr1,Sunset,"VISA KRÜ						
							(KRÜ Esports)",LEVIATÁN,"VISA KRÜ						
							(KRÜ Esports)",Dantedeu5,Neon,184,11,14,7,132,19%
VCT 2025 Americas Stage 2,https://www.vlr.gg/530904/leviat-n-vs-kr-esports-vct-2025-americas-stage-2-lr1,Haven,LEVIATÁN,"VISA KRÜ						
							(KRÜ Esports)",LEVIATÁN,kiNgg,Omen,209,19,9,4,127,22%
VCT 2025 Americas Stage 2,https://www.vlr.gg/530904/leviat-n-vs-kr-esports-vct-2025-americas-stage-2-lr1,Haven,LEVIATÁN,"VISA KRÜ						
							(KRÜ Esports)",LEVIATÁN,Sato,Yoru,242,18,13,6,177,36%
VCT 2025 Americas Stage 2,https://www.vlr.gg/530904/leviat-n-vs-kr-esports-vct-2025-americas-stage-2-lr1,Haven,LEVIATÁN,"VISA KRÜ						
							(KRÜ Esports)",LEVIATÁN,C0M,Sova,206,16,11,8,131,29%
VCT 2025 Americas Stage 2,https://www.vlr.gg/530904/leviat-n-vs-kr-esports-vct-2025-americas-stage-2-lr1,Haven,LEVIATÁN,"VISA KRÜ						
							(KRÜ Esports)",LEVIATÁN,tex,Cypher,209,14,15,6,135,29%
VCT 2025 Americas Stage 2,https://www.vlr.gg/530904/leviat-n-vs-kr-esports-vct-2025-americas-stage-2-lr1,Haven,LEVIATÁN,"VISA KRÜ						
							(KRÜ Esports)",LEVIATÁN,Okeanos,Neon,166,11,17,5,111,18%
VCT 2025 Americas Stage 2,https://www.vlr.gg/530904/leviat-n-vs-kr-esports-vct-2025-americas-stage-2-lr1,Haven,"VISA KRÜ						
							(KRÜ Esports)",LEVIATÁN,LEVIATÁN,Melser,Omen,194,17,13,6,114,31%
VCT 2025 Americas Stage 2,https://www.vlr.gg/530904/leviat-n-vs-kr-esports-vct-2025-americas-stage-2-lr1,Haven,"VISA KRÜ						
							(KRÜ Esports)",LEVIATÁN,LEVIATÁN,Shyy,Cypher,235,14,18,10,164,23%
VCT 2025 Americas Stage 2,https://www.vlr.gg/530904/leviat-n-vs-kr-esports-vct-2025-americas-stage-2-lr1,Haven,"VISA KRÜ						
							(KRÜ Esports)",LEVIATÁN,LEVIATÁN,Mazino,Sova,187,13,16,5,135,19%
VCT 2025 Americas Stage 2,https://www.vlr.gg/530904/leviat-n-vs-kr-esports-vct-2025-americas-stage-2-lr1,Haven,"VISA KRÜ						
							(KRÜ Esports)",LEVIATÁN,LEVIATÁN,Dantedeu5,Yoru,147,11,15,6,90,32%
VCT 2025 Americas Stage 2,https://www.vlr.gg/530904/leviat-n-vs-kr-esports-vct-2025-americas-stage-2-lr1,Haven,"VISA KRÜ						
							(KRÜ Esports)",LEVIATÁN,LEVIATÁN,keznit,Iso,145,10,16,4,104,26%
VCT 2025 Americas Stage 2,https://www.vlr.gg/530905/100-thieves-vs-evil-geniuses-vct-2025-americas-stage-2-lr1,Bind,100 Thieves,Evil Geniuses,100 Thieves,Asuna,Raze,304,20,5,4,201,11%
VCT 2025 Americas Stage 2,https://www.vlr.gg/530905/100-thieves-vs-evil-geniuses-vct-2025-americas-stage-2-lr1,Bind,100 Thieves,Evil Geniuses,100 Thieves,Cryocells,Yoru,218,15,8,4,128,16%
VCT 2025 Americas Stage 2,https://www.vlr.gg/530905/100-thieves-vs-evil-geniuses-vct-2025-americas-stage-2-lr1,Bind,100 Thieves,Evil Geniuses,100 Thieves,Kess,Brimstone,260,15,12,8,151,24%
VCT 2025 Americas Stage 2,https://www.vlr.gg/530905/100-thieves-vs-evil-geniuses-vct-2025-americas-stage-2-lr1,Bind,100 Thieves,Evil Geniuses,100 Thieves,eeiu,Fade,149,10,7,11,90,26%
VCT 2025 Americas Stage 2,https://www.vlr.gg/530905/100-thieves-vs-evil-geniuses-vct-2025-americas-stage-2-lr1,Bind,100 Thieves,Evil Geniuses,100 Thieves,zander,Viper,176,10,10,4,126,36%
VCT 2025 Americas Stage 2,https://www.vlr.gg/530905/100-thieves-vs-evil-geniuses-vct-2025-americas-stage-2-lr1,Bind,Evil Geniuses,100 Thieves,100 Thieves,icy,Raze,196,10,15,4,136,26%
VCT 2025 Americas Stage 2,https://www.vlr.gg/530905/100-thieves-vs-evil-geniuses-vct-2025-americas-stage-2-lr1,Bind,Evil Geniuses,100 Thieves,100 Thieves,yay,Brimstone,188,11,13,7,120,30%
VCT 2025 Americas Stage 2,https://www.vlr.gg/530905/100-thieves-vs-evil-geniuses-vct-2025-americas-stage-2-lr1,Bind,Evil Geniuses,100 Thieves,100 Thieves,NaturE,Fade,174,11,13,4,105,15%
VCT 2025 Americas Stage 2,https://www.vlr.gg/530905/100-thieves-vs-evil-geniuses-vct-2025-americas-stage-2-lr1,Bind,Evil Geniuses,100 Thieves,100 Thieves,Derrek,Gekko,106,6,15,4,78,31%
VCT 2025 Americas Stage 2,https://www.vlr.gg/530905/100-thieves-vs-evil-geniuses-vct-2025-americas-stage-2-lr1,Bind,Evil Geniuses,100 Thieves,100 Thieves,supamen,Viper,82,4,14,2,63,22%
VCT 2025 Americas Stage 2,https://www.vlr.gg/530905/100-thieves-vs-evil-geniuses-vct-2025-americas-stage-2-lr1,Corrode,100 Thieves,Evil Geniuses,100 Thieves,eeiu,Sova,266,26,16,6,161,26%
VCT 2025 Americas Stage 2,https://www.vlr.gg/530905/100-thieves-vs-evil-geniuses-vct-2025-americas-stage-2-lr1,Corrode,100 Thieves,Evil Geniuses,100 Thieves,Cryocells,Chamber,263,24,17,5,167,38%
VCT 2025 Americas Stage 2,https://www.vlr.gg/530905/100-thieves-vs-evil-geniuses-vct-2025-americas-stage-2-lr1,Corrode,100 Thieves,Evil Geniuses,100 Thieves,zander,Omen,243,23,16,16,156,33%
VCT 2025 Americas Stage 2,https://www.vlr.gg/530905/100-thieves-vs-evil-geniuses-vct-2025-americas-stage-2-lr1,Corrode,100 Thieves,Evil Geniuses,100 Thieves,Kess,Fade,177,14,18,12,119,15%
VCT 2025 Americas Stage 2,https://www.vlr.gg/530905/100-thieves-vs-evil-geniuses-vct-2025-americas-stage-2-lr1,Corrode,100 Thieves,Evil Geniuses,100 Thieves,Asuna,Yoru,140,11,19,9,97,22%
VCT 2025 Americas Stage 2,https://www.vlr.gg/530905/100-thieves-vs-evil-geniuses-vct-2025-americas-stage-2-lr1,Corrode,Evil Geniuses,100 Thieves,100 Thieves,icy,Neon,237,22,19,4,160,26%
VCT 2025 Americas Stage 2,https://www.vlr.gg/530905/100-thieves-vs-evil-geniuses-vct-2025-americas-stage-2-lr1,Corrode,Evil Geniuses,100 Thieves,100 Thieves,yay,Chamber,194,20,20,1,121,43%
VCT 2025 Americas Stage 2,https://www.vlr.gg/530905/100-thieves-vs-evil-geniuses-vct-2025-americas-stage-2-lr1,Corrode,Evil Geniuses,100 Thieves,100 Thieves,Derrek,Omen,200,18,21,8,129,39%
VCT 2025 Americas Stage 2,https://www.vlr.gg/530905/100-thieves-vs-evil-geniuses-vct-2025-americas-stage-2-lr1,Corrode,Evil Geniuses,100 Thieves,100 Thieves,supamen,Viper,197,15,20,7,130,35%
VCT 2025 Americas Stage 2,https://www.vlr.gg/530905/100-thieves-vs-evil-geniuses-vct-2025-americas-stage-2-lr1,Corrode,Evil Geniuses,100 Thieves,100 Thieves,NaturE,Sova,125,11,18,8,86,19%
VCT 2025 Americas Stage 2,https://www.vlr.gg/530908/nrg-vs-leviat-n-vct-2025-americas-stage-2-lr2,Ascent,NRG,LEVIATÁN,NRG,brawk,Sova,306,16,7,5,240,28%
VCT 2025 Americas Stage 2,https://www.vlr.gg/530908/nrg-vs-leviat-n-vct-2025-americas-stage-2-lr2,Ascent,NRG,LEVIATÁN,NRG,mada,Jett,243,14,7,1,150,23%
VCT 2025 Americas Stage 2,https://www.vlr.gg/530908/nrg-vs-leviat-n-vct-2025-americas-stage-2-lr2,Ascent,NRG,LEVIATÁN,NRG,Ethan,Kayo,214,13,7,5,134,25%
VCT 2025 Americas Stage 2,https://www.vlr.gg/530908/nrg-vs-leviat-n-vct-2025-americas-stage-2-lr2,Ascent,NRG,LEVIATÁN,NRG,s0m,Omen,234,15,8,1,132,15%
VCT 2025 Americas Stage 2,https://www.vlr.gg/530908/nrg-vs-leviat-n-vct-2025-americas-stage-2-lr2,Ascent,NRG,LEVIATÁN,NRG,skuba,Vyse,169,9,7,4,135,23%
VCT 2025 Americas Stage 2,https://www.vlr.gg/530908/nrg-vs-leviat-n-vct-2025-americas-stage-2-lr2,Ascent,LEVIATÁN,NRG,NRG,Okeanos,Omen,226,12,13,4,151,44%
VCT 2025 Americas Stage 2,https://www.vlr.gg/530908/nrg-vs-leviat-n-vct-2025-americas-stage-2-lr2,Ascent,LEVIATÁN,NRG,NRG,tex,Chamber,117,7,13,0,81,36%
VCT 2025 Americas Stage 2,https://www.vlr.gg/530908/nrg-vs-leviat-n-vct-2025-americas-stage-2-lr2,Ascent,LEVIATÁN,NRG,NRG,Sato,Yoru,189,9,14,2,120,35%
VCT 2025 Americas Stage 2,https://www.vlr.gg/530908/nrg-vs-leviat-n-vct-2025-americas-stage-2-lr2,Ascent,LEVIATÁN,NRG,NRG,C0M,Sova,119,5,14,5,77,13%
VCT 2025 Americas Stage 2,https://www.vlr.gg/530908/nrg-vs-leviat-n-vct-2025-americas-stage-2-lr2,Ascent,LEVIATÁN,NRG,NRG,kiNgg,Vyse,81,3,13,3,58,26%
VCT 2025 Americas Stage 2,https://www.vlr.gg/530908/nrg-vs-leviat-n-vct-2025-americas-stage-2-lr2,Icebox,NRG,LEVIATÁN,NRG,Ethan,Harbor,255,14,5,11,159,13%
VCT 2025 Americas Stage 2,https://www.vlr.gg/530908/nrg-vs-leviat-n-vct-2025-americas-stage-2-lr2,Icebox,NRG,LEVIATÁN,NRG,brawk,Sova,303,17,6,9,203,16%
VCT 2025 Americas Stage 2,https://www.vlr.gg/530908/nrg-vs-leviat-n-vct-2025-americas-stage-2-lr2,Icebox,NRG,LEVIATÁN,NRG,mada,Jett,226,15,6,0,140,20%
VCT 2025 Americas Stage 2,https://www.vlr.gg/530908/nrg-vs-leviat-n-vct-2025-americas-stage-2-lr2,Icebox,NRG,LEVIATÁN,NRG,s0m,Killjoy,244,14,8,3,158,26%
VCT 2025 Americas Stage 2,https://www.vlr.gg/530908/nrg-vs-leviat-n-vct-2025-americas-stage-2-lr2,Icebox,NRG,LEVIATÁN,NRG,skuba,Viper,237,13,11,7,154,17%
VCT 2025 Americas Stage 2,https://www.vlr.gg/530908/nrg-vs-leviat-n-vct-2025-americas-stage-2-lr2,Icebox,LEVIATÁN,NRG,NRG,kiNgg,Viper,173,8,14,1,133,29%
VCT 2025 Americas Stage 2,https://www.vlr.gg/530908/nrg-vs-leviat-n-vct-2025-americas-stage-2-lr2,Icebox,LEVIATÁN,NRG,NRG,C0M,Sova,158,8,14,1,107,57%
VCT 2025 Americas Stage 2,https://www.vlr.gg/530908/nrg-vs-leviat-n-vct-2025-americas-stage-2-lr2,Icebox,LEVIATÁN,NRG,NRG,Okeanos,Harbor,149,8,15,3,91,64%
VCT 2025 Americas Stage 2,https://www.vlr.gg/530908/nrg-vs-leviat-n-vct-2025-americas-stage-2-lr2,Icebox,LEVIATÁN,NRG,NRG,Sato,Jett,140,7,15,1,81,38%
VCT 2025 Americas Stage 2,https://www.vlr.gg/530908/nrg-vs-leviat-n-vct-2025-americas-stage-2-lr2,Icebox,LEVIATÁN,NRG,NRG,tex,Killjoy,103,5,15,2,69,22%
VCT 2025 Americas Stage 2,https://www.vlr.gg/530909/cloud9-vs-100-thieves-vct-2025-americas-stage-2-lr2,Haven,Cloud9,100 Thieves,Cloud9,OXY,Jett,229,19,14,1,123,27%
VCT 2025 Americas Stage 2,https://www.vlr.gg/530909/cloud9-vs-100-thieves-vct-2025-americas-stage-2-lr2,Haven,Cloud9,100 Thieves,Cloud9,v1c,Omen,197,15,14,12,131,24%
VCT 2025 Americas Stage 2,https://www.vlr.gg/530909/cloud9-vs-100-thieves-vct-2025-americas-stage-2-lr2,Haven,Cloud9,100 Thieves,Cloud9,mitch,Skye,224,17,15,10,147,16%
VCT 2025 Americas Stage 2,https://www.vlr.gg/530909/cloud9-vs-100-thieves-vct-2025-americas-stage-2-lr2,Haven,Cloud9,100 Thieves,Cloud9,Xeppaa,Killjoy,243,18,17,5,156,18%
VCT 2025 Americas Stage 2,https://www.vlr.gg/530909/cloud9-vs-100-thieves-vct-2025-americas-stage-2-lr2,Haven,Cloud9,100 Thieves,Cloud9,neT,Viper,103,7,15,7,77,18%
VCT 2025 Americas Stage 2,https://www.vlr.gg/530909/cloud9-vs-100-thieves-vct-2025-americas-stage-2-lr2,Haven,100 Thieves,Cloud9,Cloud9,eeiu,Sova,267,20,15,7,199,49%
VCT 2025 Americas Stage 2,https://www.vlr.gg/530909/cloud9-vs-100-thieves-vct-2025-americas-stage-2-lr2,Haven,100 Thieves,Cloud9,Cloud9,zander,Omen,213,16,15,10,128,24%
VCT 2025 Americas Stage 2,https://www.vlr.gg/530909/cloud9-vs-100-thieves-vct-2025-americas-stage-2-lr2,Haven,100 Thieves,Cloud9,Cloud9,Cryocells,Yoru,198,14,14,9,138,32%
VCT 2025 Americas Stage 2,https://www.vlr.gg/530909/cloud9-vs-100-thieves-vct-2025-americas-stage-2-lr2,Haven,100 Thieves,Cloud9,Cloud9,Asuna,Neon,172,14,14,1,101,31%
VCT 2025 Americas Stage 2,https://www.vlr.gg/530909/cloud9-vs-100-thieves-vct-2025-americas-stage-2-lr2,Haven,100 Thieves,Cloud9,Cloud9,Kess,Cypher,122,11,18,2,83,28%
VCT 2025 Americas Stage 2,https://www.vlr.gg/530909/cloud9-vs-100-thieves-vct-2025-americas-stage-2-lr2,Icebox,Cloud9,100 Thieves,Cloud9,OXY,Raze,293,27,18,3,199,27%
VCT 2025 Americas Stage 2,https://www.vlr.gg/530909/cloud9-vs-100-thieves-vct-2025-americas-stage-2-lr2,Icebox,Cloud9,100 Thieves,Cloud9,neT,Viper,256,22,21,8,159,36%
VCT 2025 Americas Stage 2,https://www.vlr.gg/530909/cloud9-vs-100-thieves-vct-2025-americas-stage-2-lr2,Icebox,Cloud9,100 Thieves,Cloud9,v1c,Iso,223,21,19,4,153,25%
VCT 2025 Americas Stage 2,https://www.vlr.gg/530909/cloud9-vs-100-thieves-vct-2025-americas-stage-2-lr2,Icebox,Cloud9,100 Thieves,Cloud9,mitch,Sova,155,14,18,6,112,33%
VCT 2025 Americas Stage 2,https://www.vlr.gg/530909/cloud9-vs-100-thieves-vct-2025-americas-stage-2-lr2,Icebox,Cloud9,100 Thieves,Cloud9,Xeppaa,Killjoy,142,11,20,6,122,23%
VCT 2025 Americas Stage 2,https://www.vlr.gg/530909/cloud9-vs-100-thieves-vct-2025-americas-stage-2-lr2,Icebox,100 Thieves,Cloud9,Cloud9,Cryocells,Jett,362,35,20,2,229,44%
VCT 2025 Americas Stage 2,https://www.vlr.gg/530909/cloud9-vs-100-thieves-vct-2025-americas-stage-2-lr2,Icebox,100 Thieves,Cloud9,Cloud9,eeiu,Sova,185,15,18,13,119,33%
VCT 2025 Americas Stage 2,https://www.vlr.gg/530909/cloud9-vs-100-thieves-vct-2025-americas-stage-2-lr2,Icebox,100 Thieves,Cloud9,Cloud9,Asuna,Sage,140,13,16,11,101,24%
VCT 2025 Americas Stage 2,https://www.vlr.gg/530909/cloud9-vs-100-thieves-vct-2025-americas-stage-2-lr2,Icebox,100 Thieves,Cloud9,Cloud9,zander,Viper,201,19,21,2,133,33%
VCT 2025 Americas Stage 2,https://www.vlr.gg/530909/cloud9-vs-100-thieves-vct-2025-americas-stage-2-lr2,Icebox,100 Thieves,Cloud9,Cloud9,Kess,Killjoy,169,13,20,9,130,19%
VCT 2025 Americas Stage 2,https://www.vlr.gg/530910/sentinels-vs-g2-esports-vct-2025-americas-stage-2-ubf,Bind,Sentinels,G2 Esports,G2 Esports,bang,Viper,230,17,14,4,141,40%
VCT 2025 Americas Stage 2,https://www.vlr.gg/530910/sentinels-vs-g2-esports-vct-2025-americas-stage-2-ubf,Bind,Sentinels,G2 Esports,G2 Esports,zekken,Raze,210,13,17,4,144,19%
VCT 2025 Americas Stage 2,https://www.vlr.gg/530910/sentinels-vs-g2-esports-vct-2025-americas-stage-2-ubf,Bind,Sentinels,G2 Esports,G2 Esports,Zellsis,Brimstone,135,10,15,7,88,16%
VCT 2025 Americas Stage 2,https://www.vlr.gg/530910/sentinels-vs-g2-esports-vct-2025-americas-stage-2-ubf,Bind,Sentinels,G2 Esports,G2 Esports,N4RRATE,Yoru,202,14,16,3,115,26%
VCT 2025 Americas Stage 2,https://www.vlr.gg/530910/sentinels-vs-g2-esports-vct-2025-americas-stage-2-ubf,Bind,Sentinels,G2 Esports,G2 Esports,johnqt,Fade,122,8,12,10,71,14%
VCT 2025 Americas Stage 2,https://www.vlr.gg/530910/sentinels-vs-g2-esports-vct-2025-americas-stage-2-ubf,Bind,G2 Esports,Sentinels,G2 Esports,valyn,Brimstone,195,15,11,7,131,30%
VCT 2025 Americas Stage 2,https://www.vlr.gg/530910/sentinels-vs-g2-esports-vct-2025-americas-stage-2-ubf,Bind,G2 Esports,Sentinels,G2 Esports,JonahP,Fade,186,14,9,10,107,29%
VCT 2025 Americas Stage 2,https://www.vlr.gg/530910/sentinels-vs-g2-esports-vct-2025-americas-stage-2-ubf,Bind,G2 Esports,Sentinels,G2 Esports,leaf,Deadlock,243,16,14,8,162,30%
VCT 2025 Americas Stage 2,https://www.vlr.gg/530910/sentinels-vs-g2-esports-vct-2025-americas-stage-2-ubf,Bind,G2 Esports,Sentinels,G2 Esports,jawgemo,Yoru,227,18,14,5,132,19%
VCT 2025 Americas Stage 2,https://www.vlr.gg/530910/sentinels-vs-g2-esports-vct-2025-americas-stage-2-ubf,Bind,G2 Esports,Sentinels,G2 Esports,trent,Tejo,144,11,14,6,97,24%
VCT 2025 Americas Stage 2,https://www.vlr.gg/530910/sentinels-vs-g2-esports-vct-2025-americas-stage-2-ubf,Sunset,Sentinels,G2 Esports,G2 Esports,johnqt,Cypher,236,20,16,4,163,35%
VCT 2025 Americas Stage 2,https://www.vlr.gg/530910/sentinels-vs-g2-esports-vct-2025-americas-stage-2-ubf,Sunset,Sentinels,G2 Esports,G2 Esports,Zellsis,Breach,253,18,16,14,169,27%
VCT 2025 Americas Stage 2,https://www.vlr.gg/530910/sentinels-vs-g2-esports-vct-2025-americas-stage-2-ubf,Sunset,Sentinels,G2 Esports,G2 Esports,bang,Omen,185,15,14,6,122,39%
VCT 2025 Americas Stage 2,https://www.vlr.gg/530910/sentinels-vs-g2-esports-vct-2025-americas-stage-2-ubf,Sunset,Sentinels,G2 Esports,G2 Esports,N4RRATE,Fade,230,16,18,10,146,14%
VCT 2025 Americas Stage 2,https://www.vlr.gg/530910/sentinels-vs-g2-esports-vct-2025-americas-stage-2-ubf,Sunset,Sentinels,G2 Esports,G2 Esports,zekken,Neon,178,12,19,10,122,21%
VCT 2025 Americas Stage 2,https://www.vlr.gg/530910/sentinels-vs-g2-esports-vct-2025-americas-stage-2-ubf,Sunset,G2 Esports,Sentinels,G2 Esports,leaf,Chamber,239,19,15,3,159,19%
VCT 2025 Americas Stage 2,https://www.vlr.gg/530910/sentinels-vs-g2-esports-vct-2025-americas-stage-2-ubf,Sunset,G2 Esports,Sentinels,G2 Esports,trent,Fade,222,15,15,16,150,35%
VCT 2025 Americas Stage 2,https://www.vlr.gg/530910/sentinels-vs-g2-esports-vct-2025-americas-stage-2-ubf,Sunset,G2 Esports,Sentinels,G2 Esports,JonahP,Sage,195,16,15,4,126,22%
VCT 2025 Americas Stage 2,https://www.vlr.gg/530910/sentinels-vs-g2-esports-vct-2025-americas-stage-2-ubf,Sunset,G2 Esports,Sentinels,G2 Esports,jawgemo,Neon,254,20,18,2,143,15%
VCT 2025 Americas Stage 2,https://www.vlr.gg/530910/sentinels-vs-g2-esports-vct-2025-americas-stage-2-ubf,Sunset,G2 Esports,Sentinels,G2 Esports,valyn,Omen,160,13,18,8,99,32%
VCT 2025 Americas Stage 2,https://www.vlr.gg/530911/nrg-vs-cloud9-vct-2025-americas-stage-2-lr3,Corrode,NRG,Cloud9,NRG,mada,Waylay,345,21,5,4,224,34%
VCT 2025 Americas Stage 2,https://www.vlr.gg/530911/nrg-vs-cloud9-vct-2025-americas-stage-2-lr3,Corrode,NRG,Cloud9,NRG,brawk,Sova,344,18,7,4,231,20%
VCT 2025 Americas Stage 2,https://www.vlr.gg/530911/nrg-vs-cloud9-vct-2025-americas-stage-2-lr3,Corrode,NRG,Cloud9,NRG,Ethan,Kayo,257,13,9,8,143,15%
VCT 2025 Americas Stage 2,https://www.vlr.gg/530911/nrg-vs-cloud9-vct-2025-americas-stage-2-lr3,Corrode,NRG,Cloud9,NRG,s0m,Omen,129,7,6,12,81,20%
VCT 2025 Americas Stage 2,https://www.vlr.gg/530911/nrg-vs-cloud9-vct-2025-americas-stage-2-lr3,Corrode,NRG,Cloud9,NRG,skuba,Viper,137,8,8,4,90,36%
VCT 2025 Americas Stage 2,https://www.vlr.gg/530911/nrg-vs-cloud9-vct-2025-americas-stage-2-lr3,Corrode,Cloud9,NRG,NRG,Xeppaa,Vyse,172,9,13,3,121,29%
VCT 2025 Americas Stage 2,https://www.vlr.gg/530911/nrg-vs-cloud9-vct-2025-americas-stage-2-lr3,Corrode,Cloud9,NRG,NRG,mitch,Skye,143,7,14,3,89,24%
VCT 2025 Americas Stage 2,https://www.vlr.gg/530911/nrg-vs-cloud9-vct-2025-americas-stage-2-lr3,Corrode,Cloud9,NRG,NRG,neT,Viper,148,6,12,3,121,38%
VCT 2025 Americas Stage 2,https://www.vlr.gg/530911/nrg-vs-cloud9-vct-2025-americas-stage-2-lr3,Corrode,Cloud9,NRG,NRG,v1c,Omen,150,7,14,7,94,21%
VCT 2025 Americas Stage 2,https://www.vlr.gg/530911/nrg-vs-cloud9-vct-2025-americas-stage-2-lr3,Corrode,Cloud9,NRG,NRG,OXY,Neon,115,6,14,2,73,32%
VCT 2025 Americas Stage 2,https://www.vlr.gg/530911/nrg-vs-cloud9-vct-2025-americas-stage-2-lr3,Lotus,NRG,Cloud9,NRG,brawk,Vyse,241,21,12,10,154,14%
VCT 2025 Americas Stage 2,https://www.vlr.gg/530911/nrg-vs-cloud9-vct-2025-americas-stage-2-lr3,Lotus,NRG,Cloud9,NRG,Ethan,Fade,270,23,16,8,151,21%
VCT 2025 Americas Stage 2,https://www.vlr.gg/530911/nrg-vs-cloud9-vct-2025-americas-stage-2-lr3,Lotus,NRG,Cloud9,NRG,s0m,Omen,219,17,13,16,147,19%
VCT 2025 Americas Stage 2,https://www.vlr.gg/530911/nrg-vs-cloud9-vct-2025-americas-stage-2-lr3,Lotus,NRG,Cloud9,NRG,mada,Raze,232,19,16,5,143,12%
VCT 2025 Americas Stage 2,https://www.vlr.gg/530911/nrg-vs-cloud9-vct-2025-americas-stage-2-lr3,Lotus,NRG,Cloud9,NRG,skuba,Viper,152,11,16,13,110,18%
VCT 2025 Americas Stage 2,https://www.vlr.gg/530911/nrg-vs-cloud9-vct-2025-americas-stage-2-lr3,Lotus,Cloud9,NRG,NRG,v1c,Omen,254,20,16,6,153,45%
VCT 2025 Americas Stage 2,https://www.vlr.gg/530911/nrg-vs-cloud9-vct-2025-americas-stage-2-lr3,Lotus,Cloud9,NRG,NRG,OXY,Raze,254,22,19,4,162,32%
VCT 2025 Americas Stage 2,https://www.vlr.gg/530911/nrg-vs-cloud9-vct-2025-americas-stage-2-lr3,Lotus,Cloud9,NRG,NRG,mitch,Fade,150,11,18,7,106,14%
VCT 2025 Americas Stage 2,https://www.vlr.gg/530911/nrg-vs-cloud9-vct-2025-americas-stage-2-lr3,Lotus,Cloud9,NRG,NRG,Xeppaa,Vyse,148,13,19,4,102,30%
VCT 2025 Americas Stage 2,https://www.vlr.gg/530911/nrg-vs-cloud9-vct-2025-americas-stage-2-lr3,Lotus,Cloud9,NRG,NRG,neT,Viper,100,7,20,6,70,38%
VCT 2025 Americas Stage 2,https://www.vlr.gg/530911/nrg-vs-cloud9-vct-2025-americas-stage-2-lr3,Haven,NRG,Cloud9,Cloud9,s0m,Viper,241,19,16,10,176,34%
VCT 2025 Americas Stage 2,https://www.vlr.gg/530911/nrg-vs-cloud9-vct-2025-americas-stage-2-lr3,Haven,NRG,Cloud9,Cloud9,skuba,Killjoy,200,17,16,0,136,36%
VCT 2025 Americas Stage 2,https://www.vlr.gg/530911/nrg-vs-cloud9-vct-2025-americas-stage-2-lr3,Haven,NRG,Cloud9,Cloud9,brawk,Sova,165,13,17,7,109,20%
VCT 2025 Americas Stage 2,https://www.vlr.gg/530911/nrg-vs-cloud9-vct-2025-americas-stage-2-lr3,Haven,NRG,Cloud9,Cloud9,mada,Neon,203,15,20,6,138,33%
VCT 2025 Americas Stage 2,https://www.vlr.gg/530911/nrg-vs-cloud9-vct-2025-americas-stage-2-lr3,Haven,NRG,Cloud9,Cloud9,Ethan,Omen,200,16,20,7,132,26%
VCT 2025 Americas Stage 2,https://www.vlr.gg/530911/nrg-vs-cloud9-vct-2025-americas-stage-2-lr3,Haven,Cloud9,NRG,Cloud9,OXY,Neon,273,24,16,4,152,15%
VCT 2025 Americas Stage 2,https://www.vlr.gg/530911/nrg-vs-cloud9-vct-2025-americas-stage-2-lr3,Haven,Cloud9,NRG,Cloud9,Xeppaa,Vyse,264,21,18,13,166,21%
VCT 2025 Americas Stage 2,https://www.vlr.gg/530911/nrg-vs-cloud9-vct-2025-americas-stage-2-lr3,Haven,Cloud9,NRG,Cloud9,v1c,Omen,262,22,15,12,175,27%
VCT 2025 Americas Stage 2,https://www.vlr.gg/530911/nrg-vs-cloud9-vct-2025-americas-stage-2-lr3,Haven,Cloud9,NRG,Cloud9,neT,Viper,199,18,15,3,124,42%
VCT 2025 Americas Stage 2,https://www.vlr.gg/530911/nrg-vs-cloud9-vct-2025-americas-stage-2-lr3,Haven,Cloud9,NRG,Cloud9,mitch,Skye,82,4,16,14,63,13%
VCT 2025 Americas Stage 2,https://www.vlr.gg/530912/sentinels-vs-nrg-vct-2025-americas-stage-2-lbf,Lotus,Sentinels,NRG,NRG,johnqt,Viper,258,16,12,8,153,26%
VCT 2025 Americas Stage 2,https://www.vlr.gg/530912/sentinels-vs-nrg-vct-2025-americas-stage-2-lbf,Lotus,Sentinels,NRG,NRG,Zellsis,Vyse,172,9,14,3,108,19%
VCT 2025 Americas Stage 2,https://www.vlr.gg/530912/sentinels-vs-nrg-vct-2025-americas-stage-2-lbf,Lotus,Sentinels,NRG,NRG,zekken,Raze,155,9,15,2,94,18%
VCT 2025 Americas Stage 2,https://www.vlr.gg/530912/sentinels-vs-nrg-vct-2025-americas-stage-2-lbf,Lotus,Sentinels,NRG,NRG,bang,Omen,111,6,14,2,73,29%
VCT 2025 Americas Stage 2,https://www.vlr.gg/530912/sentinels-vs-nrg-vct-2025-americas-stage-2-lbf,Lotus,Sentinels,NRG,NRG,N4RRATE,Fade,143,6,14,6,94,19%
VCT 2025 Americas Stage 2,https://www.vlr.gg/530912/sentinels-vs-nrg-vct-2025-americas-stage-2-lbf,Lotus,NRG,Sentinels,NRG,brawk,Vyse,287,19,6,5,160,16%
VCT 2025 Americas Stage 2,https://www.vlr.gg/530912/sentinels-vs-nrg-vct-2025-americas-stage-2-lbf,Lotus,NRG,Sentinels,NRG,Ethan,Fade,282,18,8,8,174,32%
VCT 2025 Americas Stage 2,https://www.vlr.gg/530912/sentinels-vs-nrg-vct-2025-americas-stage-2-lbf,Lotus,NRG,Sentinels,NRG,skuba,Viper,217,14,8,9,144,27%
VCT 2025 Americas Stage 2,https://www.vlr.gg/530912/sentinels-vs-nrg-vct-2025-americas-stage-2-lbf,Lotus,NRG,Sentinels,NRG,s0m,Omen,171,8,11,15,110,9%
VCT 2025 Americas Stage 2,https://www.vlr.gg/530912/sentinels-vs-nrg-vct-2025-americas-stage-2-lbf,Lotus,NRG,Sentinels,NRG,mada,Raze,162,10,13,3,120,30%
VCT 2025 Americas Stage 2,https://www.vlr.gg/530912/sentinels-vs-nrg-vct-2025-americas-stage-2-lbf,Icebox,Sentinels,NRG,NRG,N4RRATE,Sova,327,27,21,5,226,38%
VCT 2025 Americas Stage 2,https://www.vlr.gg/530912/sentinels-vs-nrg-vct-2025-americas-stage-2-lbf,Icebox,Sentinels,NRG,NRG,zekken,Jett,271,27,18,1,175,38%
VCT 2025 Americas Stage 2,https://www.vlr.gg/530912/sentinels-vs-nrg-vct-2025-americas-stage-2-lbf,Icebox,Sentinels,NRG,NRG,bang,Viper,161,12,16,7,112,31%
VCT 2025 Americas Stage 2,https://www.vlr.gg/530912/sentinels-vs-nrg-vct-2025-americas-stage-2-lbf,Icebox,Sentinels,NRG,NRG,Zellsis,Killjoy,167,14,15,5,122,21%
VCT 2025 Americas Stage 2,https://www.vlr.gg/530912/sentinels-vs-nrg-vct-2025-americas-stage-2-lbf,Icebox,Sentinels,NRG,NRG,johnqt,Sage,100,8,18,17,51,15%
VCT 2025 Americas Stage 2,https://www.vlr.gg/530912/sentinels-vs-nrg-vct-2025-americas-stage-2-lbf,Icebox,NRG,Sentinels,NRG,brawk,Sova,308,25,15,5,206,23%
VCT 2025 Americas Stage 2,https://www.vlr.gg/530912/sentinels-vs-nrg-vct-2025-americas-stage-2-lbf,Icebox,NRG,Sentinels,NRG,Ethan,Harbor,189,16,16,12,120,30%
VCT 2025 Americas Stage 2,https://www.vlr.gg/530912/sentinels-vs-nrg-vct-2025-americas-stage-2-lbf,Icebox,NRG,Sentinels,NRG,skuba,Viper,209,17,18,9,151,34%
VCT 2025 Americas Stage 2,https://www.vlr.gg/530912/sentinels-vs-nrg-vct-2025-americas-stage-2-lbf,Icebox,NRG,Sentinels,NRG,mada,Jett,210,18,18,4,132,37%
VCT 2025 Americas Stage 2,https://www.vlr.gg/530912/sentinels-vs-nrg-vct-2025-americas-stage-2-lbf,Icebox,NRG,Sentinels,NRG,s0m,Killjoy,138,11,21,4,101,35%
VCT 2025 Americas Stage 2,https://www.vlr.gg/530912/sentinels-vs-nrg-vct-2025-americas-stage-2-lbf,Sunset,Sentinels,NRG,Sentinels,bang,Omen,228,20,14,12,136,27%
VCT 2025 Americas Stage 2,https://www.vlr.gg/530912/sentinels-vs-nrg-vct-2025-americas-stage-2-lbf,Sunset,Sentinels,NRG,Sentinels,N4RRATE,Fade,209,18,13,8,139,30%
VCT 2025 Americas Stage 2,https://www.vlr.gg/530912/sentinels-vs-nrg-vct-2025-americas-stage-2-lbf,Sunset,Sentinels,NRG,Sentinels,johnqt,Cypher,211,18,13,8,139,22%
VCT 2025 Americas Stage 2,https://www.vlr.gg/530912/sentinels-vs-nrg-vct-2025-americas-stage-2-lbf,Sunset,Sentinels,NRG,Sentinels,Zellsis,Breach,185,13,14,19,118,17%
VCT 2025 Americas Stage 2,https://www.vlr.gg/530912/sentinels-vs-nrg-vct-2025-americas-stage-2-lbf,Sunset,Sentinels,NRG,Sentinels,zekken,Neon,237,20,17,4,144,18%
VCT 2025 Americas Stage 2,https://www.vlr.gg/530912/sentinels-vs-nrg-vct-2025-americas-stage-2-lbf,Sunset,NRG,Sentinels,Sentinels,brawk,Sova,263,19,19,7,181,25%
VCT 2025 Americas Stage 2,https://www.vlr.gg/530912/sentinels-vs-nrg-vct-2025-americas-stage-2-lbf,Sunset,NRG,Sentinels,Sentinels,Ethan,Breach,182,15,16,9,131,30%
VCT 2025 Americas Stage 2,https://www.vlr.gg/530912/sentinels-vs-nrg-vct-2025-americas-stage-2-lbf,Sunset,NRG,Sentinels,Sentinels,skuba,Cypher,164,14,15,6,105,29%
VCT 2025 Americas Stage 2,https://www.vlr.gg/530912/sentinels-vs-nrg-vct-2025-americas-stage-2-lbf,Sunset,NRG,Sentinels,Sentinels,mada,Neon,176,13,19,10,103,38%
VCT 2025 Americas Stage 2,https://www.vlr.gg/530912/sentinels-vs-nrg-vct-2025-americas-stage-2-lbf,Sunset,NRG,Sentinels,Sentinels,s0m,Omen,135,10,20,4,88,31%
VCT 2025 Americas Stage 2,https://www.vlr.gg/530912/sentinels-vs-nrg-vct-2025-americas-stage-2-lbf,Corrode,Sentinels,NRG,NRG,johnqt,Viper,198,17,11,4,114,40%
VCT 2025 Americas Stage 2,https://www.vlr.gg/530912/sentinels-vs-nrg-vct-2025-americas-stage-2-lbf,Corrode,Sentinels,NRG,NRG,bang,Omen,166,12,14,6,122,33%
VCT 2025 Americas Stage 2,https://www.vlr.gg/530912/sentinels-vs-nrg-vct-2025-americas-stage-2-lbf,Corrode,Sentinels,NRG,NRG,zekken,Neon,196,13,18,3,144,31%
VCT 2025 Americas Stage 2,https://www.vlr.gg/530912/sentinels-vs-nrg-vct-2025-americas-stage-2-lbf,Corrode,Sentinels,NRG,NRG,N4RRATE,Fade,110,7,15,6,73,11%
VCT 2025 Americas Stage 2,https://www.vlr.gg/530912/sentinels-vs-nrg-vct-2025-americas-stage-2-lbf,Corrode,Sentinels,NRG,NRG,Zellsis,Vyse,164,11,17,7,107,26%
VCT 2025 Americas Stage 2,https://www.vlr.gg/530912/sentinels-vs-nrg-vct-2025-americas-stage-2-lbf,Corrode,NRG,Sentinels,NRG,brawk,Sova,275,19,12,6,171,27%
VCT 2025 Americas Stage 2,https://www.vlr.gg/530912/sentinels-vs-nrg-vct-2025-americas-stage-2-lbf,Corrode,NRG,Sentinels,NRG,skuba,Viper,184,14,9,6,107,36%
VCT 2025 Americas Stage 2,https://www.vlr.gg/530912/sentinels-vs-nrg-vct-2025-americas-stage-2-lbf,Corrode,NRG,Sentinels,NRG,mada,Waylay,224,17,13,6,142,35%
VCT 2025 Americas Stage 2,https://www.vlr.gg/530912/sentinels-vs-nrg-vct-2025-americas-stage-2-lbf,Corrode,NRG,Sentinels,NRG,Ethan,Kayo,177,12,12,9,132,26%
VCT 2025 Americas Stage 2,https://www.vlr.gg/530912/sentinels-vs-nrg-vct-2025-americas-stage-2-lbf,Corrode,NRG,Sentinels,NRG,s0m,Omen,165,13,14,6,99,22%
VCT 2025 Americas Stage 2,https://www.vlr.gg/530913/g2-esports-vs-nrg-vct-2025-americas-stage-2-gf,Bind,G2 Esports,NRG,G2 Esports,valyn,Brimstone,189,15,15,15,125,28%
VCT 2025 Americas Stage 2,https://www.vlr.gg/530913/g2-esports-vs-nrg-vct-2025-americas-stage-2-gf,Bind,G2 Esports,NRG,G2 Esports,jawgemo,Yoru,217,18,16,2,146,19%
VCT 2025 Americas Stage 2,https://www.vlr.gg/530913/g2-esports-vs-nrg-vct-2025-americas-stage-2-gf,Bind,G2 Esports,NRG,G2 Esports,JonahP,Fade,204,16,16,9,132,25%
VCT 2025 Americas Stage 2,https://www.vlr.gg/530913/g2-esports-vs-nrg-vct-2025-americas-stage-2-gf,Bind,G2 Esports,NRG,G2 Esports,trent,Tejo,169,16,17,2,98,21%
VCT 2025 Americas Stage 2,https://www.vlr.gg/530913/g2-esports-vs-nrg-vct-2025-americas-stage-2-gf,Bind,G2 Esports,NRG,G2 Esports,leaf,Deadlock,170,15,19,5,110,31%
VCT 2025 Americas Stage 2,https://www.vlr.gg/530913/g2-esports-vs-nrg-vct-2025-americas-stage-2-gf,Bind,NRG,G2 Esports,G2 Esports,Ethan,Kayo,214,18,15,12,134,25%
VCT 2025 Americas Stage 2,https://www.vlr.gg/530913/g2-esports-vs-nrg-vct-2025-americas-stage-2-gf,Bind,NRG,G2 Esports,G2 Esports,skuba,Viper,187,18,13,6,115,26%
VCT 2025 Americas Stage 2,https://www.vlr.gg/530913/g2-esports-vs-nrg-vct-2025-americas-stage-2-gf,Bind,NRG,G2 Esports,G2 Esports,brawk,Fade,206,17,16,8,135,26%
VCT 2025 Americas Stage 2,https://www.vlr.gg/530913/g2-esports-vs-nrg-vct-2025-americas-stage-2-gf,Bind,NRG,G2 Esports,G2 Esports,s0m,Brimstone,205,16,18,13,142,22%
VCT 2025 Americas Stage 2,https://www.vlr.gg/530913/g2-esports-vs-nrg-vct-2025-americas-stage-2-gf,Bind,NRG,G2 Esports,G2 Esports,mada,Raze,183,14,18,7,113,12%
VCT 2025 Americas Stage 2,https://www.vlr.gg/530913/g2-esports-vs-nrg-vct-2025-americas-stage-2-gf,Lotus,G2 Esports,NRG,G2 Esports,valyn,Omen,239,18,14,7,157,27%
VCT 2025 Americas Stage 2,https://www.vlr.gg/530913/g2-esports-vs-nrg-vct-2025-americas-stage-2-gf,Lotus,G2 Esports,NRG,G2 Esports,jawgemo,Yoru,221,17,15,1,125,13%
VCT 2025 Americas Stage 2,https://www.vlr.gg/530913/g2-esports-vs-nrg-vct-2025-americas-stage-2-gf,Lotus,G2 Esports,NRG,G2 Esports,JonahP,Fade,221,16,14,9,132,11%
VCT 2025 Americas Stage 2,https://www.vlr.gg/530913/g2-esports-vs-nrg-vct-2025-americas-stage-2-gf,Lotus,G2 Esports,NRG,G2 Esports,trent,Tejo,184,15,13,5,141,41%
VCT 2025 Americas Stage 2,https://www.vlr.gg/530913/g2-esports-vs-nrg-vct-2025-americas-stage-2-gf,Lotus,G2 Esports,NRG,G2 Esports,leaf,Viper,165,13,12,3,113,23%
VCT 2025 Americas Stage 2,https://www.vlr.gg/530913/g2-esports-vs-nrg-vct-2025-americas-stage-2-gf,Lotus,NRG,G2 Esports,G2 Esports,s0m,Omen,219,16,15,7,134,40%
VCT 2025 Americas Stage 2,https://www.vlr.gg/530913/g2-esports-vs-nrg-vct-2025-americas-stage-2-gf,Lotus,NRG,G2 Esports,G2 Esports,skuba,Viper,216,17,13,6,134,26%
VCT 2025 Americas Stage 2,https://www.vlr.gg/530913/g2-esports-vs-nrg-vct-2025-americas-stage-2-gf,Lotus,NRG,G2 Esports,G2 Esports,Ethan,Fade,174,13,16,5,124,21%
VCT 2025 Americas Stage 2,https://www.vlr.gg/530913/g2-esports-vs-nrg-vct-2025-americas-stage-2-gf,Lotus,NRG,G2 Esports,G2 Esports,mada,Raze,203,13,19,4,131,17%
VCT 2025 Americas Stage 2,https://www.vlr.gg/530913/g2-esports-vs-nrg-vct-2025-americas-stage-2-gf,Lotus,NRG,G2 Esports,G2 Esports,brawk,Vyse,121,8,16,5,77,10%
VCT 2025 Americas Stage 2,https://www.vlr.gg/530913/g2-esports-vs-nrg-vct-2025-americas-stage-2-gf,Ascent,G2 Esports,NRG,G2 Esports,trent,Sova,213,18,13,4,150,33%
VCT 2025 Americas Stage 2,https://www.vlr.gg/530913/g2-esports-vs-nrg-vct-2025-americas-stage-2-gf,Ascent,G2 Esports,NRG,G2 Esports,leaf,Chamber,240,20,15,3,155,30%
VCT 2025 Americas Stage 2,https://www.vlr.gg/530913/g2-esports-vs-nrg-vct-2025-americas-stage-2-gf,Ascent,G2 Esports,NRG,G2 Esports,valyn,Omen,138,12,14,9,87,26%
VCT 2025 Americas Stage 2,https://www.vlr.gg/530913/g2-esports-vs-nrg-vct-2025-americas-stage-2-gf,Ascent,G2 Esports,NRG,G2 Esports,JonahP,Vyse,186,15,16,6,113,20%
VCT 2025 Americas Stage 2,https://www.vlr.gg/530913/g2-esports-vs-nrg-vct-2025-americas-stage-2-gf,Ascent,G2 Esports,NRG,G2 Esports,jawgemo,Yoru,152,12,17,5,97,24%
VCT 2025 Americas Stage 2,https://www.vlr.gg/530913/g2-esports-vs-nrg-vct-2025-americas-stage-2-gf,Ascent,NRG,G2 Esports,G2 Esports,brawk,Sova,233,20,13,5,159,20%
VCT 2025 Americas Stage 2,https://www.vlr.gg/530913/g2-esports-vs-nrg-vct-2025-americas-stage-2-gf,Ascent,NRG,G2 Esports,G2 Esports,mada,Jett,230,17,17,6,148,28%
VCT 2025 Americas Stage 2,https://www.vlr.gg/530913/g2-esports-vs-nrg-vct-2025-americas-stage-2-gf,Ascent,NRG,G2 Esports,G2 Esports,skuba,Vyse,159,14,14,8,100,39%
VCT 2025 Americas Stage 2,https://www.vlr.gg/530913/g2-esports-vs-nrg-vct-2025-americas-stage-2-gf,Ascent,NRG,G2 Esports,G2 Esports,Ethan,Kayo,181,12,16,13,133,31%
VCT 2025 Americas Stage 2,https://www.vlr.gg/530913/g2-esports-vs-nrg-vct-2025-americas-stage-2-gf,Ascent,NRG,G2 Esports,G2 Esports,s0m,Omen,138,12,17,5,83,33%
VCT 2025 EMEA Stage 2,https://www.vlr.gg/530924/fnatic-vs-bbl-esports-vct-2025-emea-stage-2-ur1,Corrode,FNATIC,BBL Esports,FNATIC,Chronicle,Viper,300,22,10,4,192,32%
VCT 2025 EMEA Stage 2,https://www.vlr.gg/530924/fnatic-vs-bbl-esports-vct-2025-emea-stage-2-ur1,Corrode,FNATIC,BBL Esports,FNATIC,kaajak,Yoru,326,25,13,1,186,39%
VCT 2025 EMEA Stage 2,https://www.vlr.gg/530924/fnatic-vs-bbl-esports-vct-2025-emea-stage-2-ur1,Corrode,FNATIC,BBL Esports,FNATIC,Alfajer,Vyse,260,19,9,9,164,47%
VCT 2025 EMEA Stage 2,https://www.vlr.gg/530924/fnatic-vs-bbl-esports-vct-2025-emea-stage-2-ur1,Corrode,FNATIC,BBL Esports,FNATIC,Boaster,Astra,122,8,11,5,85,32%
VCT 2025 EMEA Stage 2,https://www.vlr.gg/530924/fnatic-vs-bbl-esports-vct-2025-emea-stage-2-ur1,Corrode,FNATIC,BBL Esports,FNATIC,crashies,Fade,131,9,12,5,85,38%
VCT 2025 EMEA Stage 2,https://www.vlr.gg/530924/fnatic-vs-bbl-esports-vct-2025-emea-stage-2-ur1,Corrode,BBL Esports,FNATIC,FNATIC,MAGNUM,Fade,219,16,14,3,154,47%
VCT 2025 EMEA Stage 2,https://www.vlr.gg/530924/fnatic-vs-bbl-esports-vct-2025-emea-stage-2-ur1,Corrode,BBL Esports,FNATIC,FNATIC,PROFEK,Viper,172,13,16,3,129,48%
VCT 2025 EMEA Stage 2,https://www.vlr.gg/530924/fnatic-vs-bbl-esports-vct-2025-emea-stage-2-ur1,Corrode,BBL Esports,FNATIC,FNATIC,Jamppi,Gekko,153,9,17,3,109,40%
VCT 2025 EMEA Stage 2,https://www.vlr.gg/530924/fnatic-vs-bbl-esports-vct-2025-emea-stage-2-ur1,Corrode,BBL Esports,FNATIC,FNATIC,sociablEE,Omen,159,11,17,5,95,23%
VCT 2025 EMEA Stage 2,https://www.vlr.gg/530924/fnatic-vs-bbl-esports-vct-2025-emea-stage-2-ur1,Corrode,BBL Esports,FNATIC,FNATIC,LewN,Yoru,114,6,19,5,80,22%
VCT 2025 EMEA Stage 2,https://www.vlr.gg/530924/fnatic-vs-bbl-esports-vct-2025-emea-stage-2-ur1,Ascent,FNATIC,BBL Esports,BBL Esports,kaajak,Yoru,213,16,16,3,139,41%
VCT 2025 EMEA Stage 2,https://www.vlr.gg/530924/fnatic-vs-bbl-esports-vct-2025-emea-stage-2-ur1,Ascent,FNATIC,BBL Esports,BBL Esports,crashies,Sova,208,14,14,4,129,41%
VCT 2025 EMEA Stage 2,https://www.vlr.gg/530924/fnatic-vs-bbl-esports-vct-2025-emea-stage-2-ur1,Ascent,FNATIC,BBL Esports,BBL Esports,Chronicle,Vyse,137,9,16,3,105,32%
VCT 2025 EMEA Stage 2,https://www.vlr.gg/530924/fnatic-vs-bbl-esports-vct-2025-emea-stage-2-ur1,Ascent,FNATIC,BBL Esports,BBL Esports,Alfajer,Chamber,179,12,18,1,122,32%
VCT 2025 EMEA Stage 2,https://www.vlr.gg/530924/fnatic-vs-bbl-esports-vct-2025-emea-stage-2-ur1,Ascent,FNATIC,BBL Esports,BBL Esports,Boaster,Omen,135,8,16,8,95,22%
VCT 2025 EMEA Stage 2,https://www.vlr.gg/530924/fnatic-vs-bbl-esports-vct-2025-emea-stage-2-ur1,Ascent,BBL Esports,FNATIC,BBL Esports,LewN,Jett,308,23,12,5,209,31%
VCT 2025 EMEA Stage 2,https://www.vlr.gg/530924/fnatic-vs-bbl-esports-vct-2025-emea-stage-2-ur1,Ascent,BBL Esports,FNATIC,BBL Esports,PROFEK,Omen,216,17,9,7,139,21%
VCT 2025 EMEA Stage 2,https://www.vlr.gg/530924/fnatic-vs-bbl-esports-vct-2025-emea-stage-2-ur1,Ascent,BBL Esports,FNATIC,BBL Esports,MAGNUM,Fade,204,16,12,8,138,26%
VCT 2025 EMEA Stage 2,https://www.vlr.gg/530924/fnatic-vs-bbl-esports-vct-2025-emea-stage-2-ur1,Ascent,BBL Esports,FNATIC,BBL Esports,Jamppi,Kayo,175,12,12,16,108,18%
VCT 2025 EMEA Stage 2,https://www.vlr.gg/530924/fnatic-vs-bbl-esports-vct-2025-emea-stage-2-ur1,Ascent,BBL Esports,FNATIC,BBL Esports,sociablEE,Tejo,211,12,14,8,142,44%
VCT 2025 EMEA Stage 2,https://www.vlr.gg/530924/fnatic-vs-bbl-esports-vct-2025-emea-stage-2-ur1,Haven,FNATIC,BBL Esports,BBL Esports,Chronicle,Viper,303,22,13,8,207,33%
VCT 2025 EMEA Stage 2,https://www.vlr.gg/530924/fnatic-vs-bbl-esports-vct-2025-emea-stage-2-ur1,Haven,FNATIC,BBL Esports,BBL Esports,Boaster,Omen,164,14,14,4,105,44%
VCT 2025 EMEA Stage 2,https://www.vlr.gg/530924/fnatic-vs-bbl-esports-vct-2025-emea-stage-2-ur1,Haven,FNATIC,BBL Esports,BBL Esports,Alfajer,Killjoy,182,12,17,4,128,35%
VCT 2025 EMEA Stage 2,https://www.vlr.gg/530924/fnatic-vs-bbl-esports-vct-2025-emea-stage-2-ur1,Haven,FNATIC,BBL Esports,BBL Esports,kaajak,Neon,201,16,18,1,118,35%
VCT 2025 EMEA Stage 2,https://www.vlr.gg/530924/fnatic-vs-bbl-esports-vct-2025-emea-stage-2-ur1,Haven,FNATIC,BBL Esports,BBL Esports,crashies,Sova,97,6,15,8,71,33%
VCT 2025 EMEA Stage 2,https://www.vlr.gg/530924/fnatic-vs-bbl-esports-vct-2025-emea-stage-2-ur1,Haven,BBL Esports,FNATIC,BBL Esports,MAGNUM,Cypher,265,21,13,6,158,30%
VCT 2025 EMEA Stage 2,https://www.vlr.gg/530924/fnatic-vs-bbl-esports-vct-2025-emea-stage-2-ur1,Haven,BBL Esports,FNATIC,BBL Esports,Jamppi,Breach,201,16,14,7,131,31%
VCT 2025 EMEA Stage 2,https://www.vlr.gg/530924/fnatic-vs-bbl-esports-vct-2025-emea-stage-2-ur1,Haven,BBL Esports,FNATIC,BBL Esports,LewN,Jett,198,16,13,2,129,35%
VCT 2025 EMEA Stage 2,https://www.vlr.gg/530924/fnatic-vs-bbl-esports-vct-2025-emea-stage-2-ur1,Haven,BBL Esports,FNATIC,BBL Esports,sociablEE,Sova,188,12,16,10,137,19%
VCT 2025 EMEA Stage 2,https://www.vlr.gg/530924/fnatic-vs-bbl-esports-vct-2025-emea-stage-2-ur1,Haven,BBL Esports,FNATIC,BBL Esports,PROFEK,Omen,146,12,14,5,95,38%
VCT 2025 EMEA Stage 2,https://www.vlr.gg/530925/giantx-vs-natus-vincere-vct-2025-emea-stage-2-ur1,Bind,GIANTX,Natus Vincere,Natus Vincere,Cloud,Fade,224,13,15,5,164,33%
VCT 2025 EMEA Stage 2,https://www.vlr.gg/530925/giantx-vs-natus-vincere-vct-2025-emea-stage-2-ur1,Bind,GIANTX,Natus Vincere,Natus Vincere,grubinho,Astra,184,12,14,2,125,21%
VCT 2025 EMEA Stage 2,https://www.vlr.gg/530925/giantx-vs-natus-vincere-vct-2025-emea-stage-2-ur1,Bind,GIANTX,Natus Vincere,Natus Vincere,Flickless,Kayo,133,8,15,10,73,27%
VCT 2025 EMEA Stage 2,https://www.vlr.gg/530925/giantx-vs-natus-vincere-vct-2025-emea-stage-2-ur1,Bind,GIANTX,Natus Vincere,Natus Vincere,ara,Raze,140,8,15,3,99,30%
VCT 2025 EMEA Stage 2,https://www.vlr.gg/530925/giantx-vs-natus-vincere-vct-2025-emea-stage-2-ur1,Bind,GIANTX,Natus Vincere,Natus Vincere,westside,Viper,149,9,16,4,107,41%
VCT 2025 EMEA Stage 2,https://www.vlr.gg/530925/giantx-vs-natus-vincere-vct-2025-emea-stage-2-ur1,Bind,Natus Vincere,GIANTX,Natus Vincere,Shao,Fade,255,19,7,5,167,38%
VCT 2025 EMEA Stage 2,https://www.vlr.gg/530925/giantx-vs-natus-vincere-vct-2025-emea-stage-2-ur1,Bind,Natus Vincere,GIANTX,Natus Vincere,Ruxic,Omen,220,14,9,9,140,15%
VCT 2025 EMEA Stage 2,https://www.vlr.gg/530925/giantx-vs-natus-vincere-vct-2025-emea-stage-2-ur1,Bind,Natus Vincere,GIANTX,Natus Vincere,hiro,Viper,204,12,11,12,138,39%
VCT 2025 EMEA Stage 2,https://www.vlr.gg/530925/giantx-vs-natus-vincere-vct-2025-emea-stage-2-ur1,Bind,Natus Vincere,GIANTX,Natus Vincere,alexiiik,Raze,215,14,10,5,151,28%
VCT 2025 EMEA Stage 2,https://www.vlr.gg/530925/giantx-vs-natus-vincere-vct-2025-emea-stage-2-ur1,Bind,Natus Vincere,GIANTX,Natus Vincere,ANGE1,Kayo,240,16,13,8,168,35%
VCT 2025 EMEA Stage 2,https://www.vlr.gg/530925/giantx-vs-natus-vincere-vct-2025-emea-stage-2-ur1,Haven,GIANTX,Natus Vincere,GIANTX,ara,Neon,346,28,10,3,223,32%
VCT 2025 EMEA Stage 2,https://www.vlr.gg/530925/giantx-vs-natus-vincere-vct-2025-emea-stage-2-ur1,Haven,GIANTX,Natus Vincere,GIANTX,westside,Cypher,177,14,10,5,107,46%
VCT 2025 EMEA Stage 2,https://www.vlr.gg/530925/giantx-vs-natus-vincere-vct-2025-emea-stage-2-ur1,Haven,GIANTX,Natus Vincere,GIANTX,Cloud,Sova,161,12,11,3,109,48%
VCT 2025 EMEA Stage 2,https://www.vlr.gg/530925/giantx-vs-natus-vincere-vct-2025-emea-stage-2-ur1,Haven,GIANTX,Natus Vincere,GIANTX,grubinho,Omen,193,13,14,8,137,38%
VCT 2025 EMEA Stage 2,https://www.vlr.gg/530925/giantx-vs-natus-vincere-vct-2025-emea-stage-2-ur1,Haven,GIANTX,Natus Vincere,GIANTX,Flickless,Breach,126,9,13,11,84,13%
VCT 2025 EMEA Stage 2,https://www.vlr.gg/530925/giantx-vs-natus-vincere-vct-2025-emea-stage-2-ur1,Haven,Natus Vincere,GIANTX,GIANTX,Ruxic,Viper,277,20,13,7,191,33%
VCT 2025 EMEA Stage 2,https://www.vlr.gg/530925/giantx-vs-natus-vincere-vct-2025-emea-stage-2-ur1,Haven,Natus Vincere,GIANTX,GIANTX,Shao,Omen,193,13,15,3,120,22%
VCT 2025 EMEA Stage 2,https://www.vlr.gg/530925/giantx-vs-natus-vincere-vct-2025-emea-stage-2-ur1,Haven,Natus Vincere,GIANTX,GIANTX,alexiiik,Neon,168,13,15,1,109,25%
VCT 2025 EMEA Stage 2,https://www.vlr.gg/530925/giantx-vs-natus-vincere-vct-2025-emea-stage-2-ur1,Haven,Natus Vincere,GIANTX,GIANTX,hiro,Killjoy,119,7,17,4,83,25%
VCT 2025 EMEA Stage 2,https://www.vlr.gg/530925/giantx-vs-natus-vincere-vct-2025-emea-stage-2-ur1,Haven,Natus Vincere,GIANTX,GIANTX,ANGE1,Sova,102,5,16,5,70,31%
VCT 2025 EMEA Stage 2,https://www.vlr.gg/530925/giantx-vs-natus-vincere-vct-2025-emea-stage-2-ur1,Ascent,GIANTX,Natus Vincere,GIANTX,grubinho,Omen,262,17,10,12,159,22%
VCT 2025 EMEA Stage 2,https://www.vlr.gg/530925/giantx-vs-natus-vincere-vct-2025-emea-stage-2-ur1,Ascent,GIANTX,Natus Vincere,GIANTX,westside,Cypher,200,14,12,7,140,30%
VCT 2025 EMEA Stage 2,https://www.vlr.gg/530925/giantx-vs-natus-vincere-vct-2025-emea-stage-2-ur1,Ascent,GIANTX,Natus Vincere,GIANTX,ara,Jett,238,17,13,2,152,32%
VCT 2025 EMEA Stage 2,https://www.vlr.gg/530925/giantx-vs-natus-vincere-vct-2025-emea-stage-2-ur1,Ascent,GIANTX,Natus Vincere,GIANTX,Cloud,Sova,200,14,13,5,127,26%
VCT 2025 EMEA Stage 2,https://www.vlr.gg/530925/giantx-vs-natus-vincere-vct-2025-emea-stage-2-ur1,Ascent,GIANTX,Natus Vincere,GIANTX,Flickless,Kayo,203,11,15,18,147,18%
VCT 2025 EMEA Stage 2,https://www.vlr.gg/530925/giantx-vs-natus-vincere-vct-2025-emea-stage-2-ur1,Ascent,Natus Vincere,GIANTX,GIANTX,Shao,Sova,310,20,13,6,202,32%
VCT 2025 EMEA Stage 2,https://www.vlr.gg/530925/giantx-vs-natus-vincere-vct-2025-emea-stage-2-ur1,Ascent,Natus Vincere,GIANTX,GIANTX,alexiiik,Jett,248,18,15,1,138,31%
VCT 2025 EMEA Stage 2,https://www.vlr.gg/530925/giantx-vs-natus-vincere-vct-2025-emea-stage-2-ur1,Ascent,Natus Vincere,GIANTX,GIANTX,Ruxic,Omen,204,13,14,10,122,33%
VCT 2025 EMEA Stage 2,https://www.vlr.gg/530925/giantx-vs-natus-vincere-vct-2025-emea-stage-2-ur1,Ascent,Natus Vincere,GIANTX,GIANTX,hiro,Cypher,116,8,16,2,76,56%
VCT 2025 EMEA Stage 2,https://www.vlr.gg/530925/giantx-vs-natus-vincere-vct-2025-emea-stage-2-ur1,Ascent,Natus Vincere,GIANTX,GIANTX,ANGE1,Kayo,78,4,15,8,58,12%
VCT 2025 EMEA Stage 2,https://www.vlr.gg/530928/team-heretics-vs-bbl-esports-vct-2025-emea-stage-2-ubsf,Icebox,Team Heretics,BBL Esports,BBL Esports,benjyfishy,Killjoy,236,18,18,1,155,29%
VCT 2025 EMEA Stage 2,https://www.vlr.gg/530928/team-heretics-vs-bbl-esports-vct-2025-emea-stage-2-ubsf,Icebox,Team Heretics,BBL Esports,BBL Esports,Wo0t,Jett,206,15,15,3,128,31%
VCT 2025 EMEA Stage 2,https://www.vlr.gg/530928/team-heretics-vs-bbl-esports-vct-2025-emea-stage-2-ubsf,Icebox,Team Heretics,BBL Esports,BBL Esports,MiniBoo,Yoru,209,13,18,4,126,32%
VCT 2025 EMEA Stage 2,https://www.vlr.gg/530928/team-heretics-vs-bbl-esports-vct-2025-emea-stage-2-ubsf,Icebox,Team Heretics,BBL Esports,BBL Esports,Boo,Viper,182,11,15,7,126,26%
VCT 2025 EMEA Stage 2,https://www.vlr.gg/530928/team-heretics-vs-bbl-esports-vct-2025-emea-stage-2-ubsf,Icebox,Team Heretics,BBL Esports,BBL Esports,RieNs,Sova,184,13,17,5,130,28%
VCT 2025 EMEA Stage 2,https://www.vlr.gg/530928/team-heretics-vs-bbl-esports-vct-2025-emea-stage-2-ubsf,Icebox,BBL Esports,Team Heretics,BBL Esports,PROFEK,Viper,283,21,13,7,186,30%
VCT 2025 EMEA Stage 2,https://www.vlr.gg/530928/team-heretics-vs-bbl-esports-vct-2025-emea-stage-2-ubsf,Icebox,BBL Esports,Team Heretics,BBL Esports,Jamppi,Sova,261,19,12,5,163,30%
VCT 2025 EMEA Stage 2,https://www.vlr.gg/530928/team-heretics-vs-bbl-esports-vct-2025-emea-stage-2-ubsf,Icebox,BBL Esports,Team Heretics,BBL Esports,MAGNUM,Killjoy,227,15,13,3,152,39%
VCT 2025 EMEA Stage 2,https://www.vlr.gg/530928/team-heretics-vs-bbl-esports-vct-2025-emea-stage-2-ubsf,Icebox,BBL Esports,Team Heretics,BBL Esports,LewN,Jett,218,15,16,3,156,25%
VCT 2025 EMEA Stage 2,https://www.vlr.gg/530928/team-heretics-vs-bbl-esports-vct-2025-emea-stage-2-ubsf,Icebox,BBL Esports,Team Heretics,BBL Esports,sociablEE,Omen,208,13,16,8,136,43%
VCT 2025 EMEA Stage 2,https://www.vlr.gg/530928/team-heretics-vs-bbl-esports-vct-2025-emea-stage-2-ubsf,Ascent,Team Heretics,BBL Esports,BBL Esports,RieNs,Sova,238,21,16,4,162,35%
VCT 2025 EMEA Stage 2,https://www.vlr.gg/530928/team-heretics-vs-bbl-esports-vct-2025-emea-stage-2-ubsf,Ascent,Team Heretics,BBL Esports,BBL Esports,Boo,Omen,202,16,17,13,142,17%
VCT 2025 EMEA Stage 2,https://www.vlr.gg/530928/team-heretics-vs-bbl-esports-vct-2025-emea-stage-2-ubsf,Ascent,Team Heretics,BBL Esports,BBL Esports,benjyfishy,Cypher,191,16,17,14,114,35%
VCT 2025 EMEA Stage 2,https://www.vlr.gg/530928/team-heretics-vs-bbl-esports-vct-2025-emea-stage-2-ubsf,Ascent,Team Heretics,BBL Esports,BBL Esports,MiniBoo,Yoru,200,17,19,7,136,23%
VCT 2025 EMEA Stage 2,https://www.vlr.gg/530928/team-heretics-vs-bbl-esports-vct-2025-emea-stage-2-ubsf,Ascent,Team Heretics,BBL Esports,BBL Esports,Wo0t,Jett,181,15,19,2,127,39%
VCT 2025 EMEA Stage 2,https://www.vlr.gg/530928/team-heretics-vs-bbl-esports-vct-2025-emea-stage-2-ubsf,Ascent,BBL Esports,Team Heretics,BBL Esports,LewN,Jett,271,24,16,6,170,41%
VCT 2025 EMEA Stage 2,https://www.vlr.gg/530928/team-heretics-vs-bbl-esports-vct-2025-emea-stage-2-ubsf,Ascent,BBL Esports,Team Heretics,BBL Esports,sociablEE,Tejo,179,17,17,7,119,16%
VCT 2025 EMEA Stage 2,https://www.vlr.gg/530928/team-heretics-vs-bbl-esports-vct-2025-emea-stage-2-ubsf,Ascent,BBL Esports,Team Heretics,BBL Esports,MAGNUM,Fade,212,17,17,10,132,26%
VCT 2025 EMEA Stage 2,https://www.vlr.gg/530928/team-heretics-vs-bbl-esports-vct-2025-emea-stage-2-ubsf,Ascent,BBL Esports,Team Heretics,BBL Esports,Jamppi,Kayo,197,15,17,13,125,26%
VCT 2025 EMEA Stage 2,https://www.vlr.gg/530928/team-heretics-vs-bbl-esports-vct-2025-emea-stage-2-ubsf,Ascent,BBL Esports,Team Heretics,BBL Esports,PROFEK,Omen,174,15,18,13,103,18%
VCT 2025 EMEA Stage 2,https://www.vlr.gg/530929/team-liquid-vs-giantx-vct-2025-emea-stage-2-ubsf,Sunset,Team Liquid,GIANTX,Team Liquid,keiko,Raze,291,18,11,5,199,31%
VCT 2025 EMEA Stage 2,https://www.vlr.gg/530929/team-liquid-vs-giantx-vct-2025-emea-stage-2-ubsf,Sunset,Team Liquid,GIANTX,Team Liquid,nAts,Cypher,277,17,11,5,178,22%
VCT 2025 EMEA Stage 2,https://www.vlr.gg/530929/team-liquid-vs-giantx-vct-2025-emea-stage-2-ubsf,Sunset,Team Liquid,GIANTX,Team Liquid,paTiTek,Omen,163,12,9,7,116,31%
VCT 2025 EMEA Stage 2,https://www.vlr.gg/530929/team-liquid-vs-giantx-vct-2025-emea-stage-2-ubsf,Sunset,Team Liquid,GIANTX,Team Liquid,trexx,Fade,185,11,9,12,108,14%
VCT 2025 EMEA Stage 2,https://www.vlr.gg/530929/team-liquid-vs-giantx-vct-2025-emea-stage-2-ubsf,Sunset,Team Liquid,GIANTX,Team Liquid,kamo,Yoru,212,13,11,4,139,36%
VCT 2025 EMEA Stage 2,https://www.vlr.gg/530929/team-liquid-vs-giantx-vct-2025-emea-stage-2-ubsf,Sunset,GIANTX,Team Liquid,Team Liquid,Flickless,Breach,220,13,14,7,131,36%
VCT 2025 EMEA Stage 2,https://www.vlr.gg/530929/team-liquid-vs-giantx-vct-2025-emea-stage-2-ubsf,Sunset,GIANTX,Team Liquid,Team Liquid,ara,Neon,218,14,14,4,140,25%
VCT 2025 EMEA Stage 2,https://www.vlr.gg/530929/team-liquid-vs-giantx-vct-2025-emea-stage-2-ubsf,Sunset,GIANTX,Team Liquid,Team Liquid,Cloud,Sova,178,10,13,6,134,40%
VCT 2025 EMEA Stage 2,https://www.vlr.gg/530929/team-liquid-vs-giantx-vct-2025-emea-stage-2-ubsf,Sunset,GIANTX,Team Liquid,Team Liquid,westside,Cypher,151,8,15,6,104,38%
VCT 2025 EMEA Stage 2,https://www.vlr.gg/530929/team-liquid-vs-giantx-vct-2025-emea-stage-2-ubsf,Sunset,GIANTX,Team Liquid,Team Liquid,grubinho,Omen,102,6,15,3,71,44%
VCT 2025 EMEA Stage 2,https://www.vlr.gg/530929/team-liquid-vs-giantx-vct-2025-emea-stage-2-ubsf,Corrode,Team Liquid,GIANTX,GIANTX,keiko,Omen,302,26,14,4,197,25%
VCT 2025 EMEA Stage 2,https://www.vlr.gg/530929/team-liquid-vs-giantx-vct-2025-emea-stage-2-ubsf,Corrode,Team Liquid,GIANTX,GIANTX,kamo,Yoru,190,18,14,2,130,34%
VCT 2025 EMEA Stage 2,https://www.vlr.gg/530929/team-liquid-vs-giantx-vct-2025-emea-stage-2-ubsf,Corrode,Team Liquid,GIANTX,GIANTX,nAts,Viper,143,11,17,10,101,19%
VCT 2025 EMEA Stage 2,https://www.vlr.gg/530929/team-liquid-vs-giantx-vct-2025-emea-stage-2-ubsf,Corrode,Team Liquid,GIANTX,GIANTX,paTiTek,Deadlock,140,13,18,4,101,28%
VCT 2025 EMEA Stage 2,https://www.vlr.gg/530929/team-liquid-vs-giantx-vct-2025-emea-stage-2-ubsf,Corrode,Team Liquid,GIANTX,GIANTX,trexx,Fade,120,9,19,10,75,23%
VCT 2025 EMEA Stage 2,https://www.vlr.gg/530929/team-liquid-vs-giantx-vct-2025-emea-stage-2-ubsf,Corrode,GIANTX,Team Liquid,GIANTX,Cloud,Fade,221,20,13,8,152,26%
VCT 2025 EMEA Stage 2,https://www.vlr.gg/530929/team-liquid-vs-giantx-vct-2025-emea-stage-2-ubsf,Corrode,GIANTX,Team Liquid,GIANTX,westside,Cypher,229,20,15,5,162,38%
VCT 2025 EMEA Stage 2,https://www.vlr.gg/530929/team-liquid-vs-giantx-vct-2025-emea-stage-2-ubsf,Corrode,GIANTX,Team Liquid,GIANTX,Flickless,Kayo,178,14,13,11,115,18%
VCT 2025 EMEA Stage 2,https://www.vlr.gg/530929/team-liquid-vs-giantx-vct-2025-emea-stage-2-ubsf,Corrode,GIANTX,Team Liquid,GIANTX,ara,Neon,228,18,19,3,134,20%
VCT 2025 EMEA Stage 2,https://www.vlr.gg/530929/team-liquid-vs-giantx-vct-2025-emea-stage-2-ubsf,Corrode,GIANTX,Team Liquid,GIANTX,grubinho,Omen,139,10,17,10,87,41%
VCT 2025 EMEA Stage 2,https://www.vlr.gg/530929/team-liquid-vs-giantx-vct-2025-emea-stage-2-ubsf,Ascent,Team Liquid,GIANTX,Team Liquid,paTiTek,Kayo,267,25,16,10,161,14%
VCT 2025 EMEA Stage 2,https://www.vlr.gg/530929/team-liquid-vs-giantx-vct-2025-emea-stage-2-ubsf,Ascent,Team Liquid,GIANTX,Team Liquid,trexx,Sova,222,20,17,10,139,19%
VCT 2025 EMEA Stage 2,https://www.vlr.gg/530929/team-liquid-vs-giantx-vct-2025-emea-stage-2-ubsf,Ascent,Team Liquid,GIANTX,Team Liquid,keiko,Omen,205,20,19,8,147,31%
VCT 2025 EMEA Stage 2,https://www.vlr.gg/530929/team-liquid-vs-giantx-vct-2025-emea-stage-2-ubsf,Ascent,Team Liquid,GIANTX,Team Liquid,kamo,Jett,168,15,16,4,105,25%
VCT 2025 EMEA Stage 2,https://www.vlr.gg/530929/team-liquid-vs-giantx-vct-2025-emea-stage-2-ubsf,Ascent,Team Liquid,GIANTX,Team Liquid,nAts,Cypher,108,9,18,8,78,13%
VCT 2025 EMEA Stage 2,https://www.vlr.gg/530929/team-liquid-vs-giantx-vct-2025-emea-stage-2-ubsf,Ascent,GIANTX,Team Liquid,Team Liquid,Flickless,Kayo,265,23,18,10,170,25%
VCT 2025 EMEA Stage 2,https://www.vlr.gg/530929/team-liquid-vs-giantx-vct-2025-emea-stage-2-ubsf,Ascent,GIANTX,Team Liquid,Team Liquid,ara,Jett,176,17,16,4,125,23%
VCT 2025 EMEA Stage 2,https://www.vlr.gg/530929/team-liquid-vs-giantx-vct-2025-emea-stage-2-ubsf,Ascent,GIANTX,Team Liquid,Team Liquid,westside,Cypher,217,21,18,1,144,56%
VCT 2025 EMEA Stage 2,https://www.vlr.gg/530929/team-liquid-vs-giantx-vct-2025-emea-stage-2-ubsf,Ascent,GIANTX,Team Liquid,Team Liquid,Cloud,Sova,156,15,19,6,115,20%
VCT 2025 EMEA Stage 2,https://www.vlr.gg/530929/team-liquid-vs-giantx-vct-2025-emea-stage-2-ubsf,Ascent,GIANTX,Team Liquid,Team Liquid,grubinho,Omen,114,10,18,11,74,14%
VCT 2025 EMEA Stage 2,https://www.vlr.gg/530926/fnatic-vs-karmine-corp-vct-2025-emea-stage-2-lr1,Haven,FNATIC,Karmine Corp,Karmine Corp,crashies,Sova,245,22,18,7,168,26%
VCT 2025 EMEA Stage 2,https://www.vlr.gg/530926/fnatic-vs-karmine-corp-vct-2025-emea-stage-2-lr1,Haven,FNATIC,Karmine Corp,Karmine Corp,Alfajer,Killjoy,263,23,18,2,159,36%
VCT 2025 EMEA Stage 2,https://www.vlr.gg/530926/fnatic-vs-karmine-corp-vct-2025-emea-stage-2-lr1,Haven,FNATIC,Karmine Corp,Karmine Corp,Chronicle,Viper,202,16,18,5,138,27%
VCT 2025 EMEA Stage 2,https://www.vlr.gg/530926/fnatic-vs-karmine-corp-vct-2025-emea-stage-2-lr1,Haven,FNATIC,Karmine Corp,Karmine Corp,kaajak,Neon,105,9,18,3,74,26%
VCT 2025 EMEA Stage 2,https://www.vlr.gg/530926/fnatic-vs-karmine-corp-vct-2025-emea-stage-2-lr1,Haven,FNATIC,Karmine Corp,Karmine Corp,Boaster,Omen,109,11,19,3,62,28%
VCT 2025 EMEA Stage 2,https://www.vlr.gg/530926/fnatic-vs-karmine-corp-vct-2025-emea-stage-2-lr1,Haven,Karmine Corp,FNATIC,Karmine Corp,pyrolll,Sova,186,16,14,9,130,33%
VCT 2025 EMEA Stage 2,https://www.vlr.gg/530926/fnatic-vs-karmine-corp-vct-2025-emea-stage-2-lr1,Haven,Karmine Corp,FNATIC,Karmine Corp,marteen,Yoru,261,25,20,3,159,38%
VCT 2025 EMEA Stage 2,https://www.vlr.gg/530926/fnatic-vs-karmine-corp-vct-2025-emea-stage-2-lr1,Haven,Karmine Corp,FNATIC,Karmine Corp,Avez,Phoenix,221,22,15,2,136,46%
VCT 2025 EMEA Stage 2,https://www.vlr.gg/530926/fnatic-vs-karmine-corp-vct-2025-emea-stage-2-lr1,Haven,Karmine Corp,FNATIC,Karmine Corp,SUYGETSU,Omen,155,14,13,11,97,44%
VCT 2025 EMEA Stage 2,https://www.vlr.gg/530926/fnatic-vs-karmine-corp-vct-2025-emea-stage-2-lr1,Haven,Karmine Corp,FNATIC,Karmine Corp,saadhak,Cypher,169,14,19,11,112,26%
VCT 2025 EMEA Stage 2,https://www.vlr.gg/530926/fnatic-vs-karmine-corp-vct-2025-emea-stage-2-lr1,Corrode,FNATIC,Karmine Corp,FNATIC,Chronicle,Viper,331,28,16,17,220,23%
VCT 2025 EMEA Stage 2,https://www.vlr.gg/530926/fnatic-vs-karmine-corp-vct-2025-emea-stage-2-lr1,Corrode,FNATIC,Karmine Corp,FNATIC,crashies,Fade,222,20,14,13,144,31%
VCT 2025 EMEA Stage 2,https://www.vlr.gg/530926/fnatic-vs-karmine-corp-vct-2025-emea-stage-2-lr1,Corrode,FNATIC,Karmine Corp,FNATIC,Alfajer,Vyse,200,19,19,4,131,40%
VCT 2025 EMEA Stage 2,https://www.vlr.gg/530926/fnatic-vs-karmine-corp-vct-2025-emea-stage-2-lr1,Corrode,FNATIC,Karmine Corp,FNATIC,Boaster,Astra,123,10,16,11,83,29%
VCT 2025 EMEA Stage 2,https://www.vlr.gg/530926/fnatic-vs-karmine-corp-vct-2025-emea-stage-2-lr1,Corrode,FNATIC,Karmine Corp,FNATIC,kaajak,Yoru,176,18,21,1,127,45%
VCT 2025 EMEA Stage 2,https://www.vlr.gg/530926/fnatic-vs-karmine-corp-vct-2025-emea-stage-2-lr1,Corrode,Karmine Corp,FNATIC,FNATIC,SUYGETSU,Omen,199,20,19,5,132,38%
VCT 2025 EMEA Stage 2,https://www.vlr.gg/530926/fnatic-vs-karmine-corp-vct-2025-emea-stage-2-lr1,Corrode,Karmine Corp,FNATIC,FNATIC,pyrolll,Fade,214,20,20,1,138,33%
VCT 2025 EMEA Stage 2,https://www.vlr.gg/530926/fnatic-vs-karmine-corp-vct-2025-emea-stage-2-lr1,Corrode,Karmine Corp,FNATIC,FNATIC,Avez,Sova,146,14,17,9,111,48%
VCT 2025 EMEA Stage 2,https://www.vlr.gg/530926/fnatic-vs-karmine-corp-vct-2025-emea-stage-2-lr1,Corrode,Karmine Corp,FNATIC,FNATIC,marteen,Brimstone,202,18,20,6,118,41%
VCT 2025 EMEA Stage 2,https://www.vlr.gg/530926/fnatic-vs-karmine-corp-vct-2025-emea-stage-2-lr1,Corrode,Karmine Corp,FNATIC,FNATIC,saadhak,Kayo,174,14,19,13,120,36%
VCT 2025 EMEA Stage 2,https://www.vlr.gg/530926/fnatic-vs-karmine-corp-vct-2025-emea-stage-2-lr1,Bind,FNATIC,Karmine Corp,FNATIC,Chronicle,Viper,239,19,13,6,146,27%
VCT 2025 EMEA Stage 2,https://www.vlr.gg/530926/fnatic-vs-karmine-corp-vct-2025-emea-stage-2-lr1,Bind,FNATIC,Karmine Corp,FNATIC,Alfajer,Tejo,204,16,13,2,133,36%
VCT 2025 EMEA Stage 2,https://www.vlr.gg/530926/fnatic-vs-karmine-corp-vct-2025-emea-stage-2-lr1,Bind,FNATIC,Karmine Corp,FNATIC,kaajak,Yoru,215,15,14,5,141,33%
VCT 2025 EMEA Stage 2,https://www.vlr.gg/530926/fnatic-vs-karmine-corp-vct-2025-emea-stage-2-lr1,Bind,FNATIC,Karmine Corp,FNATIC,crashies,Fade,161,13,13,9,100,15%
VCT 2025 EMEA Stage 2,https://www.vlr.gg/530926/fnatic-vs-karmine-corp-vct-2025-emea-stage-2-lr1,Bind,FNATIC,Karmine Corp,FNATIC,Boaster,Astra,136,10,11,8,80,28%
VCT 2025 EMEA Stage 2,https://www.vlr.gg/530926/fnatic-vs-karmine-corp-vct-2025-emea-stage-2-lr1,Bind,Karmine Corp,FNATIC,FNATIC,SUYGETSU,Astra,318,24,12,8,192,48%
VCT 2025 EMEA Stage 2,https://www.vlr.gg/530926/fnatic-vs-karmine-corp-vct-2025-emea-stage-2-lr1,Bind,Karmine Corp,FNATIC,FNATIC,marteen,Yoru,161,13,15,1,96,23%
VCT 2025 EMEA Stage 2,https://www.vlr.gg/530926/fnatic-vs-karmine-corp-vct-2025-emea-stage-2-lr1,Bind,Karmine Corp,FNATIC,FNATIC,saadhak,Deadlock,189,14,18,5,126,25%
VCT 2025 EMEA Stage 2,https://www.vlr.gg/530926/fnatic-vs-karmine-corp-vct-2025-emea-stage-2-lr1,Bind,Karmine Corp,FNATIC,FNATIC,Avez,Gekko,124,8,14,4,85,40%
VCT 2025 EMEA Stage 2,https://www.vlr.gg/530926/fnatic-vs-karmine-corp-vct-2025-emea-stage-2-lr1,Bind,Karmine Corp,FNATIC,FNATIC,pyrolll,Vyse,81,5,14,7,53,33%
VCT 2025 EMEA Stage 2,https://www.vlr.gg/530927/natus-vincere-vs-team-vitality-vct-2025-emea-stage-2-lr1,Haven,Natus Vincere,Team Vitality,Natus Vincere,Ruxic,Viper,238,17,9,9,147,52%
VCT 2025 EMEA Stage 2,https://www.vlr.gg/530927/natus-vincere-vs-team-vitality-vct-2025-emea-stage-2-lr1,Haven,Natus Vincere,Team Vitality,Natus Vincere,alexiiik,Neon,254,20,13,4,157,28%
VCT 2025 EMEA Stage 2,https://www.vlr.gg/530927/natus-vincere-vs-team-vitality-vct-2025-emea-stage-2-lr1,Haven,Natus Vincere,Team Vitality,Natus Vincere,hiro,Killjoy,212,16,13,6,144,25%
VCT 2025 EMEA Stage 2,https://www.vlr.gg/530927/natus-vincere-vs-team-vitality-vct-2025-emea-stage-2-lr1,Haven,Natus Vincere,Team Vitality,Natus Vincere,Shao,Omen,186,14,10,6,115,26%
VCT 2025 EMEA Stage 2,https://www.vlr.gg/530927/natus-vincere-vs-team-vitality-vct-2025-emea-stage-2-lr1,Haven,Natus Vincere,Team Vitality,Natus Vincere,ANGE1,Sova,140,11,14,3,94,26%
VCT 2025 EMEA Stage 2,https://www.vlr.gg/530927/natus-vincere-vs-team-vitality-vct-2025-emea-stage-2-lr1,Haven,Team Vitality,Natus Vincere,Natus Vincere,UNFAKE,Sova,206,15,16,8,151,42%
VCT 2025 EMEA Stage 2,https://www.vlr.gg/530927/natus-vincere-vs-team-vitality-vct-2025-emea-stage-2-lr1,Haven,Team Vitality,Natus Vincere,Natus Vincere,Less,Cypher,175,13,13,5,108,26%
VCT 2025 EMEA Stage 2,https://www.vlr.gg/530927/natus-vincere-vs-team-vitality-vct-2025-emea-stage-2-lr1,Haven,Team Vitality,Natus Vincere,Natus Vincere,Sayf,Iso,153,10,15,1,116,32%
VCT 2025 EMEA Stage 2,https://www.vlr.gg/530927/natus-vincere-vs-team-vitality-vct-2025-emea-stage-2-lr1,Haven,Team Vitality,Natus Vincere,Natus Vincere,Derke,Yoru,212,14,18,5,142,35%
VCT 2025 EMEA Stage 2,https://www.vlr.gg/530927/natus-vincere-vs-team-vitality-vct-2025-emea-stage-2-lr1,Haven,Team Vitality,Natus Vincere,Natus Vincere,Kicks,Omen,115,7,16,9,79,19%
VCT 2025 EMEA Stage 2,https://www.vlr.gg/530927/natus-vincere-vs-team-vitality-vct-2025-emea-stage-2-lr1,Bind,Natus Vincere,Team Vitality,Natus Vincere,Ruxic,Omen,308,26,15,11,198,25%
VCT 2025 EMEA Stage 2,https://www.vlr.gg/530927/natus-vincere-vs-team-vitality-vct-2025-emea-stage-2-lr1,Bind,Natus Vincere,Team Vitality,Natus Vincere,hiro,Viper,273,26,16,5,157,27%
VCT 2025 EMEA Stage 2,https://www.vlr.gg/530927/natus-vincere-vs-team-vitality-vct-2025-emea-stage-2-lr1,Bind,Natus Vincere,Team Vitality,Natus Vincere,ANGE1,Kayo,152,13,18,15,121,29%
VCT 2025 EMEA Stage 2,https://www.vlr.gg/530927/natus-vincere-vs-team-vitality-vct-2025-emea-stage-2-lr1,Bind,Natus Vincere,Team Vitality,Natus Vincere,alexiiik,Raze,201,15,18,7,138,22%
VCT 2025 EMEA Stage 2,https://www.vlr.gg/530927/natus-vincere-vs-team-vitality-vct-2025-emea-stage-2-lr1,Bind,Natus Vincere,Team Vitality,Natus Vincere,Shao,Fade,110,10,15,4,82,25%
VCT 2025 EMEA Stage 2,https://www.vlr.gg/530927/natus-vincere-vs-team-vitality-vct-2025-emea-stage-2-lr1,Bind,Team Vitality,Natus Vincere,Natus Vincere,Sayf,Vyse,199,17,14,8,129,40%
VCT 2025 EMEA Stage 2,https://www.vlr.gg/530927/natus-vincere-vs-team-vitality-vct-2025-emea-stage-2-lr1,Bind,Team Vitality,Natus Vincere,Natus Vincere,Derke,Yoru,241,21,21,5,166,31%
VCT 2025 EMEA Stage 2,https://www.vlr.gg/530927/natus-vincere-vs-team-vitality-vct-2025-emea-stage-2-lr1,Bind,Team Vitality,Natus Vincere,Natus Vincere,Kicks,Brimstone,210,17,19,5,146,37%
VCT 2025 EMEA Stage 2,https://www.vlr.gg/530927/natus-vincere-vs-team-vitality-vct-2025-emea-stage-2-lr1,Bind,Team Vitality,Natus Vincere,Natus Vincere,Less,Viper,150,13,16,3,105,44%
VCT 2025 EMEA Stage 2,https://www.vlr.gg/530927/natus-vincere-vs-team-vitality-vct-2025-emea-stage-2-lr1,Bind,Team Vitality,Natus Vincere,Natus Vincere,UNFAKE,Fade,163,14,20,3,109,37%
VCT 2025 EMEA Stage 2,https://www.vlr.gg/530930/giantx-vs-fnatic-vct-2025-emea-stage-2-lr2,Lotus,GIANTX,FNATIC,GIANTX,Flickless,Viper,307,26,13,12,202,22%
VCT 2025 EMEA Stage 2,https://www.vlr.gg/530930/giantx-vs-fnatic-vct-2025-emea-stage-2-lr2,Lotus,GIANTX,FNATIC,GIANTX,grubinho,Omen,236,19,15,9,145,29%
VCT 2025 EMEA Stage 2,https://www.vlr.gg/530930/giantx-vs-fnatic-vct-2025-emea-stage-2-lr2,Lotus,GIANTX,FNATIC,GIANTX,Cloud,Fade,214,20,15,5,138,41%
VCT 2025 EMEA Stage 2,https://www.vlr.gg/530930/giantx-vs-fnatic-vct-2025-emea-stage-2-lr2,Lotus,GIANTX,FNATIC,GIANTX,westside,Cypher,142,12,16,5,90,46%
VCT 2025 EMEA Stage 2,https://www.vlr.gg/530930/giantx-vs-fnatic-vct-2025-emea-stage-2-lr2,Lotus,GIANTX,FNATIC,GIANTX,ara,Raze,129,11,17,3,88,29%
VCT 2025 EMEA Stage 2,https://www.vlr.gg/530930/giantx-vs-fnatic-vct-2025-emea-stage-2-lr2,Lotus,FNATIC,GIANTX,GIANTX,Alfajer,Killjoy,274,23,15,0,181,37%
VCT 2025 EMEA Stage 2,https://www.vlr.gg/530930/giantx-vs-fnatic-vct-2025-emea-stage-2-lr2,Lotus,FNATIC,GIANTX,GIANTX,Chronicle,Viper,219,16,17,8,152,22%
VCT 2025 EMEA Stage 2,https://www.vlr.gg/530930/giantx-vs-fnatic-vct-2025-emea-stage-2-lr2,Lotus,FNATIC,GIANTX,GIANTX,kaajak,Raze,219,17,19,5,144,27%
VCT 2025 EMEA Stage 2,https://www.vlr.gg/530930/giantx-vs-fnatic-vct-2025-emea-stage-2-lr2,Lotus,FNATIC,GIANTX,GIANTX,crashies,Fade,138,12,17,6,92,27%
VCT 2025 EMEA Stage 2,https://www.vlr.gg/530930/giantx-vs-fnatic-vct-2025-emea-stage-2-lr2,Lotus,FNATIC,GIANTX,GIANTX,Boaster,Omen,104,8,20,6,66,38%
VCT 2025 EMEA Stage 2,https://www.vlr.gg/530930/giantx-vs-fnatic-vct-2025-emea-stage-2-lr2,Sunset,GIANTX,FNATIC,GIANTX,westside,Cypher,211,18,16,4,149,46%
VCT 2025 EMEA Stage 2,https://www.vlr.gg/530930/giantx-vs-fnatic-vct-2025-emea-stage-2-lr2,Sunset,GIANTX,FNATIC,GIANTX,grubinho,Omen,195,14,14,16,134,30%
VCT 2025 EMEA Stage 2,https://www.vlr.gg/530930/giantx-vs-fnatic-vct-2025-emea-stage-2-lr2,Sunset,GIANTX,FNATIC,GIANTX,Flickless,Breach,207,20,16,10,133,35%
VCT 2025 EMEA Stage 2,https://www.vlr.gg/530930/giantx-vs-fnatic-vct-2025-emea-stage-2-lr2,Sunset,GIANTX,FNATIC,GIANTX,Cloud,Sova,227,16,16,10,154,25%
VCT 2025 EMEA Stage 2,https://www.vlr.gg/530930/giantx-vs-fnatic-vct-2025-emea-stage-2-lr2,Sunset,GIANTX,FNATIC,GIANTX,ara,Neon,195,15,15,6,130,25%
VCT 2025 EMEA Stage 2,https://www.vlr.gg/530930/giantx-vs-fnatic-vct-2025-emea-stage-2-lr2,Sunset,FNATIC,GIANTX,GIANTX,kaajak,Yoru,327,26,16,4,213,25%
VCT 2025 EMEA Stage 2,https://www.vlr.gg/530930/giantx-vs-fnatic-vct-2025-emea-stage-2-lr2,Sunset,FNATIC,GIANTX,GIANTX,Chronicle,Cypher,196,17,15,7,135,28%
VCT 2025 EMEA Stage 2,https://www.vlr.gg/530930/giantx-vs-fnatic-vct-2025-emea-stage-2-lr2,Sunset,FNATIC,GIANTX,GIANTX,crashies,Sova,133,10,14,11,99,27%
VCT 2025 EMEA Stage 2,https://www.vlr.gg/530930/giantx-vs-fnatic-vct-2025-emea-stage-2-lr2,Sunset,FNATIC,GIANTX,GIANTX,Boaster,Omen,161,13,18,6,115,56%
VCT 2025 EMEA Stage 2,https://www.vlr.gg/530930/giantx-vs-fnatic-vct-2025-emea-stage-2-lr2,Sunset,FNATIC,GIANTX,GIANTX,Alfajer,Neon,136,11,20,2,86,30%
VCT 2025 EMEA Stage 2,https://www.vlr.gg/530931/team-heretics-vs-natus-vincere-vct-2025-emea-stage-2-lr2,Icebox,Team Heretics,Natus Vincere,Natus Vincere,Wo0t,Jett,212,11,14,3,139,43%
VCT 2025 EMEA Stage 2,https://www.vlr.gg/530931/team-heretics-vs-natus-vincere-vct-2025-emea-stage-2-lr2,Icebox,Team Heretics,Natus Vincere,Natus Vincere,benjyfishy,Killjoy,215,12,16,2,140,37%
VCT 2025 EMEA Stage 2,https://www.vlr.gg/530931/team-heretics-vs-natus-vincere-vct-2025-emea-stage-2-lr2,Icebox,Team Heretics,Natus Vincere,Natus Vincere,RieNs,Sova,176,8,15,3,119,32%
VCT 2025 EMEA Stage 2,https://www.vlr.gg/530931/team-heretics-vs-natus-vincere-vct-2025-emea-stage-2-lr2,Icebox,Team Heretics,Natus Vincere,Natus Vincere,MiniBoo,Yoru,158,9,16,0,111,19%
VCT 2025 EMEA Stage 2,https://www.vlr.gg/530931/team-heretics-vs-natus-vincere-vct-2025-emea-stage-2-lr2,Icebox,Team Heretics,Natus Vincere,Natus Vincere,Boo,Viper,86,4,15,1,65,26%
VCT 2025 EMEA Stage 2,https://www.vlr.gg/530931/team-heretics-vs-natus-vincere-vct-2025-emea-stage-2-lr2,Icebox,Natus Vincere,Team Heretics,Natus Vincere,Ruxic,Viper,304,18,8,5,195,30%
VCT 2025 EMEA Stage 2,https://www.vlr.gg/530931/team-heretics-vs-natus-vincere-vct-2025-emea-stage-2-lr2,Icebox,Natus Vincere,Team Heretics,Natus Vincere,hiro,Killjoy,294,20,7,3,187,39%
VCT 2025 EMEA Stage 2,https://www.vlr.gg/530931/team-heretics-vs-natus-vincere-vct-2025-emea-stage-2-lr2,Icebox,Natus Vincere,Team Heretics,Natus Vincere,Shao,Sage,242,15,9,7,150,34%
VCT 2025 EMEA Stage 2,https://www.vlr.gg/530931/team-heretics-vs-natus-vincere-vct-2025-emea-stage-2-lr2,Icebox,Natus Vincere,Team Heretics,Natus Vincere,alexiiik,Jett,204,13,9,3,149,19%
VCT 2025 EMEA Stage 2,https://www.vlr.gg/530931/team-heretics-vs-natus-vincere-vct-2025-emea-stage-2-lr2,Icebox,Natus Vincere,Team Heretics,Natus Vincere,ANGE1,Sova,196,10,11,6,138,36%
VCT 2025 EMEA Stage 2,https://www.vlr.gg/530931/team-heretics-vs-natus-vincere-vct-2025-emea-stage-2-lr2,Haven,Team Heretics,Natus Vincere,Natus Vincere,benjyfishy,Cypher,202,14,14,5,130,44%
VCT 2025 EMEA Stage 2,https://www.vlr.gg/530931/team-heretics-vs-natus-vincere-vct-2025-emea-stage-2-lr2,Haven,Team Heretics,Natus Vincere,Natus Vincere,MiniBoo,Yoru,224,15,17,2,149,33%
VCT 2025 EMEA Stage 2,https://www.vlr.gg/530931/team-heretics-vs-natus-vincere-vct-2025-emea-stage-2-lr2,Haven,Team Heretics,Natus Vincere,Natus Vincere,Wo0t,Iso,192,13,15,6,137,42%
VCT 2025 EMEA Stage 2,https://www.vlr.gg/530931/team-heretics-vs-natus-vincere-vct-2025-emea-stage-2-lr2,Haven,Team Heretics,Natus Vincere,Natus Vincere,RieNs,Sova,166,12,15,4,114,30%
VCT 2025 EMEA Stage 2,https://www.vlr.gg/530931/team-heretics-vs-natus-vincere-vct-2025-emea-stage-2-lr2,Haven,Team Heretics,Natus Vincere,Natus Vincere,Boo,Omen,150,10,15,4,100,38%
VCT 2025 EMEA Stage 2,https://www.vlr.gg/530931/team-heretics-vs-natus-vincere-vct-2025-emea-stage-2-lr2,Haven,Natus Vincere,Team Heretics,Natus Vincere,Shao,Omen,302,22,12,4,183,43%
VCT 2025 EMEA Stage 2,https://www.vlr.gg/530931/team-heretics-vs-natus-vincere-vct-2025-emea-stage-2-lr2,Haven,Natus Vincere,Team Heretics,Natus Vincere,Ruxic,Viper,248,19,14,6,170,25%
VCT 2025 EMEA Stage 2,https://www.vlr.gg/530931/team-heretics-vs-natus-vincere-vct-2025-emea-stage-2-lr2,Haven,Natus Vincere,Team Heretics,Natus Vincere,hiro,Killjoy,228,16,13,6,141,30%
VCT 2025 EMEA Stage 2,https://www.vlr.gg/530931/team-heretics-vs-natus-vincere-vct-2025-emea-stage-2-lr2,Haven,Natus Vincere,Team Heretics,Natus Vincere,alexiiik,Neon,192,12,13,6,120,18%
VCT 2025 EMEA Stage 2,https://www.vlr.gg/530931/team-heretics-vs-natus-vincere-vct-2025-emea-stage-2-lr2,Haven,Natus Vincere,Team Heretics,Natus Vincere,ANGE1,Sova,101,7,12,7,71,28%
VCT 2025 EMEA Stage 2,https://www.vlr.gg/530932/bbl-esports-vs-team-liquid-vct-2025-emea-stage-2-ubf,Ascent,BBL Esports,Team Liquid,Team Liquid,PROFEK,Omen,241,18,16,8,154,16%
VCT 2025 EMEA Stage 2,https://www.vlr.gg/530932/bbl-esports-vs-team-liquid-vct-2025-emea-stage-2-ubf,Ascent,BBL Esports,Team Liquid,Team Liquid,LewN,Jett,245,20,19,1,142,30%
VCT 2025 EMEA Stage 2,https://www.vlr.gg/530932/bbl-esports-vs-team-liquid-vct-2025-emea-stage-2-ubf,Ascent,BBL Esports,Team Liquid,Team Liquid,Jamppi,Kayo,183,14,16,8,121,20%
VCT 2025 EMEA Stage 2,https://www.vlr.gg/530932/bbl-esports-vs-team-liquid-vct-2025-emea-stage-2-ubf,Ascent,BBL Esports,Team Liquid,Team Liquid,MAGNUM,Fade,175,13,19,7,115,23%
VCT 2025 EMEA Stage 2,https://www.vlr.gg/530932/bbl-esports-vs-team-liquid-vct-2025-emea-stage-2-ubf,Ascent,BBL Esports,Team Liquid,Team Liquid,sociablEE,Tejo,93,7,19,2,68,33%
VCT 2025 EMEA Stage 2,https://www.vlr.gg/530932/bbl-esports-vs-team-liquid-vct-2025-emea-stage-2-ubf,Ascent,Team Liquid,BBL Esports,Team Liquid,nAts,Cypher,279,23,13,3,180,23%
VCT 2025 EMEA Stage 2,https://www.vlr.gg/530932/bbl-esports-vs-team-liquid-vct-2025-emea-stage-2-ubf,Ascent,Team Liquid,BBL Esports,Team Liquid,trexx,Sova,217,17,12,6,149,25%
VCT 2025 EMEA Stage 2,https://www.vlr.gg/530932/bbl-esports-vs-team-liquid-vct-2025-emea-stage-2-ubf,Ascent,Team Liquid,BBL Esports,Team Liquid,paTiTek,Kayo,258,21,16,13,162,32%
VCT 2025 EMEA Stage 2,https://www.vlr.gg/530932/bbl-esports-vs-team-liquid-vct-2025-emea-stage-2-ubf,Ascent,Team Liquid,BBL Esports,Team Liquid,keiko,Omen,162,12,13,16,96,34%
VCT 2025 EMEA Stage 2,https://www.vlr.gg/530932/bbl-esports-vs-team-liquid-vct-2025-emea-stage-2-ubf,Ascent,Team Liquid,BBL Esports,Team Liquid,kamo,Jett,182,16,18,2,103,17%
VCT 2025 EMEA Stage 2,https://www.vlr.gg/530932/bbl-esports-vs-team-liquid-vct-2025-emea-stage-2-ubf,Sunset,BBL Esports,Team Liquid,BBL Esports,sociablEE,Deadlock,411,36,15,1,256,38%
VCT 2025 EMEA Stage 2,https://www.vlr.gg/530932/bbl-esports-vs-team-liquid-vct-2025-emea-stage-2-ubf,Sunset,BBL Esports,Team Liquid,BBL Esports,PROFEK,Omen,171,15,17,5,122,30%
VCT 2025 EMEA Stage 2,https://www.vlr.gg/530932/bbl-esports-vs-team-liquid-vct-2025-emea-stage-2-ubf,Sunset,BBL Esports,Team Liquid,BBL Esports,MAGNUM,Viper,169,14,18,4,112,23%
VCT 2025 EMEA Stage 2,https://www.vlr.gg/530932/bbl-esports-vs-team-liquid-vct-2025-emea-stage-2-ubf,Sunset,BBL Esports,Team Liquid,BBL Esports,Jamppi,Sova,168,13,17,5,109,32%
VCT 2025 EMEA Stage 2,https://www.vlr.gg/530932/bbl-esports-vs-team-liquid-vct-2025-emea-stage-2-ubf,Sunset,BBL Esports,Team Liquid,BBL Esports,LewN,Neon,131,9,17,5,89,26%
VCT 2025 EMEA Stage 2,https://www.vlr.gg/530932/bbl-esports-vs-team-liquid-vct-2025-emea-stage-2-ubf,Sunset,Team Liquid,BBL Esports,BBL Esports,keiko,Raze,261,24,17,1,165,27%
VCT 2025 EMEA Stage 2,https://www.vlr.gg/530932/bbl-esports-vs-team-liquid-vct-2025-emea-stage-2-ubf,Sunset,Team Liquid,BBL Esports,BBL Esports,nAts,Cypher,212,17,18,12,144,18%
VCT 2025 EMEA Stage 2,https://www.vlr.gg/530932/bbl-esports-vs-team-liquid-vct-2025-emea-stage-2-ubf,Sunset,Team Liquid,BBL Esports,BBL Esports,kamo,Yoru,205,17,16,7,138,25%
VCT 2025 EMEA Stage 2,https://www.vlr.gg/530932/bbl-esports-vs-team-liquid-vct-2025-emea-stage-2-ubf,Sunset,Team Liquid,BBL Esports,BBL Esports,paTiTek,Omen,157,13,18,11,109,27%
VCT 2025 EMEA Stage 2,https://www.vlr.gg/530932/bbl-esports-vs-team-liquid-vct-2025-emea-stage-2-ubf,Sunset,Team Liquid,BBL Esports,BBL Esports,trexx,Fade,177,13,18,10,106,18%
VCT 2025 EMEA Stage 2,https://www.vlr.gg/530932/bbl-esports-vs-team-liquid-vct-2025-emea-stage-2-ubf,Bind,BBL Esports,Team Liquid,Team Liquid,PROFEK,Brimstone,264,24,17,16,176,23%
VCT 2025 EMEA Stage 2,https://www.vlr.gg/530932/bbl-esports-vs-team-liquid-vct-2025-emea-stage-2-ubf,Bind,BBL Esports,Team Liquid,Team Liquid,LewN,Iso,248,22,22,4,165,33%
VCT 2025 EMEA Stage 2,https://www.vlr.gg/530932/bbl-esports-vs-team-liquid-vct-2025-emea-stage-2-ubf,Bind,BBL Esports,Team Liquid,Team Liquid,MAGNUM,Viper,177,17,19,9,110,25%
VCT 2025 EMEA Stage 2,https://www.vlr.gg/530932/bbl-esports-vs-team-liquid-vct-2025-emea-stage-2-ubf,Bind,BBL Esports,Team Liquid,Team Liquid,Jamppi,Fade,169,15,18,6,120,34%
VCT 2025 EMEA Stage 2,https://www.vlr.gg/530932/bbl-esports-vs-team-liquid-vct-2025-emea-stage-2-ubf,Bind,BBL Esports,Team Liquid,Team Liquid,sociablEE,Yoru,184,17,21,2,119,32%
VCT 2025 EMEA Stage 2,https://www.vlr.gg/530932/bbl-esports-vs-team-liquid-vct-2025-emea-stage-2-ubf,Bind,Team Liquid,BBL Esports,Team Liquid,nAts,Viper,333,30,18,8,223,29%
VCT 2025 EMEA Stage 2,https://www.vlr.gg/530932/bbl-esports-vs-team-liquid-vct-2025-emea-stage-2-ubf,Bind,Team Liquid,BBL Esports,Team Liquid,paTiTek,Skye,201,19,17,11,133,24%
VCT 2025 EMEA Stage 2,https://www.vlr.gg/530932/bbl-esports-vs-team-liquid-vct-2025-emea-stage-2-ubf,Bind,Team Liquid,BBL Esports,Team Liquid,trexx,Gekko,216,21,19,12,135,24%
VCT 2025 EMEA Stage 2,https://www.vlr.gg/530932/bbl-esports-vs-team-liquid-vct-2025-emea-stage-2-ubf,Bind,Team Liquid,BBL Esports,Team Liquid,keiko,Brimstone,189,16,18,15,132,31%
VCT 2025 EMEA Stage 2,https://www.vlr.gg/530932/bbl-esports-vs-team-liquid-vct-2025-emea-stage-2-ubf,Bind,Team Liquid,BBL Esports,Team Liquid,kamo,Raze,149,11,23,4,106,16%
VCT 2025 EMEA Stage 2,https://www.vlr.gg/530933/giantx-vs-natus-vincere-vct-2025-emea-stage-2-lr3,Icebox,GIANTX,Natus Vincere,Natus Vincere,westside,Killjoy,271,18,16,2,165,38%
VCT 2025 EMEA Stage 2,https://www.vlr.gg/530933/giantx-vs-natus-vincere-vct-2025-emea-stage-2-lr3,Icebox,GIANTX,Natus Vincere,Natus Vincere,ara,Jett,208,14,12,1,141,20%
VCT 2025 EMEA Stage 2,https://www.vlr.gg/530933/giantx-vs-natus-vincere-vct-2025-emea-stage-2-lr3,Icebox,GIANTX,Natus Vincere,Natus Vincere,Flickless,Kayo,241,14,17,8,168,34%
VCT 2025 EMEA Stage 2,https://www.vlr.gg/530933/giantx-vs-natus-vincere-vct-2025-emea-stage-2-lr3,Icebox,GIANTX,Natus Vincere,Natus Vincere,Cloud,Gekko,104,5,16,10,74,7%
VCT 2025 EMEA Stage 2,https://www.vlr.gg/530933/giantx-vs-natus-vincere-vct-2025-emea-stage-2-lr3,Icebox,GIANTX,Natus Vincere,Natus Vincere,grubinho,Viper,108,7,16,3,82,35%
VCT 2025 EMEA Stage 2,https://www.vlr.gg/530933/giantx-vs-natus-vincere-vct-2025-emea-stage-2-lr3,Icebox,Natus Vincere,GIANTX,Natus Vincere,hiro,Killjoy,265,19,8,3,179,30%
VCT 2025 EMEA Stage 2,https://www.vlr.gg/530933/giantx-vs-natus-vincere-vct-2025-emea-stage-2-lr3,Icebox,Natus Vincere,GIANTX,Natus Vincere,Ruxic,Viper,285,20,10,4,174,28%
VCT 2025 EMEA Stage 2,https://www.vlr.gg/530933/giantx-vs-natus-vincere-vct-2025-emea-stage-2-lr3,Icebox,Natus Vincere,GIANTX,Natus Vincere,alexiiik,Jett,187,14,11,1,132,30%
VCT 2025 EMEA Stage 2,https://www.vlr.gg/530933/giantx-vs-natus-vincere-vct-2025-emea-stage-2-lr3,Icebox,Natus Vincere,GIANTX,Natus Vincere,ANGE1,Sova,221,15,16,8,151,36%
VCT 2025 EMEA Stage 2,https://www.vlr.gg/530933/giantx-vs-natus-vincere-vct-2025-emea-stage-2-lr3,Icebox,Natus Vincere,GIANTX,Natus Vincere,Shao,Sage,141,9,13,7,87,14%
VCT 2025 EMEA Stage 2,https://www.vlr.gg/530933/giantx-vs-natus-vincere-vct-2025-emea-stage-2-lr3,Sunset,GIANTX,Natus Vincere,GIANTX,ara,Neon,311,23,9,3,214,29%
VCT 2025 EMEA Stage 2,https://www.vlr.gg/530933/giantx-vs-natus-vincere-vct-2025-emea-stage-2-lr3,Sunset,GIANTX,Natus Vincere,GIANTX,Cloud,Sova,289,20,9,5,163,23%
VCT 2025 EMEA Stage 2,https://www.vlr.gg/530933/giantx-vs-natus-vincere-vct-2025-emea-stage-2-lr3,Sunset,GIANTX,Natus Vincere,GIANTX,westside,Cypher,237,16,10,7,152,43%
VCT 2025 EMEA Stage 2,https://www.vlr.gg/530933/giantx-vs-natus-vincere-vct-2025-emea-stage-2-lr3,Sunset,GIANTX,Natus Vincere,GIANTX,Flickless,Breach,172,11,11,11,121,24%
VCT 2025 EMEA Stage 2,https://www.vlr.gg/530933/giantx-vs-natus-vincere-vct-2025-emea-stage-2-lr3,Sunset,GIANTX,Natus Vincere,GIANTX,grubinho,Omen,130,8,16,8,85,21%
VCT 2025 EMEA Stage 2,https://www.vlr.gg/530933/giantx-vs-natus-vincere-vct-2025-emea-stage-2-lr3,Sunset,Natus Vincere,GIANTX,GIANTX,Shao,Fade,244,16,14,5,150,51%
VCT 2025 EMEA Stage 2,https://www.vlr.gg/530933/giantx-vs-natus-vincere-vct-2025-emea-stage-2-lr3,Sunset,Natus Vincere,GIANTX,GIANTX,hiro,Cypher,246,16,16,4,157,44%
VCT 2025 EMEA Stage 2,https://www.vlr.gg/530933/giantx-vs-natus-vincere-vct-2025-emea-stage-2-lr3,Sunset,Natus Vincere,GIANTX,GIANTX,Ruxic,Omen,175,13,15,4,114,33%
VCT 2025 EMEA Stage 2,https://www.vlr.gg/530933/giantx-vs-natus-vincere-vct-2025-emea-stage-2-lr3,Sunset,Natus Vincere,GIANTX,GIANTX,ANGE1,Breach,86,5,16,5,54,55%
VCT 2025 EMEA Stage 2,https://www.vlr.gg/530933/giantx-vs-natus-vincere-vct-2025-emea-stage-2-lr3,Sunset,Natus Vincere,GIANTX,GIANTX,alexiiik,Raze,98,5,17,4,64,3%
VCT 2025 EMEA Stage 2,https://www.vlr.gg/530933/giantx-vs-natus-vincere-vct-2025-emea-stage-2-lr3,Haven,GIANTX,Natus Vincere,GIANTX,ara,Neon,277,19,7,1,159,23%
VCT 2025 EMEA Stage 2,https://www.vlr.gg/530933/giantx-vs-natus-vincere-vct-2025-emea-stage-2-lr3,Haven,GIANTX,Natus Vincere,GIANTX,westside,Cypher,262,17,9,4,180,53%
VCT 2025 EMEA Stage 2,https://www.vlr.gg/530933/giantx-vs-natus-vincere-vct-2025-emea-stage-2-lr3,Haven,GIANTX,Natus Vincere,GIANTX,grubinho,Omen,266,16,12,9,184,31%
VCT 2025 EMEA Stage 2,https://www.vlr.gg/530933/giantx-vs-natus-vincere-vct-2025-emea-stage-2-lr3,Haven,GIANTX,Natus Vincere,GIANTX,Cloud,Sova,171,11,8,4,129,35%
VCT 2025 EMEA Stage 2,https://www.vlr.gg/530933/giantx-vs-natus-vincere-vct-2025-emea-stage-2-lr3,Haven,GIANTX,Natus Vincere,GIANTX,Flickless,Breach,133,7,8,10,90,16%
VCT 2025 EMEA Stage 2,https://www.vlr.gg/530933/giantx-vs-natus-vincere-vct-2025-emea-stage-2-lr3,Haven,Natus Vincere,GIANTX,GIANTX,hiro,Killjoy,220,12,13,4,139,23%
VCT 2025 EMEA Stage 2,https://www.vlr.gg/530933/giantx-vs-natus-vincere-vct-2025-emea-stage-2-lr3,Haven,Natus Vincere,GIANTX,GIANTX,alexiiik,Neon,152,10,13,1,109,63%
VCT 2025 EMEA Stage 2,https://www.vlr.gg/530933/giantx-vs-natus-vincere-vct-2025-emea-stage-2-lr3,Haven,Natus Vincere,GIANTX,GIANTX,Ruxic,Viper,174,10,14,3,104,23%
VCT 2025 EMEA Stage 2,https://www.vlr.gg/530933/giantx-vs-natus-vincere-vct-2025-emea-stage-2-lr3,Haven,Natus Vincere,GIANTX,GIANTX,Shao,Omen,119,6,15,5,76,24%
VCT 2025 EMEA Stage 2,https://www.vlr.gg/530933/giantx-vs-natus-vincere-vct-2025-emea-stage-2-lr3,Haven,Natus Vincere,GIANTX,GIANTX,ANGE1,Sova,111,6,15,4,78,40%
VCT 2025 EMEA Stage 2,https://www.vlr.gg/530934/bbl-esports-vs-giantx-vct-2025-emea-stage-2-lbf,Ascent,BBL Esports,GIANTX,GIANTX,sociablEE,Tejo,199,11,14,0,129,20%
VCT 2025 EMEA Stage 2,https://www.vlr.gg/530934/bbl-esports-vs-giantx-vct-2025-emea-stage-2-lbf,Ascent,BBL Esports,GIANTX,GIANTX,Jamppi,Kayo,137,6,12,7,95,30%
VCT 2025 EMEA Stage 2,https://www.vlr.gg/530934/bbl-esports-vs-giantx-vct-2025-emea-stage-2-lbf,Ascent,BBL Esports,GIANTX,GIANTX,MAGNUM,Fade,169,8,14,4,112,32%
VCT 2025 EMEA Stage 2,https://www.vlr.gg/530934/bbl-esports-vs-giantx-vct-2025-emea-stage-2-lbf,Ascent,BBL Esports,GIANTX,GIANTX,PROFEK,Omen,82,2,15,2,62,17%
VCT 2025 EMEA Stage 2,https://www.vlr.gg/530934/bbl-esports-vs-giantx-vct-2025-emea-stage-2-lbf,Ascent,BBL Esports,GIANTX,GIANTX,LewN,Jett,73,2,15,3,64,10%
VCT 2025 EMEA Stage 2,https://www.vlr.gg/530934/bbl-esports-vs-giantx-vct-2025-emea-stage-2-lbf,Ascent,GIANTX,BBL Esports,GIANTX,Flickless,Kayo,309,16,5,10,184,30%
VCT 2025 EMEA Stage 2,https://www.vlr.gg/530934/bbl-esports-vs-giantx-vct-2025-emea-stage-2-lbf,Ascent,GIANTX,BBL Esports,GIANTX,westside,Cypher,275,18,4,3,195,46%
VCT 2025 EMEA Stage 2,https://www.vlr.gg/530934/bbl-esports-vs-giantx-vct-2025-emea-stage-2-lbf,Ascent,GIANTX,BBL Esports,GIANTX,grubinho,Omen,226,13,5,10,139,41%
VCT 2025 EMEA Stage 2,https://www.vlr.gg/530934/bbl-esports-vs-giantx-vct-2025-emea-stage-2-lbf,Ascent,GIANTX,BBL Esports,GIANTX,ara,Jett,287,15,9,4,193,17%
VCT 2025 EMEA Stage 2,https://www.vlr.gg/530934/bbl-esports-vs-giantx-vct-2025-emea-stage-2-lbf,Ascent,GIANTX,BBL Esports,GIANTX,Cloud,Sova,165,8,6,8,109,32%
VCT 2025 EMEA Stage 2,https://www.vlr.gg/530934/bbl-esports-vs-giantx-vct-2025-emea-stage-2-lbf,Sunset,BBL Esports,GIANTX,GIANTX,sociablEE,Deadlock,244,19,17,2,147,50%
VCT 2025 EMEA Stage 2,https://www.vlr.gg/530934/bbl-esports-vs-giantx-vct-2025-emea-stage-2-lbf,Sunset,BBL Esports,GIANTX,GIANTX,PROFEK,Omen,189,13,14,4,120,34%
VCT 2025 EMEA Stage 2,https://www.vlr.gg/530934/bbl-esports-vs-giantx-vct-2025-emea-stage-2-lbf,Sunset,BBL Esports,GIANTX,GIANTX,MAGNUM,Viper,154,11,16,3,104,26%
VCT 2025 EMEA Stage 2,https://www.vlr.gg/530934/bbl-esports-vs-giantx-vct-2025-emea-stage-2-lbf,Sunset,BBL Esports,GIANTX,GIANTX,Jamppi,Sova,143,9,17,5,106,29%
VCT 2025 EMEA Stage 2,https://www.vlr.gg/530934/bbl-esports-vs-giantx-vct-2025-emea-stage-2-lbf,Sunset,BBL Esports,GIANTX,GIANTX,LewN,Neon,95,7,16,2,65,25%
VCT 2025 EMEA Stage 2,https://www.vlr.gg/530934/bbl-esports-vs-giantx-vct-2025-emea-stage-2-lbf,Sunset,GIANTX,BBL Esports,GIANTX,grubinho,Omen,318,23,13,9,207,31%
VCT 2025 EMEA Stage 2,https://www.vlr.gg/530934/bbl-esports-vs-giantx-vct-2025-emea-stage-2-lbf,Sunset,GIANTX,BBL Esports,GIANTX,ara,Neon,305,24,13,1,188,37%
VCT 2025 EMEA Stage 2,https://www.vlr.gg/530934/bbl-esports-vs-giantx-vct-2025-emea-stage-2-lbf,Sunset,GIANTX,BBL Esports,GIANTX,westside,Cypher,207,17,12,2,133,65%
VCT 2025 EMEA Stage 2,https://www.vlr.gg/530934/bbl-esports-vs-giantx-vct-2025-emea-stage-2-lbf,Sunset,GIANTX,BBL Esports,GIANTX,Flickless,Breach,99,7,8,10,63,47%
VCT 2025 EMEA Stage 2,https://www.vlr.gg/530934/bbl-esports-vs-giantx-vct-2025-emea-stage-2-lbf,Sunset,GIANTX,BBL Esports,GIANTX,Cloud,Sova,140,9,13,8,101,13%
VCT 2025 EMEA Stage 2,https://www.vlr.gg/530934/bbl-esports-vs-giantx-vct-2025-emea-stage-2-lbf,Bind,BBL Esports,GIANTX,GIANTX,Jamppi,Fade,143,9,14,2,99,31%
VCT 2025 EMEA Stage 2,https://www.vlr.gg/530934/bbl-esports-vs-giantx-vct-2025-emea-stage-2-lbf,Bind,BBL Esports,GIANTX,GIANTX,LewN,Iso,197,12,16,2,137,38%
VCT 2025 EMEA Stage 2,https://www.vlr.gg/530934/bbl-esports-vs-giantx-vct-2025-emea-stage-2-lbf,Bind,BBL Esports,GIANTX,GIANTX,MAGNUM,Viper,150,10,15,1,100,27%
VCT 2025 EMEA Stage 2,https://www.vlr.gg/530934/bbl-esports-vs-giantx-vct-2025-emea-stage-2-lbf,Bind,BBL Esports,GIANTX,GIANTX,PROFEK,Brimstone,113,7,17,0,96,20%
VCT 2025 EMEA Stage 2,https://www.vlr.gg/530934/bbl-esports-vs-giantx-vct-2025-emea-stage-2-lbf,Bind,BBL Esports,GIANTX,GIANTX,sociablEE,Yoru,118,8,18,1,79,42%
VCT 2025 EMEA Stage 2,https://www.vlr.gg/530934/bbl-esports-vs-giantx-vct-2025-emea-stage-2-lbf,Bind,GIANTX,BBL Esports,GIANTX,ara,Raze,316,20,9,6,202,28%
VCT 2025 EMEA Stage 2,https://www.vlr.gg/530934/bbl-esports-vs-giantx-vct-2025-emea-stage-2-lbf,Bind,GIANTX,BBL Esports,GIANTX,grubinho,Astra,196,15,7,9,136,31%
VCT 2025 EMEA Stage 2,https://www.vlr.gg/530934/bbl-esports-vs-giantx-vct-2025-emea-stage-2-lbf,Bind,GIANTX,BBL Esports,GIANTX,Flickless,Viper,227,15,10,12,160,29%
VCT 2025 EMEA Stage 2,https://www.vlr.gg/530934/bbl-esports-vs-giantx-vct-2025-emea-stage-2-lbf,Bind,GIANTX,BBL Esports,GIANTX,Cloud,Gekko,169,13,9,3,109,24%
VCT 2025 EMEA Stage 2,https://www.vlr.gg/530934/bbl-esports-vs-giantx-vct-2025-emea-stage-2-lbf,Bind,GIANTX,BBL Esports,GIANTX,westside,Deadlock,224,17,11,4,127,36%
VCT 2025 EMEA Stage 2,https://www.vlr.gg/530935/team-liquid-vs-giantx-vct-2025-emea-stage-2-gf,Bind,Team Liquid,GIANTX,Team Liquid,nAts,Viper,310,25,18,4,212,39%
VCT 2025 EMEA Stage 2,https://www.vlr.gg/530935/team-liquid-vs-giantx-vct-2025-emea-stage-2-gf,Bind,Team Liquid,GIANTX,Team Liquid,kamo,Raze,246,20,15,3,153,25%
VCT 2025 EMEA Stage 2,https://www.vlr.gg/530935/team-liquid-vs-giantx-vct-2025-emea-stage-2-gf,Bind,Team Liquid,GIANTX,Team Liquid,keiko,Brimstone,176,15,14,8,118,63%
VCT 2025 EMEA Stage 2,https://www.vlr.gg/530935/team-liquid-vs-giantx-vct-2025-emea-stage-2-gf,Bind,Team Liquid,GIANTX,Team Liquid,trexx,Gekko,168,14,14,4,119,25%
VCT 2025 EMEA Stage 2,https://www.vlr.gg/530935/team-liquid-vs-giantx-vct-2025-emea-stage-2-gf,Bind,Team Liquid,GIANTX,Team Liquid,paTiTek,Skye,137,10,15,7,101,38%
VCT 2025 EMEA Stage 2,https://www.vlr.gg/530935/team-liquid-vs-giantx-vct-2025-emea-stage-2-gf,Bind,GIANTX,Team Liquid,Team Liquid,grubinho,Astra,218,18,14,8,153,27%
VCT 2025 EMEA Stage 2,https://www.vlr.gg/530935/team-liquid-vs-giantx-vct-2025-emea-stage-2-gf,Bind,GIANTX,Team Liquid,Team Liquid,westside,Deadlock,154,14,14,6,92,42%
VCT 2025 EMEA Stage 2,https://www.vlr.gg/530935/team-liquid-vs-giantx-vct-2025-emea-stage-2-gf,Bind,GIANTX,Team Liquid,Team Liquid,ara,Raze,206,16,18,2,136,37%
VCT 2025 EMEA Stage 2,https://www.vlr.gg/530935/team-liquid-vs-giantx-vct-2025-emea-stage-2-gf,Bind,GIANTX,Team Liquid,Team Liquid,Flickless,Viper,161,13,18,3,108,22%
VCT 2025 EMEA Stage 2,https://www.vlr.gg/530935/team-liquid-vs-giantx-vct-2025-emea-stage-2-gf,Bind,GIANTX,Team Liquid,Team Liquid,Cloud,Gekko,192,15,20,5,126,33%
VCT 2025 EMEA Stage 2,https://www.vlr.gg/530935/team-liquid-vs-giantx-vct-2025-emea-stage-2-gf,Lotus,Team Liquid,GIANTX,Team Liquid,trexx,Fade,359,26,16,17,222,28%
VCT 2025 EMEA Stage 2,https://www.vlr.gg/530935/team-liquid-vs-giantx-vct-2025-emea-stage-2-gf,Lotus,Team Liquid,GIANTX,Team Liquid,nAts,Vyse,242,19,12,11,151,29%
VCT 2025 EMEA Stage 2,https://www.vlr.gg/530935/team-liquid-vs-giantx-vct-2025-emea-stage-2-gf,Lotus,Team Liquid,GIANTX,Team Liquid,keiko,Raze,232,20,14,3,159,22%
VCT 2025 EMEA Stage 2,https://www.vlr.gg/530935/team-liquid-vs-giantx-vct-2025-emea-stage-2-gf,Lotus,Team Liquid,GIANTX,Team Liquid,paTiTek,Omen,179,16,15,9,117,44%
VCT 2025 EMEA Stage 2,https://www.vlr.gg/530935/team-liquid-vs-giantx-vct-2025-emea-stage-2-gf,Lotus,Team Liquid,GIANTX,Team Liquid,kamo,Yoru,191,15,15,11,131,30%
VCT 2025 EMEA Stage 2,https://www.vlr.gg/530935/team-liquid-vs-giantx-vct-2025-emea-stage-2-gf,Lotus,GIANTX,Team Liquid,Team Liquid,ara,Raze,220,17,17,4,146,17%
VCT 2025 EMEA Stage 2,https://www.vlr.gg/530935/team-liquid-vs-giantx-vct-2025-emea-stage-2-gf,Lotus,GIANTX,Team Liquid,Team Liquid,grubinho,Omen,236,18,21,3,152,35%
VCT 2025 EMEA Stage 2,https://www.vlr.gg/530935/team-liquid-vs-giantx-vct-2025-emea-stage-2-gf,Lotus,GIANTX,Team Liquid,Team Liquid,westside,Cypher,160,13,17,3,108,44%
VCT 2025 EMEA Stage 2,https://www.vlr.gg/530935/team-liquid-vs-giantx-vct-2025-emea-stage-2-gf,Lotus,GIANTX,Team Liquid,Team Liquid,Flickless,Viper,174,13,20,5,106,39%
VCT 2025 EMEA Stage 2,https://www.vlr.gg/530935/team-liquid-vs-giantx-vct-2025-emea-stage-2-gf,Lotus,GIANTX,Team Liquid,Team Liquid,Cloud,Fade,144,11,21,4,103,60%
VCT 2025 EMEA Stage 2,https://www.vlr.gg/530935/team-liquid-vs-giantx-vct-2025-emea-stage-2-gf,Sunset,Team Liquid,GIANTX,Team Liquid,paTiTek,Omen,251,21,16,8,161,30%
VCT 2025 EMEA Stage 2,https://www.vlr.gg/530935/team-liquid-vs-giantx-vct-2025-emea-stage-2-gf,Sunset,Team Liquid,GIANTX,Team Liquid,keiko,Raze,252,21,17,4,173,33%
VCT 2025 EMEA Stage 2,https://www.vlr.gg/530935/team-liquid-vs-giantx-vct-2025-emea-stage-2-gf,Sunset,Team Liquid,GIANTX,Team Liquid,trexx,Fade,140,12,12,13,95,17%
VCT 2025 EMEA Stage 2,https://www.vlr.gg/530935/team-liquid-vs-giantx-vct-2025-emea-stage-2-gf,Sunset,Team Liquid,GIANTX,Team Liquid,kamo,Yoru,210,17,17,6,142,23%
VCT 2025 EMEA Stage 2,https://www.vlr.gg/530935/team-liquid-vs-giantx-vct-2025-emea-stage-2-gf,Sunset,Team Liquid,GIANTX,Team Liquid,nAts,Cypher,201,16,18,7,123,24%
VCT 2025 EMEA Stage 2,https://www.vlr.gg/530935/team-liquid-vs-giantx-vct-2025-emea-stage-2-gf,Sunset,GIANTX,Team Liquid,Team Liquid,grubinho,Omen,266,23,17,6,171,46%
VCT 2025 EMEA Stage 2,https://www.vlr.gg/530935/team-liquid-vs-giantx-vct-2025-emea-stage-2-gf,Sunset,GIANTX,Team Liquid,Team Liquid,Flickless,Breach,235,20,18,8,154,32%
VCT 2025 EMEA Stage 2,https://www.vlr.gg/530935/team-liquid-vs-giantx-vct-2025-emea-stage-2-gf,Sunset,GIANTX,Team Liquid,Team Liquid,Cloud,Sova,186,14,17,7,134,22%
VCT 2025 EMEA Stage 2,https://www.vlr.gg/530935/team-liquid-vs-giantx-vct-2025-emea-stage-2-gf,Sunset,GIANTX,Team Liquid,Team Liquid,westside,Cypher,162,14,17,5,119,40%
VCT 2025 EMEA Stage 2,https://www.vlr.gg/530935/team-liquid-vs-giantx-vct-2025-emea-stage-2-gf,Sunset,GIANTX,Team Liquid,Team Liquid,ara,Neon,141,9,18,6,107,28%
VCT 2025 Pacific Stage 2,https://www.vlr.gg/530354/talon-vs-nongshim-redforce-vct-2025-pacific-stage-2-ur1,Lotus,TALON,Nongshim RedForce,TALON,thyy,Raze,379,25,11,6,247,30%
VCT 2025 Pacific Stage 2,https://www.vlr.gg/530354/talon-vs-nongshim-redforce-vct-2025-pacific-stage-2-ur1,Lotus,TALON,Nongshim RedForce,TALON,primmie,Yoru,232,15,10,5,145,42%
VCT 2025 Pacific Stage 2,https://www.vlr.gg/530354/talon-vs-nongshim-redforce-vct-2025-pacific-stage-2-ur1,Lotus,TALON,Nongshim RedForce,TALON,Killua,Fade,172,11,10,12,131,27%
VCT 2025 Pacific Stage 2,https://www.vlr.gg/530354/talon-vs-nongshim-redforce-vct-2025-pacific-stage-2-ur1,Lotus,TALON,Nongshim RedForce,TALON,Crws,Omen,134,9,6,6,80,34%
VCT 2025 Pacific Stage 2,https://www.vlr.gg/530354/talon-vs-nongshim-redforce-vct-2025-pacific-stage-2-ur1,Lotus,TALON,Nongshim RedForce,TALON,JitBoyS,Vyse,99,7,6,3,62,17%
VCT 2025 Pacific Stage 2,https://www.vlr.gg/530354/talon-vs-nongshim-redforce-vct-2025-pacific-stage-2-ur1,Lotus,Nongshim RedForce,TALON,TALON,Ivy,Fade,199,12,13,3,117,24%
VCT 2025 Pacific Stage 2,https://www.vlr.gg/530354/talon-vs-nongshim-redforce-vct-2025-pacific-stage-2-ur1,Lotus,Nongshim RedForce,TALON,TALON,Dambi,Waylay,189,11,15,3,122,53%
VCT 2025 Pacific Stage 2,https://www.vlr.gg/530354/talon-vs-nongshim-redforce-vct-2025-pacific-stage-2-ur1,Lotus,Nongshim RedForce,TALON,TALON,Francis,Breach,143,8,14,6,87,23%
VCT 2025 Pacific Stage 2,https://www.vlr.gg/530354/talon-vs-nongshim-redforce-vct-2025-pacific-stage-2-ur1,Lotus,Nongshim RedForce,TALON,TALON,Rb,Viper,116,7,14,2,80,60%
VCT 2025 Pacific Stage 2,https://www.vlr.gg/530354/talon-vs-nongshim-redforce-vct-2025-pacific-stage-2-ur1,Lotus,Nongshim RedForce,TALON,TALON,Persia,Omen,82,5,11,4,54,33%
VCT 2025 Pacific Stage 2,https://www.vlr.gg/530354/talon-vs-nongshim-redforce-vct-2025-pacific-stage-2-ur1,Corrode,TALON,Nongshim RedForce,TALON,primmie,Deadlock,262,30,19,4,163,36%
VCT 2025 Pacific Stage 2,https://www.vlr.gg/530354/talon-vs-nongshim-redforce-vct-2025-pacific-stage-2-ur1,Corrode,TALON,Nongshim RedForce,TALON,Killua,Sova,255,27,22,8,158,51%
VCT 2025 Pacific Stage 2,https://www.vlr.gg/530354/talon-vs-nongshim-redforce-vct-2025-pacific-stage-2-ur1,Corrode,TALON,Nongshim RedForce,TALON,JitBoyS,Cypher,214,23,21,9,139,37%
VCT 2025 Pacific Stage 2,https://www.vlr.gg/530354/talon-vs-nongshim-redforce-vct-2025-pacific-stage-2-ur1,Corrode,TALON,Nongshim RedForce,TALON,Crws,Omen,200,17,20,13,129,13%
VCT 2025 Pacific Stage 2,https://www.vlr.gg/530354/talon-vs-nongshim-redforce-vct-2025-pacific-stage-2-ur1,Corrode,TALON,Nongshim RedForce,TALON,thyy,Yoru,133,14,22,7,90,38%
VCT 2025 Pacific Stage 2,https://www.vlr.gg/530354/talon-vs-nongshim-redforce-vct-2025-pacific-stage-2-ur1,Corrode,Nongshim RedForce,TALON,TALON,Persia,Omen,251,27,20,8,164,40%
VCT 2025 Pacific Stage 2,https://www.vlr.gg/530354/talon-vs-nongshim-redforce-vct-2025-pacific-stage-2-ur1,Corrode,Nongshim RedForce,TALON,TALON,Rb,Viper,179,20,21,4,130,23%
VCT 2025 Pacific Stage 2,https://www.vlr.gg/530354/talon-vs-nongshim-redforce-vct-2025-pacific-stage-2-ur1,Corrode,Nongshim RedForce,TALON,TALON,Francis,Fade,198,20,23,12,121,26%
VCT 2025 Pacific Stage 2,https://www.vlr.gg/530354/talon-vs-nongshim-redforce-vct-2025-pacific-stage-2-ur1,Corrode,Nongshim RedForce,TALON,TALON,Ivy,Deadlock,177,19,23,3,113,25%
VCT 2025 Pacific Stage 2,https://www.vlr.gg/530354/talon-vs-nongshim-redforce-vct-2025-pacific-stage-2-ur1,Corrode,Nongshim RedForce,TALON,TALON,Dambi,Neon,185,18,24,8,116,28%
VCT 2025 Pacific Stage 2,https://www.vlr.gg/530355/rex-regum-qeon-vs-t1-vct-2025-pacific-stage-2-ur1,Bind,Rex Regum Qeon,T1,T1,Jemkin,Yoru,282,23,17,3,156,35%
VCT 2025 Pacific Stage 2,https://www.vlr.gg/530355/rex-regum-qeon-vs-t1-vct-2025-pacific-stage-2-ur1,Bind,Rex Regum Qeon,T1,T1,crazyguy,Gekko,220,15,15,6,151,57%
VCT 2025 Pacific Stage 2,https://www.vlr.gg/530355/rex-regum-qeon-vs-t1-vct-2025-pacific-stage-2-ur1,Bind,Rex Regum Qeon,T1,T1,xffero,Astra,149,12,15,9,89,38%
VCT 2025 Pacific Stage 2,https://www.vlr.gg/530355/rex-regum-qeon-vs-t1-vct-2025-pacific-stage-2-ur1,Bind,Rex Regum Qeon,T1,T1,Monyet,Waylay,144,10,16,6,91,32%
VCT 2025 Pacific Stage 2,https://www.vlr.gg/530355/rex-regum-qeon-vs-t1-vct-2025-pacific-stage-2-ur1,Bind,Rex Regum Qeon,T1,T1,Kushy,Deadlock,93,8,16,1,63,23%
VCT 2025 Pacific Stage 2,https://www.vlr.gg/530355/rex-regum-qeon-vs-t1-vct-2025-pacific-stage-2-ur1,Bind,T1,Rex Regum Qeon,T1,Meteor,Viper,301,24,14,6,176,44%
VCT 2025 Pacific Stage 2,https://www.vlr.gg/530355/rex-regum-qeon-vs-t1-vct-2025-pacific-stage-2-ur1,Bind,T1,Rex Regum Qeon,T1,iZu,Gekko,216,17,12,9,134,38%
VCT 2025 Pacific Stage 2,https://www.vlr.gg/530355/rex-regum-qeon-vs-t1-vct-2025-pacific-stage-2-ur1,Bind,T1,Rex Regum Qeon,T1,DH,Brimstone,178,14,13,10,119,38%
VCT 2025 Pacific Stage 2,https://www.vlr.gg/530355/rex-regum-qeon-vs-t1-vct-2025-pacific-stage-2-ur1,Bind,T1,Rex Regum Qeon,T1,BuZz,Raze,211,15,17,5,139,19%
VCT 2025 Pacific Stage 2,https://www.vlr.gg/530355/rex-regum-qeon-vs-t1-vct-2025-pacific-stage-2-ur1,Bind,T1,Rex Regum Qeon,T1,stax,Kayo,116,9,12,7,84,35%
VCT 2025 Pacific Stage 2,https://www.vlr.gg/530355/rex-regum-qeon-vs-t1-vct-2025-pacific-stage-2-ur1,Haven,Rex Regum Qeon,T1,Rex Regum Qeon,xffero,Cypher,266,21,10,3,175,37%
VCT 2025 Pacific Stage 2,https://www.vlr.gg/530355/rex-regum-qeon-vs-t1-vct-2025-pacific-stage-2-ur1,Haven,Rex Regum Qeon,T1,Rex Regum Qeon,Jemkin,Yoru,234,18,10,3,154,29%
VCT 2025 Pacific Stage 2,https://www.vlr.gg/530355/rex-regum-qeon-vs-t1-vct-2025-pacific-stage-2-ur1,Haven,Rex Regum Qeon,T1,Rex Regum Qeon,Kushy,Sova,176,13,9,6,113,27%
VCT 2025 Pacific Stage 2,https://www.vlr.gg/530355/rex-regum-qeon-vs-t1-vct-2025-pacific-stage-2-ur1,Haven,Rex Regum Qeon,T1,Rex Regum Qeon,Monyet,Neon,264,17,15,7,159,23%
VCT 2025 Pacific Stage 2,https://www.vlr.gg/530355/rex-regum-qeon-vs-t1-vct-2025-pacific-stage-2-ur1,Haven,Rex Regum Qeon,T1,Rex Regum Qeon,crazyguy,Omen,164,10,14,16,92,16%
VCT 2025 Pacific Stage 2,https://www.vlr.gg/530355/rex-regum-qeon-vs-t1-vct-2025-pacific-stage-2-ur1,Haven,T1,Rex Regum Qeon,Rex Regum Qeon,DH,Omen,268,18,16,8,158,47%
VCT 2025 Pacific Stage 2,https://www.vlr.gg/530355/rex-regum-qeon-vs-t1-vct-2025-pacific-stage-2-ur1,Haven,T1,Rex Regum Qeon,Rex Regum Qeon,iZu,Neon,199,13,15,3,121,26%
VCT 2025 Pacific Stage 2,https://www.vlr.gg/530355/rex-regum-qeon-vs-t1-vct-2025-pacific-stage-2-ur1,Haven,T1,Rex Regum Qeon,Rex Regum Qeon,stax,Sova,160,11,14,5,118,29%
VCT 2025 Pacific Stage 2,https://www.vlr.gg/530355/rex-regum-qeon-vs-t1-vct-2025-pacific-stage-2-ur1,Haven,T1,Rex Regum Qeon,Rex Regum Qeon,BuZz,Yoru,116,8,16,1,82,31%
VCT 2025 Pacific Stage 2,https://www.vlr.gg/530355/rex-regum-qeon-vs-t1-vct-2025-pacific-stage-2-ur1,Haven,T1,Rex Regum Qeon,Rex Regum Qeon,Meteor,Cypher,124,8,18,5,74,29%
VCT 2025 Pacific Stage 2,https://www.vlr.gg/530355/rex-regum-qeon-vs-t1-vct-2025-pacific-stage-2-ur1,Sunset,Rex Regum Qeon,T1,T1,Jemkin,Waylay,262,19,15,2,153,31%
VCT 2025 Pacific Stage 2,https://www.vlr.gg/530355/rex-regum-qeon-vs-t1-vct-2025-pacific-stage-2-ur1,Sunset,Rex Regum Qeon,T1,T1,Monyet,Omen,206,16,16,5,125,33%
VCT 2025 Pacific Stage 2,https://www.vlr.gg/530355/rex-regum-qeon-vs-t1-vct-2025-pacific-stage-2-ur1,Sunset,Rex Regum Qeon,T1,T1,Kushy,Fade,163,12,14,5,110,31%
VCT 2025 Pacific Stage 2,https://www.vlr.gg/530355/rex-regum-qeon-vs-t1-vct-2025-pacific-stage-2-ur1,Sunset,Rex Regum Qeon,T1,T1,xffero,Cypher,165,12,14,5,120,33%
VCT 2025 Pacific Stage 2,https://www.vlr.gg/530355/rex-regum-qeon-vs-t1-vct-2025-pacific-stage-2-ur1,Sunset,Rex Regum Qeon,T1,T1,crazyguy,Breach,142,8,19,7,102,28%
VCT 2025 Pacific Stage 2,https://www.vlr.gg/530355/rex-regum-qeon-vs-t1-vct-2025-pacific-stage-2-ur1,Sunset,T1,Rex Regum Qeon,T1,BuZz,Yoru,247,18,15,8,161,33%
VCT 2025 Pacific Stage 2,https://www.vlr.gg/530355/rex-regum-qeon-vs-t1-vct-2025-pacific-stage-2-ur1,Sunset,T1,Rex Regum Qeon,T1,stax,Sova,157,13,9,4,111,25%
VCT 2025 Pacific Stage 2,https://www.vlr.gg/530355/rex-regum-qeon-vs-t1-vct-2025-pacific-stage-2-ur1,Sunset,T1,Rex Regum Qeon,T1,Meteor,Cypher,228,17,12,7,152,24%
VCT 2025 Pacific Stage 2,https://www.vlr.gg/530355/rex-regum-qeon-vs-t1-vct-2025-pacific-stage-2-ur1,Sunset,T1,Rex Regum Qeon,T1,iZu,Neon,220,15,15,7,134,29%
VCT 2025 Pacific Stage 2,https://www.vlr.gg/530355/rex-regum-qeon-vs-t1-vct-2025-pacific-stage-2-ur1,Sunset,T1,Rex Regum Qeon,T1,DH,Omen,196,15,16,12,120,31%
VCT 2025 Pacific Stage 2,https://www.vlr.gg/530356/drx-vs-talon-vct-2025-pacific-stage-2-ubsf,Bind,DRX,TALON,DRX,HYUNMIN,Raze,254,22,16,1,168,29%
VCT 2025 Pacific Stage 2,https://www.vlr.gg/530356/drx-vs-talon-vct-2025-pacific-stage-2-ubsf,Bind,DRX,TALON,DRX,free1ng,Viper,206,17,14,7,126,28%
VCT 2025 Pacific Stage 2,https://www.vlr.gg/530356/drx-vs-talon-vct-2025-pacific-stage-2-ubsf,Bind,DRX,TALON,DRX,MaKo,Brimstone,181,14,15,12,116,20%
VCT 2025 Pacific Stage 2,https://www.vlr.gg/530356/drx-vs-talon-vct-2025-pacific-stage-2-ubsf,Bind,DRX,TALON,DRX,Estrella,Fade,172,13,14,10,117,28%
VCT 2025 Pacific Stage 2,https://www.vlr.gg/530356/drx-vs-talon-vct-2025-pacific-stage-2-ubsf,Bind,DRX,TALON,DRX,Flashback,Vyse,154,13,16,6,100,38%
VCT 2025 Pacific Stage 2,https://www.vlr.gg/530356/drx-vs-talon-vct-2025-pacific-stage-2-ubsf,Bind,TALON,DRX,DRX,thyy,Raze,229,20,16,5,148,28%
VCT 2025 Pacific Stage 2,https://www.vlr.gg/530356/drx-vs-talon-vct-2025-pacific-stage-2-ubsf,Bind,TALON,DRX,DRX,JitBoyS,Astra,204,13,16,15,143,30%
VCT 2025 Pacific Stage 2,https://www.vlr.gg/530356/drx-vs-talon-vct-2025-pacific-stage-2-ubsf,Bind,TALON,DRX,DRX,primmie,Deadlock,189,18,16,2,131,44%
VCT 2025 Pacific Stage 2,https://www.vlr.gg/530356/drx-vs-talon-vct-2025-pacific-stage-2-ubsf,Bind,TALON,DRX,DRX,Crws,Fade,136,11,14,5,88,18%
VCT 2025 Pacific Stage 2,https://www.vlr.gg/530356/drx-vs-talon-vct-2025-pacific-stage-2-ubsf,Bind,TALON,DRX,DRX,Killua,Gekko,124,12,17,4,83,40%
VCT 2025 Pacific Stage 2,https://www.vlr.gg/530356/drx-vs-talon-vct-2025-pacific-stage-2-ubsf,Haven,DRX,TALON,TALON,Flashback,Vyse,280,23,16,4,180,33%
VCT 2025 Pacific Stage 2,https://www.vlr.gg/530356/drx-vs-talon-vct-2025-pacific-stage-2-ubsf,Haven,DRX,TALON,TALON,HYUNMIN,Neon,225,19,16,2,144,23%
VCT 2025 Pacific Stage 2,https://www.vlr.gg/530356/drx-vs-talon-vct-2025-pacific-stage-2-ubsf,Haven,DRX,TALON,TALON,free1ng,Viper,160,10,16,8,103,22%
VCT 2025 Pacific Stage 2,https://www.vlr.gg/530356/drx-vs-talon-vct-2025-pacific-stage-2-ubsf,Haven,DRX,TALON,TALON,Estrella,Fade,123,9,16,6,99,27%
VCT 2025 Pacific Stage 2,https://www.vlr.gg/530356/drx-vs-talon-vct-2025-pacific-stage-2-ubsf,Haven,DRX,TALON,TALON,MaKo,Omen,98,6,16,5,66,35%
VCT 2025 Pacific Stage 2,https://www.vlr.gg/530356/drx-vs-talon-vct-2025-pacific-stage-2-ubsf,Haven,TALON,DRX,TALON,JitBoyS,Cypher,246,20,13,1,161,40%
VCT 2025 Pacific Stage 2,https://www.vlr.gg/530356/drx-vs-talon-vct-2025-pacific-stage-2-ubsf,Haven,TALON,DRX,TALON,primmie,Yoru,223,17,15,6,151,28%
VCT 2025 Pacific Stage 2,https://www.vlr.gg/530356/drx-vs-talon-vct-2025-pacific-stage-2-ubsf,Haven,TALON,DRX,TALON,Crws,Deadlock,202,15,14,3,126,33%
VCT 2025 Pacific Stage 2,https://www.vlr.gg/530356/drx-vs-talon-vct-2025-pacific-stage-2-ubsf,Haven,TALON,DRX,TALON,thyy,Omen,166,13,12,10,109,43%
VCT 2025 Pacific Stage 2,https://www.vlr.gg/530356/drx-vs-talon-vct-2025-pacific-stage-2-ubsf,Haven,TALON,DRX,TALON,Killua,Sova,171,15,13,3,117,26%
VCT 2025 Pacific Stage 2,https://www.vlr.gg/530356/drx-vs-talon-vct-2025-pacific-stage-2-ubsf,Lotus,DRX,TALON,TALON,Estrella,Fade,179,12,13,9,112,26%
VCT 2025 Pacific Stage 2,https://www.vlr.gg/530356/drx-vs-talon-vct-2025-pacific-stage-2-ubsf,Lotus,DRX,TALON,TALON,free1ng,Viper,196,13,13,8,125,44%
VCT 2025 Pacific Stage 2,https://www.vlr.gg/530356/drx-vs-talon-vct-2025-pacific-stage-2-ubsf,Lotus,DRX,TALON,TALON,HYUNMIN,Raze,207,13,18,5,140,24%
VCT 2025 Pacific Stage 2,https://www.vlr.gg/530356/drx-vs-talon-vct-2025-pacific-stage-2-ubsf,Lotus,DRX,TALON,TALON,Flashback,Vyse,178,13,16,3,109,39%
VCT 2025 Pacific Stage 2,https://www.vlr.gg/530356/drx-vs-talon-vct-2025-pacific-stage-2-ubsf,Lotus,DRX,TALON,TALON,MaKo,Omen,115,7,16,6,66,25%
VCT 2025 Pacific Stage 2,https://www.vlr.gg/530356/drx-vs-talon-vct-2025-pacific-stage-2-ubsf,Lotus,TALON,DRX,TALON,Killua,Fade,256,20,11,9,168,57%
VCT 2025 Pacific Stage 2,https://www.vlr.gg/530356/drx-vs-talon-vct-2025-pacific-stage-2-ubsf,Lotus,TALON,DRX,TALON,JitBoyS,Vyse,201,15,10,4,125,16%
VCT 2025 Pacific Stage 2,https://www.vlr.gg/530356/drx-vs-talon-vct-2025-pacific-stage-2-ubsf,Lotus,TALON,DRX,TALON,thyy,Raze,263,19,15,6,168,31%
VCT 2025 Pacific Stage 2,https://www.vlr.gg/530356/drx-vs-talon-vct-2025-pacific-stage-2-ubsf,Lotus,TALON,DRX,TALON,Crws,Omen,126,9,9,10,74,26%
VCT 2025 Pacific Stage 2,https://www.vlr.gg/530356/drx-vs-talon-vct-2025-pacific-stage-2-ubsf,Lotus,TALON,DRX,TALON,primmie,Yoru,166,13,13,4,100,32%
VCT 2025 Pacific Stage 2,https://www.vlr.gg/530357/paper-rex-vs-t1-vct-2025-pacific-stage-2-ubsf,Sunset,Paper Rex,T1,Paper Rex,f0rsakeN,Omen,251,19,12,7,156,31%
VCT 2025 Pacific Stage 2,https://www.vlr.gg/530357/paper-rex-vs-t1-vct-2025-pacific-stage-2-ubsf,Sunset,Paper Rex,T1,Paper Rex,Jinggg,Raze,288,20,16,6,187,27%
VCT 2025 Pacific Stage 2,https://www.vlr.gg/530357/paper-rex-vs-t1-vct-2025-pacific-stage-2-ubsf,Sunset,Paper Rex,T1,Paper Rex,d4v41,Sage,182,15,12,6,112,39%
VCT 2025 Pacific Stage 2,https://www.vlr.gg/530357/paper-rex-vs-t1-vct-2025-pacific-stage-2-ubsf,Sunset,Paper Rex,T1,Paper Rex,something,Sova,197,14,13,5,136,32%
VCT 2025 Pacific Stage 2,https://www.vlr.gg/530357/paper-rex-vs-t1-vct-2025-pacific-stage-2-ubsf,Sunset,Paper Rex,T1,Paper Rex,PatMen,Viper,135,10,13,3,98,41%
VCT 2025 Pacific Stage 2,https://www.vlr.gg/530357/paper-rex-vs-t1-vct-2025-pacific-stage-2-ubsf,Sunset,T1,Paper Rex,Paper Rex,Meteor,Cypher,258,19,15,5,149,21%
VCT 2025 Pacific Stage 2,https://www.vlr.gg/530357/paper-rex-vs-t1-vct-2025-pacific-stage-2-ubsf,Sunset,T1,Paper Rex,Paper Rex,BuZz,Yoru,240,18,16,3,154,29%
VCT 2025 Pacific Stage 2,https://www.vlr.gg/530357/paper-rex-vs-t1-vct-2025-pacific-stage-2-ubsf,Sunset,T1,Paper Rex,Paper Rex,DH,Omen,142,10,14,9,109,38%
VCT 2025 Pacific Stage 2,https://www.vlr.gg/530357/paper-rex-vs-t1-vct-2025-pacific-stage-2-ubsf,Sunset,T1,Paper Rex,Paper Rex,stax,Sova,125,10,15,4,79,16%
VCT 2025 Pacific Stage 2,https://www.vlr.gg/530357/paper-rex-vs-t1-vct-2025-pacific-stage-2-ubsf,Sunset,T1,Paper Rex,Paper Rex,iZu,Neon,161,9,18,8,108,16%
VCT 2025 Pacific Stage 2,https://www.vlr.gg/530357/paper-rex-vs-t1-vct-2025-pacific-stage-2-ubsf,Bind,Paper Rex,T1,Paper Rex,Jinggg,Raze,352,24,9,3,226,24%
VCT 2025 Pacific Stage 2,https://www.vlr.gg/530357/paper-rex-vs-t1-vct-2025-pacific-stage-2-ubsf,Bind,Paper Rex,T1,Paper Rex,f0rsakeN,Brimstone,221,16,10,9,160,44%
VCT 2025 Pacific Stage 2,https://www.vlr.gg/530357/paper-rex-vs-t1-vct-2025-pacific-stage-2-ubsf,Bind,Paper Rex,T1,Paper Rex,something,Yoru,189,12,12,9,126,57%
VCT 2025 Pacific Stage 2,https://www.vlr.gg/530357/paper-rex-vs-t1-vct-2025-pacific-stage-2-ubsf,Bind,Paper Rex,T1,Paper Rex,d4v41,Viper,162,12,12,4,110,32%
VCT 2025 Pacific Stage 2,https://www.vlr.gg/530357/paper-rex-vs-t1-vct-2025-pacific-stage-2-ubsf,Bind,Paper Rex,T1,Paper Rex,PatMen,Fade,161,11,11,7,96,35%
VCT 2025 Pacific Stage 2,https://www.vlr.gg/530357/paper-rex-vs-t1-vct-2025-pacific-stage-2-ubsf,Bind,T1,Paper Rex,Paper Rex,stax,Kayo,219,14,15,9,137,37%
VCT 2025 Pacific Stage 2,https://www.vlr.gg/530357/paper-rex-vs-t1-vct-2025-pacific-stage-2-ubsf,Bind,T1,Paper Rex,Paper Rex,Meteor,Viper,227,14,15,3,144,21%
VCT 2025 Pacific Stage 2,https://www.vlr.gg/530357/paper-rex-vs-t1-vct-2025-pacific-stage-2-ubsf,Bind,T1,Paper Rex,Paper Rex,DH,Brimstone,120,8,15,8,71,40%
VCT 2025 Pacific Stage 2,https://www.vlr.gg/530357/paper-rex-vs-t1-vct-2025-pacific-stage-2-ubsf,Bind,T1,Paper Rex,Paper Rex,iZu,Gekko,140,8,14,4,98,23%
VCT 2025 Pacific Stage 2,https://www.vlr.gg/530357/paper-rex-vs-t1-vct-2025-pacific-stage-2-ubsf,Bind,T1,Paper Rex,Paper Rex,BuZz,Raze,162,10,16,1,115,18%
VCT 2025 Pacific Stage 2,https://www.vlr.gg/530358/nongshim-redforce-vs-detonation-focusme-vct-2025-pacific-stage-2-lr1,Lotus,Nongshim RedForce,DetonatioN FocusMe,Nongshim RedForce,Persia,Omen,245,18,9,8,164,33%
VCT 2025 Pacific Stage 2,https://www.vlr.gg/530358/nongshim-redforce-vs-detonation-focusme-vct-2025-pacific-stage-2-lr1,Lotus,Nongshim RedForce,DetonatioN FocusMe,Nongshim RedForce,Dambi,Neon,280,20,11,7,173,17%
VCT 2025 Pacific Stage 2,https://www.vlr.gg/530358/nongshim-redforce-vs-detonation-focusme-vct-2025-pacific-stage-2-lr1,Lotus,Nongshim RedForce,DetonatioN FocusMe,Nongshim RedForce,Ivy,Deadlock,156,12,6,10,88,28%
VCT 2025 Pacific Stage 2,https://www.vlr.gg/530358/nongshim-redforce-vs-detonation-focusme-vct-2025-pacific-stage-2-lr1,Lotus,Nongshim RedForce,DetonatioN FocusMe,Nongshim RedForce,Francis,Fade,226,17,10,5,145,33%
VCT 2025 Pacific Stage 2,https://www.vlr.gg/530358/nongshim-redforce-vs-detonation-focusme-vct-2025-pacific-stage-2-lr1,Lotus,Nongshim RedForce,DetonatioN FocusMe,Nongshim RedForce,Rb,Viper,141,9,13,1,98,31%
VCT 2025 Pacific Stage 2,https://www.vlr.gg/530358/nongshim-redforce-vs-detonation-focusme-vct-2025-pacific-stage-2-lr1,Lotus,DetonatioN FocusMe,Nongshim RedForce,Nongshim RedForce,Akame,Raze,236,14,16,5,160,16%
VCT 2025 Pacific Stage 2,https://www.vlr.gg/530358/nongshim-redforce-vs-detonation-focusme-vct-2025-pacific-stage-2-lr1,Lotus,DetonatioN FocusMe,Nongshim RedForce,Nongshim RedForce,Meiy,Yoru,194,12,13,5,130,45%
VCT 2025 Pacific Stage 2,https://www.vlr.gg/530358/nongshim-redforce-vs-detonation-focusme-vct-2025-pacific-stage-2-lr1,Lotus,DetonatioN FocusMe,Nongshim RedForce,Nongshim RedForce,Jinboong,Fade,133,8,16,4,94,25%
VCT 2025 Pacific Stage 2,https://www.vlr.gg/530358/nongshim-redforce-vs-detonation-focusme-vct-2025-pacific-stage-2-lr1,Lotus,DetonatioN FocusMe,Nongshim RedForce,Nongshim RedForce,gyen,Viper,145,10,17,1,96,38%
VCT 2025 Pacific Stage 2,https://www.vlr.gg/530358/nongshim-redforce-vs-detonation-focusme-vct-2025-pacific-stage-2-lr1,Lotus,DetonatioN FocusMe,Nongshim RedForce,Nongshim RedForce,SSeeS,Omen,89,5,14,4,56,13%
VCT 2025 Pacific Stage 2,https://www.vlr.gg/530358/nongshim-redforce-vs-detonation-focusme-vct-2025-pacific-stage-2-lr1,Ascent,Nongshim RedForce,DetonatioN FocusMe,Nongshim RedForce,Rb,Viper,230,19,12,8,156,25%
VCT 2025 Pacific Stage 2,https://www.vlr.gg/530358/nongshim-redforce-vs-detonation-focusme-vct-2025-pacific-stage-2-lr1,Ascent,Nongshim RedForce,DetonatioN FocusMe,Nongshim RedForce,Dambi,Neon,200,18,15,8,126,16%
VCT 2025 Pacific Stage 2,https://www.vlr.gg/530358/nongshim-redforce-vs-detonation-focusme-vct-2025-pacific-stage-2-lr1,Ascent,Nongshim RedForce,DetonatioN FocusMe,Nongshim RedForce,Francis,Sova,197,17,15,9,131,26%
VCT 2025 Pacific Stage 2,https://www.vlr.gg/530358/nongshim-redforce-vs-detonation-focusme-vct-2025-pacific-stage-2-lr1,Ascent,Nongshim RedForce,DetonatioN FocusMe,Nongshim RedForce,Persia,Omen,160,12,15,11,98,21%
VCT 2025 Pacific Stage 2,https://www.vlr.gg/530358/nongshim-redforce-vs-detonation-focusme-vct-2025-pacific-stage-2-lr1,Ascent,Nongshim RedForce,DetonatioN FocusMe,Nongshim RedForce,Ivy,Killjoy,167,14,15,4,115,27%
VCT 2025 Pacific Stage 2,https://www.vlr.gg/530358/nongshim-redforce-vs-detonation-focusme-vct-2025-pacific-stage-2-lr1,Ascent,DetonatioN FocusMe,Nongshim RedForce,Nongshim RedForce,gyen,Omen,213,19,14,11,142,33%
VCT 2025 Pacific Stage 2,https://www.vlr.gg/530358/nongshim-redforce-vs-detonation-focusme-vct-2025-pacific-stage-2-lr1,Ascent,DetonatioN FocusMe,Nongshim RedForce,Nongshim RedForce,Jinboong,Killjoy,236,17,16,4,160,33%
VCT 2025 Pacific Stage 2,https://www.vlr.gg/530358/nongshim-redforce-vs-detonation-focusme-vct-2025-pacific-stage-2-lr1,Ascent,DetonatioN FocusMe,Nongshim RedForce,Nongshim RedForce,Meiy,Jett,206,17,17,3,124,23%
VCT 2025 Pacific Stage 2,https://www.vlr.gg/530358/nongshim-redforce-vs-detonation-focusme-vct-2025-pacific-stage-2-lr1,Ascent,DetonatioN FocusMe,Nongshim RedForce,Nongshim RedForce,SSeeS,Sova,161,12,16,3,107,22%
VCT 2025 Pacific Stage 2,https://www.vlr.gg/530358/nongshim-redforce-vs-detonation-focusme-vct-2025-pacific-stage-2-lr1,Ascent,DetonatioN FocusMe,Nongshim RedForce,Nongshim RedForce,Akame,Kayo,107,7,18,9,82,25%
VCT 2025 Pacific Stage 2,https://www.vlr.gg/530359/rex-regum-qeon-vs-gen-g-vct-2025-pacific-stage-2-lr1,Haven,Rex Regum Qeon,Gen.G,Gen.G,crazyguy,Omen,224,17,13,13,129,24%
VCT 2025 Pacific Stage 2,https://www.vlr.gg/530359/rex-regum-qeon-vs-gen-g-vct-2025-pacific-stage-2-lr1,Haven,Rex Regum Qeon,Gen.G,Gen.G,Jemkin,Yoru,229,18,15,6,134,21%
VCT 2025 Pacific Stage 2,https://www.vlr.gg/530359/rex-regum-qeon-vs-gen-g-vct-2025-pacific-stage-2-lr1,Haven,Rex Regum Qeon,Gen.G,Gen.G,Monyet,Neon,222,16,16,8,141,32%
VCT 2025 Pacific Stage 2,https://www.vlr.gg/530359/rex-regum-qeon-vs-gen-g-vct-2025-pacific-stage-2-lr1,Haven,Rex Regum Qeon,Gen.G,Gen.G,Kushy,Sova,105,7,16,6,75,20%
VCT 2025 Pacific Stage 2,https://www.vlr.gg/530359/rex-regum-qeon-vs-gen-g-vct-2025-pacific-stage-2-lr1,Haven,Rex Regum Qeon,Gen.G,Gen.G,xffero,Cypher,96,8,15,1,58,26%
VCT 2025 Pacific Stage 2,https://www.vlr.gg/530359/rex-regum-qeon-vs-gen-g-vct-2025-pacific-stage-2-lr1,Haven,Gen.G,Rex Regum Qeon,Gen.G,t3xture,Neon,272,23,13,3,165,31%
VCT 2025 Pacific Stage 2,https://www.vlr.gg/530359/rex-regum-qeon-vs-gen-g-vct-2025-pacific-stage-2-lr1,Haven,Gen.G,Rex Regum Qeon,Gen.G,Foxy9,Killjoy,160,12,11,2,132,27%
VCT 2025 Pacific Stage 2,https://www.vlr.gg/530359/rex-regum-qeon-vs-gen-g-vct-2025-pacific-stage-2-lr1,Haven,Gen.G,Rex Regum Qeon,Gen.G,Karon,Omen,164,14,13,9,95,50%
VCT 2025 Pacific Stage 2,https://www.vlr.gg/530359/rex-regum-qeon-vs-gen-g-vct-2025-pacific-stage-2-lr1,Haven,Gen.G,Rex Regum Qeon,Gen.G,Munchkin,Viper,181,14,15,13,115,17%
VCT 2025 Pacific Stage 2,https://www.vlr.gg/530359/rex-regum-qeon-vs-gen-g-vct-2025-pacific-stage-2-lr1,Haven,Gen.G,Rex Regum Qeon,Gen.G,Ash,Sova,179,12,14,7,122,7%
VCT 2025 Pacific Stage 2,https://www.vlr.gg/530359/rex-regum-qeon-vs-gen-g-vct-2025-pacific-stage-2-lr1,Sunset,Rex Regum Qeon,Gen.G,Rex Regum Qeon,Jemkin,Waylay,271,24,15,4,172,45%
VCT 2025 Pacific Stage 2,https://www.vlr.gg/530359/rex-regum-qeon-vs-gen-g-vct-2025-pacific-stage-2-lr1,Sunset,Rex Regum Qeon,Gen.G,Rex Regum Qeon,crazyguy,Breach,228,19,13,8,141,59%
VCT 2025 Pacific Stage 2,https://www.vlr.gg/530359/rex-regum-qeon-vs-gen-g-vct-2025-pacific-stage-2-lr1,Sunset,Rex Regum Qeon,Gen.G,Rex Regum Qeon,xffero,Cypher,154,14,10,7,100,23%
VCT 2025 Pacific Stage 2,https://www.vlr.gg/530359/rex-regum-qeon-vs-gen-g-vct-2025-pacific-stage-2-lr1,Sunset,Rex Regum Qeon,Gen.G,Rex Regum Qeon,Monyet,Omen,202,17,14,11,140,44%
VCT 2025 Pacific Stage 2,https://www.vlr.gg/530359/rex-regum-qeon-vs-gen-g-vct-2025-pacific-stage-2-lr1,Sunset,Rex Regum Qeon,Gen.G,Rex Regum Qeon,Kushy,Fade,104,10,16,5,76,33%
VCT 2025 Pacific Stage 2,https://www.vlr.gg/530359/rex-regum-qeon-vs-gen-g-vct-2025-pacific-stage-2-lr1,Sunset,Gen.G,Rex Regum Qeon,Rex Regum Qeon,Karon,Omen,151,14,13,10,101,32%
VCT 2025 Pacific Stage 2,https://www.vlr.gg/530359/rex-regum-qeon-vs-gen-g-vct-2025-pacific-stage-2-lr1,Sunset,Gen.G,Rex Regum Qeon,Rex Regum Qeon,Ash,Sova,159,13,17,4,108,20%
VCT 2025 Pacific Stage 2,https://www.vlr.gg/530359/rex-regum-qeon-vs-gen-g-vct-2025-pacific-stage-2-lr1,Sunset,Gen.G,Rex Regum Qeon,Rex Regum Qeon,t3xture,Neon,202,15,20,7,130,25%
VCT 2025 Pacific Stage 2,https://www.vlr.gg/530359/rex-regum-qeon-vs-gen-g-vct-2025-pacific-stage-2-lr1,Sunset,Gen.G,Rex Regum Qeon,Rex Regum Qeon,Munchkin,Viper,168,12,16,6,108,29%
VCT 2025 Pacific Stage 2,https://www.vlr.gg/530359/rex-regum-qeon-vs-gen-g-vct-2025-pacific-stage-2-lr1,Sunset,Gen.G,Rex Regum Qeon,Rex Regum Qeon,Foxy9,Deadlock,156,14,18,5,101,48%
VCT 2025 Pacific Stage 2,https://www.vlr.gg/530359/rex-regum-qeon-vs-gen-g-vct-2025-pacific-stage-2-lr1,Corrode,Rex Regum Qeon,Gen.G,Rex Regum Qeon,xffero,Viper,279,18,9,6,195,35%
VCT 2025 Pacific Stage 2,https://www.vlr.gg/530359/rex-regum-qeon-vs-gen-g-vct-2025-pacific-stage-2-lr1,Corrode,Rex Regum Qeon,Gen.G,Rex Regum Qeon,Monyet,Neon,276,19,12,5,178,27%
VCT 2025 Pacific Stage 2,https://www.vlr.gg/530359/rex-regum-qeon-vs-gen-g-vct-2025-pacific-stage-2-lr1,Corrode,Rex Regum Qeon,Gen.G,Rex Regum Qeon,Kushy,Fade,223,15,12,9,134,31%
VCT 2025 Pacific Stage 2,https://www.vlr.gg/530359/rex-regum-qeon-vs-gen-g-vct-2025-pacific-stage-2-lr1,Corrode,Rex Regum Qeon,Gen.G,Rex Regum Qeon,crazyguy,Omen,194,14,10,6,126,32%
VCT 2025 Pacific Stage 2,https://www.vlr.gg/530359/rex-regum-qeon-vs-gen-g-vct-2025-pacific-stage-2-lr1,Corrode,Rex Regum Qeon,Gen.G,Rex Regum Qeon,Jemkin,Waylay,209,15,12,0,114,23%
VCT 2025 Pacific Stage 2,https://www.vlr.gg/530359/rex-regum-qeon-vs-gen-g-vct-2025-pacific-stage-2-lr1,Corrode,Gen.G,Rex Regum Qeon,Rex Regum Qeon,Karon,Omen,154,10,16,12,107,50%
VCT 2025 Pacific Stage 2,https://www.vlr.gg/530359/rex-regum-qeon-vs-gen-g-vct-2025-pacific-stage-2-lr1,Corrode,Gen.G,Rex Regum Qeon,Rex Regum Qeon,t3xture,Neon,233,14,18,4,153,32%
VCT 2025 Pacific Stage 2,https://www.vlr.gg/530359/rex-regum-qeon-vs-gen-g-vct-2025-pacific-stage-2-lr1,Corrode,Gen.G,Rex Regum Qeon,Rex Regum Qeon,Munchkin,Viper,170,12,15,4,104,28%
VCT 2025 Pacific Stage 2,https://www.vlr.gg/530359/rex-regum-qeon-vs-gen-g-vct-2025-pacific-stage-2-lr1,Corrode,Gen.G,Rex Regum Qeon,Rex Regum Qeon,Ash,Fade,139,10,16,5,85,32%
VCT 2025 Pacific Stage 2,https://www.vlr.gg/530359/rex-regum-qeon-vs-gen-g-vct-2025-pacific-stage-2-lr1,Corrode,Gen.G,Rex Regum Qeon,Rex Regum Qeon,Foxy9,Sage,146,9,16,6,97,30%
VCT 2025 Pacific Stage 2,https://www.vlr.gg/530360/t1-vs-nongshim-redforce-vct-2025-pacific-stage-2-lr2,Ascent,T1,Nongshim RedForce,T1,DH,Omen,204,18,13,11,127,44%
VCT 2025 Pacific Stage 2,https://www.vlr.gg/530360/t1-vs-nongshim-redforce-vct-2025-pacific-stage-2-lr2,Ascent,T1,Nongshim RedForce,T1,Meteor,Vyse,254,19,16,8,157,28%
VCT 2025 Pacific Stage 2,https://www.vlr.gg/530360/t1-vs-nongshim-redforce-vct-2025-pacific-stage-2-lr2,Ascent,T1,Nongshim RedForce,T1,BuZz,Chamber,192,16,14,3,123,16%
VCT 2025 Pacific Stage 2,https://www.vlr.gg/530360/t1-vs-nongshim-redforce-vct-2025-pacific-stage-2-lr2,Ascent,T1,Nongshim RedForce,T1,stax,Sova,153,11,14,6,107,12%
VCT 2025 Pacific Stage 2,https://www.vlr.gg/530360/t1-vs-nongshim-redforce-vct-2025-pacific-stage-2-lr2,Ascent,T1,Nongshim RedForce,T1,iZu,Yoru,178,15,16,3,117,26%
VCT 2025 Pacific Stage 2,https://www.vlr.gg/530360/t1-vs-nongshim-redforce-vct-2025-pacific-stage-2-lr2,Ascent,Nongshim RedForce,T1,T1,Rb,Viper,333,27,14,2,198,35%
VCT 2025 Pacific Stage 2,https://www.vlr.gg/530360/t1-vs-nongshim-redforce-vct-2025-pacific-stage-2-lr2,Ascent,Nongshim RedForce,T1,T1,Francis,Sova,201,13,17,5,139,30%
VCT 2025 Pacific Stage 2,https://www.vlr.gg/530360/t1-vs-nongshim-redforce-vct-2025-pacific-stage-2-lr2,Ascent,Nongshim RedForce,T1,T1,Dambi,Neon,184,14,17,1,106,18%
VCT 2025 Pacific Stage 2,https://www.vlr.gg/530360/t1-vs-nongshim-redforce-vct-2025-pacific-stage-2-lr2,Ascent,Nongshim RedForce,T1,T1,Ivy,Killjoy,141,10,16,2,97,36%
VCT 2025 Pacific Stage 2,https://www.vlr.gg/530360/t1-vs-nongshim-redforce-vct-2025-pacific-stage-2-lr2,Ascent,Nongshim RedForce,T1,T1,Persia,Omen,114,9,15,7,64,21%
VCT 2025 Pacific Stage 2,https://www.vlr.gg/530360/t1-vs-nongshim-redforce-vct-2025-pacific-stage-2-lr2,Lotus,T1,Nongshim RedForce,T1,Meteor,Vyse,230,17,11,6,156,31%
VCT 2025 Pacific Stage 2,https://www.vlr.gg/530360/t1-vs-nongshim-redforce-vct-2025-pacific-stage-2-lr2,Lotus,T1,Nongshim RedForce,T1,stax,Fade,169,11,8,10,118,33%
VCT 2025 Pacific Stage 2,https://www.vlr.gg/530360/t1-vs-nongshim-redforce-vct-2025-pacific-stage-2-lr2,Lotus,T1,Nongshim RedForce,T1,BuZz,Yoru,242,16,10,7,161,24%
VCT 2025 Pacific Stage 2,https://www.vlr.gg/530360/t1-vs-nongshim-redforce-vct-2025-pacific-stage-2-lr2,Lotus,T1,Nongshim RedForce,T1,DH,Omen,184,12,10,14,128,36%
VCT 2025 Pacific Stage 2,https://www.vlr.gg/530360/t1-vs-nongshim-redforce-vct-2025-pacific-stage-2-lr2,Lotus,T1,Nongshim RedForce,T1,iZu,Neon,289,20,15,6,197,25%
VCT 2025 Pacific Stage 2,https://www.vlr.gg/530360/t1-vs-nongshim-redforce-vct-2025-pacific-stage-2-lr2,Lotus,Nongshim RedForce,T1,T1,Dambi,Neon,229,15,16,3,149,26%
VCT 2025 Pacific Stage 2,https://www.vlr.gg/530360/t1-vs-nongshim-redforce-vct-2025-pacific-stage-2-lr2,Lotus,Nongshim RedForce,T1,T1,Ivy,Deadlock,220,13,14,4,140,27%
VCT 2025 Pacific Stage 2,https://www.vlr.gg/530360/t1-vs-nongshim-redforce-vct-2025-pacific-stage-2-lr2,Lotus,Nongshim RedForce,T1,T1,Persia,Omen,139,9,17,9,84,24%
VCT 2025 Pacific Stage 2,https://www.vlr.gg/530360/t1-vs-nongshim-redforce-vct-2025-pacific-stage-2-lr2,Lotus,Nongshim RedForce,T1,T1,Rb,Viper,149,10,15,3,92,21%
VCT 2025 Pacific Stage 2,https://www.vlr.gg/530360/t1-vs-nongshim-redforce-vct-2025-pacific-stage-2-lr2,Lotus,Nongshim RedForce,T1,T1,Francis,Fade,125,7,14,8,83,16%
VCT 2025 Pacific Stage 2,https://www.vlr.gg/530361/drx-vs-rex-regum-qeon-vct-2025-pacific-stage-2-lr2,Icebox,DRX,Rex Regum Qeon,Rex Regum Qeon,MaKo,Viper,216,15,16,5,157,28%
VCT 2025 Pacific Stage 2,https://www.vlr.gg/530361/drx-vs-rex-regum-qeon-vct-2025-pacific-stage-2-lr2,Icebox,DRX,Rex Regum Qeon,Rex Regum Qeon,Flashback,Killjoy,196,14,16,4,130,39%
VCT 2025 Pacific Stage 2,https://www.vlr.gg/530361/drx-vs-rex-regum-qeon-vct-2025-pacific-stage-2-lr2,Icebox,DRX,Rex Regum Qeon,Rex Regum Qeon,free1ng,Sova,202,13,17,4,138,36%
VCT 2025 Pacific Stage 2,https://www.vlr.gg/530361/drx-vs-rex-regum-qeon-vct-2025-pacific-stage-2-lr2,Icebox,DRX,Rex Regum Qeon,Rex Regum Qeon,HYUNMIN,Jett,184,11,15,4,125,22%
VCT 2025 Pacific Stage 2,https://www.vlr.gg/530361/drx-vs-rex-regum-qeon-vct-2025-pacific-stage-2-lr2,Icebox,DRX,Rex Regum Qeon,Rex Regum Qeon,Estrella,Sage,131,8,16,13,81,36%
VCT 2025 Pacific Stage 2,https://www.vlr.gg/530361/drx-vs-rex-regum-qeon-vct-2025-pacific-stage-2-lr2,Icebox,Rex Regum Qeon,DRX,Rex Regum Qeon,Kushy,Sova,306,23,12,7,195,36%
VCT 2025 Pacific Stage 2,https://www.vlr.gg/530361/drx-vs-rex-regum-qeon-vct-2025-pacific-stage-2-lr2,Icebox,Rex Regum Qeon,DRX,Rex Regum Qeon,crazyguy,Sage,232,15,13,13,145,37%
VCT 2025 Pacific Stage 2,https://www.vlr.gg/530361/drx-vs-rex-regum-qeon-vct-2025-pacific-stage-2-lr2,Icebox,Rex Regum Qeon,DRX,Rex Regum Qeon,xffero,Killjoy,218,16,10,2,141,28%
VCT 2025 Pacific Stage 2,https://www.vlr.gg/530361/drx-vs-rex-regum-qeon-vct-2025-pacific-stage-2-lr2,Icebox,Rex Regum Qeon,DRX,Rex Regum Qeon,Monyet,Viper,209,13,12,12,146,15%
VCT 2025 Pacific Stage 2,https://www.vlr.gg/530361/drx-vs-rex-regum-qeon-vct-2025-pacific-stage-2-lr2,Icebox,Rex Regum Qeon,DRX,Rex Regum Qeon,Jemkin,Jett,161,13,14,1,107,55%
VCT 2025 Pacific Stage 2,https://www.vlr.gg/530361/drx-vs-rex-regum-qeon-vct-2025-pacific-stage-2-lr2,Corrode,DRX,Rex Regum Qeon,Rex Regum Qeon,HYUNMIN,Neon,268,21,17,2,176,30%
VCT 2025 Pacific Stage 2,https://www.vlr.gg/530361/drx-vs-rex-regum-qeon-vct-2025-pacific-stage-2-lr2,Corrode,DRX,Rex Regum Qeon,Rex Regum Qeon,Flashback,Vyse,246,18,14,1,157,32%
VCT 2025 Pacific Stage 2,https://www.vlr.gg/530361/drx-vs-rex-regum-qeon-vct-2025-pacific-stage-2-lr2,Corrode,DRX,Rex Regum Qeon,Rex Regum Qeon,MaKo,Omen,183,13,17,6,106,42%
VCT 2025 Pacific Stage 2,https://www.vlr.gg/530361/drx-vs-rex-regum-qeon-vct-2025-pacific-stage-2-lr2,Corrode,DRX,Rex Regum Qeon,Rex Regum Qeon,free1ng,Viper,144,12,16,2,115,28%
VCT 2025 Pacific Stage 2,https://www.vlr.gg/530361/drx-vs-rex-regum-qeon-vct-2025-pacific-stage-2-lr2,Corrode,DRX,Rex Regum Qeon,Rex Regum Qeon,Estrella,Fade,91,5,18,6,64,31%
VCT 2025 Pacific Stage 2,https://www.vlr.gg/530361/drx-vs-rex-regum-qeon-vct-2025-pacific-stage-2-lr2,Corrode,Rex Regum Qeon,DRX,Rex Regum Qeon,Monyet,Neon,307,24,15,6,177,16%
VCT 2025 Pacific Stage 2,https://www.vlr.gg/530361/drx-vs-rex-regum-qeon-vct-2025-pacific-stage-2-lr2,Corrode,Rex Regum Qeon,DRX,Rex Regum Qeon,xffero,Viper,217,19,11,4,131,30%
VCT 2025 Pacific Stage 2,https://www.vlr.gg/530361/drx-vs-rex-regum-qeon-vct-2025-pacific-stage-2-lr2,Corrode,Rex Regum Qeon,DRX,Rex Regum Qeon,Jemkin,Waylay,230,18,14,5,131,37%
VCT 2025 Pacific Stage 2,https://www.vlr.gg/530361/drx-vs-rex-regum-qeon-vct-2025-pacific-stage-2-lr2,Corrode,Rex Regum Qeon,DRX,Rex Regum Qeon,crazyguy,Omen,148,11,14,11,105,31%
VCT 2025 Pacific Stage 2,https://www.vlr.gg/530361/drx-vs-rex-regum-qeon-vct-2025-pacific-stage-2-lr2,Corrode,Rex Regum Qeon,DRX,Rex Regum Qeon,Kushy,Fade,142,10,15,9,95,23%
VCT 2025 Pacific Stage 2,https://www.vlr.gg/530362/talon-vs-paper-rex-vct-2025-pacific-stage-2-ubf,Haven,TALON,Paper Rex,Paper Rex,primmie,Yoru,242,22,19,4,156,43%
VCT 2025 Pacific Stage 2,https://www.vlr.gg/530362/talon-vs-paper-rex-vct-2025-pacific-stage-2-ubf,Haven,TALON,Paper Rex,Paper Rex,thyy,Omen,198,17,18,7,139,32%
VCT 2025 Pacific Stage 2,https://www.vlr.gg/530362/talon-vs-paper-rex-vct-2025-pacific-stage-2-ubf,Haven,TALON,Paper Rex,Paper Rex,JitBoyS,Cypher,182,15,17,9,113,30%
VCT 2025 Pacific Stage 2,https://www.vlr.gg/530362/talon-vs-paper-rex-vct-2025-pacific-stage-2-ubf,Haven,TALON,Paper Rex,Paper Rex,Killua,Sova,165,14,20,5,129,28%
VCT 2025 Pacific Stage 2,https://www.vlr.gg/530362/talon-vs-paper-rex-vct-2025-pacific-stage-2-ubf,Haven,TALON,Paper Rex,Paper Rex,Crws,Deadlock,130,10,18,6,95,22%
VCT 2025 Pacific Stage 2,https://www.vlr.gg/530362/talon-vs-paper-rex-vct-2025-pacific-stage-2-ubf,Haven,Paper Rex,TALON,Paper Rex,something,Yoru,282,27,12,2,171,20%
VCT 2025 Pacific Stage 2,https://www.vlr.gg/530362/talon-vs-paper-rex-vct-2025-pacific-stage-2-ubf,Haven,Paper Rex,TALON,Paper Rex,Jinggg,Omen,243,20,17,13,166,32%
VCT 2025 Pacific Stage 2,https://www.vlr.gg/530362/talon-vs-paper-rex-vct-2025-pacific-stage-2-ubf,Haven,Paper Rex,TALON,Paper Rex,PatMen,Fade,190,17,17,3,121,34%
VCT 2025 Pacific Stage 2,https://www.vlr.gg/530362/talon-vs-paper-rex-vct-2025-pacific-stage-2-ubf,Haven,Paper Rex,TALON,Paper Rex,d4v41,Vyse,156,11,14,6,114,29%
VCT 2025 Pacific Stage 2,https://www.vlr.gg/530362/talon-vs-paper-rex-vct-2025-pacific-stage-2-ubf,Haven,Paper Rex,TALON,Paper Rex,f0rsakeN,Waylay,194,17,18,5,133,28%
VCT 2025 Pacific Stage 2,https://www.vlr.gg/530362/talon-vs-paper-rex-vct-2025-pacific-stage-2-ubf,Bind,TALON,Paper Rex,Paper Rex,Killua,Gekko,219,16,15,4,137,38%
VCT 2025 Pacific Stage 2,https://www.vlr.gg/530362/talon-vs-paper-rex-vct-2025-pacific-stage-2-ubf,Bind,TALON,Paper Rex,Paper Rex,thyy,Raze,230,16,17,4,159,33%
VCT 2025 Pacific Stage 2,https://www.vlr.gg/530362/talon-vs-paper-rex-vct-2025-pacific-stage-2-ubf,Bind,TALON,Paper Rex,Paper Rex,primmie,Deadlock,194,14,15,8,119,43%
VCT 2025 Pacific Stage 2,https://www.vlr.gg/530362/talon-vs-paper-rex-vct-2025-pacific-stage-2-ubf,Bind,TALON,Paper Rex,Paper Rex,JitBoyS,Astra,138,9,14,5,97,54%
VCT 2025 Pacific Stage 2,https://www.vlr.gg/530362/talon-vs-paper-rex-vct-2025-pacific-stage-2-ubf,Bind,TALON,Paper Rex,Paper Rex,Crws,Fade,79,5,17,7,49,17%
VCT 2025 Pacific Stage 2,https://www.vlr.gg/530362/talon-vs-paper-rex-vct-2025-pacific-stage-2-ubf,Bind,Paper Rex,TALON,Paper Rex,f0rsakeN,Brimstone,263,21,9,4,175,40%
VCT 2025 Pacific Stage 2,https://www.vlr.gg/530362/talon-vs-paper-rex-vct-2025-pacific-stage-2-ubf,Bind,Paper Rex,TALON,Paper Rex,PatMen,Fade,165,13,10,10,112,35%
VCT 2025 Pacific Stage 2,https://www.vlr.gg/530362/talon-vs-paper-rex-vct-2025-pacific-stage-2-ubf,Bind,Paper Rex,TALON,Paper Rex,Jinggg,Raze,224,16,14,4,153,17%
VCT 2025 Pacific Stage 2,https://www.vlr.gg/530362/talon-vs-paper-rex-vct-2025-pacific-stage-2-ubf,Bind,Paper Rex,TALON,Paper Rex,something,Yoru,203,15,12,4,117,37%
VCT 2025 Pacific Stage 2,https://www.vlr.gg/530362/talon-vs-paper-rex-vct-2025-pacific-stage-2-ubf,Bind,Paper Rex,TALON,Paper Rex,d4v41,Viper,195,13,15,8,129,21%
VCT 2025 Pacific Stage 2,https://www.vlr.gg/530363/t1-vs-rex-regum-qeon-vct-2025-pacific-stage-2-lr3,Sunset,T1,Rex Regum Qeon,T1,iZu,Neon,337,29,18,6,207,24%
VCT 2025 Pacific Stage 2,https://www.vlr.gg/530363/t1-vs-rex-regum-qeon-vct-2025-pacific-stage-2-lr3,Sunset,T1,Rex Regum Qeon,T1,DH,Omen,231,20,14,6,150,43%
VCT 2025 Pacific Stage 2,https://www.vlr.gg/530363/t1-vs-rex-regum-qeon-vct-2025-pacific-stage-2-lr3,Sunset,T1,Rex Regum Qeon,T1,Meteor,Cypher,250,20,19,11,164,28%
VCT 2025 Pacific Stage 2,https://www.vlr.gg/530363/t1-vs-rex-regum-qeon-vct-2025-pacific-stage-2-lr3,Sunset,T1,Rex Regum Qeon,T1,stax,Sova,147,13,14,3,99,28%
VCT 2025 Pacific Stage 2,https://www.vlr.gg/530363/t1-vs-rex-regum-qeon-vct-2025-pacific-stage-2-lr3,Sunset,T1,Rex Regum Qeon,T1,BuZz,Yoru,123,11,16,5,81,35%
VCT 2025 Pacific Stage 2,https://www.vlr.gg/530363/t1-vs-rex-regum-qeon-vct-2025-pacific-stage-2-lr3,Sunset,Rex Regum Qeon,T1,T1,Monyet,Omen,276,21,18,14,199,36%
VCT 2025 Pacific Stage 2,https://www.vlr.gg/530363/t1-vs-rex-regum-qeon-vct-2025-pacific-stage-2-lr3,Sunset,Rex Regum Qeon,T1,T1,xffero,Cypher,145,14,15,3,97,23%
VCT 2025 Pacific Stage 2,https://www.vlr.gg/530363/t1-vs-rex-regum-qeon-vct-2025-pacific-stage-2-lr3,Sunset,Rex Regum Qeon,T1,T1,crazyguy,Breach,188,17,23,4,120,21%
VCT 2025 Pacific Stage 2,https://www.vlr.gg/530363/t1-vs-rex-regum-qeon-vct-2025-pacific-stage-2-lr3,Sunset,Rex Regum Qeon,T1,T1,Jemkin,Waylay,197,17,19,6,128,34%
VCT 2025 Pacific Stage 2,https://www.vlr.gg/530363/t1-vs-rex-regum-qeon-vct-2025-pacific-stage-2-lr3,Sunset,Rex Regum Qeon,T1,T1,Kushy,Fade,148,12,18,7,102,33%
VCT 2025 Pacific Stage 2,https://www.vlr.gg/530363/t1-vs-rex-regum-qeon-vct-2025-pacific-stage-2-lr3,Haven,T1,Rex Regum Qeon,Rex Regum Qeon,DH,Omen,229,23,16,17,150,32%
VCT 2025 Pacific Stage 2,https://www.vlr.gg/530363/t1-vs-rex-regum-qeon-vct-2025-pacific-stage-2-lr3,Haven,T1,Rex Regum Qeon,Rex Regum Qeon,Meteor,Cypher,259,22,21,9,185,33%
VCT 2025 Pacific Stage 2,https://www.vlr.gg/530363/t1-vs-rex-regum-qeon-vct-2025-pacific-stage-2-lr3,Haven,T1,Rex Regum Qeon,Rex Regum Qeon,BuZz,Yoru,228,23,22,8,138,31%
VCT 2025 Pacific Stage 2,https://www.vlr.gg/530363/t1-vs-rex-regum-qeon-vct-2025-pacific-stage-2-lr3,Haven,T1,Rex Regum Qeon,Rex Regum Qeon,iZu,Neon,153,15,21,5,112,28%
VCT 2025 Pacific Stage 2,https://www.vlr.gg/530363/t1-vs-rex-regum-qeon-vct-2025-pacific-stage-2-lr3,Haven,T1,Rex Regum Qeon,Rex Regum Qeon,stax,Sova,85,7,20,4,69,25%
VCT 2025 Pacific Stage 2,https://www.vlr.gg/530363/t1-vs-rex-regum-qeon-vct-2025-pacific-stage-2-lr3,Haven,Rex Regum Qeon,T1,Rex Regum Qeon,xffero,Cypher,235,25,12,6,172,32%
VCT 2025 Pacific Stage 2,https://www.vlr.gg/530363/t1-vs-rex-regum-qeon-vct-2025-pacific-stage-2-lr3,Haven,Rex Regum Qeon,T1,Rex Regum Qeon,crazyguy,Omen,244,24,20,20,149,18%
VCT 2025 Pacific Stage 2,https://www.vlr.gg/530363/t1-vs-rex-regum-qeon-vct-2025-pacific-stage-2-lr3,Haven,Rex Regum Qeon,T1,Rex Regum Qeon,Jemkin,Yoru,242,23,18,4,155,48%
VCT 2025 Pacific Stage 2,https://www.vlr.gg/530363/t1-vs-rex-regum-qeon-vct-2025-pacific-stage-2-lr3,Haven,Rex Regum Qeon,T1,Rex Regum Qeon,Kushy,Sova,144,12,18,8,104,25%
VCT 2025 Pacific Stage 2,https://www.vlr.gg/530363/t1-vs-rex-regum-qeon-vct-2025-pacific-stage-2-lr3,Haven,Rex Regum Qeon,T1,Rex Regum Qeon,Monyet,Neon,168,16,22,7,111,17%
VCT 2025 Pacific Stage 2,https://www.vlr.gg/530363/t1-vs-rex-regum-qeon-vct-2025-pacific-stage-2-lr3,Ascent,T1,Rex Regum Qeon,Rex Regum Qeon,BuZz,Chamber,275,18,15,2,169,22%
VCT 2025 Pacific Stage 2,https://www.vlr.gg/530363/t1-vs-rex-regum-qeon-vct-2025-pacific-stage-2-lr3,Ascent,T1,Rex Regum Qeon,Rex Regum Qeon,iZu,Yoru,213,15,16,5,129,27%
VCT 2025 Pacific Stage 2,https://www.vlr.gg/530363/t1-vs-rex-regum-qeon-vct-2025-pacific-stage-2-lr3,Ascent,T1,Rex Regum Qeon,Rex Regum Qeon,Meteor,Vyse,179,13,15,4,108,30%
VCT 2025 Pacific Stage 2,https://www.vlr.gg/530363/t1-vs-rex-regum-qeon-vct-2025-pacific-stage-2-lr3,Ascent,T1,Rex Regum Qeon,Rex Regum Qeon,stax,Sova,131,8,14,4,84,23%
VCT 2025 Pacific Stage 2,https://www.vlr.gg/530363/t1-vs-rex-regum-qeon-vct-2025-pacific-stage-2-lr3,Ascent,T1,Rex Regum Qeon,Rex Regum Qeon,DH,Omen,96,9,16,2,65,30%
VCT 2025 Pacific Stage 2,https://www.vlr.gg/530363/t1-vs-rex-regum-qeon-vct-2025-pacific-stage-2-lr3,Ascent,Rex Regum Qeon,T1,Rex Regum Qeon,Monyet,Omen,229,17,12,12,155,51%
VCT 2025 Pacific Stage 2,https://www.vlr.gg/530363/t1-vs-rex-regum-qeon-vct-2025-pacific-stage-2-lr3,Ascent,Rex Regum Qeon,T1,Rex Regum Qeon,Kushy,Sova,220,15,11,6,151,43%
VCT 2025 Pacific Stage 2,https://www.vlr.gg/530363/t1-vs-rex-regum-qeon-vct-2025-pacific-stage-2-lr3,Ascent,Rex Regum Qeon,T1,Rex Regum Qeon,crazyguy,Tejo,238,18,15,4,138,27%
VCT 2025 Pacific Stage 2,https://www.vlr.gg/530363/t1-vs-rex-regum-qeon-vct-2025-pacific-stage-2-lr3,Ascent,Rex Regum Qeon,T1,Rex Regum Qeon,xffero,Cypher,192,13,12,6,143,28%
VCT 2025 Pacific Stage 2,https://www.vlr.gg/530363/t1-vs-rex-regum-qeon-vct-2025-pacific-stage-2-lr3,Ascent,Rex Regum Qeon,T1,Rex Regum Qeon,Jemkin,Yoru,189,13,13,3,134,32%
VCT 2025 Pacific Stage 2,https://www.vlr.gg/530364/talon-vs-rex-regum-qeon-vct-2025-pacific-stage-2-lf,Bind,TALON,Rex Regum Qeon,TALON,JitBoyS,Viper,300,19,9,5,165,39%
VCT 2025 Pacific Stage 2,https://www.vlr.gg/530364/talon-vs-rex-regum-qeon-vct-2025-pacific-stage-2-lf,Bind,TALON,Rex Regum Qeon,TALON,primmie,Yoru,274,19,9,4,172,38%
VCT 2025 Pacific Stage 2,https://www.vlr.gg/530364/talon-vs-rex-regum-qeon-vct-2025-pacific-stage-2-lf,Bind,TALON,Rex Regum Qeon,TALON,thyy,Raze,227,16,7,4,166,33%
VCT 2025 Pacific Stage 2,https://www.vlr.gg/530364/talon-vs-rex-regum-qeon-vct-2025-pacific-stage-2-lf,Bind,TALON,Rex Regum Qeon,TALON,Crws,Brimstone,188,10,7,10,130,20%
VCT 2025 Pacific Stage 2,https://www.vlr.gg/530364/talon-vs-rex-regum-qeon-vct-2025-pacific-stage-2-lf,Bind,TALON,Rex Regum Qeon,TALON,Killua,Fade,173,10,11,7,129,44%
VCT 2025 Pacific Stage 2,https://www.vlr.gg/530364/talon-vs-rex-regum-qeon-vct-2025-pacific-stage-2-lf,Bind,Rex Regum Qeon,TALON,TALON,xffero,Viper,205,12,13,2,130,25%
VCT 2025 Pacific Stage 2,https://www.vlr.gg/530364/talon-vs-rex-regum-qeon-vct-2025-pacific-stage-2-lf,Bind,Rex Regum Qeon,TALON,TALON,Monyet,Raze,185,8,15,5,131,32%
VCT 2025 Pacific Stage 2,https://www.vlr.gg/530364/talon-vs-rex-regum-qeon-vct-2025-pacific-stage-2-lf,Bind,Rex Regum Qeon,TALON,TALON,crazyguy,Brimstone,130,8,14,3,93,29%
VCT 2025 Pacific Stage 2,https://www.vlr.gg/530364/talon-vs-rex-regum-qeon-vct-2025-pacific-stage-2-lf,Bind,Rex Regum Qeon,TALON,TALON,Jemkin,Yoru,122,8,16,1,80,54%
VCT 2025 Pacific Stage 2,https://www.vlr.gg/530364/talon-vs-rex-regum-qeon-vct-2025-pacific-stage-2-lf,Bind,Rex Regum Qeon,TALON,TALON,Kushy,Fade,117,7,16,0,66,33%
VCT 2025 Pacific Stage 2,https://www.vlr.gg/530364/talon-vs-rex-regum-qeon-vct-2025-pacific-stage-2-lf,Haven,TALON,Rex Regum Qeon,TALON,primmie,Yoru,296,22,13,1,173,44%
VCT 2025 Pacific Stage 2,https://www.vlr.gg/530364/talon-vs-rex-regum-qeon-vct-2025-pacific-stage-2-lf,Haven,TALON,Rex Regum Qeon,TALON,Crws,Deadlock,218,14,9,9,129,20%
VCT 2025 Pacific Stage 2,https://www.vlr.gg/530364/talon-vs-rex-regum-qeon-vct-2025-pacific-stage-2-lf,Haven,TALON,Rex Regum Qeon,TALON,JitBoyS,Cypher,200,15,13,6,130,45%
VCT 2025 Pacific Stage 2,https://www.vlr.gg/530364/talon-vs-rex-regum-qeon-vct-2025-pacific-stage-2-lf,Haven,TALON,Rex Regum Qeon,TALON,thyy,Omen,198,14,14,11,137,45%
VCT 2025 Pacific Stage 2,https://www.vlr.gg/530364/talon-vs-rex-regum-qeon-vct-2025-pacific-stage-2-lf,Haven,TALON,Rex Regum Qeon,TALON,Killua,Sova,162,13,14,4,112,57%
VCT 2025 Pacific Stage 2,https://www.vlr.gg/530364/talon-vs-rex-regum-qeon-vct-2025-pacific-stage-2-lf,Haven,Rex Regum Qeon,TALON,TALON,xffero,Cypher,178,14,12,3,117,30%
VCT 2025 Pacific Stage 2,https://www.vlr.gg/530364/talon-vs-rex-regum-qeon-vct-2025-pacific-stage-2-lf,Haven,Rex Regum Qeon,TALON,TALON,Jemkin,Yoru,201,16,15,2,130,29%
VCT 2025 Pacific Stage 2,https://www.vlr.gg/530364/talon-vs-rex-regum-qeon-vct-2025-pacific-stage-2-lf,Haven,Rex Regum Qeon,TALON,TALON,crazyguy,Omen,201,12,16,11,142,19%
VCT 2025 Pacific Stage 2,https://www.vlr.gg/530364/talon-vs-rex-regum-qeon-vct-2025-pacific-stage-2-lf,Haven,Rex Regum Qeon,TALON,TALON,Kushy,Sova,153,11,19,3,102,37%
VCT 2025 Pacific Stage 2,https://www.vlr.gg/530364/talon-vs-rex-regum-qeon-vct-2025-pacific-stage-2-lf,Haven,Rex Regum Qeon,TALON,TALON,Monyet,Neon,173,10,16,6,116,25%
VCT 2025 Pacific Stage 2,https://www.vlr.gg/530364/talon-vs-rex-regum-qeon-vct-2025-pacific-stage-2-lf,Corrode,TALON,Rex Regum Qeon,Rex Regum Qeon,JitBoyS,Cypher,205,16,13,4,125,43%
VCT 2025 Pacific Stage 2,https://www.vlr.gg/530364/talon-vs-rex-regum-qeon-vct-2025-pacific-stage-2-lf,Corrode,TALON,Rex Regum Qeon,Rex Regum Qeon,Killua,Sova,184,15,15,5,125,39%
VCT 2025 Pacific Stage 2,https://www.vlr.gg/530364/talon-vs-rex-regum-qeon-vct-2025-pacific-stage-2-lf,Corrode,TALON,Rex Regum Qeon,Rex Regum Qeon,primmie,Deadlock,187,16,17,2,121,25%
VCT 2025 Pacific Stage 2,https://www.vlr.gg/530364/talon-vs-rex-regum-qeon-vct-2025-pacific-stage-2-lf,Corrode,TALON,Rex Regum Qeon,Rex Regum Qeon,Crws,Omen,145,11,17,13,91,22%
VCT 2025 Pacific Stage 2,https://www.vlr.gg/530364/talon-vs-rex-regum-qeon-vct-2025-pacific-stage-2-lf,Corrode,TALON,Rex Regum Qeon,Rex Regum Qeon,thyy,Yoru,201,16,20,3,130,33%
VCT 2025 Pacific Stage 2,https://www.vlr.gg/530364/talon-vs-rex-regum-qeon-vct-2025-pacific-stage-2-lf,Corrode,Rex Regum Qeon,TALON,Rex Regum Qeon,xffero,Viper,285,25,13,2,169,47%
VCT 2025 Pacific Stage 2,https://www.vlr.gg/530364/talon-vs-rex-regum-qeon-vct-2025-pacific-stage-2-lf,Corrode,Rex Regum Qeon,TALON,Rex Regum Qeon,Monyet,Neon,226,17,16,8,145,42%
VCT 2025 Pacific Stage 2,https://www.vlr.gg/530364/talon-vs-rex-regum-qeon-vct-2025-pacific-stage-2-lf,Corrode,Rex Regum Qeon,TALON,Rex Regum Qeon,Kushy,Fade,167,12,16,6,120,38%
VCT 2025 Pacific Stage 2,https://www.vlr.gg/530364/talon-vs-rex-regum-qeon-vct-2025-pacific-stage-2-lf,Corrode,Rex Regum Qeon,TALON,Rex Regum Qeon,crazyguy,Omen,149,13,12,6,96,35%
VCT 2025 Pacific Stage 2,https://www.vlr.gg/530364/talon-vs-rex-regum-qeon-vct-2025-pacific-stage-2-lf,Corrode,Rex Regum Qeon,TALON,Rex Regum Qeon,Jemkin,Waylay,185,15,17,6,122,42%
VCT 2025 Pacific Stage 2,https://www.vlr.gg/530364/talon-vs-rex-regum-qeon-vct-2025-pacific-stage-2-lf,Icebox,TALON,Rex Regum Qeon,Rex Regum Qeon,primmie,Sage,229,15,16,3,135,41%
VCT 2025 Pacific Stage 2,https://www.vlr.gg/530364/talon-vs-rex-regum-qeon-vct-2025-pacific-stage-2-lf,Icebox,TALON,Rex Regum Qeon,Rex Regum Qeon,thyy,Jett,224,16,17,0,134,36%
VCT 2025 Pacific Stage 2,https://www.vlr.gg/530364/talon-vs-rex-regum-qeon-vct-2025-pacific-stage-2-lf,Icebox,TALON,Rex Regum Qeon,Rex Regum Qeon,Killua,Sova,133,8,14,4,88,27%
VCT 2025 Pacific Stage 2,https://www.vlr.gg/530364/talon-vs-rex-regum-qeon-vct-2025-pacific-stage-2-lf,Icebox,TALON,Rex Regum Qeon,Rex Regum Qeon,Crws,Viper,117,6,15,4,88,19%
VCT 2025 Pacific Stage 2,https://www.vlr.gg/530364/talon-vs-rex-regum-qeon-vct-2025-pacific-stage-2-lf,Icebox,TALON,Rex Regum Qeon,Rex Regum Qeon,JitBoyS,Killjoy,129,8,15,1,98,27%
VCT 2025 Pacific Stage 2,https://www.vlr.gg/530364/talon-vs-rex-regum-qeon-vct-2025-pacific-stage-2-lf,Icebox,Rex Regum Qeon,TALON,Rex Regum Qeon,Monyet,Viper,317,21,9,9,208,39%
VCT 2025 Pacific Stage 2,https://www.vlr.gg/530364/talon-vs-rex-regum-qeon-vct-2025-pacific-stage-2-lf,Icebox,Rex Regum Qeon,TALON,Rex Regum Qeon,Jemkin,Jett,279,21,8,2,195,36%
VCT 2025 Pacific Stage 2,https://www.vlr.gg/530364/talon-vs-rex-regum-qeon-vct-2025-pacific-stage-2-lf,Icebox,Rex Regum Qeon,TALON,Rex Regum Qeon,xffero,Killjoy,281,17,13,6,188,28%
VCT 2025 Pacific Stage 2,https://www.vlr.gg/530364/talon-vs-rex-regum-qeon-vct-2025-pacific-stage-2-lf,Icebox,Rex Regum Qeon,TALON,Rex Regum Qeon,crazyguy,Sage,128,9,10,12,90,37%
VCT 2025 Pacific Stage 2,https://www.vlr.gg/530364/talon-vs-rex-regum-qeon-vct-2025-pacific-stage-2-lf,Icebox,Rex Regum Qeon,TALON,Rex Regum Qeon,Kushy,Sova,119,9,13,3,83,60%
VCT 2025 Pacific Stage 2,https://www.vlr.gg/530364/talon-vs-rex-regum-qeon-vct-2025-pacific-stage-2-lf,Sunset,TALON,Rex Regum Qeon,Rex Regum Qeon,Killua,Sova,264,25,20,4,165,40%
VCT 2025 Pacific Stage 2,https://www.vlr.gg/530364/talon-vs-rex-regum-qeon-vct-2025-pacific-stage-2-lf,Sunset,TALON,Rex Regum Qeon,Rex Regum Qeon,JitBoyS,Omen,240,22,20,10,142,47%
VCT 2025 Pacific Stage 2,https://www.vlr.gg/530364/talon-vs-rex-regum-qeon-vct-2025-pacific-stage-2-lf,Sunset,TALON,Rex Regum Qeon,Rex Regum Qeon,Crws,Viper,172,15,18,4,126,24%
VCT 2025 Pacific Stage 2,https://www.vlr.gg/530364/talon-vs-rex-regum-qeon-vct-2025-pacific-stage-2-lf,Sunset,TALON,Rex Regum Qeon,Rex Regum Qeon,thyy,Raze,166,16,21,3,109,26%
VCT 2025 Pacific Stage 2,https://www.vlr.gg/530364/talon-vs-rex-regum-qeon-vct-2025-pacific-stage-2-lf,Sunset,TALON,Rex Regum Qeon,Rex Regum Qeon,primmie,Sage,123,9,19,14,86,28%
VCT 2025 Pacific Stage 2,https://www.vlr.gg/530364/talon-vs-rex-regum-qeon-vct-2025-pacific-stage-2-lf,Sunset,Rex Regum Qeon,TALON,Rex Regum Qeon,Jemkin,Waylay,335,31,19,4,206,30%
VCT 2025 Pacific Stage 2,https://www.vlr.gg/530364/talon-vs-rex-regum-qeon-vct-2025-pacific-stage-2-lf,Sunset,Rex Regum Qeon,TALON,Rex Regum Qeon,Kushy,Fade,241,23,16,5,155,35%
VCT 2025 Pacific Stage 2,https://www.vlr.gg/530364/talon-vs-rex-regum-qeon-vct-2025-pacific-stage-2-lf,Sunset,Rex Regum Qeon,TALON,Rex Regum Qeon,crazyguy,Breach,185,16,15,13,130,33%
VCT 2025 Pacific Stage 2,https://www.vlr.gg/530364/talon-vs-rex-regum-qeon-vct-2025-pacific-stage-2-lf,Sunset,Rex Regum Qeon,TALON,Rex Regum Qeon,Monyet,Omen,146,13,19,10,109,31%
VCT 2025 Pacific Stage 2,https://www.vlr.gg/530364/talon-vs-rex-regum-qeon-vct-2025-pacific-stage-2-lf,Sunset,Rex Regum Qeon,TALON,Rex Regum Qeon,xffero,Cypher,180,15,18,8,124,28%
VCT 2025 Pacific Stage 2,https://www.vlr.gg/530365/paper-rex-vs-rex-regum-qeon-vct-2025-pacific-stage-2-gf,Ascent,Paper Rex,Rex Regum Qeon,Paper Rex,f0rsakeN,Omen,280,21,13,9,188,30%
VCT 2025 Pacific Stage 2,https://www.vlr.gg/530365/paper-rex-vs-rex-regum-qeon-vct-2025-pacific-stage-2-gf,Ascent,Paper Rex,Rex Regum Qeon,Paper Rex,Jinggg,Sage,243,16,11,9,158,22%
VCT 2025 Pacific Stage 2,https://www.vlr.gg/530365/paper-rex-vs-rex-regum-qeon-vct-2025-pacific-stage-2-gf,Ascent,Paper Rex,Rex Regum Qeon,Paper Rex,something,Yoru,254,18,10,3,142,11%
VCT 2025 Pacific Stage 2,https://www.vlr.gg/530365/paper-rex-vs-rex-regum-qeon-vct-2025-pacific-stage-2-gf,Ascent,Paper Rex,Rex Regum Qeon,Paper Rex,d4v41,Vyse,142,11,8,2,100,20%
VCT 2025 Pacific Stage 2,https://www.vlr.gg/530365/paper-rex-vs-rex-regum-qeon-vct-2025-pacific-stage-2-gf,Ascent,Paper Rex,Rex Regum Qeon,Paper Rex,PatMen,Sova,165,12,13,3,106,40%
VCT 2025 Pacific Stage 2,https://www.vlr.gg/530365/paper-rex-vs-rex-regum-qeon-vct-2025-pacific-stage-2-gf,Ascent,Rex Regum Qeon,Paper Rex,Paper Rex,Kushy,Sova,189,12,15,5,135,46%
VCT 2025 Pacific Stage 2,https://www.vlr.gg/530365/paper-rex-vs-rex-regum-qeon-vct-2025-pacific-stage-2-gf,Ascent,Rex Regum Qeon,Paper Rex,Paper Rex,Monyet,Omen,186,13,17,8,113,17%
VCT 2025 Pacific Stage 2,https://www.vlr.gg/530365/paper-rex-vs-rex-regum-qeon-vct-2025-pacific-stage-2-gf,Ascent,Rex Regum Qeon,Paper Rex,Paper Rex,Jemkin,Yoru,206,15,17,4,121,38%
VCT 2025 Pacific Stage 2,https://www.vlr.gg/530365/paper-rex-vs-rex-regum-qeon-vct-2025-pacific-stage-2-gf,Ascent,Rex Regum Qeon,Paper Rex,Paper Rex,crazyguy,Tejo,100,6,14,5,75,12%
VCT 2025 Pacific Stage 2,https://www.vlr.gg/530365/paper-rex-vs-rex-regum-qeon-vct-2025-pacific-stage-2-gf,Ascent,Rex Regum Qeon,Paper Rex,Paper Rex,xffero,Cypher,131,9,15,2,83,37%
VCT 2025 Pacific Stage 2,https://www.vlr.gg/530365/paper-rex-vs-rex-regum-qeon-vct-2025-pacific-stage-2-gf,Lotus,Paper Rex,Rex Regum Qeon,Rex Regum Qeon,Jinggg,Raze,256,17,13,3,162,30%
VCT 2025 Pacific Stage 2,https://www.vlr.gg/530365/paper-rex-vs-rex-regum-qeon-vct-2025-pacific-stage-2-gf,Lotus,Paper Rex,Rex Regum Qeon,Rex Regum Qeon,something,Yoru,268,15,14,4,169,27%
VCT 2025 Pacific Stage 2,https://www.vlr.gg/530365/paper-rex-vs-rex-regum-qeon-vct-2025-pacific-stage-2-gf,Lotus,Paper Rex,Rex Regum Qeon,Rex Regum Qeon,f0rsakeN,Omen,224,15,13,8,136,20%
VCT 2025 Pacific Stage 2,https://www.vlr.gg/530365/paper-rex-vs-rex-regum-qeon-vct-2025-pacific-stage-2-gf,Lotus,Paper Rex,Rex Regum Qeon,Rex Regum Qeon,PatMen,Fade,116,8,17,3,71,20%
VCT 2025 Pacific Stage 2,https://www.vlr.gg/530365/paper-rex-vs-rex-regum-qeon-vct-2025-pacific-stage-2-gf,Lotus,Paper Rex,Rex Regum Qeon,Rex Regum Qeon,d4v41,Vyse,110,7,16,5,79,20%
VCT 2025 Pacific Stage 2,https://www.vlr.gg/530365/paper-rex-vs-rex-regum-qeon-vct-2025-pacific-stage-2-gf,Lotus,Rex Regum Qeon,Paper Rex,Rex Regum Qeon,crazyguy,Omen,215,16,9,7,151,29%
VCT 2025 Pacific Stage 2,https://www.vlr.gg/530365/paper-rex-vs-rex-regum-qeon-vct-2025-pacific-stage-2-gf,Lotus,Rex Regum Qeon,Paper Rex,Rex Regum Qeon,Jemkin,Yoru,272,18,13,4,198,29%
VCT 2025 Pacific Stage 2,https://www.vlr.gg/530365/paper-rex-vs-rex-regum-qeon-vct-2025-pacific-stage-2-gf,Lotus,Rex Regum Qeon,Paper Rex,Rex Regum Qeon,Monyet,Raze,240,18,13,2,146,30%
VCT 2025 Pacific Stage 2,https://www.vlr.gg/530365/paper-rex-vs-rex-regum-qeon-vct-2025-pacific-stage-2-gf,Lotus,Rex Regum Qeon,Paper Rex,Rex Regum Qeon,xffero,Viper,193,13,14,3,125,29%
VCT 2025 Pacific Stage 2,https://www.vlr.gg/530365/paper-rex-vs-rex-regum-qeon-vct-2025-pacific-stage-2-gf,Lotus,Rex Regum Qeon,Paper Rex,Rex Regum Qeon,Kushy,Fade,137,8,13,5,92,25%
VCT 2025 Pacific Stage 2,https://www.vlr.gg/530365/paper-rex-vs-rex-regum-qeon-vct-2025-pacific-stage-2-gf,Haven,Paper Rex,Rex Regum Qeon,Paper Rex,d4v41,Vyse,205,14,11,7,145,18%
VCT 2025 Pacific Stage 2,https://www.vlr.gg/530365/paper-rex-vs-rex-regum-qeon-vct-2025-pacific-stage-2-gf,Haven,Paper Rex,Rex Regum Qeon,Paper Rex,PatMen,Fade,174,14,10,6,107,32%
VCT 2025 Pacific Stage 2,https://www.vlr.gg/530365/paper-rex-vs-rex-regum-qeon-vct-2025-pacific-stage-2-gf,Haven,Paper Rex,Rex Regum Qeon,Paper Rex,something,Yoru,200,14,11,8,129,31%
VCT 2025 Pacific Stage 2,https://www.vlr.gg/530365/paper-rex-vs-rex-regum-qeon-vct-2025-pacific-stage-2-gf,Haven,Paper Rex,Rex Regum Qeon,Paper Rex,f0rsakeN,Waylay,258,18,15,6,168,31%
VCT 2025 Pacific Stage 2,https://www.vlr.gg/530365/paper-rex-vs-rex-regum-qeon-vct-2025-pacific-stage-2-gf,Haven,Paper Rex,Rex Regum Qeon,Paper Rex,Jinggg,Omen,185,14,13,8,118,26%
VCT 2025 Pacific Stage 2,https://www.vlr.gg/530365/paper-rex-vs-rex-regum-qeon-vct-2025-pacific-stage-2-gf,Haven,Rex Regum Qeon,Paper Rex,Paper Rex,xffero,Cypher,197,13,14,7,127,23%
VCT 2025 Pacific Stage 2,https://www.vlr.gg/530365/paper-rex-vs-rex-regum-qeon-vct-2025-pacific-stage-2-gf,Haven,Rex Regum Qeon,Paper Rex,Paper Rex,Monyet,Neon,198,15,13,4,122,20%
VCT 2025 Pacific Stage 2,https://www.vlr.gg/530365/paper-rex-vs-rex-regum-qeon-vct-2025-pacific-stage-2-gf,Haven,Rex Regum Qeon,Paper Rex,Paper Rex,crazyguy,Omen,176,12,16,9,113,36%
VCT 2025 Pacific Stage 2,https://www.vlr.gg/530365/paper-rex-vs-rex-regum-qeon-vct-2025-pacific-stage-2-gf,Haven,Rex Regum Qeon,Paper Rex,Paper Rex,Jemkin,Yoru,164,12,16,3,97,26%
VCT 2025 Pacific Stage 2,https://www.vlr.gg/530365/paper-rex-vs-rex-regum-qeon-vct-2025-pacific-stage-2-gf,Haven,Rex Regum Qeon,Paper Rex,Paper Rex,Kushy,Sova,122,8,15,4,80,43%
VCT 2025 Pacific Stage 2,https://www.vlr.gg/530365/paper-rex-vs-rex-regum-qeon-vct-2025-pacific-stage-2-gf,Bind,Paper Rex,Rex Regum Qeon,Paper Rex,something,Yoru,278,22,12,4,167,27%
VCT 2025 Pacific Stage 2,https://www.vlr.gg/530365/paper-rex-vs-rex-regum-qeon-vct-2025-pacific-stage-2-gf,Bind,Paper Rex,Rex Regum Qeon,Paper Rex,d4v41,Viper,164,14,9,7,115,32%
VCT 2025 Pacific Stage 2,https://www.vlr.gg/530365/paper-rex-vs-rex-regum-qeon-vct-2025-pacific-stage-2-gf,Bind,Paper Rex,Rex Regum Qeon,Paper Rex,PatMen,Fade,174,14,12,8,121,25%
VCT 2025 Pacific Stage 2,https://www.vlr.gg/530365/paper-rex-vs-rex-regum-qeon-vct-2025-pacific-stage-2-gf,Bind,Paper Rex,Rex Regum Qeon,Paper Rex,Jinggg,Raze,248,18,15,6,164,21%
VCT 2025 Pacific Stage 2,https://www.vlr.gg/530365/paper-rex-vs-rex-regum-qeon-vct-2025-pacific-stage-2-gf,Bind,Paper Rex,Rex Regum Qeon,Paper Rex,f0rsakeN,Brimstone,212,16,16,6,141,36%
VCT 2025 Pacific Stage 2,https://www.vlr.gg/530365/paper-rex-vs-rex-regum-qeon-vct-2025-pacific-stage-2-gf,Bind,Rex Regum Qeon,Paper Rex,Paper Rex,Kushy,Fade,219,16,16,5,141,35%
VCT 2025 Pacific Stage 2,https://www.vlr.gg/530365/paper-rex-vs-rex-regum-qeon-vct-2025-pacific-stage-2-gf,Bind,Rex Regum Qeon,Paper Rex,Paper Rex,xffero,Viper,181,12,14,5,132,15%
VCT 2025 Pacific Stage 2,https://www.vlr.gg/530365/paper-rex-vs-rex-regum-qeon-vct-2025-pacific-stage-2-gf,Bind,Rex Regum Qeon,Paper Rex,Paper Rex,Monyet,Astra,173,13,17,5,119,28%
VCT 2025 Pacific Stage 2,https://www.vlr.gg/530365/paper-rex-vs-rex-regum-qeon-vct-2025-pacific-stage-2-gf,Bind,Rex Regum Qeon,Paper Rex,Paper Rex,Jemkin,Yoru,143,12,18,2,99,48%
VCT 2025 Pacific Stage 2,https://www.vlr.gg/530365/paper-rex-vs-rex-regum-qeon-vct-2025-pacific-stage-2-gf,Bind,Rex Regum Qeon,Paper Rex,Paper Rex,crazyguy,Tejo,151,11,19,5,113,26%
VCT 2025 China Stage 2,https://www.vlr.gg/527577/all-gamers-vs-tyloo-vct-2025-china-stage-2-ubqf,Lotus,All Gamers,TYLOO,TYLOO,Shr1mp,Fade,277,16,11,4,173,40%
VCT 2025 China Stage 2,https://www.vlr.gg/527577/all-gamers-vs-tyloo-vct-2025-china-stage-2-ubqf,Lotus,All Gamers,TYLOO,TYLOO,HanChe,Viper,128,6,13,7,101,25%
VCT 2025 China Stage 2,https://www.vlr.gg/527577/all-gamers-vs-tyloo-vct-2025-china-stage-2-ubqf,Lotus,All Gamers,TYLOO,TYLOO,deLb,Omen,139,8,13,4,83,32%
VCT 2025 China Stage 2,https://www.vlr.gg/527577/all-gamers-vs-tyloo-vct-2025-china-stage-2-ubqf,Lotus,All Gamers,TYLOO,TYLOO,Spitfires,Yoru,121,7,13,0,78,21%
VCT 2025 China Stage 2,https://www.vlr.gg/527577/all-gamers-vs-tyloo-vct-2025-china-stage-2-ubqf,Lotus,All Gamers,TYLOO,TYLOO,K1ra,Raze,128,6,15,4,93,19%
VCT 2025 China Stage 2,https://www.vlr.gg/527577/all-gamers-vs-tyloo-vct-2025-china-stage-2-ubqf,Lotus,TYLOO,All Gamers,TYLOO,slowly,Omen,247,15,5,2,152,47%
VCT 2025 China Stage 2,https://www.vlr.gg/527577/all-gamers-vs-tyloo-vct-2025-china-stage-2-ubqf,Lotus,TYLOO,All Gamers,TYLOO,Yoyo,Raze,297,16,12,4,206,25%
VCT 2025 China Stage 2,https://www.vlr.gg/527577/all-gamers-vs-tyloo-vct-2025-china-stage-2-ubqf,Lotus,TYLOO,All Gamers,TYLOO,Scales,Viper,255,14,10,3,161,26%
VCT 2025 China Stage 2,https://www.vlr.gg/527577/all-gamers-vs-tyloo-vct-2025-china-stage-2-ubqf,Lotus,TYLOO,All Gamers,TYLOO,Ninebody,Vyse,202,12,9,3,135,37%
VCT 2025 China Stage 2,https://www.vlr.gg/527577/all-gamers-vs-tyloo-vct-2025-china-stage-2-ubqf,Lotus,TYLOO,All Gamers,TYLOO,sword9,Fade,119,8,7,8,83,14%
VCT 2025 China Stage 2,https://www.vlr.gg/527577/all-gamers-vs-tyloo-vct-2025-china-stage-2-ubqf,Icebox,All Gamers,TYLOO,TYLOO,Spitfires,Jett,309,27,17,5,192,25%
VCT 2025 China Stage 2,https://www.vlr.gg/527577/all-gamers-vs-tyloo-vct-2025-china-stage-2-ubqf,Icebox,All Gamers,TYLOO,TYLOO,HanChe,Killjoy,204,17,17,1,148,31%
VCT 2025 China Stage 2,https://www.vlr.gg/527577/all-gamers-vs-tyloo-vct-2025-china-stage-2-ubqf,Icebox,All Gamers,TYLOO,TYLOO,deLb,Omen,166,14,18,13,119,27%
VCT 2025 China Stage 2,https://www.vlr.gg/527577/all-gamers-vs-tyloo-vct-2025-china-stage-2-ubqf,Icebox,All Gamers,TYLOO,TYLOO,K1ra,Viper,179,13,19,7,130,39%
VCT 2025 China Stage 2,https://www.vlr.gg/527577/all-gamers-vs-tyloo-vct-2025-china-stage-2-ubqf,Icebox,All Gamers,TYLOO,TYLOO,Shr1mp,Sova,152,11,18,10,109,26%
VCT 2025 China Stage 2,https://www.vlr.gg/527577/all-gamers-vs-tyloo-vct-2025-china-stage-2-ubqf,Icebox,TYLOO,All Gamers,TYLOO,Yoyo,Viper,243,21,14,8,162,33%
VCT 2025 China Stage 2,https://www.vlr.gg/527577/all-gamers-vs-tyloo-vct-2025-china-stage-2-ubqf,Icebox,TYLOO,All Gamers,TYLOO,Ninebody,Killjoy,237,20,17,4,158,43%
VCT 2025 China Stage 2,https://www.vlr.gg/527577/all-gamers-vs-tyloo-vct-2025-china-stage-2-ubqf,Icebox,TYLOO,All Gamers,TYLOO,slowly,Jett,248,21,17,3,154,27%
VCT 2025 China Stage 2,https://www.vlr.gg/527577/all-gamers-vs-tyloo-vct-2025-china-stage-2-ubqf,Icebox,TYLOO,All Gamers,TYLOO,Scales,Sova,194,16,18,3,114,22%
VCT 2025 China Stage 2,https://www.vlr.gg/527577/all-gamers-vs-tyloo-vct-2025-china-stage-2-ubqf,Icebox,TYLOO,All Gamers,TYLOO,sword9,Omen,129,11,16,8,94,32%
VCT 2025 China Stage 2,https://www.vlr.gg/527576/edward-gaming-vs-dragon-ranger-gaming-vct-2025-china-stage-2-ubqf,Lotus,EDward Gaming,Dragon Ranger Gaming,Dragon Ranger Gaming,ZmjjKK,Raze,327,28,20,8,208,24%
VCT 2025 China Stage 2,https://www.vlr.gg/527576/edward-gaming-vs-dragon-ranger-gaming-vct-2025-china-stage-2-ubqf,Lotus,EDward Gaming,Dragon Ranger Gaming,Dragon Ranger Gaming,Jieni7,Omen,243,23,18,9,153,36%
VCT 2025 China Stage 2,https://www.vlr.gg/527576/edward-gaming-vs-dragon-ranger-gaming-vct-2025-china-stage-2-ubqf,Lotus,EDward Gaming,Dragon Ranger Gaming,Dragon Ranger Gaming,CHICHOO,Vyse,186,18,18,5,130,39%
VCT 2025 China Stage 2,https://www.vlr.gg/527576/edward-gaming-vs-dragon-ranger-gaming-vct-2025-china-stage-2-ubqf,Lotus,EDward Gaming,Dragon Ranger Gaming,Dragon Ranger Gaming,Smoggy,Fade,155,16,20,10,106,38%
VCT 2025 China Stage 2,https://www.vlr.gg/527576/edward-gaming-vs-dragon-ranger-gaming-vct-2025-china-stage-2-ubqf,Lotus,EDward Gaming,Dragon Ranger Gaming,Dragon Ranger Gaming,nobody,Yoru,129,9,22,9,86,31%
VCT 2025 China Stage 2,https://www.vlr.gg/527576/edward-gaming-vs-dragon-ranger-gaming-vct-2025-china-stage-2-ubqf,Lotus,Dragon Ranger Gaming,EDward Gaming,Dragon Ranger Gaming,SpiritZ1,Yoru,266,25,18,9,167,42%
VCT 2025 China Stage 2,https://www.vlr.gg/527576/edward-gaming-vs-dragon-ranger-gaming-vct-2025-china-stage-2-ubqf,Lotus,Dragon Ranger Gaming,EDward Gaming,Dragon Ranger Gaming,Nicc,Breach,229,20,18,12,159,48%
VCT 2025 China Stage 2,https://www.vlr.gg/527576/edward-gaming-vs-dragon-ranger-gaming-vct-2025-china-stage-2-ubqf,Lotus,Dragon Ranger Gaming,EDward Gaming,Dragon Ranger Gaming,Flex1n,Omen,215,20,20,11,130,46%
VCT 2025 China Stage 2,https://www.vlr.gg/527576/edward-gaming-vs-dragon-ranger-gaming-vct-2025-china-stage-2-ubqf,Lotus,Dragon Ranger Gaming,EDward Gaming,Dragon Ranger Gaming,Akeman,Neon,243,21,22,6,173,31%
VCT 2025 China Stage 2,https://www.vlr.gg/527576/edward-gaming-vs-dragon-ranger-gaming-vct-2025-china-stage-2-ubqf,Lotus,Dragon Ranger Gaming,EDward Gaming,Dragon Ranger Gaming,vo0kashu,Cypher,129,12,16,9,91,40%
VCT 2025 China Stage 2,https://www.vlr.gg/527576/edward-gaming-vs-dragon-ranger-gaming-vct-2025-china-stage-2-ubqf,Corrode,EDward Gaming,Dragon Ranger Gaming,Dragon Ranger Gaming,Smoggy,Fade,253,24,14,14,139,19%
VCT 2025 China Stage 2,https://www.vlr.gg/527576/edward-gaming-vs-dragon-ranger-gaming-vct-2025-china-stage-2-ubqf,Corrode,EDward Gaming,Dragon Ranger Gaming,Dragon Ranger Gaming,ZmjjKK,Neon,316,24,19,9,202,35%
VCT 2025 China Stage 2,https://www.vlr.gg/527576/edward-gaming-vs-dragon-ranger-gaming-vct-2025-china-stage-2-ubqf,Corrode,EDward Gaming,Dragon Ranger Gaming,Dragon Ranger Gaming,CHICHOO,Viper,209,18,15,9,146,35%
VCT 2025 China Stage 2,https://www.vlr.gg/527576/edward-gaming-vs-dragon-ranger-gaming-vct-2025-china-stage-2-ubqf,Corrode,EDward Gaming,Dragon Ranger Gaming,Dragon Ranger Gaming,Jieni7,Omen,151,12,16,11,89,38%
VCT 2025 China Stage 2,https://www.vlr.gg/527576/edward-gaming-vs-dragon-ranger-gaming-vct-2025-china-stage-2-ubqf,Corrode,EDward Gaming,Dragon Ranger Gaming,Dragon Ranger Gaming,nobody,Yoru,117,8,19,8,89,24%
VCT 2025 China Stage 2,https://www.vlr.gg/527576/edward-gaming-vs-dragon-ranger-gaming-vct-2025-china-stage-2-ubqf,Corrode,Dragon Ranger Gaming,EDward Gaming,Dragon Ranger Gaming,SpiritZ1,Yoru,331,27,16,4,213,35%
VCT 2025 China Stage 2,https://www.vlr.gg/527576/edward-gaming-vs-dragon-ranger-gaming-vct-2025-china-stage-2-ubqf,Corrode,Dragon Ranger Gaming,EDward Gaming,Dragon Ranger Gaming,Flex1n,Omen,260,21,16,12,152,38%
VCT 2025 China Stage 2,https://www.vlr.gg/527576/edward-gaming-vs-dragon-ranger-gaming-vct-2025-china-stage-2-ubqf,Corrode,Dragon Ranger Gaming,EDward Gaming,Dragon Ranger Gaming,Nicc,Gekko,186,15,18,4,121,33%
VCT 2025 China Stage 2,https://www.vlr.gg/527576/edward-gaming-vs-dragon-ranger-gaming-vct-2025-china-stage-2-ubqf,Corrode,Dragon Ranger Gaming,EDward Gaming,Dragon Ranger Gaming,vo0kashu,Cypher,141,11,17,6,94,50%
VCT 2025 China Stage 2,https://www.vlr.gg/527576/edward-gaming-vs-dragon-ranger-gaming-vct-2025-china-stage-2-ubqf,Corrode,Dragon Ranger Gaming,EDward Gaming,Dragon Ranger Gaming,Akeman,Clove,124,9,19,11,81,19%
VCT 2025 China Stage 2,https://www.vlr.gg/527584/all-gamers-vs-funplus-phoenix-vct-2025-china-stage-2-lr1,Sunset,All Gamers,FunPlus Phoenix,All Gamers,Spitfires,Neon,344,28,16,8,219,22%
VCT 2025 China Stage 2,https://www.vlr.gg/527584/all-gamers-vs-funplus-phoenix-vct-2025-china-stage-2-lr1,Sunset,All Gamers,FunPlus Phoenix,All Gamers,Shr1mp,Sova,215,18,12,5,134,22%
VCT 2025 China Stage 2,https://www.vlr.gg/527584/all-gamers-vs-funplus-phoenix-vct-2025-china-stage-2-lr1,Sunset,All Gamers,FunPlus Phoenix,All Gamers,HanChe,Viper,202,16,14,6,135,28%
VCT 2025 China Stage 2,https://www.vlr.gg/527584/all-gamers-vs-funplus-phoenix-vct-2025-china-stage-2-lr1,Sunset,All Gamers,FunPlus Phoenix,All Gamers,K1ra,Omen,111,10,12,8,78,69%
VCT 2025 China Stage 2,https://www.vlr.gg/527584/all-gamers-vs-funplus-phoenix-vct-2025-china-stage-2-lr1,Sunset,All Gamers,FunPlus Phoenix,All Gamers,deLb,Deadlock,140,12,17,6,74,38%
VCT 2025 China Stage 2,https://www.vlr.gg/527584/all-gamers-vs-funplus-phoenix-vct-2025-china-stage-2-lr1,Sunset,FunPlus Phoenix,All Gamers,All Gamers,Life,Jett,218,18,16,2,129,18%
VCT 2025 China Stage 2,https://www.vlr.gg/527584/all-gamers-vs-funplus-phoenix-vct-2025-china-stage-2-lr1,Sunset,FunPlus Phoenix,All Gamers,All Gamers,BerLIN,Omen,193,15,17,5,116,36%
VCT 2025 China Stage 2,https://www.vlr.gg/527584/all-gamers-vs-funplus-phoenix-vct-2025-china-stage-2-lr1,Sunset,FunPlus Phoenix,All Gamers,All Gamers,AAAAY,Sova,166,15,15,1,109,33%
VCT 2025 China Stage 2,https://www.vlr.gg/527584/all-gamers-vs-funplus-phoenix-vct-2025-china-stage-2-lr1,Sunset,FunPlus Phoenix,All Gamers,All Gamers,Autumn,Yoru,200,16,17,4,129,37%
VCT 2025 China Stage 2,https://www.vlr.gg/527584/all-gamers-vs-funplus-phoenix-vct-2025-china-stage-2-lr1,Sunset,FunPlus Phoenix,All Gamers,All Gamers,yosemite,Cypher,103,7,19,6,69,26%
VCT 2025 China Stage 2,https://www.vlr.gg/527584/all-gamers-vs-funplus-phoenix-vct-2025-china-stage-2-lr1,Haven,All Gamers,FunPlus Phoenix,FunPlus Phoenix,Shr1mp,Sova,179,10,12,2,132,34%
VCT 2025 China Stage 2,https://www.vlr.gg/527584/all-gamers-vs-funplus-phoenix-vct-2025-china-stage-2-lr1,Haven,All Gamers,FunPlus Phoenix,FunPlus Phoenix,HanChe,Killjoy,147,7,12,4,103,30%
VCT 2025 China Stage 2,https://www.vlr.gg/527584/all-gamers-vs-funplus-phoenix-vct-2025-china-stage-2-lr1,Haven,All Gamers,FunPlus Phoenix,FunPlus Phoenix,Spitfires,Neon,128,8,10,1,80,50%
VCT 2025 China Stage 2,https://www.vlr.gg/527584/all-gamers-vs-funplus-phoenix-vct-2025-china-stage-2-lr1,Haven,All Gamers,FunPlus Phoenix,FunPlus Phoenix,K1ra,Viper,152,7,13,1,100,35%
VCT 2025 China Stage 2,https://www.vlr.gg/527584/all-gamers-vs-funplus-phoenix-vct-2025-china-stage-2-lr1,Haven,All Gamers,FunPlus Phoenix,FunPlus Phoenix,deLb,Omen,115,6,10,5,77,23%
VCT 2025 China Stage 2,https://www.vlr.gg/527584/all-gamers-vs-funplus-phoenix-vct-2025-china-stage-2-lr1,Haven,FunPlus Phoenix,All Gamers,FunPlus Phoenix,Life,Neon,286,17,10,4,174,52%
VCT 2025 China Stage 2,https://www.vlr.gg/527584/all-gamers-vs-funplus-phoenix-vct-2025-china-stage-2-lr1,Haven,FunPlus Phoenix,All Gamers,FunPlus Phoenix,BerLIN,Omen,194,10,8,8,130,21%
VCT 2025 China Stage 2,https://www.vlr.gg/527584/all-gamers-vs-funplus-phoenix-vct-2025-china-stage-2-lr1,Haven,FunPlus Phoenix,All Gamers,FunPlus Phoenix,AAAAY,Sova,180,11,7,3,145,45%
VCT 2025 China Stage 2,https://www.vlr.gg/527584/all-gamers-vs-funplus-phoenix-vct-2025-china-stage-2-lr1,Haven,FunPlus Phoenix,All Gamers,FunPlus Phoenix,yosemite,Viper,170,9,7,6,115,44%
VCT 2025 China Stage 2,https://www.vlr.gg/527584/all-gamers-vs-funplus-phoenix-vct-2025-china-stage-2-lr1,Haven,FunPlus Phoenix,All Gamers,FunPlus Phoenix,Autumn,Killjoy,171,10,6,2,117,24%
VCT 2025 China Stage 2,https://www.vlr.gg/527584/all-gamers-vs-funplus-phoenix-vct-2025-china-stage-2-lr1,Icebox,All Gamers,FunPlus Phoenix,All Gamers,K1ra,Viper,270,19,11,12,166,36%
VCT 2025 China Stage 2,https://www.vlr.gg/527584/all-gamers-vs-funplus-phoenix-vct-2025-china-stage-2-lr1,Icebox,All Gamers,FunPlus Phoenix,All Gamers,Shr1mp,Sova,270,21,11,6,167,17%
VCT 2025 China Stage 2,https://www.vlr.gg/527584/all-gamers-vs-funplus-phoenix-vct-2025-china-stage-2-lr1,Icebox,All Gamers,FunPlus Phoenix,All Gamers,HanChe,Killjoy,208,14,12,2,154,36%
VCT 2025 China Stage 2,https://www.vlr.gg/527584/all-gamers-vs-funplus-phoenix-vct-2025-china-stage-2-lr1,Icebox,All Gamers,FunPlus Phoenix,All Gamers,Spitfires,Jett,251,17,14,2,163,24%
VCT 2025 China Stage 2,https://www.vlr.gg/527584/all-gamers-vs-funplus-phoenix-vct-2025-china-stage-2-lr1,Icebox,All Gamers,FunPlus Phoenix,All Gamers,deLb,Omen,189,13,14,6,118,56%
VCT 2025 China Stage 2,https://www.vlr.gg/527584/all-gamers-vs-funplus-phoenix-vct-2025-china-stage-2-lr1,Icebox,FunPlus Phoenix,All Gamers,All Gamers,yosemite,Viper,252,16,16,7,172,27%
VCT 2025 China Stage 2,https://www.vlr.gg/527584/all-gamers-vs-funplus-phoenix-vct-2025-china-stage-2-lr1,Icebox,FunPlus Phoenix,All Gamers,All Gamers,Autumn,Killjoy,252,17,17,2,160,26%
VCT 2025 China Stage 2,https://www.vlr.gg/527584/all-gamers-vs-funplus-phoenix-vct-2025-china-stage-2-lr1,Icebox,FunPlus Phoenix,All Gamers,All Gamers,BerLIN,Omen,173,12,16,3,106,36%
VCT 2025 China Stage 2,https://www.vlr.gg/527584/all-gamers-vs-funplus-phoenix-vct-2025-china-stage-2-lr1,Icebox,FunPlus Phoenix,All Gamers,All Gamers,Life,Jett,159,11,17,4,116,36%
VCT 2025 China Stage 2,https://www.vlr.gg/527584/all-gamers-vs-funplus-phoenix-vct-2025-china-stage-2-lr1,Icebox,FunPlus Phoenix,All Gamers,All Gamers,AAAAY,Sova,103,6,18,4,66,25%
VCT 2025 China Stage 2,https://www.vlr.gg/527583/edward-gaming-vs-trace-esports-vct-2025-china-stage-2-lr1,Lotus,EDward Gaming,Trace Esports,Trace Esports,CHICHOO,Vyse,251,18,12,2,165,26%
VCT 2025 China Stage 2,https://www.vlr.gg/527583/edward-gaming-vs-trace-esports-vct-2025-china-stage-2-lr1,Lotus,EDward Gaming,Trace Esports,Trace Esports,ZmjjKK,Raze,261,17,15,3,159,16%
VCT 2025 China Stage 2,https://www.vlr.gg/527583/edward-gaming-vs-trace-esports-vct-2025-china-stage-2-lr1,Lotus,EDward Gaming,Trace Esports,Trace Esports,Jieni7,Omen,187,13,15,5,110,28%
VCT 2025 China Stage 2,https://www.vlr.gg/527583/edward-gaming-vs-trace-esports-vct-2025-china-stage-2-lr1,Lotus,EDward Gaming,Trace Esports,Trace Esports,nobody,Yoru,142,11,15,3,94,52%
VCT 2025 China Stage 2,https://www.vlr.gg/527583/edward-gaming-vs-trace-esports-vct-2025-china-stage-2-lr1,Lotus,EDward Gaming,Trace Esports,Trace Esports,Smoggy,Fade,107,8,15,3,69,25%
VCT 2025 China Stage 2,https://www.vlr.gg/527583/edward-gaming-vs-trace-esports-vct-2025-china-stage-2-lr1,Lotus,Trace Esports,EDward Gaming,Trace Esports,MarT1n,Viper,276,20,12,6,166,25%
VCT 2025 China Stage 2,https://www.vlr.gg/527583/edward-gaming-vs-trace-esports-vct-2025-china-stage-2-lr1,Lotus,Trace Esports,EDward Gaming,Trace Esports,Biank,Fade,202,13,14,13,129,20%
VCT 2025 China Stage 2,https://www.vlr.gg/527583/edward-gaming-vs-trace-esports-vct-2025-china-stage-2-lr1,Lotus,Trace Esports,EDward Gaming,Trace Esports,LuoK1ng,Omen,192,13,14,14,111,48%
VCT 2025 China Stage 2,https://www.vlr.gg/527583/edward-gaming-vs-trace-esports-vct-2025-china-stage-2-lr1,Lotus,Trace Esports,EDward Gaming,Trace Esports,Kai,Killjoy,196,15,14,2,130,29%
VCT 2025 China Stage 2,https://www.vlr.gg/527583/edward-gaming-vs-trace-esports-vct-2025-china-stage-2-lr1,Lotus,Trace Esports,EDward Gaming,Trace Esports,FengF,Raze,165,11,13,3,112,26%
VCT 2025 China Stage 2,https://www.vlr.gg/527583/edward-gaming-vs-trace-esports-vct-2025-china-stage-2-lr1,Sunset,EDward Gaming,Trace Esports,EDward Gaming,CHICHOO,Cypher,275,23,12,4,174,32%
VCT 2025 China Stage 2,https://www.vlr.gg/527583/edward-gaming-vs-trace-esports-vct-2025-china-stage-2-lr1,Sunset,EDward Gaming,Trace Esports,EDward Gaming,Jieni7,Breach,210,18,15,9,148,26%
VCT 2025 China Stage 2,https://www.vlr.gg/527583/edward-gaming-vs-trace-esports-vct-2025-china-stage-2-lr1,Sunset,EDward Gaming,Trace Esports,EDward Gaming,Smoggy,Omen,183,15,16,7,113,42%
VCT 2025 China Stage 2,https://www.vlr.gg/527583/edward-gaming-vs-trace-esports-vct-2025-china-stage-2-lr1,Sunset,EDward Gaming,Trace Esports,EDward Gaming,ZmjjKK,Neon,200,18,17,5,116,17%
VCT 2025 China Stage 2,https://www.vlr.gg/527583/edward-gaming-vs-trace-esports-vct-2025-china-stage-2-lr1,Sunset,EDward Gaming,Trace Esports,EDward Gaming,nobody,Sova,118,9,16,7,90,35%
VCT 2025 China Stage 2,https://www.vlr.gg/527583/edward-gaming-vs-trace-esports-vct-2025-china-stage-2-lr1,Sunset,Trace Esports,EDward Gaming,EDward Gaming,Biank,Sova,222,17,16,7,149,19%
VCT 2025 China Stage 2,https://www.vlr.gg/527583/edward-gaming-vs-trace-esports-vct-2025-china-stage-2-lr1,Sunset,Trace Esports,EDward Gaming,EDward Gaming,Kai,Neon,238,18,19,4,152,25%
VCT 2025 China Stage 2,https://www.vlr.gg/527583/edward-gaming-vs-trace-esports-vct-2025-china-stage-2-lr1,Sunset,Trace Esports,EDward Gaming,EDward Gaming,MarT1n,Deadlock,149,14,14,4,97,39%
VCT 2025 China Stage 2,https://www.vlr.gg/527583/edward-gaming-vs-trace-esports-vct-2025-china-stage-2-lr1,Sunset,Trace Esports,EDward Gaming,EDward Gaming,FengF,Cypher,164,12,17,8,106,26%
VCT 2025 China Stage 2,https://www.vlr.gg/527583/edward-gaming-vs-trace-esports-vct-2025-china-stage-2-lr1,Sunset,Trace Esports,EDward Gaming,EDward Gaming,LuoK1ng,Omen,178,15,17,6,107,29%
VCT 2025 China Stage 2,https://www.vlr.gg/527583/edward-gaming-vs-trace-esports-vct-2025-china-stage-2-lr1,Ascent,EDward Gaming,Trace Esports,EDward Gaming,nobody,Sova,309,26,13,8,203,36%
VCT 2025 China Stage 2,https://www.vlr.gg/527583/edward-gaming-vs-trace-esports-vct-2025-china-stage-2-lr1,Ascent,EDward Gaming,Trace Esports,EDward Gaming,Smoggy,Omen,219,19,16,8,143,36%
VCT 2025 China Stage 2,https://www.vlr.gg/527583/edward-gaming-vs-trace-esports-vct-2025-china-stage-2-lr1,Ascent,EDward Gaming,Trace Esports,EDward Gaming,Jieni7,Kayo,171,14,16,9,114,23%
VCT 2025 China Stage 2,https://www.vlr.gg/527583/edward-gaming-vs-trace-esports-vct-2025-china-stage-2-lr1,Ascent,EDward Gaming,Trace Esports,EDward Gaming,CHICHOO,Cypher,139,12,16,6,74,28%
VCT 2025 China Stage 2,https://www.vlr.gg/527583/edward-gaming-vs-trace-esports-vct-2025-china-stage-2-lr1,Ascent,EDward Gaming,Trace Esports,EDward Gaming,ZmjjKK,Jett,164,16,18,2,114,21%
VCT 2025 China Stage 2,https://www.vlr.gg/527583/edward-gaming-vs-trace-esports-vct-2025-china-stage-2-lr1,Ascent,Trace Esports,EDward Gaming,EDward Gaming,Kai,Yoru,267,24,17,7,158,18%
VCT 2025 China Stage 2,https://www.vlr.gg/527583/edward-gaming-vs-trace-esports-vct-2025-china-stage-2-lr1,Ascent,Trace Esports,EDward Gaming,EDward Gaming,FengF,Cypher,201,17,17,6,133,26%
VCT 2025 China Stage 2,https://www.vlr.gg/527583/edward-gaming-vs-trace-esports-vct-2025-china-stage-2-lr1,Ascent,Trace Esports,EDward Gaming,EDward Gaming,Biank,Sova,206,15,17,10,146,22%
VCT 2025 China Stage 2,https://www.vlr.gg/527583/edward-gaming-vs-trace-esports-vct-2025-china-stage-2-lr1,Ascent,Trace Esports,EDward Gaming,EDward Gaming,MarT1n,Deadlock,154,12,17,8,113,35%
VCT 2025 China Stage 2,https://www.vlr.gg/527583/edward-gaming-vs-trace-esports-vct-2025-china-stage-2-lr1,Ascent,Trace Esports,EDward Gaming,EDward Gaming,LuoK1ng,Omen,138,11,19,17,86,29%
VCT 2025 China Stage 2,https://www.vlr.gg/527580/bilibili-gaming-vs-tyloo-vct-2025-china-stage-2-ubsf,Bind,"Guangzhou Huadu Bilibili Gaming						
							(Bilibili Gaming)",TYLOO,"Guangzhou Huadu Bilibili Gaming						
							(Bilibili Gaming)",whzy,Raze,346,24,13,5,245,30%
VCT 2025 China Stage 2,https://www.vlr.gg/527580/bilibili-gaming-vs-tyloo-vct-2025-china-stage-2-ubsf,Bind,"Guangzhou Huadu Bilibili Gaming						
							(Bilibili Gaming)",TYLOO,"Guangzhou Huadu Bilibili Gaming						
							(Bilibili Gaming)",rushia,Brimstone,232,19,11,8,136,12%
VCT 2025 China Stage 2,https://www.vlr.gg/527580/bilibili-gaming-vs-tyloo-vct-2025-china-stage-2-ubsf,Bind,"Guangzhou Huadu Bilibili Gaming						
							(Bilibili Gaming)",TYLOO,"Guangzhou Huadu Bilibili Gaming						
							(Bilibili Gaming)",Knight,Fade,213,17,12,5,125,27%
VCT 2025 China Stage 2,https://www.vlr.gg/527580/bilibili-gaming-vs-tyloo-vct-2025-china-stage-2-ubsf,Bind,"Guangzhou Huadu Bilibili Gaming						
							(Bilibili Gaming)",TYLOO,"Guangzhou Huadu Bilibili Gaming						
							(Bilibili Gaming)",Levius,Viper,191,12,11,8,126,30%
VCT 2025 China Stage 2,https://www.vlr.gg/527580/bilibili-gaming-vs-tyloo-vct-2025-china-stage-2-ubsf,Bind,"Guangzhou Huadu Bilibili Gaming						
							(Bilibili Gaming)",TYLOO,"Guangzhou Huadu Bilibili Gaming						
							(Bilibili Gaming)",nephh,Kayo,163,13,13,8,83,28%
VCT 2025 China Stage 2,https://www.vlr.gg/527580/bilibili-gaming-vs-tyloo-vct-2025-china-stage-2-ubsf,Bind,TYLOO,"Guangzhou Huadu Bilibili Gaming						
							(Bilibili Gaming)","Guangzhou Huadu Bilibili Gaming						
							(Bilibili Gaming)",slowly,Yoru,220,15,16,8,164,33%
VCT 2025 China Stage 2,https://www.vlr.gg/527580/bilibili-gaming-vs-tyloo-vct-2025-china-stage-2-ubsf,Bind,TYLOO,"Guangzhou Huadu Bilibili Gaming						
							(Bilibili Gaming)","Guangzhou Huadu Bilibili Gaming						
							(Bilibili Gaming)",Ninebody,Raze,184,12,17,5,124,12%
VCT 2025 China Stage 2,https://www.vlr.gg/527580/bilibili-gaming-vs-tyloo-vct-2025-china-stage-2-ubsf,Bind,TYLOO,"Guangzhou Huadu Bilibili Gaming						
							(Bilibili Gaming)","Guangzhou Huadu Bilibili Gaming						
							(Bilibili Gaming)",Scales,Viper,220,15,18,6,158,30%
VCT 2025 China Stage 2,https://www.vlr.gg/527580/bilibili-gaming-vs-tyloo-vct-2025-china-stage-2-ubsf,Bind,TYLOO,"Guangzhou Huadu Bilibili Gaming						
							(Bilibili Gaming)","Guangzhou Huadu Bilibili Gaming						
							(Bilibili Gaming)",sword9,Fade,169,12,17,4,115,31%
VCT 2025 China Stage 2,https://www.vlr.gg/527580/bilibili-gaming-vs-tyloo-vct-2025-china-stage-2-ubsf,Bind,TYLOO,"Guangzhou Huadu Bilibili Gaming						
							(Bilibili Gaming)","Guangzhou Huadu Bilibili Gaming						
							(Bilibili Gaming)",Yoyo,Brimstone,125,6,17,7,92,21%
VCT 2025 China Stage 2,https://www.vlr.gg/527580/bilibili-gaming-vs-tyloo-vct-2025-china-stage-2-ubsf,Icebox,"Guangzhou Huadu Bilibili Gaming						
							(Bilibili Gaming)",TYLOO,TYLOO,Knight,Sova,232,19,16,0,151,33%
VCT 2025 China Stage 2,https://www.vlr.gg/527580/bilibili-gaming-vs-tyloo-vct-2025-china-stage-2-ubsf,Icebox,"Guangzhou Huadu Bilibili Gaming						
							(Bilibili Gaming)",TYLOO,TYLOO,nephh,Viper,208,15,17,10,119,14%
VCT 2025 China Stage 2,https://www.vlr.gg/527580/bilibili-gaming-vs-tyloo-vct-2025-china-stage-2-ubsf,Icebox,"Guangzhou Huadu Bilibili Gaming						
							(Bilibili Gaming)",TYLOO,TYLOO,whzy,Jett,215,16,16,5,143,25%
VCT 2025 China Stage 2,https://www.vlr.gg/527580/bilibili-gaming-vs-tyloo-vct-2025-china-stage-2-ubsf,Icebox,"Guangzhou Huadu Bilibili Gaming						
							(Bilibili Gaming)",TYLOO,TYLOO,Levius,Killjoy,181,12,17,3,124,17%
VCT 2025 China Stage 2,https://www.vlr.gg/527580/bilibili-gaming-vs-tyloo-vct-2025-china-stage-2-ubsf,Icebox,"Guangzhou Huadu Bilibili Gaming						
							(Bilibili Gaming)",TYLOO,TYLOO,rushia,Harbor,97,6,19,7,65,17%
VCT 2025 China Stage 2,https://www.vlr.gg/527580/bilibili-gaming-vs-tyloo-vct-2025-china-stage-2-ubsf,Icebox,TYLOO,"Guangzhou Huadu Bilibili Gaming						
							(Bilibili Gaming)",TYLOO,slowly,Jett,376,31,13,0,226,35%
VCT 2025 China Stage 2,https://www.vlr.gg/527580/bilibili-gaming-vs-tyloo-vct-2025-china-stage-2-ubsf,Icebox,TYLOO,"Guangzhou Huadu Bilibili Gaming						
							(Bilibili Gaming)",TYLOO,Ninebody,Killjoy,244,19,12,4,168,28%
VCT 2025 China Stage 2,https://www.vlr.gg/527580/bilibili-gaming-vs-tyloo-vct-2025-china-stage-2-ubsf,Icebox,TYLOO,"Guangzhou Huadu Bilibili Gaming						
							(Bilibili Gaming)",TYLOO,Yoyo,Viper,177,15,14,7,127,46%
VCT 2025 China Stage 2,https://www.vlr.gg/527580/bilibili-gaming-vs-tyloo-vct-2025-china-stage-2-ubsf,Icebox,TYLOO,"Guangzhou Huadu Bilibili Gaming						
							(Bilibili Gaming)",TYLOO,Scales,Sova,140,9,13,6,105,26%
VCT 2025 China Stage 2,https://www.vlr.gg/527580/bilibili-gaming-vs-tyloo-vct-2025-china-stage-2-ubsf,Icebox,TYLOO,"Guangzhou Huadu Bilibili Gaming						
							(Bilibili Gaming)",TYLOO,sword9,Omen,141,11,16,5,101,27%
VCT 2025 China Stage 2,https://www.vlr.gg/527580/bilibili-gaming-vs-tyloo-vct-2025-china-stage-2-ubsf,Lotus,"Guangzhou Huadu Bilibili Gaming						
							(Bilibili Gaming)",TYLOO,"Guangzhou Huadu Bilibili Gaming						
							(Bilibili Gaming)",Knight,Fade,427,27,14,9,,
VCT 2025 China Stage 2,https://www.vlr.gg/527580/bilibili-gaming-vs-tyloo-vct-2025-china-stage-2-ubsf,Lotus,"Guangzhou Huadu Bilibili Gaming						
							(Bilibili Gaming)",TYLOO,"Guangzhou Huadu Bilibili Gaming						
							(Bilibili Gaming)",rushia,Viper,242,16,9,6,,
VCT 2025 China Stage 2,https://www.vlr.gg/527580/bilibili-gaming-vs-tyloo-vct-2025-china-stage-2-ubsf,Lotus,"Guangzhou Huadu Bilibili Gaming						
							(Bilibili Gaming)",TYLOO,"Guangzhou Huadu Bilibili Gaming						
							(Bilibili Gaming)",Levius,Vyse,210,15,10,6,,
VCT 2025 China Stage 2,https://www.vlr.gg/527580/bilibili-gaming-vs-tyloo-vct-2025-china-stage-2-ubsf,Lotus,"Guangzhou Huadu Bilibili Gaming						
							(Bilibili Gaming)",TYLOO,"Guangzhou Huadu Bilibili Gaming						
							(Bilibili Gaming)",whzy,Raze,166,10,13,6,,
VCT 2025 China Stage 2,https://www.vlr.gg/527580/bilibili-gaming-vs-tyloo-vct-2025-china-stage-2-ubsf,Lotus,"Guangzhou Huadu Bilibili Gaming						
							(Bilibili Gaming)",TYLOO,"Guangzhou Huadu Bilibili Gaming						
							(Bilibili Gaming)",nephh,Omen,136,10,12,5,,
VCT 2025 China Stage 2,https://www.vlr.gg/527580/bilibili-gaming-vs-tyloo-vct-2025-china-stage-2-ubsf,Lotus,TYLOO,"Guangzhou Huadu Bilibili Gaming						
							(Bilibili Gaming)","Guangzhou Huadu Bilibili Gaming						
							(Bilibili Gaming)",slowly,Omen,239,15,14,5,,
VCT 2025 China Stage 2,https://www.vlr.gg/527580/bilibili-gaming-vs-tyloo-vct-2025-china-stage-2-ubsf,Lotus,TYLOO,"Guangzhou Huadu Bilibili Gaming						
							(Bilibili Gaming)","Guangzhou Huadu Bilibili Gaming						
							(Bilibili Gaming)",Yoyo,Raze,212,11,17,5,,
VCT 2025 China Stage 2,https://www.vlr.gg/527580/bilibili-gaming-vs-tyloo-vct-2025-china-stage-2-ubsf,Lotus,TYLOO,"Guangzhou Huadu Bilibili Gaming						
							(Bilibili Gaming)","Guangzhou Huadu Bilibili Gaming						
							(Bilibili Gaming)",sword9,Fade,188,12,15,2,,
VCT 2025 China Stage 2,https://www.vlr.gg/527580/bilibili-gaming-vs-tyloo-vct-2025-china-stage-2-ubsf,Lotus,TYLOO,"Guangzhou Huadu Bilibili Gaming						
							(Bilibili Gaming)","Guangzhou Huadu Bilibili Gaming						
							(Bilibili Gaming)",Ninebody,Vyse,179,12,16,3,,
VCT 2025 China Stage 2,https://www.vlr.gg/527580/bilibili-gaming-vs-tyloo-vct-2025-china-stage-2-ubsf,Lotus,TYLOO,"Guangzhou Huadu Bilibili Gaming						
							(Bilibili Gaming)","Guangzhou Huadu Bilibili Gaming						
							(Bilibili Gaming)",Scales,Viper,126,8,16,5,,
VCT 2025 China Stage 2,https://www.vlr.gg/527579/xi-lai-gaming-vs-dragon-ranger-gaming-vct-2025-china-stage-2-ubsf,Lotus,Xi Lai Gaming,Dragon Ranger Gaming,Dragon Ranger Gaming,Rarga,Sage,311,27,21,8,217,29%
VCT 2025 China Stage 2,https://www.vlr.gg/527579/xi-lai-gaming-vs-dragon-ranger-gaming-vct-2025-china-stage-2-ubsf,Lotus,Xi Lai Gaming,Dragon Ranger Gaming,Dragon Ranger Gaming,happywei,Cypher,311,21,21,9,217,29%
VCT 2025 China Stage 2,https://www.vlr.gg/527579/xi-lai-gaming-vs-dragon-ranger-gaming-vct-2025-china-stage-2-ubsf,Lotus,Xi Lai Gaming,Dragon Ranger Gaming,Dragon Ranger Gaming,Viva,Fade,214,19,18,9,150,27%
VCT 2025 China Stage 2,https://www.vlr.gg/527579/xi-lai-gaming-vs-dragon-ranger-gaming-vct-2025-china-stage-2-ubsf,Lotus,Xi Lai Gaming,Dragon Ranger Gaming,Dragon Ranger Gaming,coconut,Omen,154,13,21,9,113,24%
VCT 2025 China Stage 2,https://www.vlr.gg/527579/xi-lai-gaming-vs-dragon-ranger-gaming-vct-2025-china-stage-2-ubsf,Lotus,Xi Lai Gaming,Dragon Ranger Gaming,Dragon Ranger Gaming,NoMan,Deadlock,144,13,23,7,82,25%
VCT 2025 China Stage 2,https://www.vlr.gg/527579/xi-lai-gaming-vs-dragon-ranger-gaming-vct-2025-china-stage-2-ubsf,Lotus,Dragon Ranger Gaming,Xi Lai Gaming,Dragon Ranger Gaming,Flex1n,Omen,228,21,18,19,136,23%
VCT 2025 China Stage 2,https://www.vlr.gg/527579/xi-lai-gaming-vs-dragon-ranger-gaming-vct-2025-china-stage-2-ubsf,Lotus,Dragon Ranger Gaming,Xi Lai Gaming,Dragon Ranger Gaming,SpiritZ1,Yoru,326,29,20,7,196,27%
VCT 2025 China Stage 2,https://www.vlr.gg/527579/xi-lai-gaming-vs-dragon-ranger-gaming-vct-2025-china-stage-2-ubsf,Lotus,Dragon Ranger Gaming,Xi Lai Gaming,Dragon Ranger Gaming,vo0kashu,Cypher,234,23,19,8,160,31%
VCT 2025 China Stage 2,https://www.vlr.gg/527579/xi-lai-gaming-vs-dragon-ranger-gaming-vct-2025-china-stage-2-ubsf,Lotus,Dragon Ranger Gaming,Xi Lai Gaming,Dragon Ranger Gaming,Nicc,Breach,191,17,16,16,124,35%
VCT 2025 China Stage 2,https://www.vlr.gg/527579/xi-lai-gaming-vs-dragon-ranger-gaming-vct-2025-china-stage-2-ubsf,Lotus,Dragon Ranger Gaming,Xi Lai Gaming,Dragon Ranger Gaming,Akeman,Neon,179,14,20,10,124,18%
VCT 2025 China Stage 2,https://www.vlr.gg/527579/xi-lai-gaming-vs-dragon-ranger-gaming-vct-2025-china-stage-2-ubsf,Bind,Xi Lai Gaming,Dragon Ranger Gaming,Xi Lai Gaming,happywei,Viper,339,22,7,9,232,26%
VCT 2025 China Stage 2,https://www.vlr.gg/527579/xi-lai-gaming-vs-dragon-ranger-gaming-vct-2025-china-stage-2-ubsf,Bind,Xi Lai Gaming,Dragon Ranger Gaming,Xi Lai Gaming,NoMan,Skye,273,18,8,5,170,29%
VCT 2025 China Stage 2,https://www.vlr.gg/527579/xi-lai-gaming-vs-dragon-ranger-gaming-vct-2025-china-stage-2-ubsf,Bind,Xi Lai Gaming,Dragon Ranger Gaming,Xi Lai Gaming,Viva,Brimstone,128,8,9,8,98,27%
VCT 2025 China Stage 2,https://www.vlr.gg/527579/xi-lai-gaming-vs-dragon-ranger-gaming-vct-2025-china-stage-2-ubsf,Bind,Xi Lai Gaming,Dragon Ranger Gaming,Xi Lai Gaming,Rarga,Waylay,186,12,12,5,151,25%
VCT 2025 China Stage 2,https://www.vlr.gg/527579/xi-lai-gaming-vs-dragon-ranger-gaming-vct-2025-china-stage-2-ubsf,Bind,Xi Lai Gaming,Dragon Ranger Gaming,Xi Lai Gaming,coconut,Gekko,126,8,10,4,72,20%
VCT 2025 China Stage 2,https://www.vlr.gg/527579/xi-lai-gaming-vs-dragon-ranger-gaming-vct-2025-china-stage-2-ubsf,Bind,Dragon Ranger Gaming,Xi Lai Gaming,Xi Lai Gaming,vo0kashu,Vyse,252,14,14,5,169,26%
VCT 2025 China Stage 2,https://www.vlr.gg/527579/xi-lai-gaming-vs-dragon-ranger-gaming-vct-2025-china-stage-2-ubsf,Bind,Dragon Ranger Gaming,Xi Lai Gaming,Xi Lai Gaming,Flex1n,Astra,164,10,11,5,100,23%
VCT 2025 China Stage 2,https://www.vlr.gg/527579/xi-lai-gaming-vs-dragon-ranger-gaming-vct-2025-china-stage-2-ubsf,Bind,Dragon Ranger Gaming,Xi Lai Gaming,Xi Lai Gaming,Nicc,Gekko,202,12,15,1,155,30%
VCT 2025 China Stage 2,https://www.vlr.gg/527579/xi-lai-gaming-vs-dragon-ranger-gaming-vct-2025-china-stage-2-ubsf,Bind,Dragon Ranger Gaming,Xi Lai Gaming,Xi Lai Gaming,Akeman,Neon,99,6,14,3,67,14%
VCT 2025 China Stage 2,https://www.vlr.gg/527579/xi-lai-gaming-vs-dragon-ranger-gaming-vct-2025-china-stage-2-ubsf,Bind,Dragon Ranger Gaming,Xi Lai Gaming,Xi Lai Gaming,SpiritZ1,Yoru,73,4,14,2,54,19%
VCT 2025 China Stage 2,https://www.vlr.gg/527579/xi-lai-gaming-vs-dragon-ranger-gaming-vct-2025-china-stage-2-ubsf,Sunset,Xi Lai Gaming,Dragon Ranger Gaming,Dragon Ranger Gaming,Rarga,Neon,283,17,15,1,160,39%
VCT 2025 China Stage 2,https://www.vlr.gg/527579/xi-lai-gaming-vs-dragon-ranger-gaming-vct-2025-china-stage-2-ubsf,Sunset,Xi Lai Gaming,Dragon Ranger Gaming,Dragon Ranger Gaming,coconut,Omen,186,11,12,5,116,24%
VCT 2025 China Stage 2,https://www.vlr.gg/527579/xi-lai-gaming-vs-dragon-ranger-gaming-vct-2025-china-stage-2-ubsf,Sunset,Xi Lai Gaming,Dragon Ranger Gaming,Dragon Ranger Gaming,happywei,Viper,197,12,16,3,119,40%
VCT 2025 China Stage 2,https://www.vlr.gg/527579/xi-lai-gaming-vs-dragon-ranger-gaming-vct-2025-china-stage-2-ubsf,Sunset,Xi Lai Gaming,Dragon Ranger Gaming,Dragon Ranger Gaming,Viva,Sova,124,7,14,5,96,41%
VCT 2025 China Stage 2,https://www.vlr.gg/527579/xi-lai-gaming-vs-dragon-ranger-gaming-vct-2025-china-stage-2-ubsf,Sunset,Xi Lai Gaming,Dragon Ranger Gaming,Dragon Ranger Gaming,NoMan,Deadlock,95,4,16,6,63,36%
VCT 2025 China Stage 2,https://www.vlr.gg/527579/xi-lai-gaming-vs-dragon-ranger-gaming-vct-2025-china-stage-2-ubsf,Sunset,Dragon Ranger Gaming,Xi Lai Gaming,Dragon Ranger Gaming,Nicc,Fade,230,15,10,9,166,37%
VCT 2025 China Stage 2,https://www.vlr.gg/527579/xi-lai-gaming-vs-dragon-ranger-gaming-vct-2025-china-stage-2-ubsf,Sunset,Dragon Ranger Gaming,Xi Lai Gaming,Dragon Ranger Gaming,SpiritZ1,Yoru,230,14,9,7,149,42%
VCT 2025 China Stage 2,https://www.vlr.gg/527579/xi-lai-gaming-vs-dragon-ranger-gaming-vct-2025-china-stage-2-ubsf,Sunset,Dragon Ranger Gaming,Xi Lai Gaming,Dragon Ranger Gaming,vo0kashu,Cypher,220,15,10,3,146,34%
VCT 2025 China Stage 2,https://www.vlr.gg/527579/xi-lai-gaming-vs-dragon-ranger-gaming-vct-2025-china-stage-2-ubsf,Sunset,Dragon Ranger Gaming,Xi Lai Gaming,Dragon Ranger Gaming,Flex1n,Omen,188,13,9,12,118,23%
VCT 2025 China Stage 2,https://www.vlr.gg/527579/xi-lai-gaming-vs-dragon-ranger-gaming-vct-2025-china-stage-2-ubsf,Sunset,Dragon Ranger Gaming,Xi Lai Gaming,Dragon Ranger Gaming,Akeman,Neon,256,16,13,5,156,21%
VCT 2025 China Stage 2,https://www.vlr.gg/527585/tyloo-vs-edward-gaming-vct-2025-china-stage-2-lr2,Haven,TYLOO,EDward Gaming,EDward Gaming,Scales,Iso,358,19,14,2,229,36%
VCT 2025 China Stage 2,https://www.vlr.gg/527585/tyloo-vs-edward-gaming-vct-2025-china-stage-2-lr2,Haven,TYLOO,EDward Gaming,EDward Gaming,slowly,Yoru,212,13,15,2,144,30%
VCT 2025 China Stage 2,https://www.vlr.gg/527585/tyloo-vs-edward-gaming-vct-2025-china-stage-2-lr2,Haven,TYLOO,EDward Gaming,EDward Gaming,Ninebody,Cypher,175,8,14,3,123,38%
VCT 2025 China Stage 2,https://www.vlr.gg/527585/tyloo-vs-edward-gaming-vct-2025-china-stage-2-lr2,Haven,TYLOO,EDward Gaming,EDward Gaming,sword9,Omen,109,5,14,9,79,17%
VCT 2025 China Stage 2,https://www.vlr.gg/527585/tyloo-vs-edward-gaming-vct-2025-china-stage-2-lr2,Haven,TYLOO,EDward Gaming,EDward Gaming,Yoyo,Sova,119,6,15,5,84,40%
VCT 2025 China Stage 2,https://www.vlr.gg/527585/tyloo-vs-edward-gaming-vct-2025-china-stage-2-lr2,Haven,EDward Gaming,TYLOO,EDward Gaming,ZmjjKK,Yoru,335,20,8,8,203,27%
VCT 2025 China Stage 2,https://www.vlr.gg/527585/tyloo-vs-edward-gaming-vct-2025-china-stage-2-lr2,Haven,EDward Gaming,TYLOO,EDward Gaming,Jieni7,Neon,343,21,11,4,204,25%
VCT 2025 China Stage 2,https://www.vlr.gg/527585/tyloo-vs-edward-gaming-vct-2025-china-stage-2-lr2,Haven,EDward Gaming,TYLOO,EDward Gaming,CHICHOO,Cypher,225,14,8,3,140,27%
VCT 2025 China Stage 2,https://www.vlr.gg/527585/tyloo-vs-edward-gaming-vct-2025-china-stage-2-lr2,Haven,EDward Gaming,TYLOO,EDward Gaming,Smoggy,Omen,182,11,11,5,125,27%
VCT 2025 China Stage 2,https://www.vlr.gg/527585/tyloo-vs-edward-gaming-vct-2025-china-stage-2-lr2,Haven,EDward Gaming,TYLOO,EDward Gaming,nobody,Sova,115,6,13,3,80,24%
VCT 2025 China Stage 2,https://www.vlr.gg/527585/tyloo-vs-edward-gaming-vct-2025-china-stage-2-lr2,Ascent,TYLOO,EDward Gaming,EDward Gaming,slowly,Killjoy,245,21,16,3,177,47%
VCT 2025 China Stage 2,https://www.vlr.gg/527585/tyloo-vs-edward-gaming-vct-2025-china-stage-2-lr2,Ascent,TYLOO,EDward Gaming,EDward Gaming,sword9,Sova,254,23,18,6,180,29%
VCT 2025 China Stage 2,https://www.vlr.gg/527585/tyloo-vs-edward-gaming-vct-2025-china-stage-2-lr2,Ascent,TYLOO,EDward Gaming,EDward Gaming,Yoyo,Kayo,163,11,19,12,118,22%
VCT 2025 China Stage 2,https://www.vlr.gg/527585/tyloo-vs-edward-gaming-vct-2025-china-stage-2-lr2,Ascent,TYLOO,EDward Gaming,EDward Gaming,Ninebody,Jett,206,17,20,4,122,13%
VCT 2025 China Stage 2,https://www.vlr.gg/527585/tyloo-vs-edward-gaming-vct-2025-china-stage-2-lr2,Ascent,TYLOO,EDward Gaming,EDward Gaming,Scales,Omen,89,7,17,5,61,29%
VCT 2025 China Stage 2,https://www.vlr.gg/527585/tyloo-vs-edward-gaming-vct-2025-china-stage-2-lr2,Ascent,EDward Gaming,TYLOO,EDward Gaming,nobody,Sova,280,24,14,10,197,27%
VCT 2025 China Stage 2,https://www.vlr.gg/527585/tyloo-vs-edward-gaming-vct-2025-china-stage-2-lr2,Ascent,EDward Gaming,TYLOO,EDward Gaming,ZmjjKK,Jett,228,19,17,4,153,18%
VCT 2025 China Stage 2,https://www.vlr.gg/527585/tyloo-vs-edward-gaming-vct-2025-china-stage-2-lr2,Ascent,EDward Gaming,TYLOO,EDward Gaming,CHICHOO,Cypher,150,14,13,6,111,13%
VCT 2025 China Stage 2,https://www.vlr.gg/527585/tyloo-vs-edward-gaming-vct-2025-china-stage-2-lr2,Ascent,EDward Gaming,TYLOO,EDward Gaming,Jieni7,Kayo,212,17,18,11,131,16%
VCT 2025 China Stage 2,https://www.vlr.gg/527585/tyloo-vs-edward-gaming-vct-2025-china-stage-2-lr2,Ascent,EDward Gaming,TYLOO,EDward Gaming,Smoggy,Omen,176,16,17,6,123,32%
VCT 2025 China Stage 2,https://www.vlr.gg/527586/xi-lai-gaming-vs-all-gamers-vct-2025-china-stage-2-lr2,Ascent,Xi Lai Gaming,All Gamers,Xi Lai Gaming,Viva,Sova,299,24,10,3,203,32%
VCT 2025 China Stage 2,https://www.vlr.gg/527586/xi-lai-gaming-vs-all-gamers-vct-2025-china-stage-2-lr2,Ascent,Xi Lai Gaming,All Gamers,Xi Lai Gaming,NoMan,Chamber,236,17,13,4,151,14%
VCT 2025 China Stage 2,https://www.vlr.gg/527586/xi-lai-gaming-vs-all-gamers-vct-2025-china-stage-2-lr2,Ascent,Xi Lai Gaming,All Gamers,Xi Lai Gaming,happywei,Vyse,176,14,12,1,116,29%
VCT 2025 China Stage 2,https://www.vlr.gg/527586/xi-lai-gaming-vs-all-gamers-vct-2025-china-stage-2-lr2,Ascent,Xi Lai Gaming,All Gamers,Xi Lai Gaming,Rarga,Yoru,215,16,17,0,137,44%
VCT 2025 China Stage 2,https://www.vlr.gg/527586/xi-lai-gaming-vs-all-gamers-vct-2025-china-stage-2-lr2,Ascent,Xi Lai Gaming,All Gamers,Xi Lai Gaming,coconut,Omen,144,10,16,11,98,34%
VCT 2025 China Stage 2,https://www.vlr.gg/527586/xi-lai-gaming-vs-all-gamers-vct-2025-china-stage-2-lr2,Ascent,All Gamers,Xi Lai Gaming,Xi Lai Gaming,Shr1mp,Sova,181,15,15,2,110,30%
VCT 2025 China Stage 2,https://www.vlr.gg/527586/xi-lai-gaming-vs-all-gamers-vct-2025-china-stage-2-lr2,Ascent,All Gamers,Xi Lai Gaming,Xi Lai Gaming,K1ra,Omen,166,10,14,7,110,22%
VCT 2025 China Stage 2,https://www.vlr.gg/527586/xi-lai-gaming-vs-all-gamers-vct-2025-china-stage-2-lr2,Ascent,All Gamers,Xi Lai Gaming,Xi Lai Gaming,Spitfires,Yoru,278,19,20,4,163,19%
VCT 2025 China Stage 2,https://www.vlr.gg/527586/xi-lai-gaming-vs-all-gamers-vct-2025-china-stage-2-lr2,Ascent,All Gamers,Xi Lai Gaming,Xi Lai Gaming,HanChe,Cypher,175,12,15,5,122,21%
VCT 2025 China Stage 2,https://www.vlr.gg/527586/xi-lai-gaming-vs-all-gamers-vct-2025-china-stage-2-lr2,Ascent,All Gamers,Xi Lai Gaming,Xi Lai Gaming,deLb,Deadlock,160,12,17,1,100,34%
VCT 2025 China Stage 2,https://www.vlr.gg/527586/xi-lai-gaming-vs-all-gamers-vct-2025-china-stage-2-lr2,Icebox,Xi Lai Gaming,All Gamers,All Gamers,NoMan,Killjoy,243,19,14,2,172,46%
VCT 2025 China Stage 2,https://www.vlr.gg/527586/xi-lai-gaming-vs-all-gamers-vct-2025-china-stage-2-lr2,Icebox,Xi Lai Gaming,All Gamers,All Gamers,happywei,Sage,228,19,15,5,146,32%
VCT 2025 China Stage 2,https://www.vlr.gg/527586/xi-lai-gaming-vs-all-gamers-vct-2025-china-stage-2-lr2,Icebox,Xi Lai Gaming,All Gamers,All Gamers,coconut,Viper,207,16,17,9,130,25%
VCT 2025 China Stage 2,https://www.vlr.gg/527586/xi-lai-gaming-vs-all-gamers-vct-2025-china-stage-2-lr2,Icebox,Xi Lai Gaming,All Gamers,All Gamers,Viva,Sova,145,11,17,7,108,37%
VCT 2025 China Stage 2,https://www.vlr.gg/527586/xi-lai-gaming-vs-all-gamers-vct-2025-china-stage-2-lr2,Icebox,Xi Lai Gaming,All Gamers,All Gamers,Rarga,Jett,116,8,18,4,81,35%
VCT 2025 China Stage 2,https://www.vlr.gg/527586/xi-lai-gaming-vs-all-gamers-vct-2025-china-stage-2-lr2,Icebox,All Gamers,Xi Lai Gaming,All Gamers,K1ra,Viper,333,26,14,3,204,34%
VCT 2025 China Stage 2,https://www.vlr.gg/527586/xi-lai-gaming-vs-all-gamers-vct-2025-china-stage-2-lr2,Icebox,All Gamers,Xi Lai Gaming,All Gamers,deLb,Omen,171,15,13,6,122,40%
VCT 2025 China Stage 2,https://www.vlr.gg/527586/xi-lai-gaming-vs-all-gamers-vct-2025-china-stage-2-lr2,Icebox,All Gamers,Xi Lai Gaming,All Gamers,HanChe,Killjoy,202,15,15,2,143,30%
VCT 2025 China Stage 2,https://www.vlr.gg/527586/xi-lai-gaming-vs-all-gamers-vct-2025-china-stage-2-lr2,Icebox,All Gamers,Xi Lai Gaming,All Gamers,Shr1mp,Sova,166,11,13,9,123,15%
VCT 2025 China Stage 2,https://www.vlr.gg/527586/xi-lai-gaming-vs-all-gamers-vct-2025-china-stage-2-lr2,Icebox,All Gamers,Xi Lai Gaming,All Gamers,Spitfires,Jett,209,14,18,4,137,27%
VCT 2025 China Stage 2,https://www.vlr.gg/527586/xi-lai-gaming-vs-all-gamers-vct-2025-china-stage-2-lr2,Lotus,Xi Lai Gaming,All Gamers,Xi Lai Gaming,Rarga,Sage,452,23,4,12,247,29%
VCT 2025 China Stage 2,https://www.vlr.gg/527586/xi-lai-gaming-vs-all-gamers-vct-2025-china-stage-2-lr2,Lotus,Xi Lai Gaming,All Gamers,Xi Lai Gaming,happywei,Cypher,287,16,6,3,184,34%
VCT 2025 China Stage 2,https://www.vlr.gg/527586/xi-lai-gaming-vs-all-gamers-vct-2025-china-stage-2-lr2,Lotus,Xi Lai Gaming,All Gamers,Xi Lai Gaming,NoMan,Deadlock,142,8,4,3,94,37%
VCT 2025 China Stage 2,https://www.vlr.gg/527586/xi-lai-gaming-vs-all-gamers-vct-2025-china-stage-2-lr2,Lotus,Xi Lai Gaming,All Gamers,Xi Lai Gaming,Viva,Fade,130,7,5,6,85,39%
VCT 2025 China Stage 2,https://www.vlr.gg/527586/xi-lai-gaming-vs-all-gamers-vct-2025-china-stage-2-lr2,Lotus,Xi Lai Gaming,All Gamers,Xi Lai Gaming,coconut,Omen,181,9,10,9,127,20%
VCT 2025 China Stage 2,https://www.vlr.gg/527586/xi-lai-gaming-vs-all-gamers-vct-2025-china-stage-2-lr2,Lotus,All Gamers,Xi Lai Gaming,Xi Lai Gaming,K1ra,Raze,209,9,13,3,114,12%
VCT 2025 China Stage 2,https://www.vlr.gg/527586/xi-lai-gaming-vs-all-gamers-vct-2025-china-stage-2-lr2,Lotus,All Gamers,Xi Lai Gaming,Xi Lai Gaming,Spitfires,Yoru,160,7,11,1,112,24%
VCT 2025 China Stage 2,https://www.vlr.gg/527586/xi-lai-gaming-vs-all-gamers-vct-2025-china-stage-2-lr2,Lotus,All Gamers,Xi Lai Gaming,Xi Lai Gaming,HanChe,Viper,143,6,13,3,97,19%
VCT 2025 China Stage 2,https://www.vlr.gg/527586/xi-lai-gaming-vs-all-gamers-vct-2025-china-stage-2-lr2,Lotus,All Gamers,Xi Lai Gaming,Xi Lai Gaming,deLb,Omen,90,4,12,2,52,50%
VCT 2025 China Stage 2,https://www.vlr.gg/527586/xi-lai-gaming-vs-all-gamers-vct-2025-china-stage-2-lr2,Lotus,All Gamers,Xi Lai Gaming,Xi Lai Gaming,Shr1mp,Fade,93,3,14,6,60,0%
VCT 2025 China Stage 2,https://www.vlr.gg/527581/dragon-ranger-gaming-vs-bilibili-gaming-vct-2025-china-stage-2-ubf,Haven,Dragon Ranger Gaming,"Guangzhou Huadu Bilibili Gaming						
							(Bilibili Gaming)",Dragon Ranger Gaming,vo0kashu,Iso,228,19,14,5,159,29%
VCT 2025 China Stage 2,https://www.vlr.gg/527581/dragon-ranger-gaming-vs-bilibili-gaming-vct-2025-china-stage-2-ubf,Haven,Dragon Ranger Gaming,"Guangzhou Huadu Bilibili Gaming						
							(Bilibili Gaming)",Dragon Ranger Gaming,SpiritZ1,Yoru,261,21,19,5,173,34%
VCT 2025 China Stage 2,https://www.vlr.gg/527581/dragon-ranger-gaming-vs-bilibili-gaming-vct-2025-china-stage-2-ubf,Haven,Dragon Ranger Gaming,"Guangzhou Huadu Bilibili Gaming						
							(Bilibili Gaming)",Dragon Ranger Gaming,Nicc,Sova,204,16,16,11,146,23%
VCT 2025 China Stage 2,https://www.vlr.gg/527581/dragon-ranger-gaming-vs-bilibili-gaming-vct-2025-china-stage-2-ubf,Haven,Dragon Ranger Gaming,"Guangzhou Huadu Bilibili Gaming						
							(Bilibili Gaming)",Dragon Ranger Gaming,Flex1n,Omen,166,15,15,11,109,18%
VCT 2025 China Stage 2,https://www.vlr.gg/527581/dragon-ranger-gaming-vs-bilibili-gaming-vct-2025-china-stage-2-ubf,Haven,Dragon Ranger Gaming,"Guangzhou Huadu Bilibili Gaming						
							(Bilibili Gaming)",Dragon Ranger Gaming,Akeman,Cypher,178,15,17,3,112,36%
VCT 2025 China Stage 2,https://www.vlr.gg/527581/dragon-ranger-gaming-vs-bilibili-gaming-vct-2025-china-stage-2-ubf,Haven,"Guangzhou Huadu Bilibili Gaming						
							(Bilibili Gaming)",Dragon Ranger Gaming,Dragon Ranger Gaming,Knight,Sova,301,23,16,6,175,19%
VCT 2025 China Stage 2,https://www.vlr.gg/527581/dragon-ranger-gaming-vs-bilibili-gaming-vct-2025-china-stage-2-ubf,Haven,"Guangzhou Huadu Bilibili Gaming						
							(Bilibili Gaming)",Dragon Ranger Gaming,Dragon Ranger Gaming,rushia,Omen,231,19,17,6,153,25%
VCT 2025 China Stage 2,https://www.vlr.gg/527581/dragon-ranger-gaming-vs-bilibili-gaming-vct-2025-china-stage-2-ubf,Haven,"Guangzhou Huadu Bilibili Gaming						
							(Bilibili Gaming)",Dragon Ranger Gaming,Dragon Ranger Gaming,nephh,Breach,204,17,17,8,131,16%
VCT 2025 China Stage 2,https://www.vlr.gg/527581/dragon-ranger-gaming-vs-bilibili-gaming-vct-2025-china-stage-2-ubf,Haven,"Guangzhou Huadu Bilibili Gaming						
							(Bilibili Gaming)",Dragon Ranger Gaming,Dragon Ranger Gaming,whzy,Neon,159,11,18,5,100,19%
VCT 2025 China Stage 2,https://www.vlr.gg/527581/dragon-ranger-gaming-vs-bilibili-gaming-vct-2025-china-stage-2-ubf,Haven,"Guangzhou Huadu Bilibili Gaming						
							(Bilibili Gaming)",Dragon Ranger Gaming,Dragon Ranger Gaming,Levius,Cypher,125,11,18,5,87,12%
VCT 2025 China Stage 2,https://www.vlr.gg/527581/dragon-ranger-gaming-vs-bilibili-gaming-vct-2025-china-stage-2-ubf,Lotus,Dragon Ranger Gaming,"Guangzhou Huadu Bilibili Gaming						
							(Bilibili Gaming)","Guangzhou Huadu Bilibili Gaming						
							(Bilibili Gaming)",vo0kashu,Cypher,282,23,17,4,183,30%
VCT 2025 China Stage 2,https://www.vlr.gg/527581/dragon-ranger-gaming-vs-bilibili-gaming-vct-2025-china-stage-2-ubf,Lotus,Dragon Ranger Gaming,"Guangzhou Huadu Bilibili Gaming						
							(Bilibili Gaming)","Guangzhou Huadu Bilibili Gaming						
							(Bilibili Gaming)",Akeman,Neon,245,17,20,2,173,34%
VCT 2025 China Stage 2,https://www.vlr.gg/527581/dragon-ranger-gaming-vs-bilibili-gaming-vct-2025-china-stage-2-ubf,Lotus,Dragon Ranger Gaming,"Guangzhou Huadu Bilibili Gaming						
							(Bilibili Gaming)","Guangzhou Huadu Bilibili Gaming						
							(Bilibili Gaming)",Flex1n,Omen,158,12,16,7,99,39%
VCT 2025 China Stage 2,https://www.vlr.gg/527581/dragon-ranger-gaming-vs-bilibili-gaming-vct-2025-china-stage-2-ubf,Lotus,Dragon Ranger Gaming,"Guangzhou Huadu Bilibili Gaming						
							(Bilibili Gaming)","Guangzhou Huadu Bilibili Gaming						
							(Bilibili Gaming)",SpiritZ1,Yoru,175,14,18,4,116,28%
VCT 2025 China Stage 2,https://www.vlr.gg/527581/dragon-ranger-gaming-vs-bilibili-gaming-vct-2025-china-stage-2-ubf,Lotus,Dragon Ranger Gaming,"Guangzhou Huadu Bilibili Gaming						
							(Bilibili Gaming)","Guangzhou Huadu Bilibili Gaming						
							(Bilibili Gaming)",Nicc,Breach,121,8,19,9,80,15%
VCT 2025 China Stage 2,https://www.vlr.gg/527581/dragon-ranger-gaming-vs-bilibili-gaming-vct-2025-china-stage-2-ubf,Lotus,"Guangzhou Huadu Bilibili Gaming						
							(Bilibili Gaming)",Dragon Ranger Gaming,"Guangzhou Huadu Bilibili Gaming						
							(Bilibili Gaming)",nephh,Omen,271,24,13,10,139,26%
VCT 2025 China Stage 2,https://www.vlr.gg/527581/dragon-ranger-gaming-vs-bilibili-gaming-vct-2025-china-stage-2-ubf,Lotus,"Guangzhou Huadu Bilibili Gaming						
							(Bilibili Gaming)",Dragon Ranger Gaming,"Guangzhou Huadu Bilibili Gaming						
							(Bilibili Gaming)",Knight,Fade,206,16,11,10,134,28%
VCT 2025 China Stage 2,https://www.vlr.gg/527581/dragon-ranger-gaming-vs-bilibili-gaming-vct-2025-china-stage-2-ubf,Lotus,"Guangzhou Huadu Bilibili Gaming						
							(Bilibili Gaming)",Dragon Ranger Gaming,"Guangzhou Huadu Bilibili Gaming						
							(Bilibili Gaming)",rushia,Viper,251,19,15,11,144,19%
VCT 2025 China Stage 2,https://www.vlr.gg/527581/dragon-ranger-gaming-vs-bilibili-gaming-vct-2025-china-stage-2-ubf,Lotus,"Guangzhou Huadu Bilibili Gaming						
							(Bilibili Gaming)",Dragon Ranger Gaming,"Guangzhou Huadu Bilibili Gaming						
							(Bilibili Gaming)",whzy,Raze,232,18,18,4,146,26%
VCT 2025 China Stage 2,https://www.vlr.gg/527581/dragon-ranger-gaming-vs-bilibili-gaming-vct-2025-china-stage-2-ubf,Lotus,"Guangzhou Huadu Bilibili Gaming						
							(Bilibili Gaming)",Dragon Ranger Gaming,"Guangzhou Huadu Bilibili Gaming						
							(Bilibili Gaming)",Levius,Vyse,179,13,17,7,116,23%
VCT 2025 China Stage 2,https://www.vlr.gg/527581/dragon-ranger-gaming-vs-bilibili-gaming-vct-2025-china-stage-2-ubf,Sunset,Dragon Ranger Gaming,"Guangzhou Huadu Bilibili Gaming						
							(Bilibili Gaming)",Dragon Ranger Gaming,Flex1n,Omen,244,20,12,12,164,27%
VCT 2025 China Stage 2,https://www.vlr.gg/527581/dragon-ranger-gaming-vs-bilibili-gaming-vct-2025-china-stage-2-ubf,Sunset,Dragon Ranger Gaming,"Guangzhou Huadu Bilibili Gaming						
							(Bilibili Gaming)",Dragon Ranger Gaming,Nicc,Fade,219,20,17,9,149,41%
VCT 2025 China Stage 2,https://www.vlr.gg/527581/dragon-ranger-gaming-vs-bilibili-gaming-vct-2025-china-stage-2-ubf,Sunset,Dragon Ranger Gaming,"Guangzhou Huadu Bilibili Gaming						
							(Bilibili Gaming)",Dragon Ranger Gaming,vo0kashu,Cypher,203,17,13,6,130,19%
VCT 2025 China Stage 2,https://www.vlr.gg/527581/dragon-ranger-gaming-vs-bilibili-gaming-vct-2025-china-stage-2-ubf,Sunset,Dragon Ranger Gaming,"Guangzhou Huadu Bilibili Gaming						
							(Bilibili Gaming)",Dragon Ranger Gaming,SpiritZ1,Yoru,236,19,19,8,153,30%
VCT 2025 China Stage 2,https://www.vlr.gg/527581/dragon-ranger-gaming-vs-bilibili-gaming-vct-2025-china-stage-2-ubf,Sunset,Dragon Ranger Gaming,"Guangzhou Huadu Bilibili Gaming						
							(Bilibili Gaming)",Dragon Ranger Gaming,Akeman,Neon,164,13,19,4,116,22%
VCT 2025 China Stage 2,https://www.vlr.gg/527581/dragon-ranger-gaming-vs-bilibili-gaming-vct-2025-china-stage-2-ubf,Sunset,"Guangzhou Huadu Bilibili Gaming						
							(Bilibili Gaming)",Dragon Ranger Gaming,Dragon Ranger Gaming,whzy,Neon,314,28,21,3,197,29%
VCT 2025 China Stage 2,https://www.vlr.gg/527581/dragon-ranger-gaming-vs-bilibili-gaming-vct-2025-china-stage-2-ubf,Sunset,"Guangzhou Huadu Bilibili Gaming						
							(Bilibili Gaming)",Dragon Ranger Gaming,Dragon Ranger Gaming,Levius,Cypher,184,16,14,4,122,29%
VCT 2025 China Stage 2,https://www.vlr.gg/527581/dragon-ranger-gaming-vs-bilibili-gaming-vct-2025-china-stage-2-ubf,Sunset,"Guangzhou Huadu Bilibili Gaming						
							(Bilibili Gaming)",Dragon Ranger Gaming,Dragon Ranger Gaming,Knight,Sova,197,16,18,7,141,31%
VCT 2025 China Stage 2,https://www.vlr.gg/527581/dragon-ranger-gaming-vs-bilibili-gaming-vct-2025-china-stage-2-ubf,Sunset,"Guangzhou Huadu Bilibili Gaming						
							(Bilibili Gaming)",Dragon Ranger Gaming,Dragon Ranger Gaming,rushia,Omen,172,12,19,17,116,10%
VCT 2025 China Stage 2,https://www.vlr.gg/527581/dragon-ranger-gaming-vs-bilibili-gaming-vct-2025-china-stage-2-ubf,Sunset,"Guangzhou Huadu Bilibili Gaming						
							(Bilibili Gaming)",Dragon Ranger Gaming,Dragon Ranger Gaming,nephh,Kayo,104,8,17,18,60,12%
VCT 2025 China Stage 2,https://www.vlr.gg/527587/edward-gaming-vs-xi-lai-gaming-vct-2025-china-stage-2-lr3,Lotus,EDward Gaming,Xi Lai Gaming,EDward Gaming,Jieni7,Raze,289,24,15,3,187,33%
VCT 2025 China Stage 2,https://www.vlr.gg/527587/edward-gaming-vs-xi-lai-gaming-vct-2025-china-stage-2-lr3,Lotus,EDward Gaming,Xi Lai Gaming,EDward Gaming,nobody,Fade,240,20,14,4,160,36%
VCT 2025 China Stage 2,https://www.vlr.gg/527587/edward-gaming-vs-xi-lai-gaming-vct-2025-china-stage-2-lr3,Lotus,EDward Gaming,Xi Lai Gaming,EDward Gaming,Smoggy,Omen,192,16,14,6,125,26%
VCT 2025 China Stage 2,https://www.vlr.gg/527587/edward-gaming-vs-xi-lai-gaming-vct-2025-china-stage-2-lr3,Lotus,EDward Gaming,Xi Lai Gaming,EDward Gaming,ZmjjKK,Yoru,226,20,17,1,138,26%
VCT 2025 China Stage 2,https://www.vlr.gg/527587/edward-gaming-vs-xi-lai-gaming-vct-2025-china-stage-2-lr3,Lotus,EDward Gaming,Xi Lai Gaming,EDward Gaming,CHICHOO,Vyse,98,8,12,3,66,35%
VCT 2025 China Stage 2,https://www.vlr.gg/527587/edward-gaming-vs-xi-lai-gaming-vct-2025-china-stage-2-lr3,Lotus,Xi Lai Gaming,EDward Gaming,EDward Gaming,Rarga,Sage,291,23,20,10,179,53%
VCT 2025 China Stage 2,https://www.vlr.gg/527587/edward-gaming-vs-xi-lai-gaming-vct-2025-china-stage-2-lr3,Lotus,Xi Lai Gaming,EDward Gaming,EDward Gaming,coconut,Omen,246,20,16,7,155,31%
VCT 2025 China Stage 2,https://www.vlr.gg/527587/edward-gaming-vs-xi-lai-gaming-vct-2025-china-stage-2-lr3,Lotus,Xi Lai Gaming,EDward Gaming,EDward Gaming,Viva,Fade,166,13,15,9,99,25%
VCT 2025 China Stage 2,https://www.vlr.gg/527587/edward-gaming-vs-xi-lai-gaming-vct-2025-china-stage-2-lr3,Lotus,Xi Lai Gaming,EDward Gaming,EDward Gaming,NoMan,Deadlock,108,8,18,4,67,29%
VCT 2025 China Stage 2,https://www.vlr.gg/527587/edward-gaming-vs-xi-lai-gaming-vct-2025-china-stage-2-lr3,Lotus,Xi Lai Gaming,EDward Gaming,EDward Gaming,happywei,Cypher,99,8,19,7,73,17%
VCT 2025 China Stage 2,https://www.vlr.gg/527587/edward-gaming-vs-xi-lai-gaming-vct-2025-china-stage-2-lr3,Corrode,EDward Gaming,Xi Lai Gaming,EDward Gaming,CHICHOO,Viper,238,16,8,3,160,26%
VCT 2025 China Stage 2,https://www.vlr.gg/527587/edward-gaming-vs-xi-lai-gaming-vct-2025-china-stage-2-lr3,Corrode,EDward Gaming,Xi Lai Gaming,EDward Gaming,Smoggy,Omen,251,14,10,13,162,33%
VCT 2025 China Stage 2,https://www.vlr.gg/527587/edward-gaming-vs-xi-lai-gaming-vct-2025-china-stage-2-lr3,Corrode,EDward Gaming,Xi Lai Gaming,EDward Gaming,ZmjjKK,Yoru,246,17,10,3,151,18%
VCT 2025 China Stage 2,https://www.vlr.gg/527587/edward-gaming-vs-xi-lai-gaming-vct-2025-china-stage-2-lr3,Corrode,EDward Gaming,Xi Lai Gaming,EDward Gaming,Jieni7,Neon,271,18,12,4,170,35%
VCT 2025 China Stage 2,https://www.vlr.gg/527587/edward-gaming-vs-xi-lai-gaming-vct-2025-china-stage-2-lr3,Corrode,EDward Gaming,Xi Lai Gaming,EDward Gaming,nobody,Fade,137,9,12,3,97,44%
VCT 2025 China Stage 2,https://www.vlr.gg/527587/edward-gaming-vs-xi-lai-gaming-vct-2025-china-stage-2-lr3,Corrode,Xi Lai Gaming,EDward Gaming,EDward Gaming,Rarga,Neon,200,12,15,4,126,36%
VCT 2025 China Stage 2,https://www.vlr.gg/527587/edward-gaming-vs-xi-lai-gaming-vct-2025-china-stage-2-lr3,Corrode,Xi Lai Gaming,EDward Gaming,EDward Gaming,NoMan,Vyse,202,12,15,1,127,24%
VCT 2025 China Stage 2,https://www.vlr.gg/527587/edward-gaming-vs-xi-lai-gaming-vct-2025-china-stage-2-lr3,Corrode,Xi Lai Gaming,EDward Gaming,EDward Gaming,Viva,Fade,164,10,14,4,100,18%
VCT 2025 China Stage 2,https://www.vlr.gg/527587/edward-gaming-vs-xi-lai-gaming-vct-2025-china-stage-2-lr3,Corrode,Xi Lai Gaming,EDward Gaming,EDward Gaming,happywei,Viper,162,9,16,4,120,32%
VCT 2025 China Stage 2,https://www.vlr.gg/527587/edward-gaming-vs-xi-lai-gaming-vct-2025-china-stage-2-lr3,Corrode,Xi Lai Gaming,EDward Gaming,EDward Gaming,coconut,Omen,137,9,14,11,74,30%
VCT 2025 China Stage 2,https://www.vlr.gg/527588/bilibili-gaming-vs-edward-gaming-vct-2025-china-stage-2-lbf,Bind,"Guangzhou Huadu Bilibili Gaming						
							(Bilibili Gaming)",EDward Gaming,EDward Gaming,nephh,Kayo,340,29,17,26,206,24%
VCT 2025 China Stage 2,https://www.vlr.gg/527588/bilibili-gaming-vs-edward-gaming-vct-2025-china-stage-2-lbf,Bind,"Guangzhou Huadu Bilibili Gaming						
							(Bilibili Gaming)",EDward Gaming,EDward Gaming,whzy,Raze,200,18,21,4,139,20%
VCT 2025 China Stage 2,https://www.vlr.gg/527588/bilibili-gaming-vs-edward-gaming-vct-2025-china-stage-2-lbf,Bind,"Guangzhou Huadu Bilibili Gaming						
							(Bilibili Gaming)",EDward Gaming,EDward Gaming,Knight,Fade,183,16,19,9,113,24%
VCT 2025 China Stage 2,https://www.vlr.gg/527588/bilibili-gaming-vs-edward-gaming-vct-2025-china-stage-2-lbf,Bind,"Guangzhou Huadu Bilibili Gaming						
							(Bilibili Gaming)",EDward Gaming,EDward Gaming,rushia,Brimstone,146,12,18,11,98,25%
VCT 2025 China Stage 2,https://www.vlr.gg/527588/bilibili-gaming-vs-edward-gaming-vct-2025-china-stage-2-lbf,Bind,"Guangzhou Huadu Bilibili Gaming						
							(Bilibili Gaming)",EDward Gaming,EDward Gaming,Levius,Viper,132,11,19,6,85,17%
VCT 2025 China Stage 2,https://www.vlr.gg/527588/bilibili-gaming-vs-edward-gaming-vct-2025-china-stage-2-lbf,Bind,EDward Gaming,"Guangzhou Huadu Bilibili Gaming						
							(Bilibili Gaming)",EDward Gaming,CHICHOO,Viper,238,24,14,3,163,25%
VCT 2025 China Stage 2,https://www.vlr.gg/527588/bilibili-gaming-vs-edward-gaming-vct-2025-china-stage-2-lbf,Bind,EDward Gaming,"Guangzhou Huadu Bilibili Gaming						
							(Bilibili Gaming)",EDward Gaming,nobody,Fade,241,23,18,6,144,28%
VCT 2025 China Stage 2,https://www.vlr.gg/527588/bilibili-gaming-vs-edward-gaming-vct-2025-china-stage-2-lbf,Bind,EDward Gaming,"Guangzhou Huadu Bilibili Gaming						
							(Bilibili Gaming)",EDward Gaming,Jieni7,Raze,233,21,19,2,153,20%
VCT 2025 China Stage 2,https://www.vlr.gg/527588/bilibili-gaming-vs-edward-gaming-vct-2025-china-stage-2-lbf,Bind,EDward Gaming,"Guangzhou Huadu Bilibili Gaming						
							(Bilibili Gaming)",EDward Gaming,Smoggy,Brimstone,159,13,15,13,109,21%
VCT 2025 China Stage 2,https://www.vlr.gg/527588/bilibili-gaming-vs-edward-gaming-vct-2025-china-stage-2-lbf,Bind,EDward Gaming,"Guangzhou Huadu Bilibili Gaming						
							(Bilibili Gaming)",EDward Gaming,ZmjjKK,Yoru,143,13,20,8,90,22%
VCT 2025 China Stage 2,https://www.vlr.gg/527588/bilibili-gaming-vs-edward-gaming-vct-2025-china-stage-2-lbf,Haven,"Guangzhou Huadu Bilibili Gaming						
							(Bilibili Gaming)",EDward Gaming,"Guangzhou Huadu Bilibili Gaming						
							(Bilibili Gaming)",rushia,Omen,229,17,10,14,135,19%
VCT 2025 China Stage 2,https://www.vlr.gg/527588/bilibili-gaming-vs-edward-gaming-vct-2025-china-stage-2-lbf,Haven,"Guangzhou Huadu Bilibili Gaming						
							(Bilibili Gaming)",EDward Gaming,"Guangzhou Huadu Bilibili Gaming						
							(Bilibili Gaming)",Knight,Sova,239,18,9,6,166,22%
VCT 2025 China Stage 2,https://www.vlr.gg/527588/bilibili-gaming-vs-edward-gaming-vct-2025-china-stage-2-lbf,Haven,"Guangzhou Huadu Bilibili Gaming						
							(Bilibili Gaming)",EDward Gaming,"Guangzhou Huadu Bilibili Gaming						
							(Bilibili Gaming)",whzy,Neon,299,23,16,5,183,34%
VCT 2025 China Stage 2,https://www.vlr.gg/527588/bilibili-gaming-vs-edward-gaming-vct-2025-china-stage-2-lbf,Haven,"Guangzhou Huadu Bilibili Gaming						
							(Bilibili Gaming)",EDward Gaming,"Guangzhou Huadu Bilibili Gaming						
							(Bilibili Gaming)",nephh,Breach,160,11,11,10,119,18%
VCT 2025 China Stage 2,https://www.vlr.gg/527588/bilibili-gaming-vs-edward-gaming-vct-2025-china-stage-2-lbf,Haven,"Guangzhou Huadu Bilibili Gaming						
							(Bilibili Gaming)",EDward Gaming,"Guangzhou Huadu Bilibili Gaming						
							(Bilibili Gaming)",Levius,Cypher,189,13,14,3,117,29%
VCT 2025 China Stage 2,https://www.vlr.gg/527588/bilibili-gaming-vs-edward-gaming-vct-2025-china-stage-2-lbf,Haven,EDward Gaming,"Guangzhou Huadu Bilibili Gaming						
							(Bilibili Gaming)","Guangzhou Huadu Bilibili Gaming						
							(Bilibili Gaming)",nobody,Sova,226,17,16,2,167,20%
VCT 2025 China Stage 2,https://www.vlr.gg/527588/bilibili-gaming-vs-edward-gaming-vct-2025-china-stage-2-lbf,Haven,EDward Gaming,"Guangzhou Huadu Bilibili Gaming						
							(Bilibili Gaming)","Guangzhou Huadu Bilibili Gaming						
							(Bilibili Gaming)",Smoggy,Omen,197,17,17,5,114,42%
VCT 2025 China Stage 2,https://www.vlr.gg/527588/bilibili-gaming-vs-edward-gaming-vct-2025-china-stage-2-lbf,Haven,EDward Gaming,"Guangzhou Huadu Bilibili Gaming						
							(Bilibili Gaming)","Guangzhou Huadu Bilibili Gaming						
							(Bilibili Gaming)",CHICHOO,Cypher,146,6,13,9,116,15%
VCT 2025 China Stage 2,https://www.vlr.gg/527588/bilibili-gaming-vs-edward-gaming-vct-2025-china-stage-2-lbf,Haven,EDward Gaming,"Guangzhou Huadu Bilibili Gaming						
							(Bilibili Gaming)","Guangzhou Huadu Bilibili Gaming						
							(Bilibili Gaming)",ZmjjKK,Yoru,162,12,17,6,112,28%
VCT 2025 China Stage 2,https://www.vlr.gg/527588/bilibili-gaming-vs-edward-gaming-vct-2025-china-stage-2-lbf,Haven,EDward Gaming,"Guangzhou Huadu Bilibili Gaming						
							(Bilibili Gaming)","Guangzhou Huadu Bilibili Gaming						
							(Bilibili Gaming)",Jieni7,Neon,117,8,19,3,75,37%
VCT 2025 China Stage 2,https://www.vlr.gg/527588/bilibili-gaming-vs-edward-gaming-vct-2025-china-stage-2-lbf,Lotus,"Guangzhou Huadu Bilibili Gaming						
							(Bilibili Gaming)",EDward Gaming,"Guangzhou Huadu Bilibili Gaming						
							(Bilibili Gaming)",rushia,Viper,307,25,12,6,202,30%
VCT 2025 China Stage 2,https://www.vlr.gg/527588/bilibili-gaming-vs-edward-gaming-vct-2025-china-stage-2-lbf,Lotus,"Guangzhou Huadu Bilibili Gaming						
							(Bilibili Gaming)",EDward Gaming,"Guangzhou Huadu Bilibili Gaming						
							(Bilibili Gaming)",whzy,Raze,238,20,15,7,164,17%
VCT 2025 China Stage 2,https://www.vlr.gg/527588/bilibili-gaming-vs-edward-gaming-vct-2025-china-stage-2-lbf,Lotus,"Guangzhou Huadu Bilibili Gaming						
							(Bilibili Gaming)",EDward Gaming,"Guangzhou Huadu Bilibili Gaming						
							(Bilibili Gaming)",nephh,Omen,193,18,16,10,115,17%
VCT 2025 China Stage 2,https://www.vlr.gg/527588/bilibili-gaming-vs-edward-gaming-vct-2025-china-stage-2-lbf,Lotus,"Guangzhou Huadu Bilibili Gaming						
							(Bilibili Gaming)",EDward Gaming,"Guangzhou Huadu Bilibili Gaming						
							(Bilibili Gaming)",Knight,Fade,175,14,15,7,116,26%
VCT 2025 China Stage 2,https://www.vlr.gg/527588/bilibili-gaming-vs-edward-gaming-vct-2025-china-stage-2-lbf,Lotus,"Guangzhou Huadu Bilibili Gaming						
							(Bilibili Gaming)",EDward Gaming,"Guangzhou Huadu Bilibili Gaming						
							(Bilibili Gaming)",Levius,Vyse,165,13,19,5,123,31%
VCT 2025 China Stage 2,https://www.vlr.gg/527588/bilibili-gaming-vs-edward-gaming-vct-2025-china-stage-2-lbf,Lotus,EDward Gaming,"Guangzhou Huadu Bilibili Gaming						
							(Bilibili Gaming)","Guangzhou Huadu Bilibili Gaming						
							(Bilibili Gaming)",ZmjjKK,Yoru,253,21,17,2,151,21%
VCT 2025 China Stage 2,https://www.vlr.gg/527588/bilibili-gaming-vs-edward-gaming-vct-2025-china-stage-2-lbf,Lotus,EDward Gaming,"Guangzhou Huadu Bilibili Gaming						
							(Bilibili Gaming)","Guangzhou Huadu Bilibili Gaming						
							(Bilibili Gaming)",Jieni7,Raze,243,17,17,4,165,20%
VCT 2025 China Stage 2,https://www.vlr.gg/527588/bilibili-gaming-vs-edward-gaming-vct-2025-china-stage-2-lbf,Lotus,EDward Gaming,"Guangzhou Huadu Bilibili Gaming						
							(Bilibili Gaming)","Guangzhou Huadu Bilibili Gaming						
							(Bilibili Gaming)",nobody,Fade,135,12,16,6,79,34%
VCT 2025 China Stage 2,https://www.vlr.gg/527588/bilibili-gaming-vs-edward-gaming-vct-2025-china-stage-2-lbf,Lotus,EDward Gaming,"Guangzhou Huadu Bilibili Gaming						
							(Bilibili Gaming)","Guangzhou Huadu Bilibili Gaming						
							(Bilibili Gaming)",Smoggy,Omen,168,13,19,6,110,31%
VCT 2025 China Stage 2,https://www.vlr.gg/527588/bilibili-gaming-vs-edward-gaming-vct-2025-china-stage-2-lbf,Lotus,EDward Gaming,"Guangzhou Huadu Bilibili Gaming						
							(Bilibili Gaming)","Guangzhou Huadu Bilibili Gaming						
							(Bilibili Gaming)",CHICHOO,Vyse,196,14,21,7,135,28%
VCT 2025 China Stage 2,https://www.vlr.gg/527588/bilibili-gaming-vs-edward-gaming-vct-2025-china-stage-2-lbf,Ascent,"Guangzhou Huadu Bilibili Gaming						
							(Bilibili Gaming)",EDward Gaming,"Guangzhou Huadu Bilibili Gaming						
							(Bilibili Gaming)",whzy,Neon,324,22,13,8,196,36%
VCT 2025 China Stage 2,https://www.vlr.gg/527588/bilibili-gaming-vs-edward-gaming-vct-2025-china-stage-2-lbf,Ascent,"Guangzhou Huadu Bilibili Gaming						
							(Bilibili Gaming)",EDward Gaming,"Guangzhou Huadu Bilibili Gaming						
							(Bilibili Gaming)",Knight,Sova,292,22,10,4,185,16%
VCT 2025 China Stage 2,https://www.vlr.gg/527588/bilibili-gaming-vs-edward-gaming-vct-2025-china-stage-2-lbf,Ascent,"Guangzhou Huadu Bilibili Gaming						
							(Bilibili Gaming)",EDward Gaming,"Guangzhou Huadu Bilibili Gaming						
							(Bilibili Gaming)",nephh,Kayo,183,12,10,17,121,21%
VCT 2025 China Stage 2,https://www.vlr.gg/527588/bilibili-gaming-vs-edward-gaming-vct-2025-china-stage-2-lbf,Ascent,"Guangzhou Huadu Bilibili Gaming						
							(Bilibili Gaming)",EDward Gaming,"Guangzhou Huadu Bilibili Gaming						
							(Bilibili Gaming)",rushia,Omen,178,13,9,8,109,24%
VCT 2025 China Stage 2,https://www.vlr.gg/527588/bilibili-gaming-vs-edward-gaming-vct-2025-china-stage-2-lbf,Ascent,"Guangzhou Huadu Bilibili Gaming						
							(Bilibili Gaming)",EDward Gaming,"Guangzhou Huadu Bilibili Gaming						
							(Bilibili Gaming)",Levius,Killjoy,170,13,11,3,112,21%
VCT 2025 China Stage 2,https://www.vlr.gg/527588/bilibili-gaming-vs-edward-gaming-vct-2025-china-stage-2-lbf,Ascent,EDward Gaming,"Guangzhou Huadu Bilibili Gaming						
							(Bilibili Gaming)","Guangzhou Huadu Bilibili Gaming						
							(Bilibili Gaming)",Smoggy,Omen,172,13,14,3,126,35%
VCT 2025 China Stage 2,https://www.vlr.gg/527588/bilibili-gaming-vs-edward-gaming-vct-2025-china-stage-2-lbf,Ascent,EDward Gaming,"Guangzhou Huadu Bilibili Gaming						
							(Bilibili Gaming)","Guangzhou Huadu Bilibili Gaming						
							(Bilibili Gaming)",Jieni7,Kayo,177,12,17,10,114,28%
VCT 2025 China Stage 2,https://www.vlr.gg/527588/bilibili-gaming-vs-edward-gaming-vct-2025-china-stage-2-lbf,Ascent,EDward Gaming,"Guangzhou Huadu Bilibili Gaming						
							(Bilibili Gaming)","Guangzhou Huadu Bilibili Gaming						
							(Bilibili Gaming)",nobody,Sova,149,10,17,3,101,14%
VCT 2025 China Stage 2,https://www.vlr.gg/527588/bilibili-gaming-vs-edward-gaming-vct-2025-china-stage-2-lbf,Ascent,EDward Gaming,"Guangzhou Huadu Bilibili Gaming						
							(Bilibili Gaming)","Guangzhou Huadu Bilibili Gaming						
							(Bilibili Gaming)",ZmjjKK,Jett,171,10,19,2,109,21%
VCT 2025 China Stage 2,https://www.vlr.gg/527588/bilibili-gaming-vs-edward-gaming-vct-2025-china-stage-2-lbf,Ascent,EDward Gaming,"Guangzhou Huadu Bilibili Gaming						
							(Bilibili Gaming)","Guangzhou Huadu Bilibili Gaming						
							(Bilibili Gaming)",CHICHOO,Cypher,114,8,15,3,71,28%
VCT 2025 China Stage 2,https://www.vlr.gg/527582/dragon-ranger-gaming-vs-bilibili-gaming-vct-2025-china-stage-2-gf,Sunset,Dragon Ranger Gaming,"Guangzhou Huadu Bilibili Gaming						
							(Bilibili Gaming)",Dragon Ranger Gaming,Akeman,Neon,328,18,7,2,204,23%
VCT 2025 China Stage 2,https://www.vlr.gg/527582/dragon-ranger-gaming-vs-bilibili-gaming-vct-2025-china-stage-2-gf,Sunset,Dragon Ranger Gaming,"Guangzhou Huadu Bilibili Gaming						
							(Bilibili Gaming)",Dragon Ranger Gaming,Nicc,Fade,254,15,5,6,153,42%
VCT 2025 China Stage 2,https://www.vlr.gg/527582/dragon-ranger-gaming-vs-bilibili-gaming-vct-2025-china-stage-2-gf,Sunset,Dragon Ranger Gaming,"Guangzhou Huadu Bilibili Gaming						
							(Bilibili Gaming)",Dragon Ranger Gaming,vo0kashu,Cypher,229,14,7,5,166,19%
VCT 2025 China Stage 2,https://www.vlr.gg/527582/dragon-ranger-gaming-vs-bilibili-gaming-vct-2025-china-stage-2-gf,Sunset,Dragon Ranger Gaming,"Guangzhou Huadu Bilibili Gaming						
							(Bilibili Gaming)",Dragon Ranger Gaming,SpiritZ1,Yoru,282,16,11,3,175,28%
VCT 2025 China Stage 2,https://www.vlr.gg/527582/dragon-ranger-gaming-vs-bilibili-gaming-vct-2025-china-stage-2-gf,Sunset,Dragon Ranger Gaming,"Guangzhou Huadu Bilibili Gaming						
							(Bilibili Gaming)",Dragon Ranger Gaming,Flex1n,Omen,178,10,7,9,116,31%
VCT 2025 China Stage 2,https://www.vlr.gg/527582/dragon-ranger-gaming-vs-bilibili-gaming-vct-2025-china-stage-2-gf,Sunset,"Guangzhou Huadu Bilibili Gaming						
							(Bilibili Gaming)",Dragon Ranger Gaming,Dragon Ranger Gaming,Knight,Sova,254,11,14,1,169,29%
VCT 2025 China Stage 2,https://www.vlr.gg/527582/dragon-ranger-gaming-vs-bilibili-gaming-vct-2025-china-stage-2-gf,Sunset,"Guangzhou Huadu Bilibili Gaming						
							(Bilibili Gaming)",Dragon Ranger Gaming,Dragon Ranger Gaming,rushia,Omen,152,8,14,5,105,21%
VCT 2025 China Stage 2,https://www.vlr.gg/527582/dragon-ranger-gaming-vs-bilibili-gaming-vct-2025-china-stage-2-gf,Sunset,"Guangzhou Huadu Bilibili Gaming						
							(Bilibili Gaming)",Dragon Ranger Gaming,Dragon Ranger Gaming,nephh,Kayo,159,7,15,5,105,29%
VCT 2025 China Stage 2,https://www.vlr.gg/527582/dragon-ranger-gaming-vs-bilibili-gaming-vct-2025-china-stage-2-gf,Sunset,"Guangzhou Huadu Bilibili Gaming						
							(Bilibili Gaming)",Dragon Ranger Gaming,Dragon Ranger Gaming,Levius,Cypher,122,6,15,3,90,47%
VCT 2025 China Stage 2,https://www.vlr.gg/527582/dragon-ranger-gaming-vs-bilibili-gaming-vct-2025-china-stage-2-gf,Sunset,"Guangzhou Huadu Bilibili Gaming						
							(Bilibili Gaming)",Dragon Ranger Gaming,Dragon Ranger Gaming,whzy,Neon,116,5,15,1,81,35%
VCT 2025 China Stage 2,https://www.vlr.gg/527582/dragon-ranger-gaming-vs-bilibili-gaming-vct-2025-china-stage-2-gf,Haven,Dragon Ranger Gaming,"Guangzhou Huadu Bilibili Gaming						
							(Bilibili Gaming)","Guangzhou Huadu Bilibili Gaming						
							(Bilibili Gaming)",Flex1n,Omen,248,17,12,11,156,25%
VCT 2025 China Stage 2,https://www.vlr.gg/527582/dragon-ranger-gaming-vs-bilibili-gaming-vct-2025-china-stage-2-gf,Haven,Dragon Ranger Gaming,"Guangzhou Huadu Bilibili Gaming						
							(Bilibili Gaming)","Guangzhou Huadu Bilibili Gaming						
							(Bilibili Gaming)",SpiritZ1,Yoru,206,14,17,0,147,42%
VCT 2025 China Stage 2,https://www.vlr.gg/527582/dragon-ranger-gaming-vs-bilibili-gaming-vct-2025-china-stage-2-gf,Haven,Dragon Ranger Gaming,"Guangzhou Huadu Bilibili Gaming						
							(Bilibili Gaming)","Guangzhou Huadu Bilibili Gaming						
							(Bilibili Gaming)",Nicc,Sova,164,9,17,10,111,31%
VCT 2025 China Stage 2,https://www.vlr.gg/527582/dragon-ranger-gaming-vs-bilibili-gaming-vct-2025-china-stage-2-gf,Haven,Dragon Ranger Gaming,"Guangzhou Huadu Bilibili Gaming						
							(Bilibili Gaming)","Guangzhou Huadu Bilibili Gaming						
							(Bilibili Gaming)",Akeman,Cypher,144,10,17,7,95,16%
VCT 2025 China Stage 2,https://www.vlr.gg/527582/dragon-ranger-gaming-vs-bilibili-gaming-vct-2025-china-stage-2-gf,Haven,Dragon Ranger Gaming,"Guangzhou Huadu Bilibili Gaming						
							(Bilibili Gaming)","Guangzhou Huadu Bilibili Gaming						
							(Bilibili Gaming)",vo0kashu,Iso,118,8,15,4,75,21%
VCT 2025 China Stage 2,https://www.vlr.gg/527582/dragon-ranger-gaming-vs-bilibili-gaming-vct-2025-china-stage-2-gf,Haven,"Guangzhou Huadu Bilibili Gaming						
							(Bilibili Gaming)",Dragon Ranger Gaming,"Guangzhou Huadu Bilibili Gaming						
							(Bilibili Gaming)",whzy,Neon,312,23,13,3,202,38%
VCT 2025 China Stage 2,https://www.vlr.gg/527582/dragon-ranger-gaming-vs-bilibili-gaming-vct-2025-china-stage-2-gf,Haven,"Guangzhou Huadu Bilibili Gaming						
							(Bilibili Gaming)",Dragon Ranger Gaming,"Guangzhou Huadu Bilibili Gaming						
							(Bilibili Gaming)",nephh,Breach,182,14,8,10,132,34%
VCT 2025 China Stage 2,https://www.vlr.gg/527582/dragon-ranger-gaming-vs-bilibili-gaming-vct-2025-china-stage-2-gf,Haven,"Guangzhou Huadu Bilibili Gaming						
							(Bilibili Gaming)",Dragon Ranger Gaming,"Guangzhou Huadu Bilibili Gaming						
							(Bilibili Gaming)",Levius,Cypher,185,13,12,8,109,33%
VCT 2025 China Stage 2,https://www.vlr.gg/527582/dragon-ranger-gaming-vs-bilibili-gaming-vct-2025-china-stage-2-gf,Haven,"Guangzhou Huadu Bilibili Gaming						
							(Bilibili Gaming)",Dragon Ranger Gaming,"Guangzhou Huadu Bilibili Gaming						
							(Bilibili Gaming)",rushia,Omen,176,12,12,8,111,24%
VCT 2025 China Stage 2,https://www.vlr.gg/527582/dragon-ranger-gaming-vs-bilibili-gaming-vct-2025-china-stage-2-gf,Haven,"Guangzhou Huadu Bilibili Gaming						
							(Bilibili Gaming)",Dragon Ranger Gaming,"Guangzhou Huadu Bilibili Gaming						
							(Bilibili Gaming)",Knight,Sova,187,16,13,3,115,25%
VCT 2025 China Stage 2,https://www.vlr.gg/527582/dragon-ranger-gaming-vs-bilibili-gaming-vct-2025-china-stage-2-gf,Corrode,Dragon Ranger Gaming,"Guangzhou Huadu Bilibili Gaming						
							(Bilibili Gaming)","Guangzhou Huadu Bilibili Gaming						
							(Bilibili Gaming)",SpiritZ1,Yoru,257,21,16,3,160,50%
VCT 2025 China Stage 2,https://www.vlr.gg/527582/dragon-ranger-gaming-vs-bilibili-gaming-vct-2025-china-stage-2-gf,Corrode,Dragon Ranger Gaming,"Guangzhou Huadu Bilibili Gaming						
							(Bilibili Gaming)","Guangzhou Huadu Bilibili Gaming						
							(Bilibili Gaming)",vo0kashu,Cypher,203,19,16,0,129,27%
VCT 2025 China Stage 2,https://www.vlr.gg/527582/dragon-ranger-gaming-vs-bilibili-gaming-vct-2025-china-stage-2-gf,Corrode,Dragon Ranger Gaming,"Guangzhou Huadu Bilibili Gaming						
							(Bilibili Gaming)","Guangzhou Huadu Bilibili Gaming						
							(Bilibili Gaming)",Nicc,Gekko,197,14,17,5,148,40%
VCT 2025 China Stage 2,https://www.vlr.gg/527582/dragon-ranger-gaming-vs-bilibili-gaming-vct-2025-china-stage-2-gf,Corrode,Dragon Ranger Gaming,"Guangzhou Huadu Bilibili Gaming						
							(Bilibili Gaming)","Guangzhou Huadu Bilibili Gaming						
							(Bilibili Gaming)",Flex1n,Omen,135,11,16,11,81,29%
VCT 2025 China Stage 2,https://www.vlr.gg/527582/dragon-ranger-gaming-vs-bilibili-gaming-vct-2025-china-stage-2-gf,Corrode,Dragon Ranger Gaming,"Guangzhou Huadu Bilibili Gaming						
							(Bilibili Gaming)","Guangzhou Huadu Bilibili Gaming						
							(Bilibili Gaming)",Akeman,Clove,189,12,21,12,130,35%
VCT 2025 China Stage 2,https://www.vlr.gg/527582/dragon-ranger-gaming-vs-bilibili-gaming-vct-2025-china-stage-2-gf,Corrode,"Guangzhou Huadu Bilibili Gaming						
							(Bilibili Gaming)",Dragon Ranger Gaming,"Guangzhou Huadu Bilibili Gaming						
							(Bilibili Gaming)",rushia,Omen,210,17,11,5,132,22%
VCT 2025 China Stage 2,https://www.vlr.gg/527582/dragon-ranger-gaming-vs-bilibili-gaming-vct-2025-china-stage-2-gf,Corrode,"Guangzhou Huadu Bilibili Gaming						
							(Bilibili Gaming)",Dragon Ranger Gaming,"Guangzhou Huadu Bilibili Gaming						
							(Bilibili Gaming)",Knight,Sova,221,19,15,5,136,22%
VCT 2025 China Stage 2,https://www.vlr.gg/527582/dragon-ranger-gaming-vs-bilibili-gaming-vct-2025-china-stage-2-gf,Corrode,"Guangzhou Huadu Bilibili Gaming						
							(Bilibili Gaming)",Dragon Ranger Gaming,"Guangzhou Huadu Bilibili Gaming						
							(Bilibili Gaming)",nephh,Deadlock,210,17,16,10,134,17%
VCT 2025 China Stage 2,https://www.vlr.gg/527582/dragon-ranger-gaming-vs-bilibili-gaming-vct-2025-china-stage-2-gf,Corrode,"Guangzhou Huadu Bilibili Gaming						
							(Bilibili Gaming)",Dragon Ranger Gaming,"Guangzhou Huadu Bilibili Gaming						
							(Bilibili Gaming)",Levius,Viper,201,16,15,8,126,29%
VCT 2025 China Stage 2,https://www.vlr.gg/527582/dragon-ranger-gaming-vs-bilibili-gaming-vct-2025-china-stage-2-gf,Corrode,"Guangzhou Huadu Bilibili Gaming						
							(Bilibili Gaming)",Dragon Ranger Gaming,"Guangzhou Huadu Bilibili Gaming						
							(Bilibili Gaming)",whzy,Neon,196,17,20,6,105,30%
VCT 2025 China Stage 2,https://www.vlr.gg/527582/dragon-ranger-gaming-vs-bilibili-gaming-vct-2025-china-stage-2-gf,Lotus,Dragon Ranger Gaming,"Guangzhou Huadu Bilibili Gaming						
							(Bilibili Gaming)","Guangzhou Huadu Bilibili Gaming						
							(Bilibili Gaming)",vo0kashu,Cypher,269,20,15,6,176,26%
VCT 2025 China Stage 2,https://www.vlr.gg/527582/dragon-ranger-gaming-vs-bilibili-gaming-vct-2025-china-stage-2-gf,Lotus,Dragon Ranger Gaming,"Guangzhou Huadu Bilibili Gaming						
							(Bilibili Gaming)","Guangzhou Huadu Bilibili Gaming						
							(Bilibili Gaming)",Flex1n,Omen,185,15,14,6,129,40%
VCT 2025 China Stage 2,https://www.vlr.gg/527582/dragon-ranger-gaming-vs-bilibili-gaming-vct-2025-china-stage-2-gf,Lotus,Dragon Ranger Gaming,"Guangzhou Huadu Bilibili Gaming						
							(Bilibili Gaming)","Guangzhou Huadu Bilibili Gaming						
							(Bilibili Gaming)",Nicc,Breach,174,13,16,11,126,23%
VCT 2025 China Stage 2,https://www.vlr.gg/527582/dragon-ranger-gaming-vs-bilibili-gaming-vct-2025-china-stage-2-gf,Lotus,Dragon Ranger Gaming,"Guangzhou Huadu Bilibili Gaming						
							(Bilibili Gaming)","Guangzhou Huadu Bilibili Gaming						
							(Bilibili Gaming)",SpiritZ1,Yoru,185,14,18,5,109,28%
VCT 2025 China Stage 2,https://www.vlr.gg/527582/dragon-ranger-gaming-vs-bilibili-gaming-vct-2025-china-stage-2-gf,Lotus,Dragon Ranger Gaming,"Guangzhou Huadu Bilibili Gaming						
							(Bilibili Gaming)","Guangzhou Huadu Bilibili Gaming						
							(Bilibili Gaming)",Akeman,Neon,161,14,18,1,100,24%
VCT 2025 China Stage 2,https://www.vlr.gg/527582/dragon-ranger-gaming-vs-bilibili-gaming-vct-2025-china-stage-2-gf,Lotus,"Guangzhou Huadu Bilibili Gaming						
							(Bilibili Gaming)",Dragon Ranger Gaming,"Guangzhou Huadu Bilibili Gaming						
							(Bilibili Gaming)",whzy,Raze,263,21,16,4,179,26%
VCT 2025 China Stage 2,https://www.vlr.gg/527582/dragon-ranger-gaming-vs-bilibili-gaming-vct-2025-china-stage-2-gf,Lotus,"Guangzhou Huadu Bilibili Gaming						
							(Bilibili Gaming)",Dragon Ranger Gaming,"Guangzhou Huadu Bilibili Gaming						
							(Bilibili Gaming)",rushia,Viper,281,21,14,7,173,23%
VCT 2025 China Stage 2,https://www.vlr.gg/527582/dragon-ranger-gaming-vs-bilibili-gaming-vct-2025-china-stage-2-gf,Lotus,"Guangzhou Huadu Bilibili Gaming						
							(Bilibili Gaming)",Dragon Ranger Gaming,"Guangzhou Huadu Bilibili Gaming						
							(Bilibili Gaming)",Levius,Vyse,281,16,14,5,173,23%
VCT 2025 China Stage 2,https://www.vlr.gg/527582/dragon-ranger-gaming-vs-bilibili-gaming-vct-2025-china-stage-2-gf,Lotus,"Guangzhou Huadu Bilibili Gaming						
							(Bilibili Gaming)",Dragon Ranger Gaming,"Guangzhou Huadu Bilibili Gaming						
							(Bilibili Gaming)",Knight,Fade,157,13,15,7,101,21%
VCT 2025 China Stage 2,https://www.vlr.gg/527582/dragon-ranger-gaming-vs-bilibili-gaming-vct-2025-china-stage-2-gf,Lotus,"Guangzhou Huadu Bilibili Gaming						
							(Bilibili Gaming)",Dragon Ranger Gaming,"Guangzhou Huadu Bilibili Gaming						
							(Bilibili Gaming)",nephh,Omen,142,10,17,7,91,5%
Valorant Masters Toronto 2025,https://www.vlr.gg/498622/g2-esports-vs-paper-rex-valorant-masters-toronto-2025-ubqf,Split,G2 Esports,Paper Rex,Paper Rex,jawgemo,Yoru,237,18,16,5,167,18%
Valorant Masters Toronto 2025,https://www.vlr.gg/498622/g2-esports-vs-paper-rex-valorant-masters-toronto-2025-ubqf,Split,G2 Esports,Paper Rex,Paper Rex,trent,Fade,196,17,15,5,123,26%
Valorant Masters Toronto 2025,https://www.vlr.gg/498622/g2-esports-vs-paper-rex-valorant-masters-toronto-2025-ubqf,Split,G2 Esports,Paper Rex,Paper Rex,JonahP,Breach,196,15,16,8,132,40%
Valorant Masters Toronto 2025,https://www.vlr.gg/498622/g2-esports-vs-paper-rex-valorant-masters-toronto-2025-ubqf,Split,G2 Esports,Paper Rex,Paper Rex,leaf,Viper,200,15,18,8,129,18%
Valorant Masters Toronto 2025,https://www.vlr.gg/498622/g2-esports-vs-paper-rex-valorant-masters-toronto-2025-ubqf,Split,G2 Esports,Paper Rex,Paper Rex,valyn,Omen,183,16,19,8,105,13%
Valorant Masters Toronto 2025,https://www.vlr.gg/498622/g2-esports-vs-paper-rex-valorant-masters-toronto-2025-ubqf,Split,Paper Rex,G2 Esports,Paper Rex,PatMen,Fade,249,21,14,7,145,27%
Valorant Masters Toronto 2025,https://www.vlr.gg/498622/g2-esports-vs-paper-rex-valorant-masters-toronto-2025-ubqf,Split,Paper Rex,G2 Esports,Paper Rex,f0rsakeN,Omen,205,14,17,13,132,24%
Valorant Masters Toronto 2025,https://www.vlr.gg/498622/g2-esports-vs-paper-rex-valorant-masters-toronto-2025-ubqf,Split,Paper Rex,G2 Esports,Paper Rex,something,Yoru,194,18,16,0,130,24%
Valorant Masters Toronto 2025,https://www.vlr.gg/498622/g2-esports-vs-paper-rex-valorant-masters-toronto-2025-ubqf,Split,Paper Rex,G2 Esports,Paper Rex,Jinggg,Raze,194,14,17,10,145,24%
Valorant Masters Toronto 2025,https://www.vlr.gg/498622/g2-esports-vs-paper-rex-valorant-masters-toronto-2025-ubqf,Split,Paper Rex,G2 Esports,Paper Rex,d4v41,Viper,197,17,17,2,135,27%
Valorant Masters Toronto 2025,https://www.vlr.gg/498622/g2-esports-vs-paper-rex-valorant-masters-toronto-2025-ubqf,Lotus,G2 Esports,Paper Rex,Paper Rex,trent,Sova,263,22,13,6,178,31%
Valorant Masters Toronto 2025,https://www.vlr.gg/498622/g2-esports-vs-paper-rex-valorant-masters-toronto-2025-ubqf,Lotus,G2 Esports,Paper Rex,Paper Rex,valyn,Omen,198,15,17,7,133,30%
Valorant Masters Toronto 2025,https://www.vlr.gg/498622/g2-esports-vs-paper-rex-valorant-masters-toronto-2025-ubqf,Lotus,G2 Esports,Paper Rex,Paper Rex,jawgemo,Neon,213,18,19,4,153,37%
Valorant Masters Toronto 2025,https://www.vlr.gg/498622/g2-esports-vs-paper-rex-valorant-masters-toronto-2025-ubqf,Lotus,G2 Esports,Paper Rex,Paper Rex,leaf,Viper,185,14,17,7,117,27%
Valorant Masters Toronto 2025,https://www.vlr.gg/498622/g2-esports-vs-paper-rex-valorant-masters-toronto-2025-ubqf,Lotus,G2 Esports,Paper Rex,Paper Rex,JonahP,Breach,112,9,16,11,64,15%
Valorant Masters Toronto 2025,https://www.vlr.gg/498622/g2-esports-vs-paper-rex-valorant-masters-toronto-2025-ubqf,Lotus,Paper Rex,G2 Esports,Paper Rex,Jinggg,Raze,231,20,15,4,147,18%
Valorant Masters Toronto 2025,https://www.vlr.gg/498622/g2-esports-vs-paper-rex-valorant-masters-toronto-2025-ubqf,Lotus,Paper Rex,G2 Esports,Paper Rex,something,Yoru,246,19,17,8,146,33%
Valorant Masters Toronto 2025,https://www.vlr.gg/498622/g2-esports-vs-paper-rex-valorant-masters-toronto-2025-ubqf,Lotus,Paper Rex,G2 Esports,Paper Rex,f0rsakeN,Omen,185,14,15,11,123,23%
Valorant Masters Toronto 2025,https://www.vlr.gg/498622/g2-esports-vs-paper-rex-valorant-masters-toronto-2025-ubqf,Lotus,Paper Rex,G2 Esports,Paper Rex,d4v41,Vyse,172,16,16,5,113,26%
Valorant Masters Toronto 2025,https://www.vlr.gg/498622/g2-esports-vs-paper-rex-valorant-masters-toronto-2025-ubqf,Lotus,Paper Rex,G2 Esports,Paper Rex,PatMen,Fade,161,13,15,13,122,33%
Valorant Masters Toronto 2025,https://www.vlr.gg/498621/xi-lai-gaming-vs-sentinels-valorant-masters-toronto-2025-ubqf,Sunset,Xi Lai Gaming,Sentinels,Sentinels,happywei,Cypher,297,18,17,3,189,43%
Valorant Masters Toronto 2025,https://www.vlr.gg/498621/xi-lai-gaming-vs-sentinels-valorant-masters-toronto-2025-ubqf,Sunset,Xi Lai Gaming,Sentinels,Sentinels,Rarga,Neon,215,15,13,4,134,52%
Valorant Masters Toronto 2025,https://www.vlr.gg/498621/xi-lai-gaming-vs-sentinels-valorant-masters-toronto-2025-ubqf,Sunset,Xi Lai Gaming,Sentinels,Sentinels,coconut,Omen,128,8,15,4,90,19%
Valorant Masters Toronto 2025,https://www.vlr.gg/498621/xi-lai-gaming-vs-sentinels-valorant-masters-toronto-2025-ubqf,Sunset,Xi Lai Gaming,Sentinels,Sentinels,Midi,Breach,119,8,16,6,71,20%
Valorant Masters Toronto 2025,https://www.vlr.gg/498621/xi-lai-gaming-vs-sentinels-valorant-masters-toronto-2025-ubqf,Sunset,Xi Lai Gaming,Sentinels,Sentinels,Viva,Sova,107,6,18,2,74,25%
Valorant Masters Toronto 2025,https://www.vlr.gg/498621/xi-lai-gaming-vs-sentinels-valorant-masters-toronto-2025-ubqf,Sunset,Sentinels,Xi Lai Gaming,Sentinels,zekken,Neon,401,27,10,6,259,34%
Valorant Masters Toronto 2025,https://www.vlr.gg/498621/xi-lai-gaming-vs-sentinels-valorant-masters-toronto-2025-ubqf,Sunset,Sentinels,Xi Lai Gaming,Sentinels,johnqt,Breach,249,18,10,10,149,24%
Valorant Masters Toronto 2025,https://www.vlr.gg/498621/xi-lai-gaming-vs-sentinels-valorant-masters-toronto-2025-ubqf,Sunset,Sentinels,Xi Lai Gaming,Sentinels,N4RRATE,Fade,222,14,10,6,145,16%
Valorant Masters Toronto 2025,https://www.vlr.gg/498621/xi-lai-gaming-vs-sentinels-valorant-masters-toronto-2025-ubqf,Sunset,Sentinels,Xi Lai Gaming,Sentinels,bang,Omen,158,12,13,6,93,36%
Valorant Masters Toronto 2025,https://www.vlr.gg/498621/xi-lai-gaming-vs-sentinels-valorant-masters-toronto-2025-ubqf,Sunset,Sentinels,Xi Lai Gaming,Sentinels,Zellsis,Cypher,116,8,12,3,93,13%
Valorant Masters Toronto 2025,https://www.vlr.gg/498621/xi-lai-gaming-vs-sentinels-valorant-masters-toronto-2025-ubqf,Lotus,Xi Lai Gaming,Sentinels,Sentinels,Viva,Sova,194,11,16,9,146,27%
Valorant Masters Toronto 2025,https://www.vlr.gg/498621/xi-lai-gaming-vs-sentinels-valorant-masters-toronto-2025-ubqf,Lotus,Xi Lai Gaming,Sentinels,Sentinels,happywei,Cypher,179,11,15,4,125,40%
Valorant Masters Toronto 2025,https://www.vlr.gg/498621/xi-lai-gaming-vs-sentinels-valorant-masters-toronto-2025-ubqf,Lotus,Xi Lai Gaming,Sentinels,Sentinels,coconut,Omen,155,12,15,6,88,45%
Valorant Masters Toronto 2025,https://www.vlr.gg/498621/xi-lai-gaming-vs-sentinels-valorant-masters-toronto-2025-ubqf,Lotus,Xi Lai Gaming,Sentinels,Sentinels,Rarga,Neon,165,12,17,2,105,28%
Valorant Masters Toronto 2025,https://www.vlr.gg/498621/xi-lai-gaming-vs-sentinels-valorant-masters-toronto-2025-ubqf,Lotus,Xi Lai Gaming,Sentinels,Sentinels,Midi,Breach,149,9,16,3,97,34%
Valorant Masters Toronto 2025,https://www.vlr.gg/498621/xi-lai-gaming-vs-sentinels-valorant-masters-toronto-2025-ubqf,Lotus,Sentinels,Xi Lai Gaming,Sentinels,johnqt,Viper,239,16,10,10,166,36%
Valorant Masters Toronto 2025,https://www.vlr.gg/498621/xi-lai-gaming-vs-sentinels-valorant-masters-toronto-2025-ubqf,Lotus,Sentinels,Xi Lai Gaming,Sentinels,bang,Omen,239,18,11,9,114,31%
Valorant Masters Toronto 2025,https://www.vlr.gg/498621/xi-lai-gaming-vs-sentinels-valorant-masters-toronto-2025-ubqf,Lotus,Sentinels,Xi Lai Gaming,Sentinels,Zellsis,Vyse,241,16,11,8,147,30%
Valorant Masters Toronto 2025,https://www.vlr.gg/498621/xi-lai-gaming-vs-sentinels-valorant-masters-toronto-2025-ubqf,Lotus,Sentinels,Xi Lai Gaming,Sentinels,zekken,Raze,200,14,10,3,125,13%
Valorant Masters Toronto 2025,https://www.vlr.gg/498621/xi-lai-gaming-vs-sentinels-valorant-masters-toronto-2025-ubqf,Lotus,Sentinels,Xi Lai Gaming,Sentinels,N4RRATE,Fade,240,15,13,10,153,23%
Valorant Masters Toronto 2025,https://www.vlr.gg/498623/rex-regum-qeon-vs-wolves-esports-valorant-masters-toronto-2025-ubqf,Ascent,Rex Regum Qeon,Wolves Esports,Wolves Esports,Kushy,Sova,251,23,16,5,159,43%
Valorant Masters Toronto 2025,https://www.vlr.gg/498623/rex-regum-qeon-vs-wolves-esports-valorant-masters-toronto-2025-ubqf,Ascent,Rex Regum Qeon,Wolves Esports,Wolves Esports,Monyet,Omen,200,15,17,11,132,27%
Valorant Masters Toronto 2025,https://www.vlr.gg/498623/rex-regum-qeon-vs-wolves-esports-valorant-masters-toronto-2025-ubqf,Ascent,Rex Regum Qeon,Wolves Esports,Wolves Esports,Jemkin,Jett,202,16,17,5,141,37%
Valorant Masters Toronto 2025,https://www.vlr.gg/498623/rex-regum-qeon-vs-wolves-esports-valorant-masters-toronto-2025-ubqf,Ascent,Rex Regum Qeon,Wolves Esports,Wolves Esports,crazyguy,Kayo,137,10,15,12,89,13%
Valorant Masters Toronto 2025,https://www.vlr.gg/498623/rex-regum-qeon-vs-wolves-esports-valorant-masters-toronto-2025-ubqf,Ascent,Rex Regum Qeon,Wolves Esports,Wolves Esports,xffero,Cypher,170,15,19,5,113,41%
Valorant Masters Toronto 2025,https://www.vlr.gg/498623/rex-regum-qeon-vs-wolves-esports-valorant-masters-toronto-2025-ubqf,Ascent,Wolves Esports,Rex Regum Qeon,Wolves Esports,Spring,Omen,225,18,13,11,148,19%
Valorant Masters Toronto 2025,https://www.vlr.gg/498623/rex-regum-qeon-vs-wolves-esports-valorant-masters-toronto-2025-ubqf,Ascent,Wolves Esports,Rex Regum Qeon,Wolves Esports,SiuFatBB,Sova,193,17,13,3,120,22%
Valorant Masters Toronto 2025,https://www.vlr.gg/498623/rex-regum-qeon-vs-wolves-esports-valorant-masters-toronto-2025-ubqf,Ascent,Wolves Esports,Rex Regum Qeon,Wolves Esports,Yuicaw,Cypher,200,19,18,6,128,31%
Valorant Masters Toronto 2025,https://www.vlr.gg/498623/rex-regum-qeon-vs-wolves-esports-valorant-masters-toronto-2025-ubqf,Ascent,Wolves Esports,Rex Regum Qeon,Wolves Esports,Juicy,Yoru,233,17,17,8,170,26%
Valorant Masters Toronto 2025,https://www.vlr.gg/498623/rex-regum-qeon-vs-wolves-esports-valorant-masters-toronto-2025-ubqf,Ascent,Wolves Esports,Rex Regum Qeon,Wolves Esports,Lysoar,Deadlock,146,13,18,8,93,32%
Valorant Masters Toronto 2025,https://www.vlr.gg/498623/rex-regum-qeon-vs-wolves-esports-valorant-masters-toronto-2025-ubqf,Icebox,Rex Regum Qeon,Wolves Esports,Wolves Esports,Monyet,Viper,227,17,13,7,136,27%
Valorant Masters Toronto 2025,https://www.vlr.gg/498623/rex-regum-qeon-vs-wolves-esports-valorant-masters-toronto-2025-ubqf,Icebox,Rex Regum Qeon,Wolves Esports,Wolves Esports,Jemkin,Jett,280,19,17,6,195,24%
Valorant Masters Toronto 2025,https://www.vlr.gg/498623/rex-regum-qeon-vs-wolves-esports-valorant-masters-toronto-2025-ubqf,Icebox,Rex Regum Qeon,Wolves Esports,Wolves Esports,xffero,Killjoy,178,14,14,5,131,26%
Valorant Masters Toronto 2025,https://www.vlr.gg/498623/rex-regum-qeon-vs-wolves-esports-valorant-masters-toronto-2025-ubqf,Icebox,Rex Regum Qeon,Wolves Esports,Wolves Esports,Kushy,Sova,129,10,15,3,89,38%
Valorant Masters Toronto 2025,https://www.vlr.gg/498623/rex-regum-qeon-vs-wolves-esports-valorant-masters-toronto-2025-ubqf,Icebox,Rex Regum Qeon,Wolves Esports,Wolves Esports,crazyguy,Omen,120,9,17,4,73,45%
Valorant Masters Toronto 2025,https://www.vlr.gg/498623/rex-regum-qeon-vs-wolves-esports-valorant-masters-toronto-2025-ubqf,Icebox,Wolves Esports,Rex Regum Qeon,Wolves Esports,Juicy,Jett,302,23,14,4,190,28%
Valorant Masters Toronto 2025,https://www.vlr.gg/498623/rex-regum-qeon-vs-wolves-esports-valorant-masters-toronto-2025-ubqf,Icebox,Wolves Esports,Rex Regum Qeon,Wolves Esports,Lysoar,Killjoy,232,18,13,5,171,26%
Valorant Masters Toronto 2025,https://www.vlr.gg/498623/rex-regum-qeon-vs-wolves-esports-valorant-masters-toronto-2025-ubqf,Icebox,Wolves Esports,Rex Regum Qeon,Wolves Esports,Spring,Viper,219,17,17,4,150,33%
Valorant Masters Toronto 2025,https://www.vlr.gg/498623/rex-regum-qeon-vs-wolves-esports-valorant-masters-toronto-2025-ubqf,Icebox,Wolves Esports,Rex Regum Qeon,Wolves Esports,Yuicaw,Gekko,147,10,13,9,108,22%
Valorant Masters Toronto 2025,https://www.vlr.gg/498623/rex-regum-qeon-vs-wolves-esports-valorant-masters-toronto-2025-ubqf,Icebox,Wolves Esports,Rex Regum Qeon,Wolves Esports,SiuFatBB,Sova,115,8,12,4,82,29%
Valorant Masters Toronto 2025,https://www.vlr.gg/498624/fnatic-vs-gen-g-valorant-masters-toronto-2025-ubqf,Haven,FNATIC,Gen.G,Gen.G,crashies,Sova,240,21,16,7,166,40%
Valorant Masters Toronto 2025,https://www.vlr.gg/498624/fnatic-vs-gen-g-valorant-masters-toronto-2025-ubqf,Haven,FNATIC,Gen.G,Gen.G,kaajak,Yoru,263,20,17,7,170,44%
Valorant Masters Toronto 2025,https://www.vlr.gg/498624/fnatic-vs-gen-g-valorant-masters-toronto-2025-ubqf,Haven,FNATIC,Gen.G,Gen.G,Chronicle,Cypher,178,15,15,6,124,27%
Valorant Masters Toronto 2025,https://www.vlr.gg/498624/fnatic-vs-gen-g-valorant-masters-toronto-2025-ubqf,Haven,FNATIC,Gen.G,Gen.G,Boaster,Omen,120,9,16,8,79,20%
Valorant Masters Toronto 2025,https://www.vlr.gg/498624/fnatic-vs-gen-g-valorant-masters-toronto-2025-ubqf,Haven,FNATIC,Gen.G,Gen.G,Alfajer,Iso,127,11,20,4,86,28%
Valorant Masters Toronto 2025,https://www.vlr.gg/498624/fnatic-vs-gen-g-valorant-masters-toronto-2025-ubqf,Haven,Gen.G,FNATIC,Gen.G,Munchkin,Viper,258,21,15,13,157,26%
Valorant Masters Toronto 2025,https://www.vlr.gg/498624/fnatic-vs-gen-g-valorant-masters-toronto-2025-ubqf,Haven,Gen.G,FNATIC,Gen.G,t3xture,Neon,224,20,16,7,139,28%
Valorant Masters Toronto 2025,https://www.vlr.gg/498624/fnatic-vs-gen-g-valorant-masters-toronto-2025-ubqf,Haven,Gen.G,FNATIC,Gen.G,Karon,Omen,218,18,16,9,143,26%
Valorant Masters Toronto 2025,https://www.vlr.gg/498624/fnatic-vs-gen-g-valorant-masters-toronto-2025-ubqf,Haven,Gen.G,FNATIC,Gen.G,Ash,Sova,135,13,13,2,109,30%
Valorant Masters Toronto 2025,https://www.vlr.gg/498624/fnatic-vs-gen-g-valorant-masters-toronto-2025-ubqf,Haven,Gen.G,FNATIC,Gen.G,Foxy9,Killjoy,141,12,16,1,98,38%
Valorant Masters Toronto 2025,https://www.vlr.gg/498624/fnatic-vs-gen-g-valorant-masters-toronto-2025-ubqf,Split,FNATIC,Gen.G,FNATIC,Alfajer,Raze,305,28,22,4,196,26%
Valorant Masters Toronto 2025,https://www.vlr.gg/498624/fnatic-vs-gen-g-valorant-masters-toronto-2025-ubqf,Split,FNATIC,Gen.G,FNATIC,kaajak,Yoru,218,20,17,9,147,42%
Valorant Masters Toronto 2025,https://www.vlr.gg/498624/fnatic-vs-gen-g-valorant-masters-toronto-2025-ubqf,Split,FNATIC,Gen.G,FNATIC,Chronicle,Viper,196,17,17,8,157,28%
Valorant Masters Toronto 2025,https://www.vlr.gg/498624/fnatic-vs-gen-g-valorant-masters-toronto-2025-ubqf,Split,FNATIC,Gen.G,FNATIC,crashies,Fade,182,16,14,7,113,30%
Valorant Masters Toronto 2025,https://www.vlr.gg/498624/fnatic-vs-gen-g-valorant-masters-toronto-2025-ubqf,Split,FNATIC,Gen.G,FNATIC,Boaster,Astra,133,14,17,7,91,35%
Valorant Masters Toronto 2025,https://www.vlr.gg/498624/fnatic-vs-gen-g-valorant-masters-toronto-2025-ubqf,Split,Gen.G,FNATIC,FNATIC,Karon,Omen,223,21,17,12,137,35%
Valorant Masters Toronto 2025,https://www.vlr.gg/498624/fnatic-vs-gen-g-valorant-masters-toronto-2025-ubqf,Split,Gen.G,FNATIC,FNATIC,t3xture,Neon,210,19,19,7,126,22%
Valorant Masters Toronto 2025,https://www.vlr.gg/498624/fnatic-vs-gen-g-valorant-masters-toronto-2025-ubqf,Split,Gen.G,FNATIC,FNATIC,Ash,Tejo,212,19,19,4,134,29%
Valorant Masters Toronto 2025,https://www.vlr.gg/498624/fnatic-vs-gen-g-valorant-masters-toronto-2025-ubqf,Split,Gen.G,FNATIC,FNATIC,Munchkin,Viper,205,18,20,7,130,15%
Valorant Masters Toronto 2025,https://www.vlr.gg/498624/fnatic-vs-gen-g-valorant-masters-toronto-2025-ubqf,Split,Gen.G,FNATIC,FNATIC,Foxy9,Deadlock,97,10,20,3,65,33%
Valorant Masters Toronto 2025,https://www.vlr.gg/498624/fnatic-vs-gen-g-valorant-masters-toronto-2025-ubqf,Sunset,FNATIC,Gen.G,Gen.G,crashies,Sova,189,11,11,4,142,39%
Valorant Masters Toronto 2025,https://www.vlr.gg/498624/fnatic-vs-gen-g-valorant-masters-toronto-2025-ubqf,Sunset,FNATIC,Gen.G,Gen.G,Alfajer,Cypher,218,15,16,0,139,58%
Valorant Masters Toronto 2025,https://www.vlr.gg/498624/fnatic-vs-gen-g-valorant-masters-toronto-2025-ubqf,Sunset,FNATIC,Gen.G,Gen.G,kaajak,Neon,177,12,14,2,135,24%
Valorant Masters Toronto 2025,https://www.vlr.gg/498624/fnatic-vs-gen-g-valorant-masters-toronto-2025-ubqf,Sunset,FNATIC,Gen.G,Gen.G,Chronicle,Viper,166,10,15,2,118,29%
Valorant Masters Toronto 2025,https://www.vlr.gg/498624/fnatic-vs-gen-g-valorant-masters-toronto-2025-ubqf,Sunset,FNATIC,Gen.G,Gen.G,Boaster,Omen,85,4,12,5,66,15%
Valorant Masters Toronto 2025,https://www.vlr.gg/498624/fnatic-vs-gen-g-valorant-masters-toronto-2025-ubqf,Sunset,Gen.G,FNATIC,Gen.G,t3xture,Neon,317,21,10,4,196,24%
Valorant Masters Toronto 2025,https://www.vlr.gg/498624/fnatic-vs-gen-g-valorant-masters-toronto-2025-ubqf,Sunset,Gen.G,FNATIC,Gen.G,Foxy9,Deadlock,262,21,10,3,159,47%
Valorant Masters Toronto 2025,https://www.vlr.gg/498624/fnatic-vs-gen-g-valorant-masters-toronto-2025-ubqf,Sunset,Gen.G,FNATIC,Gen.G,Ash,Sova,184,11,9,5,117,48%
Valorant Masters Toronto 2025,https://www.vlr.gg/498624/fnatic-vs-gen-g-valorant-masters-toronto-2025-ubqf,Sunset,Gen.G,FNATIC,Gen.G,Munchkin,Viper,127,8,11,3,90,31%
Valorant Masters Toronto 2025,https://www.vlr.gg/498624/fnatic-vs-gen-g-valorant-masters-toronto-2025-ubqf,Sunset,Gen.G,FNATIC,Gen.G,Karon,Omen,101,7,12,4,69,23%
Valorant Masters Toronto 2025,https://www.vlr.gg/498629/xi-lai-gaming-vs-g2-esports-valorant-masters-toronto-2025-lr1,Icebox,Xi Lai Gaming,G2 Esports,G2 Esports,Viva,Sova,148,7,14,4,110,29%
Valorant Masters Toronto 2025,https://www.vlr.gg/498629/xi-lai-gaming-vs-g2-esports-valorant-masters-toronto-2025-lr1,Icebox,Xi Lai Gaming,G2 Esports,G2 Esports,Rarga,Jett,201,10,16,2,133,43%
Valorant Masters Toronto 2025,https://www.vlr.gg/498629/xi-lai-gaming-vs-g2-esports-valorant-masters-toronto-2025-lr1,Icebox,Xi Lai Gaming,G2 Esports,G2 Esports,happywei,Killjoy,146,8,14,1,99,52%
Valorant Masters Toronto 2025,https://www.vlr.gg/498629/xi-lai-gaming-vs-g2-esports-valorant-masters-toronto-2025-lr1,Icebox,Xi Lai Gaming,G2 Esports,G2 Esports,coconut,Viper,117,7,14,3,78,32%
Valorant Masters Toronto 2025,https://www.vlr.gg/498629/xi-lai-gaming-vs-g2-esports-valorant-masters-toronto-2025-lr1,Icebox,Xi Lai Gaming,G2 Esports,G2 Esports,Midi,Gekko,107,5,15,1,75,32%
Valorant Masters Toronto 2025,https://www.vlr.gg/498629/xi-lai-gaming-vs-g2-esports-valorant-masters-toronto-2025-lr1,Icebox,G2 Esports,Xi Lai Gaming,G2 Esports,leaf,Killjoy,358,22,5,2,213,24%
Valorant Masters Toronto 2025,https://www.vlr.gg/498629/xi-lai-gaming-vs-g2-esports-valorant-masters-toronto-2025-lr1,Icebox,G2 Esports,Xi Lai Gaming,G2 Esports,trent,Sova,268,16,6,4,179,38%
Valorant Masters Toronto 2025,https://www.vlr.gg/498629/xi-lai-gaming-vs-g2-esports-valorant-masters-toronto-2025-lr1,Icebox,G2 Esports,Xi Lai Gaming,G2 Esports,jawgemo,Sage,278,17,7,6,183,26%
Valorant Masters Toronto 2025,https://www.vlr.gg/498629/xi-lai-gaming-vs-g2-esports-valorant-masters-toronto-2025-lr1,Icebox,G2 Esports,Xi Lai Gaming,G2 Esports,JonahP,Viper,210,13,10,4,144,24%
Valorant Masters Toronto 2025,https://www.vlr.gg/498629/xi-lai-gaming-vs-g2-esports-valorant-masters-toronto-2025-lr1,Icebox,G2 Esports,Xi Lai Gaming,G2 Esports,valyn,Omen,76,5,9,5,35,20%
Valorant Masters Toronto 2025,https://www.vlr.gg/498629/xi-lai-gaming-vs-g2-esports-valorant-masters-toronto-2025-lr1,Haven,Xi Lai Gaming,G2 Esports,G2 Esports,happywei,Cypher,270,20,13,5,165,47%
Valorant Masters Toronto 2025,https://www.vlr.gg/498629/xi-lai-gaming-vs-g2-esports-valorant-masters-toronto-2025-lr1,Haven,Xi Lai Gaming,G2 Esports,G2 Esports,Rarga,Yoru,287,20,19,4,168,47%
Valorant Masters Toronto 2025,https://www.vlr.gg/498629/xi-lai-gaming-vs-g2-esports-valorant-masters-toronto-2025-lr1,Haven,Xi Lai Gaming,G2 Esports,G2 Esports,Midi,Breach,153,14,15,4,108,45%
Valorant Masters Toronto 2025,https://www.vlr.gg/498629/xi-lai-gaming-vs-g2-esports-valorant-masters-toronto-2025-lr1,Haven,Xi Lai Gaming,G2 Esports,G2 Esports,Viva,Sova,139,9,17,6,102,26%
Valorant Masters Toronto 2025,https://www.vlr.gg/498629/xi-lai-gaming-vs-g2-esports-valorant-masters-toronto-2025-lr1,Haven,Xi Lai Gaming,G2 Esports,G2 Esports,coconut,Omen,113,7,16,9,75,18%
Valorant Masters Toronto 2025,https://www.vlr.gg/498629/xi-lai-gaming-vs-g2-esports-valorant-masters-toronto-2025-lr1,Haven,G2 Esports,Xi Lai Gaming,G2 Esports,leaf,Vyse,247,20,12,6,180,38%
Valorant Masters Toronto 2025,https://www.vlr.gg/498629/xi-lai-gaming-vs-g2-esports-valorant-masters-toronto-2025-lr1,Haven,G2 Esports,Xi Lai Gaming,G2 Esports,jawgemo,Yoru,260,18,16,11,161,25%
Valorant Masters Toronto 2025,https://www.vlr.gg/498629/xi-lai-gaming-vs-g2-esports-valorant-masters-toronto-2025-lr1,Haven,G2 Esports,Xi Lai Gaming,G2 Esports,JonahP,Viper,181,14,12,6,104,23%
Valorant Masters Toronto 2025,https://www.vlr.gg/498629/xi-lai-gaming-vs-g2-esports-valorant-masters-toronto-2025-lr1,Haven,G2 Esports,Xi Lai Gaming,G2 Esports,valyn,Omen,207,14,15,8,133,25%
Valorant Masters Toronto 2025,https://www.vlr.gg/498629/xi-lai-gaming-vs-g2-esports-valorant-masters-toronto-2025-lr1,Haven,G2 Esports,Xi Lai Gaming,G2 Esports,trent,Fade,173,13,15,6,110,41%
Valorant Masters Toronto 2025,https://www.vlr.gg/498630/rex-regum-qeon-vs-fnatic-valorant-masters-toronto-2025-lr1,Lotus,Rex Regum Qeon,FNATIC,FNATIC,Monyet,Omen,188,10,16,5,131,29%
Valorant Masters Toronto 2025,https://www.vlr.gg/498630/rex-regum-qeon-vs-fnatic-valorant-masters-toronto-2025-lr1,Lotus,Rex Regum Qeon,FNATIC,FNATIC,crazyguy,Fade,193,11,17,4,119,13%
Valorant Masters Toronto 2025,https://www.vlr.gg/498630/rex-regum-qeon-vs-fnatic-valorant-masters-toronto-2025-lr1,Lotus,Rex Regum Qeon,FNATIC,FNATIC,xffero,Viper,149,9,15,3,103,26%
Valorant Masters Toronto 2025,https://www.vlr.gg/498630/rex-regum-qeon-vs-fnatic-valorant-masters-toronto-2025-lr1,Lotus,Rex Regum Qeon,FNATIC,FNATIC,Kushy,Vyse,122,7,15,4,74,29%
Valorant Masters Toronto 2025,https://www.vlr.gg/498630/rex-regum-qeon-vs-fnatic-valorant-masters-toronto-2025-lr1,Lotus,Rex Regum Qeon,FNATIC,FNATIC,Jemkin,Raze,99,6,16,0,71,21%
Valorant Masters Toronto 2025,https://www.vlr.gg/498630/rex-regum-qeon-vs-fnatic-valorant-masters-toronto-2025-lr1,Lotus,FNATIC,Rex Regum Qeon,FNATIC,Chronicle,Viper,283,18,6,7,174,20%
Valorant Masters Toronto 2025,https://www.vlr.gg/498630/rex-regum-qeon-vs-fnatic-valorant-masters-toronto-2025-lr1,Lotus,FNATIC,Rex Regum Qeon,FNATIC,crashies,Fade,201,15,6,10,122,26%
Valorant Masters Toronto 2025,https://www.vlr.gg/498630/rex-regum-qeon-vs-fnatic-valorant-masters-toronto-2025-lr1,Lotus,FNATIC,Rex Regum Qeon,FNATIC,kaajak,Raze,308,21,11,5,221,35%
Valorant Masters Toronto 2025,https://www.vlr.gg/498630/rex-regum-qeon-vs-fnatic-valorant-masters-toronto-2025-lr1,Lotus,FNATIC,Rex Regum Qeon,FNATIC,Alfajer,Killjoy,212,15,10,3,145,32%
Valorant Masters Toronto 2025,https://www.vlr.gg/498630/rex-regum-qeon-vs-fnatic-valorant-masters-toronto-2025-lr1,Lotus,FNATIC,Rex Regum Qeon,FNATIC,Boaster,Omen,143,10,10,8,100,18%
Valorant Masters Toronto 2025,https://www.vlr.gg/498630/rex-regum-qeon-vs-fnatic-valorant-masters-toronto-2025-lr1,Haven,Rex Regum Qeon,FNATIC,Rex Regum Qeon,Jemkin,Yoru,261,19,11,1,179,56%
Valorant Masters Toronto 2025,https://www.vlr.gg/498630/rex-regum-qeon-vs-fnatic-valorant-masters-toronto-2025-lr1,Haven,Rex Regum Qeon,FNATIC,Rex Regum Qeon,xffero,Cypher,178,14,10,3,116,26%
Valorant Masters Toronto 2025,https://www.vlr.gg/498630/rex-regum-qeon-vs-fnatic-valorant-masters-toronto-2025-lr1,Haven,Rex Regum Qeon,FNATIC,Rex Regum Qeon,crazyguy,Omen,144,10,8,9,99,46%
Valorant Masters Toronto 2025,https://www.vlr.gg/498630/rex-regum-qeon-vs-fnatic-valorant-masters-toronto-2025-lr1,Haven,Rex Regum Qeon,FNATIC,Rex Regum Qeon,Monyet,Neon,242,16,13,6,164,25%
Valorant Masters Toronto 2025,https://www.vlr.gg/498630/rex-regum-qeon-vs-fnatic-valorant-masters-toronto-2025-lr1,Haven,Rex Regum Qeon,FNATIC,Rex Regum Qeon,Kushy,Sova,137,9,12,5,90,32%
Valorant Masters Toronto 2025,https://www.vlr.gg/498630/rex-regum-qeon-vs-fnatic-valorant-masters-toronto-2025-lr1,Haven,FNATIC,Rex Regum Qeon,Rex Regum Qeon,crashies,Sova,251,17,12,4,168,45%
Valorant Masters Toronto 2025,https://www.vlr.gg/498630/rex-regum-qeon-vs-fnatic-valorant-masters-toronto-2025-lr1,Haven,FNATIC,Rex Regum Qeon,Rex Regum Qeon,Chronicle,Cypher,189,12,12,5,119,35%
Valorant Masters Toronto 2025,https://www.vlr.gg/498630/rex-regum-qeon-vs-fnatic-valorant-masters-toronto-2025-lr1,Haven,FNATIC,Rex Regum Qeon,Rex Regum Qeon,kaajak,Yoru,215,13,15,2,131,35%
Valorant Masters Toronto 2025,https://www.vlr.gg/498630/rex-regum-qeon-vs-fnatic-valorant-masters-toronto-2025-lr1,Haven,FNATIC,Rex Regum Qeon,Rex Regum Qeon,Alfajer,Iso,131,8,15,5,99,32%
Valorant Masters Toronto 2025,https://www.vlr.gg/498630/rex-regum-qeon-vs-fnatic-valorant-masters-toronto-2025-lr1,Haven,FNATIC,Rex Regum Qeon,Rex Regum Qeon,Boaster,Omen,71,4,14,5,38,38%
Valorant Masters Toronto 2025,https://www.vlr.gg/498630/rex-regum-qeon-vs-fnatic-valorant-masters-toronto-2025-lr1,Ascent,Rex Regum Qeon,FNATIC,FNATIC,xffero,Cypher,201,12,14,1,132,40%
Valorant Masters Toronto 2025,https://www.vlr.gg/498630/rex-regum-qeon-vs-fnatic-valorant-masters-toronto-2025-lr1,Ascent,Rex Regum Qeon,FNATIC,FNATIC,Kushy,Sova,231,13,14,5,148,43%
Valorant Masters Toronto 2025,https://www.vlr.gg/498630/rex-regum-qeon-vs-fnatic-valorant-masters-toronto-2025-lr1,Ascent,Rex Regum Qeon,FNATIC,FNATIC,Monyet,Omen,125,8,15,2,84,21%
Valorant Masters Toronto 2025,https://www.vlr.gg/498630/rex-regum-qeon-vs-fnatic-valorant-masters-toronto-2025-lr1,Ascent,Rex Regum Qeon,FNATIC,FNATIC,crazyguy,Kayo,127,7,15,5,78,47%
Valorant Masters Toronto 2025,https://www.vlr.gg/498630/rex-regum-qeon-vs-fnatic-valorant-masters-toronto-2025-lr1,Ascent,Rex Regum Qeon,FNATIC,FNATIC,Jemkin,Jett,142,9,17,2,92,42%
Valorant Masters Toronto 2025,https://www.vlr.gg/498630/rex-regum-qeon-vs-fnatic-valorant-masters-toronto-2025-lr1,Ascent,FNATIC,Rex Regum Qeon,FNATIC,Alfajer,Chamber,349,24,13,0,211,26%
Valorant Masters Toronto 2025,https://www.vlr.gg/498630/rex-regum-qeon-vs-fnatic-valorant-masters-toronto-2025-lr1,Ascent,FNATIC,Rex Regum Qeon,FNATIC,kaajak,Yoru,248,17,10,4,154,53%
Valorant Masters Toronto 2025,https://www.vlr.gg/498630/rex-regum-qeon-vs-fnatic-valorant-masters-toronto-2025-lr1,Ascent,FNATIC,Rex Regum Qeon,FNATIC,crashies,Sova,177,11,9,7,124,26%
Valorant Masters Toronto 2025,https://www.vlr.gg/498630/rex-regum-qeon-vs-fnatic-valorant-masters-toronto-2025-lr1,Ascent,FNATIC,Rex Regum Qeon,FNATIC,Boaster,Omen,176,13,8,5,119,47%
Valorant Masters Toronto 2025,https://www.vlr.gg/498630/rex-regum-qeon-vs-fnatic-valorant-masters-toronto-2025-lr1,Ascent,FNATIC,Rex Regum Qeon,FNATIC,Chronicle,Vyse,183,10,9,8,118,29%
Valorant Masters Toronto 2025,https://www.vlr.gg/498626/wolves-esports-vs-gen-g-valorant-masters-toronto-2025-ubsf,Split,Wolves Esports,Gen.G,Wolves Esports,Spring,Viper,239,19,12,6,163,24%
Valorant Masters Toronto 2025,https://www.vlr.gg/498626/wolves-esports-vs-gen-g-valorant-masters-toronto-2025-ubsf,Split,Wolves Esports,Gen.G,Wolves Esports,Yuicaw,Cypher,204,18,14,2,143,33%
Valorant Masters Toronto 2025,https://www.vlr.gg/498626/wolves-esports-vs-gen-g-valorant-masters-toronto-2025-ubsf,Split,Wolves Esports,Gen.G,Wolves Esports,Lysoar,Omen,221,19,15,8,140,26%
Valorant Masters Toronto 2025,https://www.vlr.gg/498626/wolves-esports-vs-gen-g-valorant-masters-toronto-2025-ubsf,Split,Wolves Esports,Gen.G,Wolves Esports,SiuFatBB,Fade,146,13,14,4,98,24%
Valorant Masters Toronto 2025,https://www.vlr.gg/498626/wolves-esports-vs-gen-g-valorant-masters-toronto-2025-ubsf,Split,Wolves Esports,Gen.G,Wolves Esports,Juicy,Raze,144,12,17,3,99,20%
Valorant Masters Toronto 2025,https://www.vlr.gg/498626/wolves-esports-vs-gen-g-valorant-masters-toronto-2025-ubsf,Split,Gen.G,Wolves Esports,Wolves Esports,Karon,Omen,229,20,12,12,146,28%
Valorant Masters Toronto 2025,https://www.vlr.gg/498626/wolves-esports-vs-gen-g-valorant-masters-toronto-2025-ubsf,Split,Gen.G,Wolves Esports,Wolves Esports,t3xture,Neon,225,19,17,3,124,32%
Valorant Masters Toronto 2025,https://www.vlr.gg/498626/wolves-esports-vs-gen-g-valorant-masters-toronto-2025-ubsf,Split,Gen.G,Wolves Esports,Wolves Esports,Foxy9,Deadlock,199,18,19,6,117,26%
Valorant Masters Toronto 2025,https://www.vlr.gg/498626/wolves-esports-vs-gen-g-valorant-masters-toronto-2025-ubsf,Split,Gen.G,Wolves Esports,Wolves Esports,Munchkin,Viper,137,9,18,12,97,11%
Valorant Masters Toronto 2025,https://www.vlr.gg/498626/wolves-esports-vs-gen-g-valorant-masters-toronto-2025-ubsf,Split,Gen.G,Wolves Esports,Wolves Esports,Ash,Tejo,64,5,15,3,49,14%
Valorant Masters Toronto 2025,https://www.vlr.gg/498626/wolves-esports-vs-gen-g-valorant-masters-toronto-2025-ubsf,Sunset,Wolves Esports,Gen.G,Wolves Esports,SiuFatBB,Sova,193,17,11,6,137,37%
Valorant Masters Toronto 2025,https://www.vlr.gg/498626/wolves-esports-vs-gen-g-valorant-masters-toronto-2025-ubsf,Sunset,Wolves Esports,Gen.G,Wolves Esports,Spring,Omen,237,18,16,13,155,37%
Valorant Masters Toronto 2025,https://www.vlr.gg/498626/wolves-esports-vs-gen-g-valorant-masters-toronto-2025-ubsf,Sunset,Wolves Esports,Gen.G,Wolves Esports,Lysoar,Cypher,173,13,14,5,116,24%
Valorant Masters Toronto 2025,https://www.vlr.gg/498626/wolves-esports-vs-gen-g-valorant-masters-toronto-2025-ubsf,Sunset,Wolves Esports,Gen.G,Wolves Esports,Yuicaw,Raze,226,18,18,3,155,26%
Valorant Masters Toronto 2025,https://www.vlr.gg/498626/wolves-esports-vs-gen-g-valorant-masters-toronto-2025-ubsf,Sunset,Wolves Esports,Gen.G,Wolves Esports,Juicy,Yoru,139,11,16,5,108,33%
Valorant Masters Toronto 2025,https://www.vlr.gg/498626/wolves-esports-vs-gen-g-valorant-masters-toronto-2025-ubsf,Sunset,Gen.G,Wolves Esports,Wolves Esports,t3xture,Neon,298,25,16,6,200,34%
Valorant Masters Toronto 2025,https://www.vlr.gg/498626/wolves-esports-vs-gen-g-valorant-masters-toronto-2025-ubsf,Sunset,Gen.G,Wolves Esports,Wolves Esports,Ash,Sova,232,19,15,5,163,47%
Valorant Masters Toronto 2025,https://www.vlr.gg/498626/wolves-esports-vs-gen-g-valorant-masters-toronto-2025-ubsf,Sunset,Gen.G,Wolves Esports,Wolves Esports,Munchkin,Viper,165,11,13,6,114,21%
Valorant Masters Toronto 2025,https://www.vlr.gg/498626/wolves-esports-vs-gen-g-valorant-masters-toronto-2025-ubsf,Sunset,Gen.G,Wolves Esports,Wolves Esports,Karon,Omen,157,11,16,8,98,28%
Valorant Masters Toronto 2025,https://www.vlr.gg/498626/wolves-esports-vs-gen-g-valorant-masters-toronto-2025-ubsf,Sunset,Gen.G,Wolves Esports,Wolves Esports,Foxy9,Deadlock,114,9,17,4,71,38%
Valorant Masters Toronto 2025,https://www.vlr.gg/498625/sentinels-vs-paper-rex-valorant-masters-toronto-2025-ubsf,Split,Sentinels,Paper Rex,Paper Rex,bang,Omen,240,13,13,4,147,41%
Valorant Masters Toronto 2025,https://www.vlr.gg/498625/sentinels-vs-paper-rex-valorant-masters-toronto-2025-ubsf,Split,Sentinels,Paper Rex,Paper Rex,N4RRATE,Breach,230,13,15,7,146,29%
Valorant Masters Toronto 2025,https://www.vlr.gg/498625/sentinels-vs-paper-rex-valorant-masters-toronto-2025-ubsf,Split,Sentinels,Paper Rex,Paper Rex,zekken,Yoru,209,11,15,5,126,17%
Valorant Masters Toronto 2025,https://www.vlr.gg/498625/sentinels-vs-paper-rex-valorant-masters-toronto-2025-ubsf,Split,Sentinels,Paper Rex,Paper Rex,Zellsis,Viper,110,5,14,6,85,22%
Valorant Masters Toronto 2025,https://www.vlr.gg/498625/sentinels-vs-paper-rex-valorant-masters-toronto-2025-ubsf,Split,Sentinels,Paper Rex,Paper Rex,johnqt,Skye,93,4,15,5,68,21%
Valorant Masters Toronto 2025,https://www.vlr.gg/498625/sentinels-vs-paper-rex-valorant-masters-toronto-2025-ubsf,Split,Paper Rex,Sentinels,Paper Rex,PatMen,Fade,234,14,7,5,159,33%
Valorant Masters Toronto 2025,https://www.vlr.gg/498625/sentinels-vs-paper-rex-valorant-masters-toronto-2025-ubsf,Split,Paper Rex,Sentinels,Paper Rex,Jinggg,Raze,257,16,9,1,172,36%
Valorant Masters Toronto 2025,https://www.vlr.gg/498625/sentinels-vs-paper-rex-valorant-masters-toronto-2025-ubsf,Split,Paper Rex,Sentinels,Paper Rex,f0rsakeN,Omen,180,11,8,14,132,48%
Valorant Masters Toronto 2025,https://www.vlr.gg/498625/sentinels-vs-paper-rex-valorant-masters-toronto-2025-ubsf,Split,Paper Rex,Sentinels,Paper Rex,something,Yoru,297,17,12,2,167,24%
Valorant Masters Toronto 2025,https://www.vlr.gg/498625/sentinels-vs-paper-rex-valorant-masters-toronto-2025-ubsf,Split,Paper Rex,Sentinels,Paper Rex,d4v41,Viper,246,14,10,3,164,16%
Valorant Masters Toronto 2025,https://www.vlr.gg/498625/sentinels-vs-paper-rex-valorant-masters-toronto-2025-ubsf,Sunset,Sentinels,Paper Rex,Paper Rex,zekken,Neon,247,21,16,4,138,15%
Valorant Masters Toronto 2025,https://www.vlr.gg/498625/sentinels-vs-paper-rex-valorant-masters-toronto-2025-ubsf,Sunset,Sentinels,Paper Rex,Paper Rex,N4RRATE,Fade,226,16,17,13,144,24%
Valorant Masters Toronto 2025,https://www.vlr.gg/498625/sentinels-vs-paper-rex-valorant-masters-toronto-2025-ubsf,Sunset,Sentinels,Paper Rex,Paper Rex,johnqt,Breach,159,14,15,8,115,30%
Valorant Masters Toronto 2025,https://www.vlr.gg/498625/sentinels-vs-paper-rex-valorant-masters-toronto-2025-ubsf,Sunset,Sentinels,Paper Rex,Paper Rex,bang,Omen,202,16,17,9,120,29%
Valorant Masters Toronto 2025,https://www.vlr.gg/498625/sentinels-vs-paper-rex-valorant-masters-toronto-2025-ubsf,Sunset,Sentinels,Paper Rex,Paper Rex,Zellsis,Cypher,142,11,18,6,89,15%
Valorant Masters Toronto 2025,https://www.vlr.gg/498625/sentinels-vs-paper-rex-valorant-masters-toronto-2025-ubsf,Sunset,Paper Rex,Sentinels,Paper Rex,something,Sova,186,16,13,8,123,28%
Valorant Masters Toronto 2025,https://www.vlr.gg/498625/sentinels-vs-paper-rex-valorant-masters-toronto-2025-ubsf,Sunset,Paper Rex,Sentinels,Paper Rex,d4v41,Sage,177,18,13,3,125,23%
Valorant Masters Toronto 2025,https://www.vlr.gg/498625/sentinels-vs-paper-rex-valorant-masters-toronto-2025-ubsf,Sunset,Paper Rex,Sentinels,Paper Rex,Jinggg,Raze,285,23,18,3,183,22%
Valorant Masters Toronto 2025,https://www.vlr.gg/498625/sentinels-vs-paper-rex-valorant-masters-toronto-2025-ubsf,Sunset,Paper Rex,Sentinels,Paper Rex,PatMen,Viper,182,15,17,5,110,26%
Valorant Masters Toronto 2025,https://www.vlr.gg/498625/sentinels-vs-paper-rex-valorant-masters-toronto-2025-ubsf,Sunset,Paper Rex,Sentinels,Paper Rex,f0rsakeN,Omen,157,11,17,11,108,16%
Valorant Masters Toronto 2025,https://www.vlr.gg/498631/gen-g-vs-g2-esports-valorant-masters-toronto-2025-lr2,Lotus,Gen.G,G2 Esports,G2 Esports,Munchkin,Viper,223,14,16,3,148,39%
Valorant Masters Toronto 2025,https://www.vlr.gg/498631/gen-g-vs-g2-esports-valorant-masters-toronto-2025-lr2,Lotus,Gen.G,G2 Esports,G2 Esports,Karon,Omen,160,11,17,6,103,28%
Valorant Masters Toronto 2025,https://www.vlr.gg/498631/gen-g-vs-g2-esports-valorant-masters-toronto-2025-lr2,Lotus,Gen.G,G2 Esports,G2 Esports,t3xture,Raze,142,12,15,1,84,22%
Valorant Masters Toronto 2025,https://www.vlr.gg/498631/gen-g-vs-g2-esports-valorant-masters-toronto-2025-lr2,Lotus,Gen.G,G2 Esports,G2 Esports,Ash,Fade,169,11,17,3,120,27%
Valorant Masters Toronto 2025,https://www.vlr.gg/498631/gen-g-vs-g2-esports-valorant-masters-toronto-2025-lr2,Lotus,Gen.G,G2 Esports,G2 Esports,Foxy9,Vyse,142,9,17,6,82,63%
Valorant Masters Toronto 2025,https://www.vlr.gg/498631/gen-g-vs-g2-esports-valorant-masters-toronto-2025-lr2,Lotus,G2 Esports,Gen.G,G2 Esports,jawgemo,Yoru,285,19,12,9,179,21%
Valorant Masters Toronto 2025,https://www.vlr.gg/498631/gen-g-vs-g2-esports-valorant-masters-toronto-2025-lr2,Lotus,G2 Esports,Gen.G,G2 Esports,valyn,Omen,239,20,11,6,152,51%
Valorant Masters Toronto 2025,https://www.vlr.gg/498631/gen-g-vs-g2-esports-valorant-masters-toronto-2025-lr2,Lotus,G2 Esports,Gen.G,G2 Esports,leaf,Viper,188,15,11,9,133,40%
Valorant Masters Toronto 2025,https://www.vlr.gg/498631/gen-g-vs-g2-esports-valorant-masters-toronto-2025-lr2,Lotus,G2 Esports,Gen.G,G2 Esports,JonahP,Fade,190,14,11,12,127,25%
Valorant Masters Toronto 2025,https://www.vlr.gg/498631/gen-g-vs-g2-esports-valorant-masters-toronto-2025-lr2,Lotus,G2 Esports,Gen.G,G2 Esports,trent,Tejo,204,14,12,6,131,37%
Valorant Masters Toronto 2025,https://www.vlr.gg/498631/gen-g-vs-g2-esports-valorant-masters-toronto-2025-lr2,Haven,Gen.G,G2 Esports,Gen.G,t3xture,Neon,248,22,14,5,154,26%
Valorant Masters Toronto 2025,https://www.vlr.gg/498631/gen-g-vs-g2-esports-valorant-masters-toronto-2025-lr2,Haven,Gen.G,G2 Esports,Gen.G,Munchkin,Viper,244,20,17,7,165,30%
Valorant Masters Toronto 2025,https://www.vlr.gg/498631/gen-g-vs-g2-esports-valorant-masters-toronto-2025-lr2,Haven,Gen.G,G2 Esports,Gen.G,Ash,Sova,170,16,13,8,115,32%
Valorant Masters Toronto 2025,https://www.vlr.gg/498631/gen-g-vs-g2-esports-valorant-masters-toronto-2025-lr2,Haven,Gen.G,G2 Esports,Gen.G,Karon,Omen,183,16,13,4,132,36%
Valorant Masters Toronto 2025,https://www.vlr.gg/498631/gen-g-vs-g2-esports-valorant-masters-toronto-2025-lr2,Haven,Gen.G,G2 Esports,Gen.G,Foxy9,Killjoy,143,12,16,5,101,25%
Valorant Masters Toronto 2025,https://www.vlr.gg/498631/gen-g-vs-g2-esports-valorant-masters-toronto-2025-lr2,Haven,G2 Esports,Gen.G,Gen.G,leaf,Vyse,188,16,15,6,128,17%
Valorant Masters Toronto 2025,https://www.vlr.gg/498631/gen-g-vs-g2-esports-valorant-masters-toronto-2025-lr2,Haven,G2 Esports,Gen.G,Gen.G,JonahP,Viper,225,20,17,6,143,22%
Valorant Masters Toronto 2025,https://www.vlr.gg/498631/gen-g-vs-g2-esports-valorant-masters-toronto-2025-lr2,Haven,G2 Esports,Gen.G,Gen.G,trent,Fade,192,16,17,5,135,40%
Valorant Masters Toronto 2025,https://www.vlr.gg/498631/gen-g-vs-g2-esports-valorant-masters-toronto-2025-lr2,Haven,G2 Esports,Gen.G,Gen.G,valyn,Omen,106,7,17,10,74,15%
Valorant Masters Toronto 2025,https://www.vlr.gg/498631/gen-g-vs-g2-esports-valorant-masters-toronto-2025-lr2,Haven,G2 Esports,Gen.G,Gen.G,jawgemo,Yoru,172,14,20,1,123,17%
Valorant Masters Toronto 2025,https://www.vlr.gg/498631/gen-g-vs-g2-esports-valorant-masters-toronto-2025-lr2,Icebox,Gen.G,G2 Esports,G2 Esports,Ash,Sova,207,18,15,4,131,25%
Valorant Masters Toronto 2025,https://www.vlr.gg/498631/gen-g-vs-g2-esports-valorant-masters-toronto-2025-lr2,Icebox,Gen.G,G2 Esports,G2 Esports,t3xture,Jett,242,21,17,3,157,33%
Valorant Masters Toronto 2025,https://www.vlr.gg/498631/gen-g-vs-g2-esports-valorant-masters-toronto-2025-lr2,Icebox,Gen.G,G2 Esports,G2 Esports,Munchkin,Viper,219,17,18,6,148,24%
Valorant Masters Toronto 2025,https://www.vlr.gg/498631/gen-g-vs-g2-esports-valorant-masters-toronto-2025-lr2,Icebox,Gen.G,G2 Esports,G2 Esports,Foxy9,Killjoy,156,13,17,3,111,28%
Valorant Masters Toronto 2025,https://www.vlr.gg/498631/gen-g-vs-g2-esports-valorant-masters-toronto-2025-lr2,Icebox,Gen.G,G2 Esports,G2 Esports,Karon,Omen,102,9,18,4,66,33%
Valorant Masters Toronto 2025,https://www.vlr.gg/498631/gen-g-vs-g2-esports-valorant-masters-toronto-2025-lr2,Icebox,G2 Esports,Gen.G,G2 Esports,leaf,Killjoy,284,24,16,6,197,21%
Valorant Masters Toronto 2025,https://www.vlr.gg/498631/gen-g-vs-g2-esports-valorant-masters-toronto-2025-lr2,Icebox,G2 Esports,Gen.G,G2 Esports,trent,Sova,207,19,16,5,132,41%
Valorant Masters Toronto 2025,https://www.vlr.gg/498631/gen-g-vs-g2-esports-valorant-masters-toronto-2025-lr2,Icebox,G2 Esports,Gen.G,G2 Esports,jawgemo,Sage,185,16,15,10,127,30%
Valorant Masters Toronto 2025,https://www.vlr.gg/498631/gen-g-vs-g2-esports-valorant-masters-toronto-2025-lr2,Icebox,G2 Esports,Gen.G,G2 Esports,valyn,Omen,211,17,15,7,127,16%
Valorant Masters Toronto 2025,https://www.vlr.gg/498631/gen-g-vs-g2-esports-valorant-masters-toronto-2025-lr2,Icebox,G2 Esports,Gen.G,G2 Esports,JonahP,Viper,125,9,16,7,95,23%
Valorant Masters Toronto 2025,https://www.vlr.gg/498632/sentinels-vs-fnatic-valorant-masters-toronto-2025-lr2,Sunset,Sentinels,FNATIC,Sentinels,Zellsis,Cypher,247,20,13,6,167,25%
Valorant Masters Toronto 2025,https://www.vlr.gg/498632/sentinels-vs-fnatic-valorant-masters-toronto-2025-lr2,Sunset,Sentinels,FNATIC,Sentinels,N4RRATE,Fade,289,21,14,6,191,27%
Valorant Masters Toronto 2025,https://www.vlr.gg/498632/sentinels-vs-fnatic-valorant-masters-toronto-2025-lr2,Sunset,Sentinels,FNATIC,Sentinels,bang,Omen,224,19,16,5,124,37%
Valorant Masters Toronto 2025,https://www.vlr.gg/498632/sentinels-vs-fnatic-valorant-masters-toronto-2025-lr2,Sunset,Sentinels,FNATIC,Sentinels,zekken,Neon,185,14,14,6,106,15%
Valorant Masters Toronto 2025,https://www.vlr.gg/498632/sentinels-vs-fnatic-valorant-masters-toronto-2025-lr2,Sunset,Sentinels,FNATIC,Sentinels,johnqt,Breach,84,6,11,6,62,26%
Valorant Masters Toronto 2025,https://www.vlr.gg/498632/sentinels-vs-fnatic-valorant-masters-toronto-2025-lr2,Sunset,FNATIC,Sentinels,Sentinels,Alfajer,Cypher,245,20,16,2,163,35%
Valorant Masters Toronto 2025,https://www.vlr.gg/498632/sentinels-vs-fnatic-valorant-masters-toronto-2025-lr2,Sunset,FNATIC,Sentinels,Sentinels,kaajak,Neon,229,17,16,2,141,36%
Valorant Masters Toronto 2025,https://www.vlr.gg/498632/sentinels-vs-fnatic-valorant-masters-toronto-2025-lr2,Sunset,FNATIC,Sentinels,Sentinels,Chronicle,Viper,207,16,17,4,148,31%
Valorant Masters Toronto 2025,https://www.vlr.gg/498632/sentinels-vs-fnatic-valorant-masters-toronto-2025-lr2,Sunset,FNATIC,Sentinels,Sentinels,Boaster,Omen,113,7,17,9,71,27%
Valorant Masters Toronto 2025,https://www.vlr.gg/498632/sentinels-vs-fnatic-valorant-masters-toronto-2025-lr2,Sunset,FNATIC,Sentinels,Sentinels,crashies,Sova,99,8,15,4,79,33%
Valorant Masters Toronto 2025,https://www.vlr.gg/498632/sentinels-vs-fnatic-valorant-masters-toronto-2025-lr2,Ascent,Sentinels,FNATIC,FNATIC,bang,Omen,216,15,14,5,143,33%
Valorant Masters Toronto 2025,https://www.vlr.gg/498632/sentinels-vs-fnatic-valorant-masters-toronto-2025-lr2,Ascent,Sentinels,FNATIC,FNATIC,zekken,Waylay,227,15,16,3,132,27%
Valorant Masters Toronto 2025,https://www.vlr.gg/498632/sentinels-vs-fnatic-valorant-masters-toronto-2025-lr2,Ascent,Sentinels,FNATIC,FNATIC,N4RRATE,Tejo,215,15,15,5,142,21%
Valorant Masters Toronto 2025,https://www.vlr.gg/498632/sentinels-vs-fnatic-valorant-masters-toronto-2025-lr2,Ascent,Sentinels,FNATIC,FNATIC,Zellsis,Vyse,120,8,15,6,87,19%
Valorant Masters Toronto 2025,https://www.vlr.gg/498632/sentinels-vs-fnatic-valorant-masters-toronto-2025-lr2,Ascent,Sentinels,FNATIC,FNATIC,johnqt,Kayo,73,5,16,8,49,19%
Valorant Masters Toronto 2025,https://www.vlr.gg/498632/sentinels-vs-fnatic-valorant-masters-toronto-2025-lr2,Ascent,FNATIC,Sentinels,FNATIC,crashies,Sova,228,18,10,3,160,28%
Valorant Masters Toronto 2025,https://www.vlr.gg/498632/sentinels-vs-fnatic-valorant-masters-toronto-2025-lr2,Ascent,FNATIC,Sentinels,FNATIC,Alfajer,Chamber,237,19,11,2,153,31%
Valorant Masters Toronto 2025,https://www.vlr.gg/498632/sentinels-vs-fnatic-valorant-masters-toronto-2025-lr2,Ascent,FNATIC,Sentinels,FNATIC,Chronicle,Vyse,219,15,12,7,150,32%
Valorant Masters Toronto 2025,https://www.vlr.gg/498632/sentinels-vs-fnatic-valorant-masters-toronto-2025-lr2,Ascent,FNATIC,Sentinels,FNATIC,Boaster,Omen,162,10,10,11,97,15%
Valorant Masters Toronto 2025,https://www.vlr.gg/498632/sentinels-vs-fnatic-valorant-masters-toronto-2025-lr2,Ascent,FNATIC,Sentinels,FNATIC,kaajak,Yoru,189,14,15,2,120,50%
Valorant Masters Toronto 2025,https://www.vlr.gg/498632/sentinels-vs-fnatic-valorant-masters-toronto-2025-lr2,Icebox,Sentinels,FNATIC,FNATIC,Zellsis,Killjoy,162,13,12,4,119,27%
Valorant Masters Toronto 2025,https://www.vlr.gg/498632/sentinels-vs-fnatic-valorant-masters-toronto-2025-lr2,Icebox,Sentinels,FNATIC,FNATIC,N4RRATE,Gekko,246,17,19,6,155,24%
Valorant Masters Toronto 2025,https://www.vlr.gg/498632/sentinels-vs-fnatic-valorant-masters-toronto-2025-lr2,Icebox,Sentinels,FNATIC,FNATIC,zekken,Omen,172,12,17,13,111,21%
Valorant Masters Toronto 2025,https://www.vlr.gg/498632/sentinels-vs-fnatic-valorant-masters-toronto-2025-lr2,Icebox,Sentinels,FNATIC,FNATIC,johnqt,Kayo,180,14,16,6,112,30%
Valorant Masters Toronto 2025,https://www.vlr.gg/498632/sentinels-vs-fnatic-valorant-masters-toronto-2025-lr2,Icebox,Sentinels,FNATIC,FNATIC,bang,Viper,128,11,17,8,73,29%
Valorant Masters Toronto 2025,https://www.vlr.gg/498632/sentinels-vs-fnatic-valorant-masters-toronto-2025-lr2,Icebox,FNATIC,Sentinels,FNATIC,Alfajer,Killjoy,337,27,14,2,213,32%
Valorant Masters Toronto 2025,https://www.vlr.gg/498632/sentinels-vs-fnatic-valorant-masters-toronto-2025-lr2,Icebox,FNATIC,Sentinels,FNATIC,kaajak,Jett,244,19,14,1,161,33%
Valorant Masters Toronto 2025,https://www.vlr.gg/498632/sentinels-vs-fnatic-valorant-masters-toronto-2025-lr2,Icebox,FNATIC,Sentinels,FNATIC,crashies,Sova,168,14,12,4,139,28%
Valorant Masters Toronto 2025,https://www.vlr.gg/498632/sentinels-vs-fnatic-valorant-masters-toronto-2025-lr2,Icebox,FNATIC,Sentinels,FNATIC,Chronicle,Sage,153,11,13,10,108,17%
Valorant Masters Toronto 2025,https://www.vlr.gg/498632/sentinels-vs-fnatic-valorant-masters-toronto-2025-lr2,Icebox,FNATIC,Sentinels,FNATIC,Boaster,Viper,133,10,14,4,88,27%
Valorant Masters Toronto 2025,https://www.vlr.gg/498627/paper-rex-vs-wolves-esports-valorant-masters-toronto-2025-ubf,Lotus,Paper Rex,Wolves Esports,Paper Rex,d4v41,Vyse,279,26,16,10,190,28%
Valorant Masters Toronto 2025,https://www.vlr.gg/498627/paper-rex-vs-wolves-esports-valorant-masters-toronto-2025-ubf,Lotus,Paper Rex,Wolves Esports,Paper Rex,f0rsakeN,Omen,266,25,18,11,180,32%
Valorant Masters Toronto 2025,https://www.vlr.gg/498627/paper-rex-vs-wolves-esports-valorant-masters-toronto-2025-ubf,Lotus,Paper Rex,Wolves Esports,Paper Rex,Jinggg,Raze,222,20,19,6,145,30%
Valorant Masters Toronto 2025,https://www.vlr.gg/498627/paper-rex-vs-wolves-esports-valorant-masters-toronto-2025-ubf,Lotus,Paper Rex,Wolves Esports,Paper Rex,something,Yoru,154,16,18,9,88,30%
Valorant Masters Toronto 2025,https://www.vlr.gg/498627/paper-rex-vs-wolves-esports-valorant-masters-toronto-2025-ubf,Lotus,Paper Rex,Wolves Esports,Paper Rex,PatMen,Fade,144,11,18,12,90,14%
Valorant Masters Toronto 2025,https://www.vlr.gg/498627/paper-rex-vs-wolves-esports-valorant-masters-toronto-2025-ubf,Lotus,Wolves Esports,Paper Rex,Paper Rex,Yuicaw,Killjoy,243,24,17,2,160,26%
Valorant Masters Toronto 2025,https://www.vlr.gg/498627/paper-rex-vs-wolves-esports-valorant-masters-toronto-2025-ubf,Lotus,Wolves Esports,Paper Rex,Paper Rex,Spring,Viper,217,18,19,9,161,30%
Valorant Masters Toronto 2025,https://www.vlr.gg/498627/paper-rex-vs-wolves-esports-valorant-masters-toronto-2025-ubf,Lotus,Wolves Esports,Paper Rex,Paper Rex,SiuFatBB,Fade,149,15,17,5,100,24%
Valorant Masters Toronto 2025,https://www.vlr.gg/498627/paper-rex-vs-wolves-esports-valorant-masters-toronto-2025-ubf,Lotus,Wolves Esports,Paper Rex,Paper Rex,Juicy,Raze,207,19,23,4,125,11%
Valorant Masters Toronto 2025,https://www.vlr.gg/498627/paper-rex-vs-wolves-esports-valorant-masters-toronto-2025-ubf,Lotus,Wolves Esports,Paper Rex,Paper Rex,Lysoar,Omen,164,13,22,11,99,31%
Valorant Masters Toronto 2025,https://www.vlr.gg/498627/paper-rex-vs-wolves-esports-valorant-masters-toronto-2025-ubf,Ascent,Paper Rex,Wolves Esports,Paper Rex,something,Jett,246,19,13,5,148,12%
Valorant Masters Toronto 2025,https://www.vlr.gg/498627/paper-rex-vs-wolves-esports-valorant-masters-toronto-2025-ubf,Ascent,Paper Rex,Wolves Esports,Paper Rex,f0rsakeN,Fade,211,15,15,8,130,15%
Valorant Masters Toronto 2025,https://www.vlr.gg/498627/paper-rex-vs-wolves-esports-valorant-masters-toronto-2025-ubf,Ascent,Paper Rex,Wolves Esports,Paper Rex,PatMen,Kayo,212,14,15,11,137,24%
Valorant Masters Toronto 2025,https://www.vlr.gg/498627/paper-rex-vs-wolves-esports-valorant-masters-toronto-2025-ubf,Ascent,Paper Rex,Wolves Esports,Paper Rex,d4v41,Viper,180,14,15,4,135,26%
Valorant Masters Toronto 2025,https://www.vlr.gg/498627/paper-rex-vs-wolves-esports-valorant-masters-toronto-2025-ubf,Ascent,Paper Rex,Wolves Esports,Paper Rex,Jinggg,Omen,188,15,14,6,121,30%
Valorant Masters Toronto 2025,https://www.vlr.gg/498627/paper-rex-vs-wolves-esports-valorant-masters-toronto-2025-ubf,Ascent,Wolves Esports,Paper Rex,Paper Rex,Spring,Omen,254,17,15,9,176,28%
Valorant Masters Toronto 2025,https://www.vlr.gg/498627/paper-rex-vs-wolves-esports-valorant-masters-toronto-2025-ubf,Ascent,Wolves Esports,Paper Rex,Paper Rex,Juicy,Yoru,253,18,16,8,155,28%
Valorant Masters Toronto 2025,https://www.vlr.gg/498627/paper-rex-vs-wolves-esports-valorant-masters-toronto-2025-ubf,Ascent,Wolves Esports,Paper Rex,Paper Rex,Yuicaw,Cypher,165,11,15,6,107,31%
Valorant Masters Toronto 2025,https://www.vlr.gg/498627/paper-rex-vs-wolves-esports-valorant-masters-toronto-2025-ubf,Ascent,Wolves Esports,Paper Rex,Paper Rex,SiuFatBB,Sova,142,13,14,3,91,39%
Valorant Masters Toronto 2025,https://www.vlr.gg/498627/paper-rex-vs-wolves-esports-valorant-masters-toronto-2025-ubf,Ascent,Wolves Esports,Paper Rex,Paper Rex,Lysoar,Deadlock,171,13,17,4,106,43%
Valorant Masters Toronto 2025,https://www.vlr.gg/498633/g2-esports-vs-fnatic-valorant-masters-toronto-2025-lr3,Lotus,G2 Esports,FNATIC,FNATIC,valyn,Omen,196,18,16,9,125,20%
Valorant Masters Toronto 2025,https://www.vlr.gg/498633/g2-esports-vs-fnatic-valorant-masters-toronto-2025-lr3,Lotus,G2 Esports,FNATIC,FNATIC,leaf,Viper,208,17,17,4,138,18%
Valorant Masters Toronto 2025,https://www.vlr.gg/498633/g2-esports-vs-fnatic-valorant-masters-toronto-2025-lr3,Lotus,G2 Esports,FNATIC,FNATIC,trent,Tejo,202,16,15,6,133,38%
Valorant Masters Toronto 2025,https://www.vlr.gg/498633/g2-esports-vs-fnatic-valorant-masters-toronto-2025-lr3,Lotus,G2 Esports,FNATIC,FNATIC,JonahP,Fade,173,12,18,9,102,21%
Valorant Masters Toronto 2025,https://www.vlr.gg/498633/g2-esports-vs-fnatic-valorant-masters-toronto-2025-lr3,Lotus,G2 Esports,FNATIC,FNATIC,jawgemo,Yoru,150,11,21,2,108,23%
Valorant Masters Toronto 2025,https://www.vlr.gg/498633/g2-esports-vs-fnatic-valorant-masters-toronto-2025-lr3,Lotus,FNATIC,G2 Esports,FNATIC,Chronicle,Viper,354,27,13,10,232,25%
Valorant Masters Toronto 2025,https://www.vlr.gg/498633/g2-esports-vs-fnatic-valorant-masters-toronto-2025-lr3,Lotus,FNATIC,G2 Esports,FNATIC,Alfajer,Killjoy,284,25,14,2,192,46%
Valorant Masters Toronto 2025,https://www.vlr.gg/498633/g2-esports-vs-fnatic-valorant-masters-toronto-2025-lr3,Lotus,FNATIC,G2 Esports,FNATIC,kaajak,Raze,188,17,15,2,118,28%
Valorant Masters Toronto 2025,https://www.vlr.gg/498633/g2-esports-vs-fnatic-valorant-masters-toronto-2025-lr3,Lotus,FNATIC,G2 Esports,FNATIC,crashies,Fade,134,11,16,6,89,18%
Valorant Masters Toronto 2025,https://www.vlr.gg/498633/g2-esports-vs-fnatic-valorant-masters-toronto-2025-lr3,Lotus,FNATIC,G2 Esports,FNATIC,Boaster,Omen,105,7,16,10,76,24%
Valorant Masters Toronto 2025,https://www.vlr.gg/498633/g2-esports-vs-fnatic-valorant-masters-toronto-2025-lr3,Split,G2 Esports,FNATIC,FNATIC,trent,Fade,223,19,16,6,130,28%
Valorant Masters Toronto 2025,https://www.vlr.gg/498633/g2-esports-vs-fnatic-valorant-masters-toronto-2025-lr3,Split,G2 Esports,FNATIC,FNATIC,JonahP,Breach,197,14,17,14,120,24%
Valorant Masters Toronto 2025,https://www.vlr.gg/498633/g2-esports-vs-fnatic-valorant-masters-toronto-2025-lr3,Split,G2 Esports,FNATIC,FNATIC,jawgemo,Yoru,174,13,18,2,112,16%
Valorant Masters Toronto 2025,https://www.vlr.gg/498633/g2-esports-vs-fnatic-valorant-masters-toronto-2025-lr3,Split,G2 Esports,FNATIC,FNATIC,leaf,Viper,215,18,22,3,124,25%
Valorant Masters Toronto 2025,https://www.vlr.gg/498633/g2-esports-vs-fnatic-valorant-masters-toronto-2025-lr3,Split,G2 Esports,FNATIC,FNATIC,valyn,Omen,133,9,21,13,89,20%
Valorant Masters Toronto 2025,https://www.vlr.gg/498633/g2-esports-vs-fnatic-valorant-masters-toronto-2025-lr3,Split,FNATIC,G2 Esports,FNATIC,Boaster,Astra,241,21,14,10,170,33%
Valorant Masters Toronto 2025,https://www.vlr.gg/498633/g2-esports-vs-fnatic-valorant-masters-toronto-2025-lr3,Split,FNATIC,G2 Esports,FNATIC,Alfajer,Raze,272,21,13,7,184,29%
Valorant Masters Toronto 2025,https://www.vlr.gg/498633/g2-esports-vs-fnatic-valorant-masters-toronto-2025-lr3,Split,FNATIC,G2 Esports,FNATIC,Chronicle,Viper,236,20,16,7,156,21%
Valorant Masters Toronto 2025,https://www.vlr.gg/498633/g2-esports-vs-fnatic-valorant-masters-toronto-2025-lr3,Split,FNATIC,G2 Esports,FNATIC,kaajak,Yoru,220,20,16,5,148,43%
Valorant Masters Toronto 2025,https://www.vlr.gg/498633/g2-esports-vs-fnatic-valorant-masters-toronto-2025-lr3,Split,FNATIC,G2 Esports,FNATIC,crashies,Fade,149,12,14,8,110,39%
Valorant Masters Toronto 2025,https://www.vlr.gg/498634/wolves-esports-vs-fnatic-valorant-masters-toronto-2025-lbf,Split,Wolves Esports,FNATIC,FNATIC,Juicy,Raze,215,16,16,2,140,24%
Valorant Masters Toronto 2025,https://www.vlr.gg/498634/wolves-esports-vs-fnatic-valorant-masters-toronto-2025-lbf,Split,Wolves Esports,FNATIC,FNATIC,Lysoar,Omen,188,15,17,7,126,37%
Valorant Masters Toronto 2025,https://www.vlr.gg/498634/wolves-esports-vs-fnatic-valorant-masters-toronto-2025-lbf,Split,Wolves Esports,FNATIC,FNATIC,Spring,Viper,231,17,16,3,149,25%
Valorant Masters Toronto 2025,https://www.vlr.gg/498634/wolves-esports-vs-fnatic-valorant-masters-toronto-2025-lbf,Split,Wolves Esports,FNATIC,FNATIC,SiuFatBB,Fade,166,12,15,8,112,23%
Valorant Masters Toronto 2025,https://www.vlr.gg/498634/wolves-esports-vs-fnatic-valorant-masters-toronto-2025-lbf,Split,Wolves Esports,FNATIC,FNATIC,Yuicaw,Cypher,111,8,18,0,81,28%
Valorant Masters Toronto 2025,https://www.vlr.gg/498634/wolves-esports-vs-fnatic-valorant-masters-toronto-2025-lbf,Split,FNATIC,Wolves Esports,FNATIC,Chronicle,Viper,240,19,12,5,155,25%
Valorant Masters Toronto 2025,https://www.vlr.gg/498634/wolves-esports-vs-fnatic-valorant-masters-toronto-2025-lbf,Split,FNATIC,Wolves Esports,FNATIC,crashies,Fade,172,14,13,11,125,32%
Valorant Masters Toronto 2025,https://www.vlr.gg/498634/wolves-esports-vs-fnatic-valorant-masters-toronto-2025-lbf,Split,FNATIC,Wolves Esports,FNATIC,kaajak,Yoru,220,18,13,3,129,21%
Valorant Masters Toronto 2025,https://www.vlr.gg/498634/wolves-esports-vs-fnatic-valorant-masters-toronto-2025-lbf,Split,FNATIC,Wolves Esports,FNATIC,Alfajer,Raze,267,21,17,3,165,25%
Valorant Masters Toronto 2025,https://www.vlr.gg/498634/wolves-esports-vs-fnatic-valorant-masters-toronto-2025-lbf,Split,FNATIC,Wolves Esports,FNATIC,Boaster,Astra,139,10,13,6,92,33%
Valorant Masters Toronto 2025,https://www.vlr.gg/498634/wolves-esports-vs-fnatic-valorant-masters-toronto-2025-lbf,Icebox,Wolves Esports,FNATIC,FNATIC,Spring,Viper,286,16,15,3,173,28%
Valorant Masters Toronto 2025,https://www.vlr.gg/498634/wolves-esports-vs-fnatic-valorant-masters-toronto-2025-lbf,Icebox,Wolves Esports,FNATIC,FNATIC,Lysoar,Killjoy,218,13,14,1,136,23%
Valorant Masters Toronto 2025,https://www.vlr.gg/498634/wolves-esports-vs-fnatic-valorant-masters-toronto-2025-lbf,Icebox,Wolves Esports,FNATIC,FNATIC,SiuFatBB,Sova,117,6,13,3,90,27%
Valorant Masters Toronto 2025,https://www.vlr.gg/498634/wolves-esports-vs-fnatic-valorant-masters-toronto-2025-lbf,Icebox,Wolves Esports,FNATIC,FNATIC,Juicy,Jett,171,10,16,1,102,35%
Valorant Masters Toronto 2025,https://www.vlr.gg/498634/wolves-esports-vs-fnatic-valorant-masters-toronto-2025-lbf,Icebox,Wolves Esports,FNATIC,FNATIC,Yuicaw,Gekko,88,5,16,4,51,50%
Valorant Masters Toronto 2025,https://www.vlr.gg/498634/wolves-esports-vs-fnatic-valorant-masters-toronto-2025-lbf,Icebox,FNATIC,Wolves Esports,FNATIC,kaajak,Jett,285,16,8,5,197,57%
Valorant Masters Toronto 2025,https://www.vlr.gg/498634/wolves-esports-vs-fnatic-valorant-masters-toronto-2025-lbf,Icebox,FNATIC,Wolves Esports,FNATIC,Boaster,Viper,254,16,9,5,154,20%
Valorant Masters Toronto 2025,https://www.vlr.gg/498634/wolves-esports-vs-fnatic-valorant-masters-toronto-2025-lbf,Icebox,FNATIC,Wolves Esports,FNATIC,Alfajer,Killjoy,276,18,12,2,180,33%
Valorant Masters Toronto 2025,https://www.vlr.gg/498634/wolves-esports-vs-fnatic-valorant-masters-toronto-2025-lbf,Icebox,FNATIC,Wolves Esports,FNATIC,Chronicle,Sage,178,11,9,11,111,31%
Valorant Masters Toronto 2025,https://www.vlr.gg/498634/wolves-esports-vs-fnatic-valorant-masters-toronto-2025-lbf,Icebox,FNATIC,Wolves Esports,FNATIC,crashies,Sova,181,13,12,2,133,58%
Valorant Masters Toronto 2025,https://www.vlr.gg/498634/wolves-esports-vs-fnatic-valorant-masters-toronto-2025-lbf,Lotus,Wolves Esports,FNATIC,Wolves Esports,Spring,Viper,300,26,11,6,188,23%
Valorant Masters Toronto 2025,https://www.vlr.gg/498634/wolves-esports-vs-fnatic-valorant-masters-toronto-2025-lbf,Lotus,Wolves Esports,FNATIC,Wolves Esports,Juicy,Raze,273,21,15,5,183,30%
Valorant Masters Toronto 2025,https://www.vlr.gg/498634/wolves-esports-vs-fnatic-valorant-masters-toronto-2025-lbf,Lotus,Wolves Esports,FNATIC,Wolves Esports,Lysoar,Omen,198,17,14,6,114,20%
Valorant Masters Toronto 2025,https://www.vlr.gg/498634/wolves-esports-vs-fnatic-valorant-masters-toronto-2025-lbf,Lotus,Wolves Esports,FNATIC,Wolves Esports,SiuFatBB,Fade,94,9,12,6,60,27%
Valorant Masters Toronto 2025,https://www.vlr.gg/498634/wolves-esports-vs-fnatic-valorant-masters-toronto-2025-lbf,Lotus,Wolves Esports,FNATIC,Wolves Esports,Yuicaw,Killjoy,124,11,13,4,92,25%
Valorant Masters Toronto 2025,https://www.vlr.gg/498634/wolves-esports-vs-fnatic-valorant-masters-toronto-2025-lbf,Lotus,FNATIC,Wolves Esports,Wolves Esports,crashies,Fade,222,17,18,7,145,36%
Valorant Masters Toronto 2025,https://www.vlr.gg/498634/wolves-esports-vs-fnatic-valorant-masters-toronto-2025-lbf,Lotus,FNATIC,Wolves Esports,Wolves Esports,Alfajer,Killjoy,223,19,17,5,156,32%
Valorant Masters Toronto 2025,https://www.vlr.gg/498634/wolves-esports-vs-fnatic-valorant-masters-toronto-2025-lbf,Lotus,FNATIC,Wolves Esports,Wolves Esports,Chronicle,Viper,179,13,18,8,123,21%
Valorant Masters Toronto 2025,https://www.vlr.gg/498634/wolves-esports-vs-fnatic-valorant-masters-toronto-2025-lbf,Lotus,FNATIC,Wolves Esports,Wolves Esports,Boaster,Omen,101,7,13,5,76,20%
Valorant Masters Toronto 2025,https://www.vlr.gg/498634/wolves-esports-vs-fnatic-valorant-masters-toronto-2025-lbf,Lotus,FNATIC,Wolves Esports,Wolves Esports,kaajak,Raze,121,9,18,1,81,13%
Valorant Masters Toronto 2025,https://www.vlr.gg/498634/wolves-esports-vs-fnatic-valorant-masters-toronto-2025-lbf,Ascent,Wolves Esports,FNATIC,FNATIC,Yuicaw,Cypher,204,11,16,3,126,26%
Valorant Masters Toronto 2025,https://www.vlr.gg/498634/wolves-esports-vs-fnatic-valorant-masters-toronto-2025-lbf,Ascent,Wolves Esports,FNATIC,FNATIC,SiuFatBB,Sova,171,11,15,4,102,42%
Valorant Masters Toronto 2025,https://www.vlr.gg/498634/wolves-esports-vs-fnatic-valorant-masters-toronto-2025-lbf,Ascent,Wolves Esports,FNATIC,FNATIC,Spring,Omen,159,10,15,2,107,31%
Valorant Masters Toronto 2025,https://www.vlr.gg/498634/wolves-esports-vs-fnatic-valorant-masters-toronto-2025-lbf,Ascent,Wolves Esports,FNATIC,FNATIC,Lysoar,Deadlock,158,10,16,2,92,39%
Valorant Masters Toronto 2025,https://www.vlr.gg/498634/wolves-esports-vs-fnatic-valorant-masters-toronto-2025-lbf,Ascent,Wolves Esports,FNATIC,FNATIC,Juicy,Yoru,91,5,16,2,61,24%
Valorant Masters Toronto 2025,https://www.vlr.gg/498634/wolves-esports-vs-fnatic-valorant-masters-toronto-2025-lbf,Ascent,FNATIC,Wolves Esports,FNATIC,Alfajer,Chamber,338,22,12,6,202,31%
Valorant Masters Toronto 2025,https://www.vlr.gg/498634/wolves-esports-vs-fnatic-valorant-masters-toronto-2025-lbf,Ascent,FNATIC,Wolves Esports,FNATIC,Boaster,Omen,232,16,7,5,152,37%
Valorant Masters Toronto 2025,https://www.vlr.gg/498634/wolves-esports-vs-fnatic-valorant-masters-toronto-2025-lbf,Ascent,FNATIC,Wolves Esports,FNATIC,crashies,Sova,203,14,8,9,138,37%
Valorant Masters Toronto 2025,https://www.vlr.gg/498634/wolves-esports-vs-fnatic-valorant-masters-toronto-2025-lbf,Ascent,FNATIC,Wolves Esports,FNATIC,Chronicle,Vyse,193,13,9,4,139,30%
Valorant Masters Toronto 2025,https://www.vlr.gg/498634/wolves-esports-vs-fnatic-valorant-masters-toronto-2025-lbf,Ascent,FNATIC,Wolves Esports,FNATIC,kaajak,Yoru,202,13,11,6,130,32%
Valorant Masters Toronto 2025,https://www.vlr.gg/498628/paper-rex-vs-fnatic-valorant-masters-toronto-2025-gf,Sunset,Paper Rex,FNATIC,Paper Rex,f0rsakeN,Omen,255,22,17,7,164,31%
Valorant Masters Toronto 2025,https://www.vlr.gg/498628/paper-rex-vs-fnatic-valorant-masters-toronto-2025-gf,Sunset,Paper Rex,FNATIC,Paper Rex,d4v41,Sage,167,16,14,9,99,33%
Valorant Masters Toronto 2025,https://www.vlr.gg/498628/paper-rex-vs-fnatic-valorant-masters-toronto-2025-gf,Sunset,Paper Rex,FNATIC,Paper Rex,Jinggg,Raze,205,15,17,9,144,22%
Valorant Masters Toronto 2025,https://www.vlr.gg/498628/paper-rex-vs-fnatic-valorant-masters-toronto-2025-gf,Sunset,Paper Rex,FNATIC,Paper Rex,PatMen,Viper,190,16,17,6,125,48%
Valorant Masters Toronto 2025,https://www.vlr.gg/498628/paper-rex-vs-fnatic-valorant-masters-toronto-2025-gf,Sunset,Paper Rex,FNATIC,Paper Rex,something,Sova,171,14,16,3,112,18%
Valorant Masters Toronto 2025,https://www.vlr.gg/498628/paper-rex-vs-fnatic-valorant-masters-toronto-2025-gf,Sunset,FNATIC,Paper Rex,Paper Rex,Alfajer,Cypher,264,23,18,4,169,35%
Valorant Masters Toronto 2025,https://www.vlr.gg/498628/paper-rex-vs-fnatic-valorant-masters-toronto-2025-gf,Sunset,FNATIC,Paper Rex,Paper Rex,kaajak,Neon,265,24,20,0,170,41%
Valorant Masters Toronto 2025,https://www.vlr.gg/498628/paper-rex-vs-fnatic-valorant-masters-toronto-2025-gf,Sunset,FNATIC,Paper Rex,Paper Rex,crashies,Sova,178,13,16,4,121,37%
Valorant Masters Toronto 2025,https://www.vlr.gg/498628/paper-rex-vs-fnatic-valorant-masters-toronto-2025-gf,Sunset,FNATIC,Paper Rex,Paper Rex,Chronicle,Viper,140,11,13,2,99,25%
Valorant Masters Toronto 2025,https://www.vlr.gg/498628/paper-rex-vs-fnatic-valorant-masters-toronto-2025-gf,Sunset,FNATIC,Paper Rex,Paper Rex,Boaster,Omen,120,10,16,10,77,29%
Valorant Masters Toronto 2025,https://www.vlr.gg/498628/paper-rex-vs-fnatic-valorant-masters-toronto-2025-gf,Icebox,Paper Rex,FNATIC,FNATIC,d4v41,Killjoy,222,29,21,3,153,27%
Valorant Masters Toronto 2025,https://www.vlr.gg/498628/paper-rex-vs-fnatic-valorant-masters-toronto-2025-gf,Icebox,Paper Rex,FNATIC,FNATIC,Jinggg,Omen,223,23,22,10,166,31%
Valorant Masters Toronto 2025,https://www.vlr.gg/498628/paper-rex-vs-fnatic-valorant-masters-toronto-2025-gf,Icebox,Paper Rex,FNATIC,FNATIC,PatMen,Viper,192,22,25,1,128,33%
Valorant Masters Toronto 2025,https://www.vlr.gg/498628/paper-rex-vs-fnatic-valorant-masters-toronto-2025-gf,Icebox,Paper Rex,FNATIC,FNATIC,something,Jett,168,18,23,5,106,28%
Valorant Masters Toronto 2025,https://www.vlr.gg/498628/paper-rex-vs-fnatic-valorant-masters-toronto-2025-gf,Icebox,Paper Rex,FNATIC,FNATIC,f0rsakeN,Sova,170,16,27,7,117,17%
Valorant Masters Toronto 2025,https://www.vlr.gg/498628/paper-rex-vs-fnatic-valorant-masters-toronto-2025-gf,Icebox,FNATIC,Paper Rex,FNATIC,kaajak,Jett,278,32,23,4,166,27%
Valorant Masters Toronto 2025,https://www.vlr.gg/498628/paper-rex-vs-fnatic-valorant-masters-toronto-2025-gf,Icebox,FNATIC,Paper Rex,FNATIC,crashies,Sova,201,26,19,7,140,35%
Valorant Masters Toronto 2025,https://www.vlr.gg/498628/paper-rex-vs-fnatic-valorant-masters-toronto-2025-gf,Icebox,FNATIC,Paper Rex,FNATIC,Chronicle,Sage,207,24,19,15,135,27%
Valorant Masters Toronto 2025,https://www.vlr.gg/498628/paper-rex-vs-fnatic-valorant-masters-toronto-2025-gf,Icebox,FNATIC,Paper Rex,FNATIC,Alfajer,Killjoy,217,25,25,2,145,34%
Valorant Masters Toronto 2025,https://www.vlr.gg/498628/paper-rex-vs-fnatic-valorant-masters-toronto-2025-gf,Icebox,FNATIC,Paper Rex,FNATIC,Boaster,Viper,124,11,22,16,99,18%
Valorant Masters Toronto 2025,https://www.vlr.gg/498628/paper-rex-vs-fnatic-valorant-masters-toronto-2025-gf,Pearl,Paper Rex,FNATIC,Paper Rex,d4v41,Vyse,230,20,11,4,153,23%
Valorant Masters Toronto 2025,https://www.vlr.gg/498628/paper-rex-vs-fnatic-valorant-masters-toronto-2025-gf,Pearl,Paper Rex,FNATIC,Paper Rex,f0rsakeN,Astra,228,20,14,14,160,41%
Valorant Masters Toronto 2025,https://www.vlr.gg/498628/paper-rex-vs-fnatic-valorant-masters-toronto-2025-gf,Pearl,Paper Rex,FNATIC,Paper Rex,Jinggg,Raze,217,15,14,6,136,15%
Valorant Masters Toronto 2025,https://www.vlr.gg/498628/paper-rex-vs-fnatic-valorant-masters-toronto-2025-gf,Pearl,Paper Rex,FNATIC,Paper Rex,PatMen,Fade,156,13,13,8,94,16%
Valorant Masters Toronto 2025,https://www.vlr.gg/498628/paper-rex-vs-fnatic-valorant-masters-toronto-2025-gf,Pearl,Paper Rex,FNATIC,Paper Rex,something,Yoru,162,14,17,6,114,28%
Valorant Masters Toronto 2025,https://www.vlr.gg/498628/paper-rex-vs-fnatic-valorant-masters-toronto-2025-gf,Pearl,FNATIC,Paper Rex,Paper Rex,Alfajer,Neon,269,22,19,5,173,20%
Valorant Masters Toronto 2025,https://www.vlr.gg/498628/paper-rex-vs-fnatic-valorant-masters-toronto-2025-gf,Pearl,FNATIC,Paper Rex,Paper Rex,Boaster,Astra,195,14,16,11,128,22%
Valorant Masters Toronto 2025,https://www.vlr.gg/498628/paper-rex-vs-fnatic-valorant-masters-toronto-2025-gf,Pearl,FNATIC,Paper Rex,Paper Rex,Chronicle,Killjoy,167,14,15,4,110,17%
Valorant Masters Toronto 2025,https://www.vlr.gg/498628/paper-rex-vs-fnatic-valorant-masters-toronto-2025-gf,Pearl,FNATIC,Paper Rex,Paper Rex,crashies,Sova,152,11,14,6,112,33%
Valorant Masters Toronto 2025,https://www.vlr.gg/498628/paper-rex-vs-fnatic-valorant-masters-toronto-2025-gf,Pearl,FNATIC,Paper Rex,Paper Rex,kaajak,Yoru,100,8,18,4,84,32%
Valorant Masters Toronto 2025,https://www.vlr.gg/498628/paper-rex-vs-fnatic-valorant-masters-toronto-2025-gf,Lotus,Paper Rex,FNATIC,Paper Rex,f0rsakeN,Omen,239,23,17,4,164,26%
Valorant Masters Toronto 2025,https://www.vlr.gg/498628/paper-rex-vs-fnatic-valorant-masters-toronto-2025-gf,Lotus,Paper Rex,FNATIC,Paper Rex,something,Yoru,238,22,21,4,155,26%
Valorant Masters Toronto 2025,https://www.vlr.gg/498628/paper-rex-vs-fnatic-valorant-masters-toronto-2025-gf,Lotus,Paper Rex,FNATIC,Paper Rex,PatMen,Fade,160,16,17,9,115,41%
Valorant Masters Toronto 2025,https://www.vlr.gg/498628/paper-rex-vs-fnatic-valorant-masters-toronto-2025-gf,Lotus,Paper Rex,FNATIC,Paper Rex,Jinggg,Raze,182,16,16,3,125,28%
Valorant Masters Toronto 2025,https://www.vlr.gg/498628/paper-rex-vs-fnatic-valorant-masters-toronto-2025-gf,Lotus,Paper Rex,FNATIC,Paper Rex,d4v41,Vyse,158,12,18,12,109,20%
Valorant Masters Toronto 2025,https://www.vlr.gg/498628/paper-rex-vs-fnatic-valorant-masters-toronto-2025-gf,Lotus,FNATIC,Paper Rex,Paper Rex,Alfajer,Killjoy,330,29,17,2,214,46%
Valorant Masters Toronto 2025,https://www.vlr.gg/498628/paper-rex-vs-fnatic-valorant-masters-toronto-2025-gf,Lotus,FNATIC,Paper Rex,Paper Rex,Chronicle,Viper,276,26,17,4,191,26%
Valorant Masters Toronto 2025,https://www.vlr.gg/498628/paper-rex-vs-fnatic-valorant-masters-toronto-2025-gf,Lotus,FNATIC,Paper Rex,Paper Rex,kaajak,Raze,178,17,19,2,104,23%
Valorant Masters Toronto 2025,https://www.vlr.gg/498628/paper-rex-vs-fnatic-valorant-masters-toronto-2025-gf,Lotus,FNATIC,Paper Rex,Paper Rex,crashies,Fade,127,11,19,10,92,33%
Valorant Masters Toronto 2025,https://www.vlr.gg/498628/paper-rex-vs-fnatic-valorant-masters-toronto-2025-gf,Lotus,FNATIC,Paper Rex,Paper Rex,Boaster,Omen,77,6,17,9,45,19%
VCT 2025 EMEA Stage 1,https://www.vlr.gg/482503/bbl-esports-vs-natus-vincere-champions-tour-2025-emea-stage-1-playoffs-ubr1,Lotus,BBL Esports,Natus Vincere,BBL Esports,sociablEE,Tejo,240,20,12,5,152,21%
VCT 2025 EMEA Stage 1,https://www.vlr.gg/482503/bbl-esports-vs-natus-vincere-champions-tour-2025-emea-stage-1-playoffs-ubr1,Lotus,BBL Esports,Natus Vincere,BBL Esports,MAGNUM,Cypher,227,17,14,6,137,24%
VCT 2025 EMEA Stage 1,https://www.vlr.gg/482503/bbl-esports-vs-natus-vincere-champions-tour-2025-emea-stage-1-playoffs-ubr1,Lotus,BBL Esports,Natus Vincere,BBL Esports,Jamppi,Breach,201,17,14,4,112,41%
VCT 2025 EMEA Stage 1,https://www.vlr.gg/482503/bbl-esports-vs-natus-vincere-champions-tour-2025-emea-stage-1-playoffs-ubr1,Lotus,BBL Esports,Natus Vincere,BBL Esports,LewN,Jett,253,19,16,3,156,22%
VCT 2025 EMEA Stage 1,https://www.vlr.gg/482503/bbl-esports-vs-natus-vincere-champions-tour-2025-emea-stage-1-playoffs-ubr1,Lotus,BBL Esports,Natus Vincere,BBL Esports,PROFEK,Omen,116,9,13,7,75,11%
VCT 2025 EMEA Stage 1,https://www.vlr.gg/482503/bbl-esports-vs-natus-vincere-champions-tour-2025-emea-stage-1-playoffs-ubr1,Lotus,Natus Vincere,BBL Esports,BBL Esports,Shao,Tejo,229,17,12,5,174,33%
VCT 2025 EMEA Stage 1,https://www.vlr.gg/482503/bbl-esports-vs-natus-vincere-champions-tour-2025-emea-stage-1-playoffs-ubr1,Lotus,Natus Vincere,BBL Esports,BBL Esports,koalanoob,Raze,262,19,17,2,157,19%
VCT 2025 EMEA Stage 1,https://www.vlr.gg/482503/bbl-esports-vs-natus-vincere-champions-tour-2025-emea-stage-1-playoffs-ubr1,Lotus,Natus Vincere,BBL Esports,BBL Esports,Ruxic,Omen,211,17,17,9,136,30%
VCT 2025 EMEA Stage 1,https://www.vlr.gg/482503/bbl-esports-vs-natus-vincere-champions-tour-2025-emea-stage-1-playoffs-ubr1,Lotus,Natus Vincere,BBL Esports,BBL Esports,hiro,Cypher,89,7,17,3,70,30%
VCT 2025 EMEA Stage 1,https://www.vlr.gg/482503/bbl-esports-vs-natus-vincere-champions-tour-2025-emea-stage-1-playoffs-ubr1,Lotus,Natus Vincere,BBL Esports,BBL Esports,ANGE1,Deadlock,115,9,19,3,77,35%
VCT 2025 EMEA Stage 1,https://www.vlr.gg/482503/bbl-esports-vs-natus-vincere-champions-tour-2025-emea-stage-1-playoffs-ubr1,Fracture,BBL Esports,Natus Vincere,BBL Esports,sociablEE,Tejo,224,18,14,8,163,24%
VCT 2025 EMEA Stage 1,https://www.vlr.gg/482503/bbl-esports-vs-natus-vincere-champions-tour-2025-emea-stage-1-playoffs-ubr1,Fracture,BBL Esports,Natus Vincere,BBL Esports,PROFEK,Brimstone,210,17,13,11,135,25%
VCT 2025 EMEA Stage 1,https://www.vlr.gg/482503/bbl-esports-vs-natus-vincere-champions-tour-2025-emea-stage-1-playoffs-ubr1,Fracture,BBL Esports,Natus Vincere,BBL Esports,MAGNUM,Cypher,248,19,14,4,158,19%
VCT 2025 EMEA Stage 1,https://www.vlr.gg/482503/bbl-esports-vs-natus-vincere-champions-tour-2025-emea-stage-1-playoffs-ubr1,Fracture,BBL Esports,Natus Vincere,BBL Esports,LewN,Jett,199,17,16,1,138,24%
VCT 2025 EMEA Stage 1,https://www.vlr.gg/482503/bbl-esports-vs-natus-vincere-champions-tour-2025-emea-stage-1-playoffs-ubr1,Fracture,BBL Esports,Natus Vincere,BBL Esports,Jamppi,Breach,143,10,16,10,112,29%
VCT 2025 EMEA Stage 1,https://www.vlr.gg/482503/bbl-esports-vs-natus-vincere-champions-tour-2025-emea-stage-1-playoffs-ubr1,Fracture,Natus Vincere,BBL Esports,BBL Esports,hiro,Cypher,293,25,15,3,186,45%
VCT 2025 EMEA Stage 1,https://www.vlr.gg/482503/bbl-esports-vs-natus-vincere-champions-tour-2025-emea-stage-1-playoffs-ubr1,Fracture,Natus Vincere,BBL Esports,BBL Esports,Ruxic,Brimstone,211,18,14,4,141,33%
VCT 2025 EMEA Stage 1,https://www.vlr.gg/482503/bbl-esports-vs-natus-vincere-champions-tour-2025-emea-stage-1-playoffs-ubr1,Fracture,Natus Vincere,BBL Esports,BBL Esports,koalanoob,Raze,213,16,16,4,133,11%
VCT 2025 EMEA Stage 1,https://www.vlr.gg/482503/bbl-esports-vs-natus-vincere-champions-tour-2025-emea-stage-1-playoffs-ubr1,Fracture,Natus Vincere,BBL Esports,BBL Esports,Shao,Breach,102,5,15,13,73,14%
VCT 2025 EMEA Stage 1,https://www.vlr.gg/482503/bbl-esports-vs-natus-vincere-champions-tour-2025-emea-stage-1-playoffs-ubr1,Fracture,Natus Vincere,BBL Esports,BBL Esports,ANGE1,Fade,130,9,21,5,84,24%
VCT 2025 EMEA Stage 1,https://www.vlr.gg/482504/fnatic-vs-fut-esports-champions-tour-2025-emea-stage-1-playoffs-ubr1,Split,FNATIC,FUT Esports,FNATIC,Alfajer,Raze,339,26,10,2,234,35%
VCT 2025 EMEA Stage 1,https://www.vlr.gg/482504/fnatic-vs-fut-esports-champions-tour-2025-emea-stage-1-playoffs-ubr1,Split,FNATIC,FUT Esports,FNATIC,crashies,Fade,204,16,11,10,135,48%
VCT 2025 EMEA Stage 1,https://www.vlr.gg/482504/fnatic-vs-fut-esports-champions-tour-2025-emea-stage-1-playoffs-ubr1,Split,FNATIC,FUT Esports,FNATIC,kaajak,Yoru,165,13,11,0,112,33%
VCT 2025 EMEA Stage 1,https://www.vlr.gg/482504/fnatic-vs-fut-esports-champions-tour-2025-emea-stage-1-playoffs-ubr1,Split,FNATIC,FUT Esports,FNATIC,Chronicle,Viper,211,14,13,8,120,16%
VCT 2025 EMEA Stage 1,https://www.vlr.gg/482504/fnatic-vs-fut-esports-champions-tour-2025-emea-stage-1-playoffs-ubr1,Split,FNATIC,FUT Esports,FNATIC,Boaster,Astra,130,8,12,11,91,18%
VCT 2025 EMEA Stage 1,https://www.vlr.gg/482504/fnatic-vs-fut-esports-champions-tour-2025-emea-stage-1-playoffs-ubr1,Split,FUT Esports,FNATIC,FNATIC,xeus,Yoru,246,19,14,1,158,50%
VCT 2025 EMEA Stage 1,https://www.vlr.gg/482504/fnatic-vs-fut-esports-champions-tour-2025-emea-stage-1-playoffs-ubr1,Split,FUT Esports,FNATIC,FNATIC,yetujey,Viper,187,13,15,5,120,19%
VCT 2025 EMEA Stage 1,https://www.vlr.gg/482504/fnatic-vs-fut-esports-champions-tour-2025-emea-stage-1-playoffs-ubr1,Split,FUT Esports,FNATIC,FNATIC,AtaKaptan,Omen,142,11,15,5,79,22%
VCT 2025 EMEA Stage 1,https://www.vlr.gg/482504/fnatic-vs-fut-esports-champions-tour-2025-emea-stage-1-playoffs-ubr1,Split,FUT Esports,FNATIC,FNATIC,qRaxs,Fade,153,11,16,5,101,30%
VCT 2025 EMEA Stage 1,https://www.vlr.gg/482504/fnatic-vs-fut-esports-champions-tour-2025-emea-stage-1-playoffs-ubr1,Split,FUT Esports,FNATIC,FNATIC,MrFaliN,Tejo,72,3,17,7,54,10%
VCT 2025 EMEA Stage 1,https://www.vlr.gg/482504/fnatic-vs-fut-esports-champions-tour-2025-emea-stage-1-playoffs-ubr1,Lotus,FNATIC,FUT Esports,FNATIC,Chronicle,Viper,280,19,10,7,174,28%
VCT 2025 EMEA Stage 1,https://www.vlr.gg/482504/fnatic-vs-fut-esports-champions-tour-2025-emea-stage-1-playoffs-ubr1,Lotus,FNATIC,FUT Esports,FNATIC,Alfajer,Killjoy,244,18,13,3,150,42%
VCT 2025 EMEA Stage 1,https://www.vlr.gg/482504/fnatic-vs-fut-esports-champions-tour-2025-emea-stage-1-playoffs-ubr1,Lotus,FNATIC,FUT Esports,FNATIC,crashies,Fade,160,11,9,8,111,41%
VCT 2025 EMEA Stage 1,https://www.vlr.gg/482504/fnatic-vs-fut-esports-champions-tour-2025-emea-stage-1-playoffs-ubr1,Lotus,FNATIC,FUT Esports,FNATIC,kaajak,Raze,249,17,15,2,155,30%
VCT 2025 EMEA Stage 1,https://www.vlr.gg/482504/fnatic-vs-fut-esports-champions-tour-2025-emea-stage-1-playoffs-ubr1,Lotus,FNATIC,FUT Esports,FNATIC,Boaster,Omen,157,9,11,10,101,20%
VCT 2025 EMEA Stage 1,https://www.vlr.gg/482504/fnatic-vs-fut-esports-champions-tour-2025-emea-stage-1-playoffs-ubr1,Lotus,FUT Esports,FNATIC,FNATIC,MrFaliN,Breach,215,13,13,7,139,43%
VCT 2025 EMEA Stage 1,https://www.vlr.gg/482504/fnatic-vs-fut-esports-champions-tour-2025-emea-stage-1-playoffs-ubr1,Lotus,FUT Esports,FNATIC,FNATIC,qRaxs,Fade,189,14,16,0,112,32%
VCT 2025 EMEA Stage 1,https://www.vlr.gg/482504/fnatic-vs-fut-esports-champions-tour-2025-emea-stage-1-playoffs-ubr1,Lotus,FUT Esports,FNATIC,FNATIC,yetujey,Cypher,118,8,12,3,73,16%
VCT 2025 EMEA Stage 1,https://www.vlr.gg/482504/fnatic-vs-fut-esports-champions-tour-2025-emea-stage-1-playoffs-ubr1,Lotus,FUT Esports,FNATIC,FNATIC,AtaKaptan,Omen,149,10,15,3,110,50%
VCT 2025 EMEA Stage 1,https://www.vlr.gg/482504/fnatic-vs-fut-esports-champions-tour-2025-emea-stage-1-playoffs-ubr1,Lotus,FUT Esports,FNATIC,FNATIC,xeus,Waylay,183,13,18,2,105,60%
VCT 2025 EMEA Stage 1,https://www.vlr.gg/482505/natus-vincere-vs-karmine-corp-champions-tour-2025-emea-stage-1-playoffs-lr1,Icebox,Natus Vincere,Karmine Corp,Karmine Corp,hiro,Killjoy,216,22,17,4,148,31%
VCT 2025 EMEA Stage 1,https://www.vlr.gg/482505/natus-vincere-vs-karmine-corp-champions-tour-2025-emea-stage-1-playoffs-lr1,Icebox,Natus Vincere,Karmine Corp,Karmine Corp,ANGE1,Tejo,184,18,17,2,122,33%
VCT 2025 EMEA Stage 1,https://www.vlr.gg/482505/natus-vincere-vs-karmine-corp-champions-tour-2025-emea-stage-1-playoffs-lr1,Icebox,Natus Vincere,Karmine Corp,Karmine Corp,koalanoob,Omen,182,18,18,9,109,31%
VCT 2025 EMEA Stage 1,https://www.vlr.gg/482505/natus-vincere-vs-karmine-corp-champions-tour-2025-emea-stage-1-playoffs-lr1,Icebox,Natus Vincere,Karmine Corp,Karmine Corp,Shao,Gekko,170,14,16,5,127,25%
VCT 2025 EMEA Stage 1,https://www.vlr.gg/482505/natus-vincere-vs-karmine-corp-champions-tour-2025-emea-stage-1-playoffs-lr1,Icebox,Natus Vincere,Karmine Corp,Karmine Corp,Ruxic,Viper,216,17,23,7,142,31%
VCT 2025 EMEA Stage 1,https://www.vlr.gg/482505/natus-vincere-vs-karmine-corp-champions-tour-2025-emea-stage-1-playoffs-lr1,Icebox,Karmine Corp,Natus Vincere,Karmine Corp,marteen,Omen,272,26,20,6,163,43%
VCT 2025 EMEA Stage 1,https://www.vlr.gg/482505/natus-vincere-vs-karmine-corp-champions-tour-2025-emea-stage-1-playoffs-lr1,Icebox,Karmine Corp,Natus Vincere,Karmine Corp,saadhak,Kayo,217,18,15,10,144,25%
VCT 2025 EMEA Stage 1,https://www.vlr.gg/482505/natus-vincere-vs-karmine-corp-champions-tour-2025-emea-stage-1-playoffs-lr1,Icebox,Karmine Corp,Natus Vincere,Karmine Corp,SUYGETSU,Viper,199,17,19,6,142,22%
VCT 2025 EMEA Stage 1,https://www.vlr.gg/482505/natus-vincere-vs-karmine-corp-champions-tour-2025-emea-stage-1-playoffs-lr1,Icebox,Karmine Corp,Natus Vincere,Karmine Corp,Elite,Killjoy,172,15,18,3,120,29%
VCT 2025 EMEA Stage 1,https://www.vlr.gg/482505/natus-vincere-vs-karmine-corp-champions-tour-2025-emea-stage-1-playoffs-lr1,Icebox,Karmine Corp,Natus Vincere,Karmine Corp,Avez,Tejo,138,15,17,1,101,63%
VCT 2025 EMEA Stage 1,https://www.vlr.gg/482505/natus-vincere-vs-karmine-corp-champions-tour-2025-emea-stage-1-playoffs-lr1,Split,Natus Vincere,Karmine Corp,Natus Vincere,Ruxic,Omen,295,26,16,5,186,38%
VCT 2025 EMEA Stage 1,https://www.vlr.gg/482505/natus-vincere-vs-karmine-corp-champions-tour-2025-emea-stage-1-playoffs-lr1,Split,Natus Vincere,Karmine Corp,Natus Vincere,Shao,Astra,272,26,17,3,187,46%
VCT 2025 EMEA Stage 1,https://www.vlr.gg/482505/natus-vincere-vs-karmine-corp-champions-tour-2025-emea-stage-1-playoffs-lr1,Split,Natus Vincere,Karmine Corp,Natus Vincere,hiro,Vyse,168,16,16,4,119,30%
VCT 2025 EMEA Stage 1,https://www.vlr.gg/482505/natus-vincere-vs-karmine-corp-champions-tour-2025-emea-stage-1-playoffs-lr1,Split,Natus Vincere,Karmine Corp,Natus Vincere,ANGE1,Fade,124,9,17,10,96,24%
VCT 2025 EMEA Stage 1,https://www.vlr.gg/482505/natus-vincere-vs-karmine-corp-champions-tour-2025-emea-stage-1-playoffs-lr1,Split,Natus Vincere,Karmine Corp,Natus Vincere,koalanoob,Raze,164,14,19,2,114,32%
VCT 2025 EMEA Stage 1,https://www.vlr.gg/482505/natus-vincere-vs-karmine-corp-champions-tour-2025-emea-stage-1-playoffs-lr1,Split,Karmine Corp,Natus Vincere,Natus Vincere,Avez,Raze,240,19,17,3,163,19%
VCT 2025 EMEA Stage 1,https://www.vlr.gg/482505/natus-vincere-vs-karmine-corp-champions-tour-2025-emea-stage-1-playoffs-lr1,Split,Karmine Corp,Natus Vincere,Natus Vincere,Elite,Viper,195,20,18,4,131,25%
VCT 2025 EMEA Stage 1,https://www.vlr.gg/482505/natus-vincere-vs-karmine-corp-champions-tour-2025-emea-stage-1-playoffs-lr1,Split,Karmine Corp,Natus Vincere,Natus Vincere,marteen,Yoru,212,17,19,9,143,40%
VCT 2025 EMEA Stage 1,https://www.vlr.gg/482505/natus-vincere-vs-karmine-corp-champions-tour-2025-emea-stage-1-playoffs-lr1,Split,Karmine Corp,Natus Vincere,Natus Vincere,SUYGETSU,Omen,187,17,18,6,124,43%
VCT 2025 EMEA Stage 1,https://www.vlr.gg/482505/natus-vincere-vs-karmine-corp-champions-tour-2025-emea-stage-1-playoffs-lr1,Split,Karmine Corp,Natus Vincere,Natus Vincere,saadhak,Fade,165,12,19,12,119,12%
VCT 2025 EMEA Stage 1,https://www.vlr.gg/482505/natus-vincere-vs-karmine-corp-champions-tour-2025-emea-stage-1-playoffs-lr1,Ascent,Natus Vincere,Karmine Corp,Natus Vincere,hiro,Cypher,262,23,14,4,171,45%
VCT 2025 EMEA Stage 1,https://www.vlr.gg/482505/natus-vincere-vs-karmine-corp-champions-tour-2025-emea-stage-1-playoffs-lr1,Ascent,Natus Vincere,Karmine Corp,Natus Vincere,Ruxic,Omen,189,17,15,11,134,27%
VCT 2025 EMEA Stage 1,https://www.vlr.gg/482505/natus-vincere-vs-karmine-corp-champions-tour-2025-emea-stage-1-playoffs-lr1,Ascent,Natus Vincere,Karmine Corp,Natus Vincere,koalanoob,Yoru,211,20,14,2,129,22%
VCT 2025 EMEA Stage 1,https://www.vlr.gg/482505/natus-vincere-vs-karmine-corp-champions-tour-2025-emea-stage-1-playoffs-lr1,Ascent,Natus Vincere,Karmine Corp,Natus Vincere,Shao,Tejo,185,13,16,7,130,22%
VCT 2025 EMEA Stage 1,https://www.vlr.gg/482505/natus-vincere-vs-karmine-corp-champions-tour-2025-emea-stage-1-playoffs-lr1,Ascent,Natus Vincere,Karmine Corp,Natus Vincere,ANGE1,Deadlock,119,9,17,7,81,19%
VCT 2025 EMEA Stage 1,https://www.vlr.gg/482505/natus-vincere-vs-karmine-corp-champions-tour-2025-emea-stage-1-playoffs-lr1,Ascent,Karmine Corp,Natus Vincere,Natus Vincere,SUYGETSU,Omen,176,15,14,19,108,43%
VCT 2025 EMEA Stage 1,https://www.vlr.gg/482505/natus-vincere-vs-karmine-corp-champions-tour-2025-emea-stage-1-playoffs-lr1,Ascent,Karmine Corp,Natus Vincere,Natus Vincere,Elite,Cypher,208,17,15,8,141,29%
VCT 2025 EMEA Stage 1,https://www.vlr.gg/482505/natus-vincere-vs-karmine-corp-champions-tour-2025-emea-stage-1-playoffs-lr1,Ascent,Karmine Corp,Natus Vincere,Natus Vincere,Avez,Kayo,191,15,16,15,135,36%
VCT 2025 EMEA Stage 1,https://www.vlr.gg/482505/natus-vincere-vs-karmine-corp-champions-tour-2025-emea-stage-1-playoffs-lr1,Ascent,Karmine Corp,Natus Vincere,Natus Vincere,marteen,Jett,206,18,17,2,140,38%
VCT 2025 EMEA Stage 1,https://www.vlr.gg/482505/natus-vincere-vs-karmine-corp-champions-tour-2025-emea-stage-1-playoffs-lr1,Ascent,Karmine Corp,Natus Vincere,Natus Vincere,saadhak,Sova,151,11,20,7,99,19%
VCT 2025 EMEA Stage 1,https://www.vlr.gg/482506/fut-esports-vs-team-vitality-champions-tour-2025-emea-stage-1-playoffs-lr1,Split,FUT Esports,Team Vitality,FUT Esports,yetujey,Viper,281,19,11,6,200,25%
VCT 2025 EMEA Stage 1,https://www.vlr.gg/482506/fut-esports-vs-team-vitality-champions-tour-2025-emea-stage-1-playoffs-lr1,Split,FUT Esports,Team Vitality,FUT Esports,xeus,Yoru,290,20,13,4,190,50%
VCT 2025 EMEA Stage 1,https://www.vlr.gg/482506/fut-esports-vs-team-vitality-champions-tour-2025-emea-stage-1-playoffs-lr1,Split,FUT Esports,Team Vitality,FUT Esports,AtaKaptan,Omen,217,17,10,7,142,24%
VCT 2025 EMEA Stage 1,https://www.vlr.gg/482506/fut-esports-vs-team-vitality-champions-tour-2025-emea-stage-1-playoffs-lr1,Split,FUT Esports,Team Vitality,FUT Esports,qRaxs,Fade,165,12,15,6,100,45%
VCT 2025 EMEA Stage 1,https://www.vlr.gg/482506/fut-esports-vs-team-vitality-champions-tour-2025-emea-stage-1-playoffs-lr1,Split,FUT Esports,Team Vitality,FUT Esports,MrFaliN,Tejo,92,6,10,3,76,20%
VCT 2025 EMEA Stage 1,https://www.vlr.gg/482506/fut-esports-vs-team-vitality-champions-tour-2025-emea-stage-1-playoffs-lr1,Split,Team Vitality,FUT Esports,FUT Esports,CyvOph,Omen,195,12,14,7,122,22%
VCT 2025 EMEA Stage 1,https://www.vlr.gg/482506/fut-esports-vs-team-vitality-champions-tour-2025-emea-stage-1-playoffs-lr1,Split,Team Vitality,FUT Esports,FUT Esports,Derke,Raze,233,15,15,5,139,22%
VCT 2025 EMEA Stage 1,https://www.vlr.gg/482506/fut-esports-vs-team-vitality-champions-tour-2025-emea-stage-1-playoffs-lr1,Split,Team Vitality,FUT Esports,FUT Esports,Sayf,Yoru,154,12,14,3,90,18%
VCT 2025 EMEA Stage 1,https://www.vlr.gg/482506/fut-esports-vs-team-vitality-champions-tour-2025-emea-stage-1-playoffs-lr1,Split,Team Vitality,FUT Esports,FUT Esports,Less,Viper,152,11,14,0,92,23%
VCT 2025 EMEA Stage 1,https://www.vlr.gg/482506/fut-esports-vs-team-vitality-champions-tour-2025-emea-stage-1-playoffs-lr1,Split,Team Vitality,FUT Esports,FUT Esports,Kicks,Fade,151,9,17,9,93,23%
VCT 2025 EMEA Stage 1,https://www.vlr.gg/482506/fut-esports-vs-team-vitality-champions-tour-2025-emea-stage-1-playoffs-lr1,Fracture,FUT Esports,Team Vitality,FUT Esports,AtaKaptan,Brimstone,243,17,9,8,164,41%
VCT 2025 EMEA Stage 1,https://www.vlr.gg/482506/fut-esports-vs-team-vitality-champions-tour-2025-emea-stage-1-playoffs-lr1,Fracture,FUT Esports,Team Vitality,FUT Esports,yetujey,Cypher,244,18,11,6,170,27%
VCT 2025 EMEA Stage 1,https://www.vlr.gg/482506/fut-esports-vs-team-vitality-champions-tour-2025-emea-stage-1-playoffs-lr1,Fracture,FUT Esports,Team Vitality,FUT Esports,qRaxs,Kayo,205,15,10,11,134,27%
VCT 2025 EMEA Stage 1,https://www.vlr.gg/482506/fut-esports-vs-team-vitality-champions-tour-2025-emea-stage-1-playoffs-lr1,Fracture,FUT Esports,Team Vitality,FUT Esports,MrFaliN,Breach,142,8,11,15,90,16%
VCT 2025 EMEA Stage 1,https://www.vlr.gg/482506/fut-esports-vs-team-vitality-champions-tour-2025-emea-stage-1-playoffs-lr1,Fracture,FUT Esports,Team Vitality,FUT Esports,xeus,Neon,187,15,13,2,113,24%
VCT 2025 EMEA Stage 1,https://www.vlr.gg/482506/fut-esports-vs-team-vitality-champions-tour-2025-emea-stage-1-playoffs-lr1,Fracture,Team Vitality,FUT Esports,FUT Esports,CyvOph,Brimstone,231,16,13,9,157,31%
VCT 2025 EMEA Stage 1,https://www.vlr.gg/482506/fut-esports-vs-team-vitality-champions-tour-2025-emea-stage-1-playoffs-lr1,Fracture,Team Vitality,FUT Esports,FUT Esports,Less,Cypher,185,15,14,0,140,42%
VCT 2025 EMEA Stage 1,https://www.vlr.gg/482506/fut-esports-vs-team-vitality-champions-tour-2025-emea-stage-1-playoffs-lr1,Fracture,Team Vitality,FUT Esports,FUT Esports,Derke,Neon,214,14,17,6,141,19%
VCT 2025 EMEA Stage 1,https://www.vlr.gg/482506/fut-esports-vs-team-vitality-champions-tour-2025-emea-stage-1-playoffs-lr1,Fracture,Team Vitality,FUT Esports,FUT Esports,Kicks,Breach,111,6,13,13,73,11%
VCT 2025 EMEA Stage 1,https://www.vlr.gg/482506/fut-esports-vs-team-vitality-champions-tour-2025-emea-stage-1-playoffs-lr1,Fracture,Team Vitality,FUT Esports,FUT Esports,Sayf,Tejo,69,3,16,6,50,20%
VCT 2025 EMEA Stage 1,https://www.vlr.gg/482507/team-heretics-vs-bbl-esports-champions-tour-2025-emea-stage-1-playoffs-ubsf,Icebox,Team Heretics,BBL Esports,Team Heretics,benjyfishy,Killjoy,279,26,16,1,195,38%
VCT 2025 EMEA Stage 1,https://www.vlr.gg/482507/team-heretics-vs-bbl-esports-champions-tour-2025-emea-stage-1-playoffs-ubsf,Icebox,Team Heretics,BBL Esports,Team Heretics,RieNs,Gekko,195,17,19,10,145,34%
VCT 2025 EMEA Stage 1,https://www.vlr.gg/482507/team-heretics-vs-bbl-esports-champions-tour-2025-emea-stage-1-playoffs-ubsf,Icebox,Team Heretics,BBL Esports,Team Heretics,Boo,Viper,190,17,20,11,119,27%
VCT 2025 EMEA Stage 1,https://www.vlr.gg/482507/team-heretics-vs-bbl-esports-champions-tour-2025-emea-stage-1-playoffs-ubsf,Icebox,Team Heretics,BBL Esports,Team Heretics,MiniBoo,Neon,183,18,23,4,114,38%
VCT 2025 EMEA Stage 1,https://www.vlr.gg/482507/team-heretics-vs-bbl-esports-champions-tour-2025-emea-stage-1-playoffs-ubsf,Icebox,Team Heretics,BBL Esports,Team Heretics,Wo0t,Tejo,166,15,20,8,118,26%
VCT 2025 EMEA Stage 1,https://www.vlr.gg/482507/team-heretics-vs-bbl-esports-champions-tour-2025-emea-stage-1-playoffs-ubsf,Icebox,BBL Esports,Team Heretics,Team Heretics,LewN,Jett,289,26,18,4,183,38%
VCT 2025 EMEA Stage 1,https://www.vlr.gg/482507/team-heretics-vs-bbl-esports-champions-tour-2025-emea-stage-1-playoffs-ubsf,Icebox,BBL Esports,Team Heretics,Team Heretics,PROFEK,Viper,235,21,21,9,150,25%
VCT 2025 EMEA Stage 1,https://www.vlr.gg/482507/team-heretics-vs-bbl-esports-champions-tour-2025-emea-stage-1-playoffs-ubsf,Icebox,BBL Esports,Team Heretics,Team Heretics,sociablEE,Tejo,186,19,16,3,132,29%
VCT 2025 EMEA Stage 1,https://www.vlr.gg/482507/team-heretics-vs-bbl-esports-champions-tour-2025-emea-stage-1-playoffs-ubsf,Icebox,BBL Esports,Team Heretics,Team Heretics,Jamppi,Kayo,187,18,17,9,119,18%
VCT 2025 EMEA Stage 1,https://www.vlr.gg/482507/team-heretics-vs-bbl-esports-champions-tour-2025-emea-stage-1-playoffs-ubsf,Icebox,BBL Esports,Team Heretics,Team Heretics,MAGNUM,Killjoy,168,14,21,5,113,27%
VCT 2025 EMEA Stage 1,https://www.vlr.gg/482507/team-heretics-vs-bbl-esports-champions-tour-2025-emea-stage-1-playoffs-ubsf,Ascent,Team Heretics,BBL Esports,Team Heretics,RieNs,Sova,231,17,15,10,163,31%
VCT 2025 EMEA Stage 1,https://www.vlr.gg/482507/team-heretics-vs-bbl-esports-champions-tour-2025-emea-stage-1-playoffs-ubsf,Ascent,Team Heretics,BBL Esports,Team Heretics,benjyfishy,Cypher,235,19,16,4,155,38%
VCT 2025 EMEA Stage 1,https://www.vlr.gg/482507/team-heretics-vs-bbl-esports-champions-tour-2025-emea-stage-1-playoffs-ubsf,Ascent,Team Heretics,BBL Esports,Team Heretics,Boo,Omen,137,11,13,14,91,24%
VCT 2025 EMEA Stage 1,https://www.vlr.gg/482507/team-heretics-vs-bbl-esports-champions-tour-2025-emea-stage-1-playoffs-ubsf,Ascent,Team Heretics,BBL Esports,Team Heretics,Wo0t,Jett,207,19,19,1,123,31%
VCT 2025 EMEA Stage 1,https://www.vlr.gg/482507/team-heretics-vs-bbl-esports-champions-tour-2025-emea-stage-1-playoffs-ubsf,Ascent,Team Heretics,BBL Esports,Team Heretics,MiniBoo,Yoru,197,17,16,6,124,42%
VCT 2025 EMEA Stage 1,https://www.vlr.gg/482507/team-heretics-vs-bbl-esports-champions-tour-2025-emea-stage-1-playoffs-ubsf,Ascent,BBL Esports,Team Heretics,Team Heretics,PROFEK,Omen,273,22,16,7,166,34%
VCT 2025 EMEA Stage 1,https://www.vlr.gg/482507/team-heretics-vs-bbl-esports-champions-tour-2025-emea-stage-1-playoffs-ubsf,Ascent,BBL Esports,Team Heretics,Team Heretics,Jamppi,Kayo,198,16,15,8,137,20%
VCT 2025 EMEA Stage 1,https://www.vlr.gg/482507/team-heretics-vs-bbl-esports-champions-tour-2025-emea-stage-1-playoffs-ubsf,Ascent,BBL Esports,Team Heretics,Team Heretics,sociablEE,Tejo,196,16,17,6,144,24%
VCT 2025 EMEA Stage 1,https://www.vlr.gg/482507/team-heretics-vs-bbl-esports-champions-tour-2025-emea-stage-1-playoffs-ubsf,Ascent,BBL Esports,Team Heretics,Team Heretics,LewN,Jett,174,16,17,4,114,28%
VCT 2025 EMEA Stage 1,https://www.vlr.gg/482507/team-heretics-vs-bbl-esports-champions-tour-2025-emea-stage-1-playoffs-ubsf,Ascent,BBL Esports,Team Heretics,Team Heretics,MAGNUM,Fade,137,9,18,12,103,19%
VCT 2025 EMEA Stage 1,https://www.vlr.gg/482508/team-liquid-vs-fnatic-champions-tour-2025-emea-stage-1-playoffs-ubsf,Split,Team Liquid,FNATIC,FNATIC,nAts,Viper,253,20,16,5,161,24%
VCT 2025 EMEA Stage 1,https://www.vlr.gg/482508/team-liquid-vs-fnatic-champions-tour-2025-emea-stage-1-playoffs-ubsf,Split,Team Liquid,FNATIC,FNATIC,kamo,Yoru,208,16,17,5,135,33%
VCT 2025 EMEA Stage 1,https://www.vlr.gg/482508/team-liquid-vs-fnatic-champions-tour-2025-emea-stage-1-playoffs-ubsf,Split,Team Liquid,FNATIC,FNATIC,keiko,Raze,178,16,16,4,126,40%
VCT 2025 EMEA Stage 1,https://www.vlr.gg/482508/team-liquid-vs-fnatic-champions-tour-2025-emea-stage-1-playoffs-ubsf,Split,Team Liquid,FNATIC,FNATIC,Serial,Astra,110,8,14,12,77,39%
VCT 2025 EMEA Stage 1,https://www.vlr.gg/482508/team-liquid-vs-fnatic-champions-tour-2025-emea-stage-1-playoffs-ubsf,Split,Team Liquid,FNATIC,FNATIC,paTiTek,Fade,117,10,16,2,76,28%
VCT 2025 EMEA Stage 1,https://www.vlr.gg/482508/team-liquid-vs-fnatic-champions-tour-2025-emea-stage-1-playoffs-ubsf,Split,FNATIC,Team Liquid,FNATIC,Chronicle,Viper,242,20,14,5,167,30%
VCT 2025 EMEA Stage 1,https://www.vlr.gg/482508/team-liquid-vs-fnatic-champions-tour-2025-emea-stage-1-playoffs-ubsf,Split,FNATIC,Team Liquid,FNATIC,crashies,Fade,170,11,12,11,121,39%
VCT 2025 EMEA Stage 1,https://www.vlr.gg/482508/team-liquid-vs-fnatic-champions-tour-2025-emea-stage-1-playoffs-ubsf,Split,FNATIC,Team Liquid,FNATIC,Alfajer,Raze,226,20,15,1,141,28%
VCT 2025 EMEA Stage 1,https://www.vlr.gg/482508/team-liquid-vs-fnatic-champions-tour-2025-emea-stage-1-playoffs-ubsf,Split,FNATIC,Team Liquid,FNATIC,kaajak,Yoru,170,16,15,4,106,41%
VCT 2025 EMEA Stage 1,https://www.vlr.gg/482508/team-liquid-vs-fnatic-champions-tour-2025-emea-stage-1-playoffs-ubsf,Split,FNATIC,Team Liquid,FNATIC,Boaster,Astra,147,12,14,6,82,35%
VCT 2025 EMEA Stage 1,https://www.vlr.gg/482508/team-liquid-vs-fnatic-champions-tour-2025-emea-stage-1-playoffs-ubsf,Icebox,Team Liquid,FNATIC,Team Liquid,nAts,Viper,264,21,14,15,164,22%
VCT 2025 EMEA Stage 1,https://www.vlr.gg/482508/team-liquid-vs-fnatic-champions-tour-2025-emea-stage-1-playoffs-ubsf,Icebox,Team Liquid,FNATIC,Team Liquid,keiko,Jett,253,22,14,2,152,36%
VCT 2025 EMEA Stage 1,https://www.vlr.gg/482508/team-liquid-vs-fnatic-champions-tour-2025-emea-stage-1-playoffs-ubsf,Icebox,Team Liquid,FNATIC,Team Liquid,kamo,Gekko,227,21,19,5,155,35%
VCT 2025 EMEA Stage 1,https://www.vlr.gg/482508/team-liquid-vs-fnatic-champions-tour-2025-emea-stage-1-playoffs-ubsf,Icebox,Team Liquid,FNATIC,Team Liquid,Serial,Killjoy,201,18,20,4,127,33%
VCT 2025 EMEA Stage 1,https://www.vlr.gg/482508/team-liquid-vs-fnatic-champions-tour-2025-emea-stage-1-playoffs-ubsf,Icebox,Team Liquid,FNATIC,Team Liquid,paTiTek,Kayo,155,13,19,5,114,31%
VCT 2025 EMEA Stage 1,https://www.vlr.gg/482508/team-liquid-vs-fnatic-champions-tour-2025-emea-stage-1-playoffs-ubsf,Icebox,FNATIC,Team Liquid,Team Liquid,kaajak,Sage,298,27,17,6,196,39%
VCT 2025 EMEA Stage 1,https://www.vlr.gg/482508/team-liquid-vs-fnatic-champions-tour-2025-emea-stage-1-playoffs-ubsf,Icebox,FNATIC,Team Liquid,Team Liquid,crashies,Tejo,199,18,16,7,138,27%
VCT 2025 EMEA Stage 1,https://www.vlr.gg/482508/team-liquid-vs-fnatic-champions-tour-2025-emea-stage-1-playoffs-ubsf,Icebox,FNATIC,Team Liquid,Team Liquid,Boaster,Viper,174,12,16,10,122,37%
VCT 2025 EMEA Stage 1,https://www.vlr.gg/482508/team-liquid-vs-fnatic-champions-tour-2025-emea-stage-1-playoffs-ubsf,Icebox,FNATIC,Team Liquid,Team Liquid,Alfajer,Killjoy,191,16,24,3,127,27%
VCT 2025 EMEA Stage 1,https://www.vlr.gg/482508/team-liquid-vs-fnatic-champions-tour-2025-emea-stage-1-playoffs-ubsf,Icebox,FNATIC,Team Liquid,Team Liquid,Chronicle,Gekko,162,13,22,5,101,19%
VCT 2025 EMEA Stage 1,https://www.vlr.gg/482508/team-liquid-vs-fnatic-champions-tour-2025-emea-stage-1-playoffs-ubsf,Fracture,Team Liquid,FNATIC,FNATIC,paTiTek,Breach,210,20,17,6,138,19%
VCT 2025 EMEA Stage 1,https://www.vlr.gg/482508/team-liquid-vs-fnatic-champions-tour-2025-emea-stage-1-playoffs-ubsf,Fracture,Team Liquid,FNATIC,FNATIC,keiko,Brimstone,172,16,17,6,118,50%
VCT 2025 EMEA Stage 1,https://www.vlr.gg/482508/team-liquid-vs-fnatic-champions-tour-2025-emea-stage-1-playoffs-ubsf,Fracture,Team Liquid,FNATIC,FNATIC,kamo,Neon,251,21,21,5,157,19%
VCT 2025 EMEA Stage 1,https://www.vlr.gg/482508/team-liquid-vs-fnatic-champions-tour-2025-emea-stage-1-playoffs-ubsf,Fracture,Team Liquid,FNATIC,FNATIC,nAts,Vyse,188,17,18,2,116,23%
VCT 2025 EMEA Stage 1,https://www.vlr.gg/482508/team-liquid-vs-fnatic-champions-tour-2025-emea-stage-1-playoffs-ubsf,Fracture,Team Liquid,FNATIC,FNATIC,Serial,Tejo,142,12,20,5,91,38%
VCT 2025 EMEA Stage 1,https://www.vlr.gg/482508/team-liquid-vs-fnatic-champions-tour-2025-emea-stage-1-playoffs-ubsf,Fracture,FNATIC,Team Liquid,FNATIC,Chronicle,Breach,267,24,17,12,170,30%
VCT 2025 EMEA Stage 1,https://www.vlr.gg/482508/team-liquid-vs-fnatic-champions-tour-2025-emea-stage-1-playoffs-ubsf,Fracture,FNATIC,Team Liquid,FNATIC,crashies,Tejo,206,19,16,7,146,25%
VCT 2025 EMEA Stage 1,https://www.vlr.gg/482508/team-liquid-vs-fnatic-champions-tour-2025-emea-stage-1-playoffs-ubsf,Fracture,FNATIC,Team Liquid,FNATIC,Alfajer,Cypher,214,22,18,6,144,41%
VCT 2025 EMEA Stage 1,https://www.vlr.gg/482508/team-liquid-vs-fnatic-champions-tour-2025-emea-stage-1-playoffs-ubsf,Fracture,FNATIC,Team Liquid,FNATIC,kaajak,Neon,208,18,17,5,138,34%
VCT 2025 EMEA Stage 1,https://www.vlr.gg/482508/team-liquid-vs-fnatic-champions-tour-2025-emea-stage-1-playoffs-ubsf,Fracture,FNATIC,Team Liquid,FNATIC,Boaster,Brimstone,122,10,18,10,85,18%
VCT 2025 EMEA Stage 1,https://www.vlr.gg/482510/bbl-esports-vs-fut-esports-champions-tour-2025-emea-stage-1-playoffs-lr2,Ascent,BBL Esports,FUT Esports,BBL Esports,PROFEK,Omen,275,23,14,10,166,34%
VCT 2025 EMEA Stage 1,https://www.vlr.gg/482510/bbl-esports-vs-fut-esports-champions-tour-2025-emea-stage-1-playoffs-lr2,Ascent,BBL Esports,FUT Esports,BBL Esports,LewN,Jett,204,16,12,6,139,39%
VCT 2025 EMEA Stage 1,https://www.vlr.gg/482510/bbl-esports-vs-fut-esports-champions-tour-2025-emea-stage-1-playoffs-lr2,Ascent,BBL Esports,FUT Esports,BBL Esports,MAGNUM,Fade,209,18,17,8,125,21%
VCT 2025 EMEA Stage 1,https://www.vlr.gg/482510/bbl-esports-vs-fut-esports-champions-tour-2025-emea-stage-1-playoffs-lr2,Ascent,BBL Esports,FUT Esports,BBL Esports,sociablEE,Tejo,172,14,14,8,131,20%
VCT 2025 EMEA Stage 1,https://www.vlr.gg/482510/bbl-esports-vs-fut-esports-champions-tour-2025-emea-stage-1-playoffs-lr2,Ascent,BBL Esports,FUT Esports,BBL Esports,Jamppi,Kayo,147,10,19,17,86,14%
VCT 2025 EMEA Stage 1,https://www.vlr.gg/482510/bbl-esports-vs-fut-esports-champions-tour-2025-emea-stage-1-playoffs-lr2,Ascent,FUT Esports,BBL Esports,BBL Esports,MrFaliN,Sova,198,18,13,2,129,27%
VCT 2025 EMEA Stage 1,https://www.vlr.gg/482510/bbl-esports-vs-fut-esports-champions-tour-2025-emea-stage-1-playoffs-lr2,Ascent,FUT Esports,BBL Esports,BBL Esports,yetujey,Killjoy,226,15,16,5,167,19%
VCT 2025 EMEA Stage 1,https://www.vlr.gg/482510/bbl-esports-vs-fut-esports-champions-tour-2025-emea-stage-1-playoffs-lr2,Ascent,FUT Esports,BBL Esports,BBL Esports,xeus,Yoru,223,19,19,2,128,55%
VCT 2025 EMEA Stage 1,https://www.vlr.gg/482510/bbl-esports-vs-fut-esports-champions-tour-2025-emea-stage-1-playoffs-lr2,Ascent,FUT Esports,BBL Esports,BBL Esports,qRaxs,Kayo,193,14,19,8,139,27%
VCT 2025 EMEA Stage 1,https://www.vlr.gg/482510/bbl-esports-vs-fut-esports-champions-tour-2025-emea-stage-1-playoffs-lr2,Ascent,FUT Esports,BBL Esports,BBL Esports,AtaKaptan,Omen,132,10,14,11,91,21%
VCT 2025 EMEA Stage 1,https://www.vlr.gg/482510/bbl-esports-vs-fut-esports-champions-tour-2025-emea-stage-1-playoffs-lr2,Split,BBL Esports,FUT Esports,BBL Esports,Jamppi,Breach,203,12,3,4,125,29%
VCT 2025 EMEA Stage 1,https://www.vlr.gg/482510/bbl-esports-vs-fut-esports-champions-tour-2025-emea-stage-1-playoffs-lr2,Split,BBL Esports,FUT Esports,BBL Esports,sociablEE,Tejo,281,18,6,1,177,23%
VCT 2025 EMEA Stage 1,https://www.vlr.gg/482510/bbl-esports-vs-fut-esports-champions-tour-2025-emea-stage-1-playoffs-lr2,Split,BBL Esports,FUT Esports,BBL Esports,PROFEK,Omen,285,14,8,9,196,29%
VCT 2025 EMEA Stage 1,https://www.vlr.gg/482510/bbl-esports-vs-fut-esports-champions-tour-2025-emea-stage-1-playoffs-lr2,Split,BBL Esports,FUT Esports,BBL Esports,LewN,Raze,207,12,7,2,131,25%
VCT 2025 EMEA Stage 1,https://www.vlr.gg/482510/bbl-esports-vs-fut-esports-champions-tour-2025-emea-stage-1-playoffs-lr2,Split,BBL Esports,FUT Esports,BBL Esports,MAGNUM,Cypher,163,8,7,4,110,30%
VCT 2025 EMEA Stage 1,https://www.vlr.gg/482510/bbl-esports-vs-fut-esports-champions-tour-2025-emea-stage-1-playoffs-lr2,Split,FUT Esports,BBL Esports,BBL Esports,xeus,Yoru,145,7,13,4,104,32%
VCT 2025 EMEA Stage 1,https://www.vlr.gg/482510/bbl-esports-vs-fut-esports-champions-tour-2025-emea-stage-1-playoffs-lr2,Split,FUT Esports,BBL Esports,BBL Esports,MrFaliN,Tejo,152,8,12,3,92,32%
VCT 2025 EMEA Stage 1,https://www.vlr.gg/482510/bbl-esports-vs-fut-esports-champions-tour-2025-emea-stage-1-playoffs-lr2,Split,FUT Esports,BBL Esports,BBL Esports,AtaKaptan,Omen,157,8,13,0,110,25%
VCT 2025 EMEA Stage 1,https://www.vlr.gg/482510/bbl-esports-vs-fut-esports-champions-tour-2025-emea-stage-1-playoffs-lr2,Split,FUT Esports,BBL Esports,BBL Esports,yetujey,Viper,118,5,13,3,83,16%
VCT 2025 EMEA Stage 1,https://www.vlr.gg/482510/bbl-esports-vs-fut-esports-champions-tour-2025-emea-stage-1-playoffs-lr2,Split,FUT Esports,BBL Esports,BBL Esports,qRaxs,Fade,71,3,13,3,48,31%
VCT 2025 EMEA Stage 1,https://www.vlr.gg/482510/bbl-esports-vs-fut-esports-champions-tour-2025-emea-stage-1-playoffs-lr2,Haven,BBL Esports,FUT Esports,FUT Esports,MAGNUM,Cypher,,28,16,3,,31%
VCT 2025 EMEA Stage 1,https://www.vlr.gg/482510/bbl-esports-vs-fut-esports-champions-tour-2025-emea-stage-1-playoffs-lr2,Haven,BBL Esports,FUT Esports,FUT Esports,Jamppi,Breach,,20,19,17,,17%
VCT 2025 EMEA Stage 1,https://www.vlr.gg/482510/bbl-esports-vs-fut-esports-champions-tour-2025-emea-stage-1-playoffs-lr2,Haven,BBL Esports,FUT Esports,FUT Esports,sociablEE,Sova,,19,17,4,,18%
VCT 2025 EMEA Stage 1,https://www.vlr.gg/482510/bbl-esports-vs-fut-esports-champions-tour-2025-emea-stage-1-playoffs-lr2,Haven,BBL Esports,FUT Esports,FUT Esports,PROFEK,Omen,,16,21,19,,29%
VCT 2025 EMEA Stage 1,https://www.vlr.gg/482510/bbl-esports-vs-fut-esports-champions-tour-2025-emea-stage-1-playoffs-lr2,Haven,BBL Esports,FUT Esports,FUT Esports,LewN,Jett,,15,21,1,,36%
VCT 2025 EMEA Stage 1,https://www.vlr.gg/482510/bbl-esports-vs-fut-esports-champions-tour-2025-emea-stage-1-playoffs-lr2,Haven,FUT Esports,BBL Esports,FUT Esports,yetujey,Cypher,,30,16,6,,36%
VCT 2025 EMEA Stage 1,https://www.vlr.gg/482510/bbl-esports-vs-fut-esports-champions-tour-2025-emea-stage-1-playoffs-lr2,Haven,FUT Esports,BBL Esports,FUT Esports,xeus,Chamber,,24,21,4,,34%
VCT 2025 EMEA Stage 1,https://www.vlr.gg/482510/bbl-esports-vs-fut-esports-champions-tour-2025-emea-stage-1-playoffs-lr2,Haven,FUT Esports,BBL Esports,FUT Esports,qRaxs,Neon,,18,21,2,,41%
VCT 2025 EMEA Stage 1,https://www.vlr.gg/482510/bbl-esports-vs-fut-esports-champions-tour-2025-emea-stage-1-playoffs-lr2,Haven,FUT Esports,BBL Esports,FUT Esports,MrFaliN,Sova,,12,17,10,,23%
VCT 2025 EMEA Stage 1,https://www.vlr.gg/482510/bbl-esports-vs-fut-esports-champions-tour-2025-emea-stage-1-playoffs-lr2,Haven,FUT Esports,BBL Esports,FUT Esports,AtaKaptan,Omen,,10,23,16,,27%
VCT 2025 EMEA Stage 1,https://www.vlr.gg/482509/team-liquid-vs-natus-vincere-champions-tour-2025-emea-stage-1-playoffs-lr2,Icebox,Team Liquid,Natus Vincere,Natus Vincere,keiko,Jett,238,22,15,1,175,40%
VCT 2025 EMEA Stage 1,https://www.vlr.gg/482509/team-liquid-vs-natus-vincere-champions-tour-2025-emea-stage-1-playoffs-lr2,Icebox,Team Liquid,Natus Vincere,Natus Vincere,kamo,Gekko,233,18,19,5,143,38%
VCT 2025 EMEA Stage 1,https://www.vlr.gg/482509/team-liquid-vs-natus-vincere-champions-tour-2025-emea-stage-1-playoffs-lr2,Icebox,Team Liquid,Natus Vincere,Natus Vincere,nAts,Viper,153,13,16,4,117,25%
VCT 2025 EMEA Stage 1,https://www.vlr.gg/482509/team-liquid-vs-natus-vincere-champions-tour-2025-emea-stage-1-playoffs-lr2,Icebox,Team Liquid,Natus Vincere,Natus Vincere,Serial,Killjoy,141,11,16,5,105,31%
VCT 2025 EMEA Stage 1,https://www.vlr.gg/482509/team-liquid-vs-natus-vincere-champions-tour-2025-emea-stage-1-playoffs-lr2,Icebox,Team Liquid,Natus Vincere,Natus Vincere,paTiTek,Kayo,133,8,18,12,88,28%
VCT 2025 EMEA Stage 1,https://www.vlr.gg/482509/team-liquid-vs-natus-vincere-champions-tour-2025-emea-stage-1-playoffs-lr2,Icebox,Natus Vincere,Team Liquid,Natus Vincere,hiro,Killjoy,298,26,14,2,180,29%
VCT 2025 EMEA Stage 1,https://www.vlr.gg/482509/team-liquid-vs-natus-vincere-champions-tour-2025-emea-stage-1-playoffs-lr2,Icebox,Natus Vincere,Team Liquid,Natus Vincere,Ruxic,Viper,199,16,15,4,137,40%
VCT 2025 EMEA Stage 1,https://www.vlr.gg/482509/team-liquid-vs-natus-vincere-champions-tour-2025-emea-stage-1-playoffs-lr2,Icebox,Natus Vincere,Team Liquid,Natus Vincere,koalanoob,Omen,195,15,16,13,138,26%
VCT 2025 EMEA Stage 1,https://www.vlr.gg/482509/team-liquid-vs-natus-vincere-champions-tour-2025-emea-stage-1-playoffs-lr2,Icebox,Natus Vincere,Team Liquid,Natus Vincere,ANGE1,Tejo,130,13,13,3,94,57%
VCT 2025 EMEA Stage 1,https://www.vlr.gg/482509/team-liquid-vs-natus-vincere-champions-tour-2025-emea-stage-1-playoffs-lr2,Icebox,Natus Vincere,Team Liquid,Natus Vincere,Shao,Gekko,160,14,14,4,103,35%
VCT 2025 EMEA Stage 1,https://www.vlr.gg/482509/team-liquid-vs-natus-vincere-champions-tour-2025-emea-stage-1-playoffs-lr2,Split,Team Liquid,Natus Vincere,Team Liquid,nAts,Viper,311,21,10,3,198,35%
VCT 2025 EMEA Stage 1,https://www.vlr.gg/482509/team-liquid-vs-natus-vincere-champions-tour-2025-emea-stage-1-playoffs-lr2,Split,Team Liquid,Natus Vincere,Team Liquid,keiko,Raze,288,18,12,5,204,29%
VCT 2025 EMEA Stage 1,https://www.vlr.gg/482509/team-liquid-vs-natus-vincere-champions-tour-2025-emea-stage-1-playoffs-lr2,Split,Team Liquid,Natus Vincere,Team Liquid,Serial,Astra,212,13,8,12,146,30%
VCT 2025 EMEA Stage 1,https://www.vlr.gg/482509/team-liquid-vs-natus-vincere-champions-tour-2025-emea-stage-1-playoffs-lr2,Split,Team Liquid,Natus Vincere,Team Liquid,paTiTek,Fade,190,13,9,2,134,28%
VCT 2025 EMEA Stage 1,https://www.vlr.gg/482509/team-liquid-vs-natus-vincere-champions-tour-2025-emea-stage-1-playoffs-lr2,Split,Team Liquid,Natus Vincere,Team Liquid,kamo,Yoru,136,7,13,3,97,25%
VCT 2025 EMEA Stage 1,https://www.vlr.gg/482509/team-liquid-vs-natus-vincere-champions-tour-2025-emea-stage-1-playoffs-lr2,Split,Natus Vincere,Team Liquid,Team Liquid,Shao,Astra,219,13,12,3,130,50%
VCT 2025 EMEA Stage 1,https://www.vlr.gg/482509/team-liquid-vs-natus-vincere-champions-tour-2025-emea-stage-1-playoffs-lr2,Split,Natus Vincere,Team Liquid,Team Liquid,Ruxic,Omen,210,13,14,8,124,34%
VCT 2025 EMEA Stage 1,https://www.vlr.gg/482509/team-liquid-vs-natus-vincere-champions-tour-2025-emea-stage-1-playoffs-lr2,Split,Natus Vincere,Team Liquid,Team Liquid,koalanoob,Raze,171,10,15,1,104,21%
VCT 2025 EMEA Stage 1,https://www.vlr.gg/482509/team-liquid-vs-natus-vincere-champions-tour-2025-emea-stage-1-playoffs-lr2,Split,Natus Vincere,Team Liquid,Team Liquid,hiro,Vyse,172,8,15,7,130,27%
VCT 2025 EMEA Stage 1,https://www.vlr.gg/482509/team-liquid-vs-natus-vincere-champions-tour-2025-emea-stage-1-playoffs-lr2,Split,Natus Vincere,Team Liquid,Team Liquid,ANGE1,Fade,134,8,16,5,79,42%
VCT 2025 EMEA Stage 1,https://www.vlr.gg/482509/team-liquid-vs-natus-vincere-champions-tour-2025-emea-stage-1-playoffs-lr2,Ascent,Team Liquid,Natus Vincere,Team Liquid,keiko,Omen,221,19,10,8,155,42%
VCT 2025 EMEA Stage 1,https://www.vlr.gg/482509/team-liquid-vs-natus-vincere-champions-tour-2025-emea-stage-1-playoffs-lr2,Ascent,Team Liquid,Natus Vincere,Team Liquid,paTiTek,Tejo,259,21,11,3,172,16%
VCT 2025 EMEA Stage 1,https://www.vlr.gg/482509/team-liquid-vs-natus-vincere-champions-tour-2025-emea-stage-1-playoffs-lr2,Ascent,Team Liquid,Natus Vincere,Team Liquid,Serial,Deadlock,230,16,12,7,153,43%
VCT 2025 EMEA Stage 1,https://www.vlr.gg/482509/team-liquid-vs-natus-vincere-champions-tour-2025-emea-stage-1-playoffs-lr2,Ascent,Team Liquid,Natus Vincere,Team Liquid,kamo,Jett,262,20,14,4,159,22%
VCT 2025 EMEA Stage 1,https://www.vlr.gg/482509/team-liquid-vs-natus-vincere-champions-tour-2025-emea-stage-1-playoffs-lr2,Ascent,Team Liquid,Natus Vincere,Team Liquid,nAts,Cypher,151,12,15,1,106,15%
VCT 2025 EMEA Stage 1,https://www.vlr.gg/482509/team-liquid-vs-natus-vincere-champions-tour-2025-emea-stage-1-playoffs-lr2,Ascent,Natus Vincere,Team Liquid,Team Liquid,Shao,Tejo,253,18,17,6,185,24%
VCT 2025 EMEA Stage 1,https://www.vlr.gg/482509/team-liquid-vs-natus-vincere-champions-tour-2025-emea-stage-1-playoffs-lr2,Ascent,Natus Vincere,Team Liquid,Team Liquid,ANGE1,Deadlock,143,12,15,0,96,50%
VCT 2025 EMEA Stage 1,https://www.vlr.gg/482509/team-liquid-vs-natus-vincere-champions-tour-2025-emea-stage-1-playoffs-lr2,Ascent,Natus Vincere,Team Liquid,Team Liquid,hiro,Cypher,210,15,19,2,134,24%
VCT 2025 EMEA Stage 1,https://www.vlr.gg/482509/team-liquid-vs-natus-vincere-champions-tour-2025-emea-stage-1-playoffs-lr2,Ascent,Natus Vincere,Team Liquid,Team Liquid,koalanoob,Yoru,167,10,18,3,122,20%
VCT 2025 EMEA Stage 1,https://www.vlr.gg/482509/team-liquid-vs-natus-vincere-champions-tour-2025-emea-stage-1-playoffs-lr2,Ascent,Natus Vincere,Team Liquid,Team Liquid,Ruxic,Omen,111,7,19,6,89,36%
VCT 2025 EMEA Stage 1,https://www.vlr.gg/482515/team-heretics-vs-fnatic-champions-tour-2025-emea-stage-1-playoffs-ubf,Fracture,Team Heretics,FNATIC,FNATIC,RieNs,Breach,223,15,15,6,145,31%
VCT 2025 EMEA Stage 1,https://www.vlr.gg/482515/team-heretics-vs-fnatic-champions-tour-2025-emea-stage-1-playoffs-ubf,Fracture,Team Heretics,FNATIC,FNATIC,Boo,Brimstone,203,13,17,8,130,46%
VCT 2025 EMEA Stage 1,https://www.vlr.gg/482515/team-heretics-vs-fnatic-champions-tour-2025-emea-stage-1-playoffs-ubf,Fracture,Team Heretics,FNATIC,FNATIC,MiniBoo,Neon,182,13,16,4,100,28%
VCT 2025 EMEA Stage 1,https://www.vlr.gg/482515/team-heretics-vs-fnatic-champions-tour-2025-emea-stage-1-playoffs-ubf,Fracture,Team Heretics,FNATIC,FNATIC,benjyfishy,Cypher,171,11,17,3,117,42%
VCT 2025 EMEA Stage 1,https://www.vlr.gg/482515/team-heretics-vs-fnatic-champions-tour-2025-emea-stage-1-playoffs-ubf,Fracture,Team Heretics,FNATIC,FNATIC,Wo0t,Tejo,131,8,15,2,93,35%
VCT 2025 EMEA Stage 1,https://www.vlr.gg/482515/team-heretics-vs-fnatic-champions-tour-2025-emea-stage-1-playoffs-ubf,Fracture,FNATIC,Team Heretics,FNATIC,kaajak,Neon,274,20,12,2,170,39%
VCT 2025 EMEA Stage 1,https://www.vlr.gg/482515/team-heretics-vs-fnatic-champions-tour-2025-emea-stage-1-playoffs-ubf,Fracture,FNATIC,Team Heretics,FNATIC,Chronicle,Breach,240,16,9,13,156,24%
VCT 2025 EMEA Stage 1,https://www.vlr.gg/482515/team-heretics-vs-fnatic-champions-tour-2025-emea-stage-1-playoffs-ubf,Fracture,FNATIC,Team Heretics,FNATIC,Alfajer,Cypher,279,20,15,2,174,43%
VCT 2025 EMEA Stage 1,https://www.vlr.gg/482515/team-heretics-vs-fnatic-champions-tour-2025-emea-stage-1-playoffs-ubf,Fracture,FNATIC,Team Heretics,FNATIC,Boaster,Brimstone,219,15,13,8,146,23%
VCT 2025 EMEA Stage 1,https://www.vlr.gg/482515/team-heretics-vs-fnatic-champions-tour-2025-emea-stage-1-playoffs-ubf,Fracture,FNATIC,Team Heretics,FNATIC,crashies,Tejo,130,9,11,8,100,23%
VCT 2025 EMEA Stage 1,https://www.vlr.gg/482515/team-heretics-vs-fnatic-champions-tour-2025-emea-stage-1-playoffs-ubf,Icebox,Team Heretics,FNATIC,FNATIC,RieNs,Sova,209,15,17,5,153,36%
VCT 2025 EMEA Stage 1,https://www.vlr.gg/482515/team-heretics-vs-fnatic-champions-tour-2025-emea-stage-1-playoffs-ubf,Icebox,Team Heretics,FNATIC,FNATIC,benjyfishy,Killjoy,212,17,17,0,128,47%
VCT 2025 EMEA Stage 1,https://www.vlr.gg/482515/team-heretics-vs-fnatic-champions-tour-2025-emea-stage-1-playoffs-ubf,Icebox,Team Heretics,FNATIC,FNATIC,Boo,Viper,164,11,16,9,115,46%
VCT 2025 EMEA Stage 1,https://www.vlr.gg/482515/team-heretics-vs-fnatic-champions-tour-2025-emea-stage-1-playoffs-ubf,Icebox,Team Heretics,FNATIC,FNATIC,Wo0t,Gekko,154,12,17,2,116,21%
VCT 2025 EMEA Stage 1,https://www.vlr.gg/482515/team-heretics-vs-fnatic-champions-tour-2025-emea-stage-1-playoffs-ubf,Icebox,Team Heretics,FNATIC,FNATIC,MiniBoo,Neon,176,11,20,6,118,34%
VCT 2025 EMEA Stage 1,https://www.vlr.gg/482515/team-heretics-vs-fnatic-champions-tour-2025-emea-stage-1-playoffs-ubf,Icebox,FNATIC,Team Heretics,FNATIC,crashies,Tejo,271,22,13,5,174,23%
VCT 2025 EMEA Stage 1,https://www.vlr.gg/482515/team-heretics-vs-fnatic-champions-tour-2025-emea-stage-1-playoffs-ubf,Icebox,FNATIC,Team Heretics,FNATIC,kaajak,Sage,232,18,12,4,149,39%
VCT 2025 EMEA Stage 1,https://www.vlr.gg/482515/team-heretics-vs-fnatic-champions-tour-2025-emea-stage-1-playoffs-ubf,Icebox,FNATIC,Team Heretics,FNATIC,Boaster,Viper,199,15,11,4,126,21%
VCT 2025 EMEA Stage 1,https://www.vlr.gg/482515/team-heretics-vs-fnatic-champions-tour-2025-emea-stage-1-playoffs-ubf,Icebox,FNATIC,Team Heretics,FNATIC,Alfajer,Killjoy,253,20,16,5,187,45%
VCT 2025 EMEA Stage 1,https://www.vlr.gg/482515/team-heretics-vs-fnatic-champions-tour-2025-emea-stage-1-playoffs-ubf,Icebox,FNATIC,Team Heretics,FNATIC,Chronicle,Gekko,157,12,14,8,114,18%
VCT 2025 EMEA Stage 1,https://www.vlr.gg/482511/team-liquid-vs-bbl-esports-champions-tour-2025-emea-stage-1-playoffs-lr3,Haven,Team Liquid,BBL Esports,Team Liquid,nAts,Cypher,269,23,15,2,175,35%
VCT 2025 EMEA Stage 1,https://www.vlr.gg/482511/team-liquid-vs-bbl-esports-champions-tour-2025-emea-stage-1-playoffs-lr3,Haven,Team Liquid,BBL Esports,Team Liquid,paTiTek,Tejo,201,19,16,1,141,35%
VCT 2025 EMEA Stage 1,https://www.vlr.gg/482511/team-liquid-vs-bbl-esports-champions-tour-2025-emea-stage-1-playoffs-lr3,Haven,Team Liquid,BBL Esports,Team Liquid,kamo,Yoru,230,20,15,3,138,40%
VCT 2025 EMEA Stage 1,https://www.vlr.gg/482511/team-liquid-vs-bbl-esports-champions-tour-2025-emea-stage-1-playoffs-lr3,Haven,Team Liquid,BBL Esports,Team Liquid,Serial,Deadlock,151,14,18,5,111,54%
VCT 2025 EMEA Stage 1,https://www.vlr.gg/482511/team-liquid-vs-bbl-esports-champions-tour-2025-emea-stage-1-playoffs-lr3,Haven,Team Liquid,BBL Esports,Team Liquid,keiko,Omen,137,10,19,9,96,30%
VCT 2025 EMEA Stage 1,https://www.vlr.gg/482511/team-liquid-vs-bbl-esports-champions-tour-2025-emea-stage-1-playoffs-lr3,Haven,BBL Esports,Team Liquid,Team Liquid,LewN,Iso,244,22,16,3,169,42%
VCT 2025 EMEA Stage 1,https://www.vlr.gg/482511/team-liquid-vs-bbl-esports-champions-tour-2025-emea-stage-1-playoffs-lr3,Haven,BBL Esports,Team Liquid,Team Liquid,PROFEK,Omen,217,18,19,16,142,36%
VCT 2025 EMEA Stage 1,https://www.vlr.gg/482511/team-liquid-vs-bbl-esports-champions-tour-2025-emea-stage-1-playoffs-lr3,Haven,BBL Esports,Team Liquid,Team Liquid,MAGNUM,Cypher,159,14,15,4,115,33%
VCT 2025 EMEA Stage 1,https://www.vlr.gg/482511/team-liquid-vs-bbl-esports-champions-tour-2025-emea-stage-1-playoffs-lr3,Haven,BBL Esports,Team Liquid,Team Liquid,Jamppi,Sova,182,12,19,10,142,29%
VCT 2025 EMEA Stage 1,https://www.vlr.gg/482511/team-liquid-vs-bbl-esports-champions-tour-2025-emea-stage-1-playoffs-lr3,Haven,BBL Esports,Team Liquid,Team Liquid,sociablEE,Yoru,200,17,17,5,118,23%
VCT 2025 EMEA Stage 1,https://www.vlr.gg/482511/team-liquid-vs-bbl-esports-champions-tour-2025-emea-stage-1-playoffs-lr3,Split,Team Liquid,BBL Esports,BBL Esports,nAts,Viper,279,18,15,10,192,27%
VCT 2025 EMEA Stage 1,https://www.vlr.gg/482511/team-liquid-vs-bbl-esports-champions-tour-2025-emea-stage-1-playoffs-lr3,Split,Team Liquid,BBL Esports,BBL Esports,Serial,Astra,126,8,12,7,89,30%
VCT 2025 EMEA Stage 1,https://www.vlr.gg/482511/team-liquid-vs-bbl-esports-champions-tour-2025-emea-stage-1-playoffs-lr3,Split,Team Liquid,BBL Esports,BBL Esports,paTiTek,Fade,207,14,16,3,140,18%
VCT 2025 EMEA Stage 1,https://www.vlr.gg/482511/team-liquid-vs-bbl-esports-champions-tour-2025-emea-stage-1-playoffs-lr3,Split,Team Liquid,BBL Esports,BBL Esports,kamo,Yoru,176,12,16,3,122,39%
VCT 2025 EMEA Stage 1,https://www.vlr.gg/482511/team-liquid-vs-bbl-esports-champions-tour-2025-emea-stage-1-playoffs-lr3,Split,Team Liquid,BBL Esports,BBL Esports,keiko,Raze,121,8,15,1,74,36%
VCT 2025 EMEA Stage 1,https://www.vlr.gg/482511/team-liquid-vs-bbl-esports-champions-tour-2025-emea-stage-1-playoffs-lr3,Split,BBL Esports,Team Liquid,BBL Esports,sociablEE,Sage,266,19,11,6,174,23%
VCT 2025 EMEA Stage 1,https://www.vlr.gg/482511/team-liquid-vs-bbl-esports-champions-tour-2025-emea-stage-1-playoffs-lr3,Split,BBL Esports,Team Liquid,BBL Esports,Jamppi,Breach,242,18,12,9,134,17%
VCT 2025 EMEA Stage 1,https://www.vlr.gg/482511/team-liquid-vs-bbl-esports-champions-tour-2025-emea-stage-1-playoffs-lr3,Split,BBL Esports,Team Liquid,BBL Esports,MAGNUM,Deadlock,169,13,11,11,98,39%
VCT 2025 EMEA Stage 1,https://www.vlr.gg/482511/team-liquid-vs-bbl-esports-champions-tour-2025-emea-stage-1-playoffs-lr3,Split,BBL Esports,Team Liquid,BBL Esports,PROFEK,Omen,169,10,12,10,115,24%
VCT 2025 EMEA Stage 1,https://www.vlr.gg/482511/team-liquid-vs-bbl-esports-champions-tour-2025-emea-stage-1-playoffs-lr3,Split,BBL Esports,Team Liquid,BBL Esports,LewN,Raze,194,14,14,3,121,23%
VCT 2025 EMEA Stage 1,https://www.vlr.gg/482511/team-liquid-vs-bbl-esports-champions-tour-2025-emea-stage-1-playoffs-lr3,Fracture,Team Liquid,BBL Esports,Team Liquid,keiko,Brimstone,251,19,12,8,159,47%
VCT 2025 EMEA Stage 1,https://www.vlr.gg/482511/team-liquid-vs-bbl-esports-champions-tour-2025-emea-stage-1-playoffs-lr3,Fracture,Team Liquid,BBL Esports,Team Liquid,paTiTek,Breach,172,14,10,13,99,23%
VCT 2025 EMEA Stage 1,https://www.vlr.gg/482511/team-liquid-vs-bbl-esports-champions-tour-2025-emea-stage-1-playoffs-lr3,Fracture,Team Liquid,BBL Esports,Team Liquid,Serial,Tejo,199,15,12,3,140,40%
VCT 2025 EMEA Stage 1,https://www.vlr.gg/482511/team-liquid-vs-bbl-esports-champions-tour-2025-emea-stage-1-playoffs-lr3,Fracture,Team Liquid,BBL Esports,Team Liquid,nAts,Vyse,207,15,14,6,134,29%
VCT 2025 EMEA Stage 1,https://www.vlr.gg/482511/team-liquid-vs-bbl-esports-champions-tour-2025-emea-stage-1-playoffs-lr3,Fracture,Team Liquid,BBL Esports,Team Liquid,kamo,Neon,195,13,14,4,129,29%
VCT 2025 EMEA Stage 1,https://www.vlr.gg/482511/team-liquid-vs-bbl-esports-champions-tour-2025-emea-stage-1-playoffs-lr3,Fracture,BBL Esports,Team Liquid,Team Liquid,PROFEK,Brimstone,271,20,15,4,175,31%
VCT 2025 EMEA Stage 1,https://www.vlr.gg/482511/team-liquid-vs-bbl-esports-champions-tour-2025-emea-stage-1-playoffs-lr3,Fracture,BBL Esports,Team Liquid,Team Liquid,MAGNUM,Cypher,210,14,14,8,128,22%
VCT 2025 EMEA Stage 1,https://www.vlr.gg/482511/team-liquid-vs-bbl-esports-champions-tour-2025-emea-stage-1-playoffs-lr3,Fracture,BBL Esports,Team Liquid,Team Liquid,sociablEE,Tejo,140,11,16,1,98,30%
VCT 2025 EMEA Stage 1,https://www.vlr.gg/482511/team-liquid-vs-bbl-esports-champions-tour-2025-emea-stage-1-playoffs-lr3,Fracture,BBL Esports,Team Liquid,Team Liquid,Jamppi,Breach,100,7,14,11,68,24%
VCT 2025 EMEA Stage 1,https://www.vlr.gg/482511/team-liquid-vs-bbl-esports-champions-tour-2025-emea-stage-1-playoffs-lr3,Fracture,BBL Esports,Team Liquid,Team Liquid,LewN,Jett,149,10,17,4,94,42%
VCT 2025 EMEA Stage 1,https://www.vlr.gg/482512/team-heretics-vs-team-liquid-champions-tour-2025-emea-stage-1-playoffs-lbf,Haven,Team Heretics,Team Liquid,Team Heretics,benjyfishy,Cypher,329,22,5,1,225,53%
VCT 2025 EMEA Stage 1,https://www.vlr.gg/482512/team-heretics-vs-team-liquid-champions-tour-2025-emea-stage-1-playoffs-lbf,Haven,Team Heretics,Team Liquid,Team Heretics,MiniBoo,Yoru,299,17,10,5,204,37%
VCT 2025 EMEA Stage 1,https://www.vlr.gg/482512/team-heretics-vs-team-liquid-champions-tour-2025-emea-stage-1-playoffs-lbf,Haven,Team Heretics,Team Liquid,Team Heretics,Boo,Omen,257,16,9,3,149,52%
VCT 2025 EMEA Stage 1,https://www.vlr.gg/482512/team-heretics-vs-team-liquid-champions-tour-2025-emea-stage-1-playoffs-lbf,Haven,Team Heretics,Team Liquid,Team Heretics,Wo0t,Iso,152,7,10,7,104,28%
VCT 2025 EMEA Stage 1,https://www.vlr.gg/482512/team-heretics-vs-team-liquid-champions-tour-2025-emea-stage-1-playoffs-lbf,Haven,Team Heretics,Team Liquid,Team Heretics,RieNs,Sova,103,6,9,5,75,35%
VCT 2025 EMEA Stage 1,https://www.vlr.gg/482512/team-heretics-vs-team-liquid-champions-tour-2025-emea-stage-1-playoffs-lbf,Haven,Team Liquid,Team Heretics,Team Heretics,paTiTek,Tejo,216,11,15,3,142,35%
VCT 2025 EMEA Stage 1,https://www.vlr.gg/482512/team-heretics-vs-team-liquid-champions-tour-2025-emea-stage-1-playoffs-lbf,Haven,Team Liquid,Team Heretics,Team Heretics,nAts,Cypher,200,10,13,3,119,34%
VCT 2025 EMEA Stage 1,https://www.vlr.gg/482512/team-heretics-vs-team-liquid-champions-tour-2025-emea-stage-1-playoffs-lbf,Haven,Team Liquid,Team Heretics,Team Heretics,Serial,Deadlock,143,9,15,2,85,30%
VCT 2025 EMEA Stage 1,https://www.vlr.gg/482512/team-heretics-vs-team-liquid-champions-tour-2025-emea-stage-1-playoffs-lbf,Haven,Team Liquid,Team Heretics,Team Heretics,kamo,Yoru,145,7,12,0,91,32%
VCT 2025 EMEA Stage 1,https://www.vlr.gg/482512/team-heretics-vs-team-liquid-champions-tour-2025-emea-stage-1-playoffs-lbf,Haven,Team Liquid,Team Heretics,Team Heretics,keiko,Omen,119,6,13,2,87,38%
VCT 2025 EMEA Stage 1,https://www.vlr.gg/482512/team-heretics-vs-team-liquid-champions-tour-2025-emea-stage-1-playoffs-lbf,Ascent,Team Heretics,Team Liquid,Team Heretics,RieNs,Sova,331,29,14,5,204,43%
VCT 2025 EMEA Stage 1,https://www.vlr.gg/482512/team-heretics-vs-team-liquid-champions-tour-2025-emea-stage-1-playoffs-lbf,Ascent,Team Heretics,Team Liquid,Team Heretics,MiniBoo,Yoru,246,20,17,6,160,38%
VCT 2025 EMEA Stage 1,https://www.vlr.gg/482512/team-heretics-vs-team-liquid-champions-tour-2025-emea-stage-1-playoffs-lbf,Ascent,Team Heretics,Team Liquid,Team Heretics,Wo0t,Jett,226,19,12,2,145,38%
VCT 2025 EMEA Stage 1,https://www.vlr.gg/482512/team-heretics-vs-team-liquid-champions-tour-2025-emea-stage-1-playoffs-lbf,Ascent,Team Heretics,Team Liquid,Team Heretics,benjyfishy,Cypher,182,16,12,5,130,29%
VCT 2025 EMEA Stage 1,https://www.vlr.gg/482512/team-heretics-vs-team-liquid-champions-tour-2025-emea-stage-1-playoffs-lbf,Ascent,Team Heretics,Team Liquid,Team Heretics,Boo,Omen,128,8,14,13,87,29%
VCT 2025 EMEA Stage 1,https://www.vlr.gg/482512/team-heretics-vs-team-liquid-champions-tour-2025-emea-stage-1-playoffs-lbf,Ascent,Team Liquid,Team Heretics,Team Heretics,Serial,Deadlock,225,18,17,3,147,32%
VCT 2025 EMEA Stage 1,https://www.vlr.gg/482512/team-heretics-vs-team-liquid-champions-tour-2025-emea-stage-1-playoffs-lbf,Ascent,Team Liquid,Team Heretics,Team Heretics,paTiTek,Tejo,144,13,15,4,95,37%
VCT 2025 EMEA Stage 1,https://www.vlr.gg/482512/team-heretics-vs-team-liquid-champions-tour-2025-emea-stage-1-playoffs-lbf,Ascent,Team Liquid,Team Heretics,Team Heretics,kamo,Jett,224,17,21,5,136,33%
VCT 2025 EMEA Stage 1,https://www.vlr.gg/482512/team-heretics-vs-team-liquid-champions-tour-2025-emea-stage-1-playoffs-lbf,Ascent,Team Liquid,Team Heretics,Team Heretics,nAts,Cypher,177,12,20,9,113,22%
VCT 2025 EMEA Stage 1,https://www.vlr.gg/482512/team-heretics-vs-team-liquid-champions-tour-2025-emea-stage-1-playoffs-lbf,Ascent,Team Liquid,Team Heretics,Team Heretics,keiko,Omen,119,9,19,7,79,35%
VCT 2025 EMEA Stage 1,https://www.vlr.gg/482512/team-heretics-vs-team-liquid-champions-tour-2025-emea-stage-1-playoffs-lbf,Icebox,Team Heretics,Team Liquid,Team Heretics,Wo0t,Gekko,421,26,6,2,253,38%
VCT 2025 EMEA Stage 1,https://www.vlr.gg/482512/team-heretics-vs-team-liquid-champions-tour-2025-emea-stage-1-playoffs-lbf,Icebox,Team Heretics,Team Liquid,Team Heretics,RieNs,Sova,201,12,7,8,148,40%
VCT 2025 EMEA Stage 1,https://www.vlr.gg/482512/team-heretics-vs-team-liquid-champions-tour-2025-emea-stage-1-playoffs-lbf,Icebox,Team Heretics,Team Liquid,Team Heretics,benjyfishy,Killjoy,168,10,6,1,122,18%
VCT 2025 EMEA Stage 1,https://www.vlr.gg/482512/team-heretics-vs-team-liquid-champions-tour-2025-emea-stage-1-playoffs-lbf,Icebox,Team Heretics,Team Liquid,Team Heretics,MiniBoo,Neon,264,13,11,8,176,33%
VCT 2025 EMEA Stage 1,https://www.vlr.gg/482512/team-heretics-vs-team-liquid-champions-tour-2025-emea-stage-1-playoffs-lbf,Icebox,Team Heretics,Team Liquid,Team Heretics,Boo,Viper,195,10,8,7,112,33%
VCT 2025 EMEA Stage 1,https://www.vlr.gg/482512/team-heretics-vs-team-liquid-champions-tour-2025-emea-stage-1-playoffs-lbf,Icebox,Team Liquid,Team Heretics,Team Heretics,Serial,Killjoy,244,13,12,0,166,43%
VCT 2025 EMEA Stage 1,https://www.vlr.gg/482512/team-heretics-vs-team-liquid-champions-tour-2025-emea-stage-1-playoffs-lbf,Icebox,Team Liquid,Team Heretics,Team Heretics,keiko,Jett,215,11,15,0,136,63%
VCT 2025 EMEA Stage 1,https://www.vlr.gg/482512/team-heretics-vs-team-liquid-champions-tour-2025-emea-stage-1-playoffs-lbf,Icebox,Team Liquid,Team Heretics,Team Heretics,paTiTek,Kayo,194,10,15,2,116,38%
VCT 2025 EMEA Stage 1,https://www.vlr.gg/482512/team-heretics-vs-team-liquid-champions-tour-2025-emea-stage-1-playoffs-lbf,Icebox,Team Liquid,Team Heretics,Team Heretics,kamo,Gekko,78,3,14,3,58,24%
VCT 2025 EMEA Stage 1,https://www.vlr.gg/482512/team-heretics-vs-team-liquid-champions-tour-2025-emea-stage-1-playoffs-lbf,Icebox,Team Liquid,Team Heretics,Team Heretics,nAts,Viper,54,1,15,4,54,6%
VCT 2025 EMEA Stage 1,https://www.vlr.gg/482513/fnatic-vs-team-heretics-champions-tour-2025-emea-stage-1-playoffs-gf,Split,FNATIC,Team Heretics,FNATIC,kaajak,Yoru,419,28,5,2,272,43%
VCT 2025 EMEA Stage 1,https://www.vlr.gg/482513/fnatic-vs-team-heretics-champions-tour-2025-emea-stage-1-playoffs-gf,Split,FNATIC,Team Heretics,FNATIC,Chronicle,Viper,269,18,7,2,174,24%
VCT 2025 EMEA Stage 1,https://www.vlr.gg/482513/fnatic-vs-team-heretics-champions-tour-2025-emea-stage-1-playoffs-gf,Split,FNATIC,Team Heretics,FNATIC,Alfajer,Raze,228,11,12,8,153,20%
VCT 2025 EMEA Stage 1,https://www.vlr.gg/482513/fnatic-vs-team-heretics-champions-tour-2025-emea-stage-1-playoffs-gf,Split,FNATIC,Team Heretics,FNATIC,crashies,Fade,108,7,7,5,67,29%
VCT 2025 EMEA Stage 1,https://www.vlr.gg/482513/fnatic-vs-team-heretics-champions-tour-2025-emea-stage-1-playoffs-gf,Split,FNATIC,Team Heretics,FNATIC,Boaster,Astra,100,7,9,2,71,27%
VCT 2025 EMEA Stage 1,https://www.vlr.gg/482513/fnatic-vs-team-heretics-champions-tour-2025-emea-stage-1-playoffs-gf,Split,Team Heretics,FNATIC,FNATIC,RieNs,Fade,173,11,12,1,110,56%
VCT 2025 EMEA Stage 1,https://www.vlr.gg/482513/fnatic-vs-team-heretics-champions-tour-2025-emea-stage-1-playoffs-gf,Split,Team Heretics,FNATIC,FNATIC,Wo0t,Raze,203,11,14,3,144,24%
VCT 2025 EMEA Stage 1,https://www.vlr.gg/482513/fnatic-vs-team-heretics-champions-tour-2025-emea-stage-1-playoffs-gf,Split,Team Heretics,FNATIC,FNATIC,MiniBoo,Yoru,163,8,16,4,111,27%
VCT 2025 EMEA Stage 1,https://www.vlr.gg/482513/fnatic-vs-team-heretics-champions-tour-2025-emea-stage-1-playoffs-gf,Split,Team Heretics,FNATIC,FNATIC,benjyfishy,Viper,124,7,14,1,95,47%
VCT 2025 EMEA Stage 1,https://www.vlr.gg/482513/fnatic-vs-team-heretics-champions-tour-2025-emea-stage-1-playoffs-gf,Split,Team Heretics,FNATIC,FNATIC,Boo,Omen,67,3,15,2,41,27%
VCT 2025 EMEA Stage 1,https://www.vlr.gg/482513/fnatic-vs-team-heretics-champions-tour-2025-emea-stage-1-playoffs-gf,Icebox,FNATIC,Team Heretics,FNATIC,kaajak,Sage,219,17,11,9,150,31%
VCT 2025 EMEA Stage 1,https://www.vlr.gg/482513/fnatic-vs-team-heretics-champions-tour-2025-emea-stage-1-playoffs-gf,Icebox,FNATIC,Team Heretics,FNATIC,Boaster,Viper,232,18,14,4,142,41%
VCT 2025 EMEA Stage 1,https://www.vlr.gg/482513/fnatic-vs-team-heretics-champions-tour-2025-emea-stage-1-playoffs-gf,Icebox,FNATIC,Team Heretics,FNATIC,Alfajer,Killjoy,218,17,15,3,140,32%
VCT 2025 EMEA Stage 1,https://www.vlr.gg/482513/fnatic-vs-team-heretics-champions-tour-2025-emea-stage-1-playoffs-gf,Icebox,FNATIC,Team Heretics,FNATIC,Chronicle,Gekko,228,16,16,13,145,17%
VCT 2025 EMEA Stage 1,https://www.vlr.gg/482513/fnatic-vs-team-heretics-champions-tour-2025-emea-stage-1-playoffs-gf,Icebox,FNATIC,Team Heretics,FNATIC,crashies,Tejo,181,15,14,8,129,32%
VCT 2025 EMEA Stage 1,https://www.vlr.gg/482513/fnatic-vs-team-heretics-champions-tour-2025-emea-stage-1-playoffs-gf,Icebox,Team Heretics,FNATIC,FNATIC,MiniBoo,Neon,248,19,15,5,157,50%
VCT 2025 EMEA Stage 1,https://www.vlr.gg/482513/fnatic-vs-team-heretics-champions-tour-2025-emea-stage-1-playoffs-gf,Icebox,Team Heretics,FNATIC,FNATIC,benjyfishy,Killjoy,227,18,15,2,163,42%
VCT 2025 EMEA Stage 1,https://www.vlr.gg/482513/fnatic-vs-team-heretics-champions-tour-2025-emea-stage-1-playoffs-gf,Icebox,Team Heretics,FNATIC,FNATIC,Wo0t,Gekko,173,15,17,3,114,57%
VCT 2025 EMEA Stage 1,https://www.vlr.gg/482513/fnatic-vs-team-heretics-champions-tour-2025-emea-stage-1-playoffs-gf,Icebox,Team Heretics,FNATIC,FNATIC,Boo,Viper,142,9,16,11,100,39%
VCT 2025 EMEA Stage 1,https://www.vlr.gg/482513/fnatic-vs-team-heretics-champions-tour-2025-emea-stage-1-playoffs-gf,Icebox,Team Heretics,FNATIC,FNATIC,RieNs,Sova,139,9,20,6,105,44%
VCT 2025 EMEA Stage 1,https://www.vlr.gg/482513/fnatic-vs-team-heretics-champions-tour-2025-emea-stage-1-playoffs-gf,Fracture,FNATIC,Team Heretics,FNATIC,kaajak,Neon,311,28,17,6,194,20%
VCT 2025 EMEA Stage 1,https://www.vlr.gg/482513/fnatic-vs-team-heretics-champions-tour-2025-emea-stage-1-playoffs-gf,Fracture,FNATIC,Team Heretics,FNATIC,Chronicle,Breach,151,13,16,11,99,17%
VCT 2025 EMEA Stage 1,https://www.vlr.gg/482513/fnatic-vs-team-heretics-champions-tour-2025-emea-stage-1-playoffs-gf,Fracture,FNATIC,Team Heretics,FNATIC,crashies,Tejo,168,14,17,11,111,21%
VCT 2025 EMEA Stage 1,https://www.vlr.gg/482513/fnatic-vs-team-heretics-champions-tour-2025-emea-stage-1-playoffs-gf,Fracture,FNATIC,Team Heretics,FNATIC,Alfajer,Cypher,169,17,18,3,108,22%
VCT 2025 EMEA Stage 1,https://www.vlr.gg/482513/fnatic-vs-team-heretics-champions-tour-2025-emea-stage-1-playoffs-gf,Fracture,FNATIC,Team Heretics,FNATIC,Boaster,Brimstone,168,15,18,10,121,24%
VCT 2025 EMEA Stage 1,https://www.vlr.gg/482513/fnatic-vs-team-heretics-champions-tour-2025-emea-stage-1-playoffs-gf,Fracture,Team Heretics,FNATIC,FNATIC,Wo0t,Raze,242,21,18,5,155,22%
VCT 2025 EMEA Stage 1,https://www.vlr.gg/482513/fnatic-vs-team-heretics-champions-tour-2025-emea-stage-1-playoffs-gf,Fracture,Team Heretics,FNATIC,FNATIC,benjyfishy,Cypher,178,18,15,4,116,49%
VCT 2025 EMEA Stage 1,https://www.vlr.gg/482513/fnatic-vs-team-heretics-champions-tour-2025-emea-stage-1-playoffs-gf,Fracture,Team Heretics,FNATIC,FNATIC,Boo,Brimstone,144,14,16,9,79,16%
VCT 2025 EMEA Stage 1,https://www.vlr.gg/482513/fnatic-vs-team-heretics-champions-tour-2025-emea-stage-1-playoffs-gf,Fracture,Team Heretics,FNATIC,FNATIC,RieNs,Fade,201,18,20,10,134,24%
VCT 2025 EMEA Stage 1,https://www.vlr.gg/482513/fnatic-vs-team-heretics-champions-tour-2025-emea-stage-1-playoffs-gf,Fracture,Team Heretics,FNATIC,FNATIC,MiniBoo,Yoru,173,15,18,6,104,36%
VCT 2025 Pacific Stage 1,https://www.vlr.gg/473833/talon-vs-gen-g-champions-tour-2025-pacific-stage-1-ur1,Haven,TALON,Gen.G,TALON,primmie,Yoru,234,18,7,2,139,52%
VCT 2025 Pacific Stage 1,https://www.vlr.gg/473833/talon-vs-gen-g-champions-tour-2025-pacific-stage-1-ur1,Haven,TALON,Gen.G,TALON,thyy,Omen,233,17,9,4,159,30%
VCT 2025 Pacific Stage 1,https://www.vlr.gg/473833/talon-vs-gen-g-champions-tour-2025-pacific-stage-1-ur1,Haven,TALON,Gen.G,TALON,JitBoyS,Cypher,215,16,9,3,132,56%
VCT 2025 Pacific Stage 1,https://www.vlr.gg/473833/talon-vs-gen-g-champions-tour-2025-pacific-stage-1-ur1,Haven,TALON,Gen.G,TALON,Crws,Deadlock,214,12,11,10,127,24%
VCT 2025 Pacific Stage 1,https://www.vlr.gg/473833/talon-vs-gen-g-champions-tour-2025-pacific-stage-1-ur1,Haven,TALON,Gen.G,TALON,Killua,Tejo,166,12,10,3,115,33%
VCT 2025 Pacific Stage 1,https://www.vlr.gg/473833/talon-vs-gen-g-champions-tour-2025-pacific-stage-1-ur1,Haven,Gen.G,TALON,TALON,t3xture,Neon,199,12,15,3,141,29%
VCT 2025 Pacific Stage 1,https://www.vlr.gg/473833/talon-vs-gen-g-champions-tour-2025-pacific-stage-1-ur1,Haven,Gen.G,TALON,TALON,Karon,Omen,152,9,15,6,94,38%
VCT 2025 Pacific Stage 1,https://www.vlr.gg/473833/talon-vs-gen-g-champions-tour-2025-pacific-stage-1-ur1,Haven,Gen.G,TALON,TALON,Foxy9,Killjoy,160,11,14,3,96,31%
VCT 2025 Pacific Stage 1,https://www.vlr.gg/473833/talon-vs-gen-g-champions-tour-2025-pacific-stage-1-ur1,Haven,Gen.G,TALON,TALON,Munchkin,Viper,124,7,16,6,84,25%
VCT 2025 Pacific Stage 1,https://www.vlr.gg/473833/talon-vs-gen-g-champions-tour-2025-pacific-stage-1-ur1,Haven,Gen.G,TALON,TALON,Ash,Tejo,97,7,15,3,56,20%
VCT 2025 Pacific Stage 1,https://www.vlr.gg/473833/talon-vs-gen-g-champions-tour-2025-pacific-stage-1-ur1,Icebox,TALON,Gen.G,Gen.G,Crws,Sova,181,10,13,6,135,26%
VCT 2025 Pacific Stage 1,https://www.vlr.gg/473833/talon-vs-gen-g-champions-tour-2025-pacific-stage-1-ur1,Icebox,TALON,Gen.G,Gen.G,Killua,Killjoy,201,13,15,1,126,34%
VCT 2025 Pacific Stage 1,https://www.vlr.gg/473833/talon-vs-gen-g-champions-tour-2025-pacific-stage-1-ur1,Icebox,TALON,Gen.G,Gen.G,JitBoyS,Harbor,170,11,17,5,115,27%
VCT 2025 Pacific Stage 1,https://www.vlr.gg/473833/talon-vs-gen-g-champions-tour-2025-pacific-stage-1-ur1,Icebox,TALON,Gen.G,Gen.G,thyy,Viper,135,9,15,5,111,35%
VCT 2025 Pacific Stage 1,https://www.vlr.gg/473833/talon-vs-gen-g-champions-tour-2025-pacific-stage-1-ur1,Icebox,TALON,Gen.G,Gen.G,primmie,Jett,86,5,16,2,61,43%
VCT 2025 Pacific Stage 1,https://www.vlr.gg/473833/talon-vs-gen-g-champions-tour-2025-pacific-stage-1-ur1,Icebox,Gen.G,TALON,Gen.G,Ash,Tejo,221,15,8,5,140,31%
VCT 2025 Pacific Stage 1,https://www.vlr.gg/473833/talon-vs-gen-g-champions-tour-2025-pacific-stage-1-ur1,Icebox,Gen.G,TALON,Gen.G,Munchkin,Kayo,218,15,8,12,140,27%
VCT 2025 Pacific Stage 1,https://www.vlr.gg/473833/talon-vs-gen-g-champions-tour-2025-pacific-stage-1-ur1,Icebox,Gen.G,TALON,Gen.G,t3xture,Yoru,284,19,12,4,165,33%
VCT 2025 Pacific Stage 1,https://www.vlr.gg/473833/talon-vs-gen-g-champions-tour-2025-pacific-stage-1-ur1,Icebox,Gen.G,TALON,Gen.G,Foxy9,Killjoy,199,16,8,1,129,45%
VCT 2025 Pacific Stage 1,https://www.vlr.gg/473833/talon-vs-gen-g-champions-tour-2025-pacific-stage-1-ur1,Icebox,Gen.G,TALON,Gen.G,Karon,Viper,166,11,12,4,116,29%
VCT 2025 Pacific Stage 1,https://www.vlr.gg/473833/talon-vs-gen-g-champions-tour-2025-pacific-stage-1-ur1,Pearl,TALON,Gen.G,Gen.G,primmie,Yoru,288,16,13,2,188,46%
VCT 2025 Pacific Stage 1,https://www.vlr.gg/473833/talon-vs-gen-g-champions-tour-2025-pacific-stage-1-ur1,Pearl,TALON,Gen.G,Gen.G,JitBoyS,Cypher,155,8,13,3,95,56%
VCT 2025 Pacific Stage 1,https://www.vlr.gg/473833/talon-vs-gen-g-champions-tour-2025-pacific-stage-1-ur1,Pearl,TALON,Gen.G,Gen.G,thyy,Astra,138,8,13,4,100,23%
VCT 2025 Pacific Stage 1,https://www.vlr.gg/473833/talon-vs-gen-g-champions-tour-2025-pacific-stage-1-ur1,Pearl,TALON,Gen.G,Gen.G,Crws,Fade,56,2,14,3,42,21%
VCT 2025 Pacific Stage 1,https://www.vlr.gg/473833/talon-vs-gen-g-champions-tour-2025-pacific-stage-1-ur1,Pearl,TALON,Gen.G,Gen.G,Killua,Vyse,80,4,14,0,62,29%
VCT 2025 Pacific Stage 1,https://www.vlr.gg/473833/talon-vs-gen-g-champions-tour-2025-pacific-stage-1-ur1,Pearl,Gen.G,TALON,Gen.G,Ash,Tejo,310,19,4,6,236,32%
VCT 2025 Pacific Stage 1,https://www.vlr.gg/473833/talon-vs-gen-g-champions-tour-2025-pacific-stage-1-ur1,Pearl,Gen.G,TALON,Gen.G,t3xture,Neon,315,19,8,1,188,34%
VCT 2025 Pacific Stage 1,https://www.vlr.gg/473833/talon-vs-gen-g-champions-tour-2025-pacific-stage-1-ur1,Pearl,Gen.G,TALON,Gen.G,Foxy9,Killjoy,180,12,8,1,122,36%
VCT 2025 Pacific Stage 1,https://www.vlr.gg/473833/talon-vs-gen-g-champions-tour-2025-pacific-stage-1-ur1,Pearl,Gen.G,TALON,Gen.G,Munchkin,Kayo,159,9,8,14,88,12%
VCT 2025 Pacific Stage 1,https://www.vlr.gg/473833/talon-vs-gen-g-champions-tour-2025-pacific-stage-1-ur1,Pearl,Gen.G,TALON,Gen.G,Karon,Astra,153,8,10,12,110,26%
VCT 2025 Pacific Stage 1,https://www.vlr.gg/473834/drx-vs-t1-champions-tour-2025-pacific-stage-1-ur1,Lotus,DRX,T1,DRX,MaKo,Omen,241,24,17,9,155,30%
VCT 2025 Pacific Stage 1,https://www.vlr.gg/473834/drx-vs-t1-champions-tour-2025-pacific-stage-1-ur1,Lotus,DRX,T1,DRX,free1ng,Killjoy,204,19,17,3,135,28%
VCT 2025 Pacific Stage 1,https://www.vlr.gg/473834/drx-vs-t1-champions-tour-2025-pacific-stage-1-ur1,Lotus,DRX,T1,DRX,BeYN,Fade,168,19,16,8,115,24%
VCT 2025 Pacific Stage 1,https://www.vlr.gg/473834/drx-vs-t1-champions-tour-2025-pacific-stage-1-ur1,Lotus,DRX,T1,DRX,HYUNMIN,Raze,246,23,22,5,151,28%
VCT 2025 Pacific Stage 1,https://www.vlr.gg/473834/drx-vs-t1-champions-tour-2025-pacific-stage-1-ur1,Lotus,DRX,T1,DRX,Estrella,Viper,163,14,19,14,105,23%
VCT 2025 Pacific Stage 1,https://www.vlr.gg/473834/drx-vs-t1-champions-tour-2025-pacific-stage-1-ur1,Lotus,T1,DRX,DRX,stax,Breach,214,21,19,10,144,35%
VCT 2025 Pacific Stage 1,https://www.vlr.gg/473834/drx-vs-t1-champions-tour-2025-pacific-stage-1-ur1,Lotus,T1,DRX,DRX,BuZz,Yoru,242,24,20,2,147,29%
VCT 2025 Pacific Stage 1,https://www.vlr.gg/473834/drx-vs-t1-champions-tour-2025-pacific-stage-1-ur1,Lotus,T1,DRX,DRX,Sylvan,Omen,169,16,20,15,118,37%
VCT 2025 Pacific Stage 1,https://www.vlr.gg/473834/drx-vs-t1-champions-tour-2025-pacific-stage-1-ur1,Lotus,T1,DRX,DRX,Meteor,Tejo,159,15,20,8,126,25%
VCT 2025 Pacific Stage 1,https://www.vlr.gg/473834/drx-vs-t1-champions-tour-2025-pacific-stage-1-ur1,Lotus,T1,DRX,DRX,iZu,Viper,157,15,20,10,103,47%
VCT 2025 Pacific Stage 1,https://www.vlr.gg/473834/drx-vs-t1-champions-tour-2025-pacific-stage-1-ur1,Fracture,DRX,T1,DRX,MaKo,Brimstone,220,20,15,18,153,21%
VCT 2025 Pacific Stage 1,https://www.vlr.gg/473834/drx-vs-t1-champions-tour-2025-pacific-stage-1-ur1,Fracture,DRX,T1,DRX,BeYN,Cypher,189,17,14,7,124,17%
VCT 2025 Pacific Stage 1,https://www.vlr.gg/473834/drx-vs-t1-champions-tour-2025-pacific-stage-1-ur1,Fracture,DRX,T1,DRX,HYUNMIN,Neon,277,24,21,7,158,15%
VCT 2025 Pacific Stage 1,https://www.vlr.gg/473834/drx-vs-t1-champions-tour-2025-pacific-stage-1-ur1,Fracture,DRX,T1,DRX,free1ng,Tejo,196,19,18,5,124,27%
VCT 2025 Pacific Stage 1,https://www.vlr.gg/473834/drx-vs-t1-champions-tour-2025-pacific-stage-1-ur1,Fracture,DRX,T1,DRX,Estrella,Breach,153,14,16,11,103,25%
VCT 2025 Pacific Stage 1,https://www.vlr.gg/473834/drx-vs-t1-champions-tour-2025-pacific-stage-1-ur1,Fracture,T1,DRX,DRX,iZu,Tejo,207,21,16,6,128,24%
VCT 2025 Pacific Stage 1,https://www.vlr.gg/473834/drx-vs-t1-champions-tour-2025-pacific-stage-1-ur1,Fracture,T1,DRX,DRX,Sylvan,Brimstone,224,18,19,17,132,25%
VCT 2025 Pacific Stage 1,https://www.vlr.gg/473834/drx-vs-t1-champions-tour-2025-pacific-stage-1-ur1,Fracture,T1,DRX,DRX,stax,Breach,183,17,19,12,115,22%
VCT 2025 Pacific Stage 1,https://www.vlr.gg/473834/drx-vs-t1-champions-tour-2025-pacific-stage-1-ur1,Fracture,T1,DRX,DRX,BuZz,Neon,139,14,19,2,80,18%
VCT 2025 Pacific Stage 1,https://www.vlr.gg/473834/drx-vs-t1-champions-tour-2025-pacific-stage-1-ur1,Fracture,T1,DRX,DRX,Meteor,Vyse,174,14,21,7,117,19%
VCT 2025 Pacific Stage 1,https://www.vlr.gg/473837/boom-esports-vs-gen-g-champions-tour-2025-pacific-stage-1-ubsf,Split,BOOM Esports,Gen.G,Gen.G,dos9,Omen,232,18,17,9,142,32%
VCT 2025 Pacific Stage 1,https://www.vlr.gg/473837/boom-esports-vs-gen-g-champions-tour-2025-pacific-stage-1-ubsf,Split,BOOM Esports,Gen.G,Gen.G,NcSlasher,Deadlock,151,11,15,2,99,48%
VCT 2025 Pacific Stage 1,https://www.vlr.gg/473837/boom-esports-vs-gen-g-champions-tour-2025-pacific-stage-1-ubsf,Split,BOOM Esports,Gen.G,Gen.G,BerserX,Viper,217,16,18,1,149,31%
VCT 2025 Pacific Stage 1,https://www.vlr.gg/473837/boom-esports-vs-gen-g-champions-tour-2025-pacific-stage-1-ubsf,Split,BOOM Esports,Gen.G,Gen.G,Shiro,Tejo,138,9,19,4,98,25%
VCT 2025 Pacific Stage 1,https://www.vlr.gg/473837/boom-esports-vs-gen-g-champions-tour-2025-pacific-stage-1-ubsf,Split,BOOM Esports,Gen.G,Gen.G,Famouz,Yoru,121,6,19,6,93,15%
VCT 2025 Pacific Stage 1,https://www.vlr.gg/473837/boom-esports-vs-gen-g-champions-tour-2025-pacific-stage-1-ubsf,Split,Gen.G,BOOM Esports,Gen.G,Karon,Omen,286,23,11,13,199,38%
VCT 2025 Pacific Stage 1,https://www.vlr.gg/473837/boom-esports-vs-gen-g-champions-tour-2025-pacific-stage-1-ubsf,Split,Gen.G,BOOM Esports,Gen.G,Munchkin,Viper,200,15,10,5,135,25%
VCT 2025 Pacific Stage 1,https://www.vlr.gg/473837/boom-esports-vs-gen-g-champions-tour-2025-pacific-stage-1-ubsf,Split,Gen.G,BOOM Esports,Gen.G,t3xture,Neon,245,19,13,4,167,33%
VCT 2025 Pacific Stage 1,https://www.vlr.gg/473837/boom-esports-vs-gen-g-champions-tour-2025-pacific-stage-1-ubsf,Split,Gen.G,BOOM Esports,Gen.G,Foxy9,Deadlock,268,21,17,5,152,46%
VCT 2025 Pacific Stage 1,https://www.vlr.gg/473837/boom-esports-vs-gen-g-champions-tour-2025-pacific-stage-1-ubsf,Split,Gen.G,BOOM Esports,Gen.G,Ash,Tejo,131,10,9,8,99,21%
VCT 2025 Pacific Stage 1,https://www.vlr.gg/473837/boom-esports-vs-gen-g-champions-tour-2025-pacific-stage-1-ubsf,Ascent,BOOM Esports,Gen.G,Gen.G,Shiro,Sova,233,15,13,6,136,18%
VCT 2025 Pacific Stage 1,https://www.vlr.gg/473837/boom-esports-vs-gen-g-champions-tour-2025-pacific-stage-1-ubsf,Ascent,BOOM Esports,Gen.G,Gen.G,BerserX,Vyse,152,10,14,4,111,28%
VCT 2025 Pacific Stage 1,https://www.vlr.gg/473837/boom-esports-vs-gen-g-champions-tour-2025-pacific-stage-1-ubsf,Ascent,BOOM Esports,Gen.G,Gen.G,NcSlasher,Tejo,120,9,13,2,72,47%
VCT 2025 Pacific Stage 1,https://www.vlr.gg/473837/boom-esports-vs-gen-g-champions-tour-2025-pacific-stage-1-ubsf,Ascent,BOOM Esports,Gen.G,Gen.G,dos9,Omen,129,6,15,10,102,27%
VCT 2025 Pacific Stage 1,https://www.vlr.gg/473837/boom-esports-vs-gen-g-champions-tour-2025-pacific-stage-1-ubsf,Ascent,BOOM Esports,Gen.G,Gen.G,Famouz,Yoru,149,11,16,2,81,13%
VCT 2025 Pacific Stage 1,https://www.vlr.gg/473837/boom-esports-vs-gen-g-champions-tour-2025-pacific-stage-1-ubsf,Ascent,Gen.G,BOOM Esports,Gen.G,t3xture,Jett,303,21,11,2,191,25%
VCT 2025 Pacific Stage 1,https://www.vlr.gg/473837/boom-esports-vs-gen-g-champions-tour-2025-pacific-stage-1-ubsf,Ascent,Gen.G,BOOM Esports,Gen.G,Munchkin,Kayo,200,15,9,8,143,25%
VCT 2025 Pacific Stage 1,https://www.vlr.gg/473837/boom-esports-vs-gen-g-champions-tour-2025-pacific-stage-1-ubsf,Ascent,Gen.G,BOOM Esports,Gen.G,Karon,Omen,204,13,10,7,150,40%
VCT 2025 Pacific Stage 1,https://www.vlr.gg/473837/boom-esports-vs-gen-g-champions-tour-2025-pacific-stage-1-ubsf,Ascent,Gen.G,BOOM Esports,Gen.G,Ash,Sova,165,12,8,3,116,53%
VCT 2025 Pacific Stage 1,https://www.vlr.gg/473837/boom-esports-vs-gen-g-champions-tour-2025-pacific-stage-1-ubsf,Ascent,Gen.G,BOOM Esports,Gen.G,Foxy9,Killjoy,147,10,13,2,113,32%
VCT 2025 Pacific Stage 1,https://www.vlr.gg/473838/rex-regum-qeon-vs-drx-champions-tour-2025-pacific-stage-1-ubsf,Fracture,Rex Regum Qeon,DRX,DRX,Kushy,Tejo,231,21,16,5,173,26%
VCT 2025 Pacific Stage 1,https://www.vlr.gg/473838/rex-regum-qeon-vs-drx-champions-tour-2025-pacific-stage-1-ubsf,Fracture,Rex Regum Qeon,DRX,DRX,xffero,Vyse,239,19,19,6,169,30%
VCT 2025 Pacific Stage 1,https://www.vlr.gg/473838/rex-regum-qeon-vs-drx-champions-tour-2025-pacific-stage-1-ubsf,Fracture,Rex Regum Qeon,DRX,DRX,Jemkin,Brimstone,171,14,17,7,126,29%
VCT 2025 Pacific Stage 1,https://www.vlr.gg/473838/rex-regum-qeon-vs-drx-champions-tour-2025-pacific-stage-1-ubsf,Fracture,Rex Regum Qeon,DRX,DRX,crazyguy,Breach,193,15,18,9,127,24%
VCT 2025 Pacific Stage 1,https://www.vlr.gg/473838/rex-regum-qeon-vs-drx-champions-tour-2025-pacific-stage-1-ubsf,Fracture,Rex Regum Qeon,DRX,DRX,Monyet,Neon,169,15,20,4,97,31%
VCT 2025 Pacific Stage 1,https://www.vlr.gg/473838/rex-regum-qeon-vs-drx-champions-tour-2025-pacific-stage-1-ubsf,Fracture,DRX,Rex Regum Qeon,DRX,MaKo,Brimstone,351,29,16,10,216,17%
VCT 2025 Pacific Stage 1,https://www.vlr.gg/473838/rex-regum-qeon-vs-drx-champions-tour-2025-pacific-stage-1-ubsf,Fracture,DRX,Rex Regum Qeon,DRX,BeYN,Cypher,225,19,16,11,146,31%
VCT 2025 Pacific Stage 1,https://www.vlr.gg/473838/rex-regum-qeon-vs-drx-champions-tour-2025-pacific-stage-1-ubsf,Fracture,DRX,Rex Regum Qeon,DRX,free1ng,Tejo,197,16,15,5,132,28%
VCT 2025 Pacific Stage 1,https://www.vlr.gg/473838/rex-regum-qeon-vs-drx-champions-tour-2025-pacific-stage-1-ubsf,Fracture,DRX,Rex Regum Qeon,DRX,HYUNMIN,Neon,199,17,19,7,128,32%
VCT 2025 Pacific Stage 1,https://www.vlr.gg/473838/rex-regum-qeon-vs-drx-champions-tour-2025-pacific-stage-1-ubsf,Fracture,DRX,Rex Regum Qeon,DRX,Estrella,Breach,96,9,18,6,56,19%
VCT 2025 Pacific Stage 1,https://www.vlr.gg/473838/rex-regum-qeon-vs-drx-champions-tour-2025-pacific-stage-1-ubsf,Icebox,Rex Regum Qeon,DRX,Rex Regum Qeon,Jemkin,Jett,325,21,8,1,209,33%
VCT 2025 Pacific Stage 1,https://www.vlr.gg/473838/rex-regum-qeon-vs-drx-champions-tour-2025-pacific-stage-1-ubsf,Icebox,Rex Regum Qeon,DRX,Rex Regum Qeon,xffero,Killjoy,246,15,9,1,177,27%
VCT 2025 Pacific Stage 1,https://www.vlr.gg/473838/rex-regum-qeon-vs-drx-champions-tour-2025-pacific-stage-1-ubsf,Icebox,Rex Regum Qeon,DRX,Rex Regum Qeon,Monyet,Viper,175,12,9,11,121,27%
VCT 2025 Pacific Stage 1,https://www.vlr.gg/473838/rex-regum-qeon-vs-drx-champions-tour-2025-pacific-stage-1-ubsf,Icebox,Rex Regum Qeon,DRX,Rex Regum Qeon,Kushy,Kayo,206,14,11,6,133,44%
VCT 2025 Pacific Stage 1,https://www.vlr.gg/473838/rex-regum-qeon-vs-drx-champions-tour-2025-pacific-stage-1-ubsf,Icebox,Rex Regum Qeon,DRX,Rex Regum Qeon,crazyguy,Tejo,219,11,12,7,147,15%
VCT 2025 Pacific Stage 1,https://www.vlr.gg/473838/rex-regum-qeon-vs-drx-champions-tour-2025-pacific-stage-1-ubsf,Icebox,DRX,Rex Regum Qeon,Rex Regum Qeon,MaKo,Viper,210,12,13,7,123,22%
VCT 2025 Pacific Stage 1,https://www.vlr.gg/473838/rex-regum-qeon-vs-drx-champions-tour-2025-pacific-stage-1-ubsf,Icebox,DRX,Rex Regum Qeon,Rex Regum Qeon,HYUNMIN,Jett,254,15,16,2,161,27%
VCT 2025 Pacific Stage 1,https://www.vlr.gg/473838/rex-regum-qeon-vs-drx-champions-tour-2025-pacific-stage-1-ubsf,Icebox,DRX,Rex Regum Qeon,Rex Regum Qeon,free1ng,Tejo,131,7,14,2,96,11%
VCT 2025 Pacific Stage 1,https://www.vlr.gg/473838/rex-regum-qeon-vs-drx-champions-tour-2025-pacific-stage-1-ubsf,Icebox,DRX,Rex Regum Qeon,Rex Regum Qeon,Estrella,Kayo,143,8,14,6,92,26%
VCT 2025 Pacific Stage 1,https://www.vlr.gg/473838/rex-regum-qeon-vs-drx-champions-tour-2025-pacific-stage-1-ubsf,Icebox,DRX,Rex Regum Qeon,Rex Regum Qeon,BeYN,Killjoy,123,7,16,1,69,29%
VCT 2025 Pacific Stage 1,https://www.vlr.gg/473838/rex-regum-qeon-vs-drx-champions-tour-2025-pacific-stage-1-ubsf,Lotus,Rex Regum Qeon,DRX,Rex Regum Qeon,Jemkin,Yoru,264,25,12,3,168,43%
VCT 2025 Pacific Stage 1,https://www.vlr.gg/473838/rex-regum-qeon-vs-drx-champions-tour-2025-pacific-stage-1-ubsf,Lotus,Rex Regum Qeon,DRX,Rex Regum Qeon,crazyguy,Breach,268,23,17,8,174,36%
VCT 2025 Pacific Stage 1,https://www.vlr.gg/473838/rex-regum-qeon-vs-drx-champions-tour-2025-pacific-stage-1-ubsf,Lotus,Rex Regum Qeon,DRX,Rex Regum Qeon,xffero,Viper,207,22,17,4,128,27%
VCT 2025 Pacific Stage 1,https://www.vlr.gg/473838/rex-regum-qeon-vs-drx-champions-tour-2025-pacific-stage-1-ubsf,Lotus,Rex Regum Qeon,DRX,Rex Regum Qeon,Monyet,Omen,146,11,17,15,100,25%
VCT 2025 Pacific Stage 1,https://www.vlr.gg/473838/rex-regum-qeon-vs-drx-champions-tour-2025-pacific-stage-1-ubsf,Lotus,Rex Regum Qeon,DRX,Rex Regum Qeon,Kushy,Tejo,130,10,20,12,104,23%
VCT 2025 Pacific Stage 1,https://www.vlr.gg/473838/rex-regum-qeon-vs-drx-champions-tour-2025-pacific-stage-1-ubsf,Lotus,DRX,Rex Regum Qeon,Rex Regum Qeon,free1ng,Killjoy,233,22,16,2,151,28%
VCT 2025 Pacific Stage 1,https://www.vlr.gg/473838/rex-regum-qeon-vs-drx-champions-tour-2025-pacific-stage-1-ubsf,Lotus,DRX,Rex Regum Qeon,Rex Regum Qeon,HYUNMIN,Raze,285,24,21,2,182,24%
VCT 2025 Pacific Stage 1,https://www.vlr.gg/473838/rex-regum-qeon-vs-drx-champions-tour-2025-pacific-stage-1-ubsf,Lotus,DRX,Rex Regum Qeon,Rex Regum Qeon,MaKo,Omen,217,20,17,7,130,34%
VCT 2025 Pacific Stage 1,https://www.vlr.gg/473838/rex-regum-qeon-vs-drx-champions-tour-2025-pacific-stage-1-ubsf,Lotus,DRX,Rex Regum Qeon,Rex Regum Qeon,Estrella,Viper,128,11,16,4,82,16%
VCT 2025 Pacific Stage 1,https://www.vlr.gg/473838/rex-regum-qeon-vs-drx-champions-tour-2025-pacific-stage-1-ubsf,Lotus,DRX,Rex Regum Qeon,Rex Regum Qeon,BeYN,Fade,83,6,21,8,53,14%
VCT 2025 Pacific Stage 1,https://www.vlr.gg/473835/talon-vs-nongshim-redforce-champions-tour-2025-pacific-stage-1-lr1,Haven,TALON,Nongshim RedForce,TALON,primmie,Yoru,300,25,13,1,192,34%
VCT 2025 Pacific Stage 1,https://www.vlr.gg/473835/talon-vs-nongshim-redforce-champions-tour-2025-pacific-stage-1-lr1,Haven,TALON,Nongshim RedForce,TALON,JitBoyS,Cypher,227,17,15,3,154,35%
VCT 2025 Pacific Stage 1,https://www.vlr.gg/473835/talon-vs-nongshim-redforce-champions-tour-2025-pacific-stage-1-lr1,Haven,TALON,Nongshim RedForce,TALON,thyy,Omen,179,14,14,6,111,35%
VCT 2025 Pacific Stage 1,https://www.vlr.gg/473835/talon-vs-nongshim-redforce-champions-tour-2025-pacific-stage-1-lr1,Haven,TALON,Nongshim RedForce,TALON,Crws,Deadlock,125,11,13,4,82,24%
VCT 2025 Pacific Stage 1,https://www.vlr.gg/473835/talon-vs-nongshim-redforce-champions-tour-2025-pacific-stage-1-lr1,Haven,TALON,Nongshim RedForce,TALON,Killua,Tejo,149,10,14,9,113,30%
VCT 2025 Pacific Stage 1,https://www.vlr.gg/473835/talon-vs-nongshim-redforce-champions-tour-2025-pacific-stage-1-lr1,Haven,Nongshim RedForce,TALON,TALON,Ivy,Sova,230,18,12,6,149,36%
VCT 2025 Pacific Stage 1,https://www.vlr.gg/473835/talon-vs-nongshim-redforce-champions-tour-2025-pacific-stage-1-lr1,Haven,Nongshim RedForce,TALON,TALON,Dambi,Neon,287,20,16,5,192,29%
VCT 2025 Pacific Stage 1,https://www.vlr.gg/473835/talon-vs-nongshim-redforce-champions-tour-2025-pacific-stage-1-lr1,Haven,Nongshim RedForce,TALON,TALON,Persia,Omen,153,12,15,3,91,23%
VCT 2025 Pacific Stage 1,https://www.vlr.gg/473835/talon-vs-nongshim-redforce-champions-tour-2025-pacific-stage-1-lr1,Haven,Nongshim RedForce,TALON,TALON,margaret,Cypher,100,9,15,1,71,32%
VCT 2025 Pacific Stage 1,https://www.vlr.gg/473835/talon-vs-nongshim-redforce-champions-tour-2025-pacific-stage-1-lr1,Haven,Nongshim RedForce,TALON,TALON,Francis,Breach,130,10,19,9,81,26%
VCT 2025 Pacific Stage 1,https://www.vlr.gg/473835/talon-vs-nongshim-redforce-champions-tour-2025-pacific-stage-1-lr1,Pearl,TALON,Nongshim RedForce,Nongshim RedForce,Killua,Vyse,222,14,16,4,147,39%
VCT 2025 Pacific Stage 1,https://www.vlr.gg/473835/talon-vs-nongshim-redforce-champions-tour-2025-pacific-stage-1-lr1,Pearl,TALON,Nongshim RedForce,Nongshim RedForce,JitBoyS,Cypher,141,10,15,3,103,48%
VCT 2025 Pacific Stage 1,https://www.vlr.gg/473835/talon-vs-nongshim-redforce-champions-tour-2025-pacific-stage-1-lr1,Pearl,TALON,Nongshim RedForce,Nongshim RedForce,primmie,Yoru,172,11,16,5,112,22%
VCT 2025 Pacific Stage 1,https://www.vlr.gg/473835/talon-vs-nongshim-redforce-champions-tour-2025-pacific-stage-1-lr1,Pearl,TALON,Nongshim RedForce,Nongshim RedForce,thyy,Astra,131,10,17,2,77,36%
VCT 2025 Pacific Stage 1,https://www.vlr.gg/473835/talon-vs-nongshim-redforce-champions-tour-2025-pacific-stage-1-lr1,Pearl,TALON,Nongshim RedForce,Nongshim RedForce,Crws,Tejo,112,8,17,1,81,38%
VCT 2025 Pacific Stage 1,https://www.vlr.gg/473835/talon-vs-nongshim-redforce-champions-tour-2025-pacific-stage-1-lr1,Pearl,Nongshim RedForce,TALON,Nongshim RedForce,Francis,Sova,265,21,6,4,178,22%
VCT 2025 Pacific Stage 1,https://www.vlr.gg/473835/talon-vs-nongshim-redforce-champions-tour-2025-pacific-stage-1-lr1,Pearl,Nongshim RedForce,TALON,Nongshim RedForce,Persia,Astra,183,14,10,4,113,24%
VCT 2025 Pacific Stage 1,https://www.vlr.gg/473835/talon-vs-nongshim-redforce-champions-tour-2025-pacific-stage-1-lr1,Pearl,Nongshim RedForce,TALON,Nongshim RedForce,margaret,Killjoy,243,17,12,5,168,29%
VCT 2025 Pacific Stage 1,https://www.vlr.gg/473835/talon-vs-nongshim-redforce-champions-tour-2025-pacific-stage-1-lr1,Pearl,Nongshim RedForce,TALON,Nongshim RedForce,Ivy,Vyse,189,15,13,6,114,33%
VCT 2025 Pacific Stage 1,https://www.vlr.gg/473835/talon-vs-nongshim-redforce-champions-tour-2025-pacific-stage-1-lr1,Pearl,Nongshim RedForce,TALON,Nongshim RedForce,Dambi,Neon,187,14,12,2,129,7%
VCT 2025 Pacific Stage 1,https://www.vlr.gg/473835/talon-vs-nongshim-redforce-champions-tour-2025-pacific-stage-1-lr1,Ascent,TALON,Nongshim RedForce,TALON,Killua,Vyse,249,18,13,7,164,35%
VCT 2025 Pacific Stage 1,https://www.vlr.gg/473835/talon-vs-nongshim-redforce-champions-tour-2025-pacific-stage-1-lr1,Ascent,TALON,Nongshim RedForce,TALON,JitBoyS,Deadlock,219,19,13,6,140,30%
VCT 2025 Pacific Stage 1,https://www.vlr.gg/473835/talon-vs-nongshim-redforce-champions-tour-2025-pacific-stage-1-lr1,Ascent,TALON,Nongshim RedForce,TALON,Crws,Tejo,215,16,13,4,160,29%
VCT 2025 Pacific Stage 1,https://www.vlr.gg/473835/talon-vs-nongshim-redforce-champions-tour-2025-pacific-stage-1-lr1,Ascent,TALON,Nongshim RedForce,TALON,primmie,Jett,194,15,15,2,139,48%
VCT 2025 Pacific Stage 1,https://www.vlr.gg/473835/talon-vs-nongshim-redforce-champions-tour-2025-pacific-stage-1-lr1,Ascent,TALON,Nongshim RedForce,TALON,thyy,Omen,123,9,13,5,78,52%
VCT 2025 Pacific Stage 1,https://www.vlr.gg/473835/talon-vs-nongshim-redforce-champions-tour-2025-pacific-stage-1-lr1,Ascent,Nongshim RedForce,TALON,TALON,Dambi,Yoru,201,16,15,4,134,24%
VCT 2025 Pacific Stage 1,https://www.vlr.gg/473835/talon-vs-nongshim-redforce-champions-tour-2025-pacific-stage-1-lr1,Ascent,Nongshim RedForce,TALON,TALON,Ivy,Tejo,156,12,13,1,107,19%
VCT 2025 Pacific Stage 1,https://www.vlr.gg/473835/talon-vs-nongshim-redforce-champions-tour-2025-pacific-stage-1-lr1,Ascent,Nongshim RedForce,TALON,TALON,margaret,Cypher,191,16,16,3,131,30%
VCT 2025 Pacific Stage 1,https://www.vlr.gg/473835/talon-vs-nongshim-redforce-champions-tour-2025-pacific-stage-1-lr1,Ascent,Nongshim RedForce,TALON,TALON,Persia,Omen,175,13,17,6,115,29%
VCT 2025 Pacific Stage 1,https://www.vlr.gg/473835/talon-vs-nongshim-redforce-champions-tour-2025-pacific-stage-1-lr1,Ascent,Nongshim RedForce,TALON,TALON,Francis,Harbor,150,10,16,6,108,17%
VCT 2025 Pacific Stage 1,https://www.vlr.gg/473836/t1-vs-paper-rex-champions-tour-2025-pacific-stage-1-lr1,Fracture,T1,Paper Rex,T1,BuZz,Neon,336,19,10,5,204,28%
VCT 2025 Pacific Stage 1,https://www.vlr.gg/473836/t1-vs-paper-rex-champions-tour-2025-pacific-stage-1-lr1,Fracture,T1,Paper Rex,T1,Meteor,Vyse,278,18,8,5,165,30%
VCT 2025 Pacific Stage 1,https://www.vlr.gg/473836/t1-vs-paper-rex-champions-tour-2025-pacific-stage-1-lr1,Fracture,T1,Paper Rex,T1,iZu,Tejo,250,16,8,3,145,30%
VCT 2025 Pacific Stage 1,https://www.vlr.gg/473836/t1-vs-paper-rex-champions-tour-2025-pacific-stage-1-lr1,Fracture,T1,Paper Rex,T1,Sylvan,Brimstone,198,10,8,8,143,21%
VCT 2025 Pacific Stage 1,https://www.vlr.gg/473836/t1-vs-paper-rex-champions-tour-2025-pacific-stage-1-lr1,Fracture,T1,Paper Rex,T1,stax,Breach,138,7,8,7,91,19%
VCT 2025 Pacific Stage 1,https://www.vlr.gg/473836/t1-vs-paper-rex-champions-tour-2025-pacific-stage-1-lr1,Fracture,Paper Rex,T1,T1,f0rsakeN,Neon,266,15,13,6,158,21%
VCT 2025 Pacific Stage 1,https://www.vlr.gg/473836/t1-vs-paper-rex-champions-tour-2025-pacific-stage-1-lr1,Fracture,Paper Rex,T1,T1,Jinggg,Raze,193,10,13,2,134,21%
VCT 2025 Pacific Stage 1,https://www.vlr.gg/473836/t1-vs-paper-rex-champions-tour-2025-pacific-stage-1-lr1,Fracture,Paper Rex,T1,T1,PatMen,Breach,162,9,14,8,117,39%
VCT 2025 Pacific Stage 1,https://www.vlr.gg/473836/t1-vs-paper-rex-champions-tour-2025-pacific-stage-1-lr1,Fracture,Paper Rex,T1,T1,d4v41,Killjoy,116,7,15,3,79,14%
VCT 2025 Pacific Stage 1,https://www.vlr.gg/473836/t1-vs-paper-rex-champions-tour-2025-pacific-stage-1-lr1,Fracture,Paper Rex,T1,T1,something,Brimstone,65,1,15,10,50,10%
VCT 2025 Pacific Stage 1,https://www.vlr.gg/473836/t1-vs-paper-rex-champions-tour-2025-pacific-stage-1-lr1,Ascent,T1,Paper Rex,Paper Rex,BuZz,Jett,252,14,16,2,169,41%
VCT 2025 Pacific Stage 1,https://www.vlr.gg/473836/t1-vs-paper-rex-champions-tour-2025-pacific-stage-1-lr1,Ascent,T1,Paper Rex,Paper Rex,iZu,Sova,186,9,16,3,142,29%
VCT 2025 Pacific Stage 1,https://www.vlr.gg/473836/t1-vs-paper-rex-champions-tour-2025-pacific-stage-1-lr1,Ascent,T1,Paper Rex,Paper Rex,Sylvan,Omen,134,8,14,5,93,30%
VCT 2025 Pacific Stage 1,https://www.vlr.gg/473836/t1-vs-paper-rex-champions-tour-2025-pacific-stage-1-lr1,Ascent,T1,Paper Rex,Paper Rex,stax,Kayo,156,9,16,4,106,29%
VCT 2025 Pacific Stage 1,https://www.vlr.gg/473836/t1-vs-paper-rex-champions-tour-2025-pacific-stage-1-lr1,Ascent,T1,Paper Rex,Paper Rex,Meteor,Killjoy,163,9,16,0,114,18%
VCT 2025 Pacific Stage 1,https://www.vlr.gg/473836/t1-vs-paper-rex-champions-tour-2025-pacific-stage-1-lr1,Ascent,Paper Rex,T1,Paper Rex,something,Jett,306,19,10,5,188,14%
VCT 2025 Pacific Stage 1,https://www.vlr.gg/473836/t1-vs-paper-rex-champions-tour-2025-pacific-stage-1-lr1,Ascent,Paper Rex,T1,Paper Rex,Jinggg,Omen,284,18,10,14,175,33%
VCT 2025 Pacific Stage 1,https://www.vlr.gg/473836/t1-vs-paper-rex-champions-tour-2025-pacific-stage-1-lr1,Ascent,Paper Rex,T1,Paper Rex,PatMen,Kayo,272,18,10,9,183,27%
VCT 2025 Pacific Stage 1,https://www.vlr.gg/473836/t1-vs-paper-rex-champions-tour-2025-pacific-stage-1-lr1,Ascent,Paper Rex,T1,Paper Rex,d4v41,Vyse,204,14,8,6,153,24%
VCT 2025 Pacific Stage 1,https://www.vlr.gg/473836/t1-vs-paper-rex-champions-tour-2025-pacific-stage-1-lr1,Ascent,Paper Rex,T1,Paper Rex,f0rsakeN,Fade,141,9,11,8,83,43%
VCT 2025 Pacific Stage 1,https://www.vlr.gg/473836/t1-vs-paper-rex-champions-tour-2025-pacific-stage-1-lr1,Lotus,T1,Paper Rex,Paper Rex,Meteor,Tejo,219,11,14,0,143,32%
VCT 2025 Pacific Stage 1,https://www.vlr.gg/473836/t1-vs-paper-rex-champions-tour-2025-pacific-stage-1-lr1,Lotus,T1,Paper Rex,Paper Rex,stax,Breach,166,8,14,5,113,56%
VCT 2025 Pacific Stage 1,https://www.vlr.gg/473836/t1-vs-paper-rex-champions-tour-2025-pacific-stage-1-lr1,Lotus,T1,Paper Rex,Paper Rex,iZu,Viper,171,8,15,1,107,33%
VCT 2025 Pacific Stage 1,https://www.vlr.gg/473836/t1-vs-paper-rex-champions-tour-2025-pacific-stage-1-lr1,Lotus,T1,Paper Rex,Paper Rex,Sylvan,Omen,100,6,14,3,77,21%
VCT 2025 Pacific Stage 1,https://www.vlr.gg/473836/t1-vs-paper-rex-champions-tour-2025-pacific-stage-1-lr1,Lotus,T1,Paper Rex,Paper Rex,BuZz,Yoru,125,7,14,1,75,29%
VCT 2025 Pacific Stage 1,https://www.vlr.gg/473836/t1-vs-paper-rex-champions-tour-2025-pacific-stage-1-lr1,Lotus,Paper Rex,T1,Paper Rex,Jinggg,Raze,332,18,10,8,252,21%
VCT 2025 Pacific Stage 1,https://www.vlr.gg/473836/t1-vs-paper-rex-champions-tour-2025-pacific-stage-1-lr1,Lotus,Paper Rex,T1,Paper Rex,something,Yoru,299,16,6,5,177,28%
VCT 2025 Pacific Stage 1,https://www.vlr.gg/473836/t1-vs-paper-rex-champions-tour-2025-pacific-stage-1-lr1,Lotus,Paper Rex,T1,Paper Rex,f0rsakeN,Omen,229,15,6,5,134,38%
VCT 2025 Pacific Stage 1,https://www.vlr.gg/473836/t1-vs-paper-rex-champions-tour-2025-pacific-stage-1-lr1,Lotus,Paper Rex,T1,Paper Rex,PatMen,Fade,178,9,9,10,113,17%
VCT 2025 Pacific Stage 1,https://www.vlr.gg/473836/t1-vs-paper-rex-champions-tour-2025-pacific-stage-1-lr1,Lotus,Paper Rex,T1,Paper Rex,d4v41,Vyse,205,13,9,5,122,32%
VCT 2025 Pacific Stage 1,https://www.vlr.gg/473839/drx-vs-talon-champions-tour-2025-pacific-stage-1-lr2,Icebox,DRX,TALON,DRX,MaKo,Viper,265,17,8,4,152,38%
VCT 2025 Pacific Stage 1,https://www.vlr.gg/473839/drx-vs-talon-champions-tour-2025-pacific-stage-1-lr2,Icebox,DRX,TALON,DRX,HYUNMIN,Jett,260,16,9,2,163,38%
VCT 2025 Pacific Stage 1,https://www.vlr.gg/473839/drx-vs-talon-champions-tour-2025-pacific-stage-1-lr2,Icebox,DRX,TALON,DRX,BeYN,Killjoy,235,14,9,2,138,28%
VCT 2025 Pacific Stage 1,https://www.vlr.gg/473839/drx-vs-talon-champions-tour-2025-pacific-stage-1-lr2,Icebox,DRX,TALON,DRX,free1ng,Tejo,198,13,10,5,123,20%
VCT 2025 Pacific Stage 1,https://www.vlr.gg/473839/drx-vs-talon-champions-tour-2025-pacific-stage-1-lr2,Icebox,DRX,TALON,DRX,Estrella,Harbor,144,9,12,6,74,23%
VCT 2025 Pacific Stage 1,https://www.vlr.gg/473839/drx-vs-talon-champions-tour-2025-pacific-stage-1-lr2,Icebox,TALON,DRX,DRX,primmie,Jett,235,15,15,0,146,32%
VCT 2025 Pacific Stage 1,https://www.vlr.gg/473839/drx-vs-talon-champions-tour-2025-pacific-stage-1-lr2,Icebox,TALON,DRX,DRX,thyy,Viper,207,12,13,5,133,29%
VCT 2025 Pacific Stage 1,https://www.vlr.gg/473839/drx-vs-talon-champions-tour-2025-pacific-stage-1-lr2,Icebox,TALON,DRX,DRX,JitBoyS,Killjoy,195,11,14,2,142,38%
VCT 2025 Pacific Stage 1,https://www.vlr.gg/473839/drx-vs-talon-champions-tour-2025-pacific-stage-1-lr2,Icebox,TALON,DRX,DRX,Killua,Tejo,114,5,13,7,83,21%
VCT 2025 Pacific Stage 1,https://www.vlr.gg/473839/drx-vs-talon-champions-tour-2025-pacific-stage-1-lr2,Icebox,TALON,DRX,DRX,Crws,Sova,91,5,14,2,78,24%
VCT 2025 Pacific Stage 1,https://www.vlr.gg/473839/drx-vs-talon-champions-tour-2025-pacific-stage-1-lr2,Fracture,DRX,TALON,DRX,MaKo,Brimstone,269,24,17,19,174,39%
VCT 2025 Pacific Stage 1,https://www.vlr.gg/473839/drx-vs-talon-champions-tour-2025-pacific-stage-1-lr2,Fracture,DRX,TALON,DRX,BeYN,Cypher,189,19,14,2,132,23%
VCT 2025 Pacific Stage 1,https://www.vlr.gg/473839/drx-vs-talon-champions-tour-2025-pacific-stage-1-lr2,Fracture,DRX,TALON,DRX,HYUNMIN,Neon,205,21,18,6,141,31%
VCT 2025 Pacific Stage 1,https://www.vlr.gg/473839/drx-vs-talon-champions-tour-2025-pacific-stage-1-lr2,Fracture,DRX,TALON,DRX,free1ng,Tejo,156,13,19,7,118,27%
VCT 2025 Pacific Stage 1,https://www.vlr.gg/473839/drx-vs-talon-champions-tour-2025-pacific-stage-1-lr2,Fracture,DRX,TALON,DRX,Estrella,Breach,164,15,18,9,102,33%
VCT 2025 Pacific Stage 1,https://www.vlr.gg/473839/drx-vs-talon-champions-tour-2025-pacific-stage-1-lr2,Fracture,TALON,DRX,DRX,primmie,Waylay,227,23,19,3,135,28%
VCT 2025 Pacific Stage 1,https://www.vlr.gg/473839/drx-vs-talon-champions-tour-2025-pacific-stage-1-lr2,Fracture,TALON,DRX,DRX,Crws,Tejo,219,19,18,3,150,27%
VCT 2025 Pacific Stage 1,https://www.vlr.gg/473839/drx-vs-talon-champions-tour-2025-pacific-stage-1-lr2,Fracture,TALON,DRX,DRX,Killua,Breach,167,14,19,10,101,29%
VCT 2025 Pacific Stage 1,https://www.vlr.gg/473839/drx-vs-talon-champions-tour-2025-pacific-stage-1-lr2,Fracture,TALON,DRX,DRX,thyy,Brimstone,164,14,17,12,102,38%
VCT 2025 Pacific Stage 1,https://www.vlr.gg/473839/drx-vs-talon-champions-tour-2025-pacific-stage-1-lr2,Fracture,TALON,DRX,DRX,JitBoyS,Cypher,182,16,19,3,108,26%
VCT 2025 Pacific Stage 1,https://www.vlr.gg/473840/boom-esports-vs-paper-rex-champions-tour-2025-pacific-stage-1-lr2,Lotus,BOOM Esports,Paper Rex,Paper Rex,dos9,Omen,283,17,17,2,185,37%
VCT 2025 Pacific Stage 1,https://www.vlr.gg/473840/boom-esports-vs-paper-rex-champions-tour-2025-pacific-stage-1-lr2,Lotus,BOOM Esports,Paper Rex,Paper Rex,NcSlasher,Breach,238,13,17,6,159,18%
VCT 2025 Pacific Stage 1,https://www.vlr.gg/473840/boom-esports-vs-paper-rex-champions-tour-2025-pacific-stage-1-lr2,Lotus,BOOM Esports,Paper Rex,Paper Rex,Famouz,Neon,139,9,17,1,84,31%
VCT 2025 Pacific Stage 1,https://www.vlr.gg/473840/boom-esports-vs-paper-rex-champions-tour-2025-pacific-stage-1-lr2,Lotus,BOOM Esports,Paper Rex,Paper Rex,BerserX,Viper,111,5,16,5,82,20%
VCT 2025 Pacific Stage 1,https://www.vlr.gg/473840/boom-esports-vs-paper-rex-champions-tour-2025-pacific-stage-1-lr2,Lotus,BOOM Esports,Paper Rex,Paper Rex,Shiro,Tejo,93,5,16,1,77,13%
VCT 2025 Pacific Stage 1,https://www.vlr.gg/473840/boom-esports-vs-paper-rex-champions-tour-2025-pacific-stage-1-lr2,Lotus,Paper Rex,BOOM Esports,Paper Rex,Jinggg,Raze,364,28,8,3,221,22%
VCT 2025 Pacific Stage 1,https://www.vlr.gg/473840/boom-esports-vs-paper-rex-champions-tour-2025-pacific-stage-1-lr2,Lotus,Paper Rex,BOOM Esports,Paper Rex,something,Yoru,205,14,8,8,142,20%
VCT 2025 Pacific Stage 1,https://www.vlr.gg/473840/boom-esports-vs-paper-rex-champions-tour-2025-pacific-stage-1-lr2,Lotus,Paper Rex,BOOM Esports,Paper Rex,d4v41,Vyse,221,14,10,8,146,19%
VCT 2025 Pacific Stage 1,https://www.vlr.gg/473840/boom-esports-vs-paper-rex-champions-tour-2025-pacific-stage-1-lr2,Lotus,Paper Rex,BOOM Esports,Paper Rex,f0rsakeN,Omen,235,13,12,15,137,13%
VCT 2025 Pacific Stage 1,https://www.vlr.gg/473840/boom-esports-vs-paper-rex-champions-tour-2025-pacific-stage-1-lr2,Lotus,Paper Rex,BOOM Esports,Paper Rex,PatMen,Fade,190,13,11,12,126,30%
VCT 2025 Pacific Stage 1,https://www.vlr.gg/473840/boom-esports-vs-paper-rex-champions-tour-2025-pacific-stage-1-lr2,Fracture,BOOM Esports,Paper Rex,Paper Rex,BerserX,Killjoy,253,19,17,5,155,14%
VCT 2025 Pacific Stage 1,https://www.vlr.gg/473840/boom-esports-vs-paper-rex-champions-tour-2025-pacific-stage-1-lr2,Fracture,BOOM Esports,Paper Rex,Paper Rex,dos9,Brimstone,261,18,16,9,165,15%
VCT 2025 Pacific Stage 1,https://www.vlr.gg/473840/boom-esports-vs-paper-rex-champions-tour-2025-pacific-stage-1-lr2,Fracture,BOOM Esports,Paper Rex,Paper Rex,NcSlasher,Breach,193,13,18,14,128,38%
VCT 2025 Pacific Stage 1,https://www.vlr.gg/473840/boom-esports-vs-paper-rex-champions-tour-2025-pacific-stage-1-lr2,Fracture,BOOM Esports,Paper Rex,Paper Rex,Shiro,Tejo,168,11,16,4,119,31%
VCT 2025 Pacific Stage 1,https://www.vlr.gg/473840/boom-esports-vs-paper-rex-champions-tour-2025-pacific-stage-1-lr2,Fracture,BOOM Esports,Paper Rex,Paper Rex,Famouz,Neon,138,12,15,3,94,8%
VCT 2025 Pacific Stage 1,https://www.vlr.gg/473840/boom-esports-vs-paper-rex-champions-tour-2025-pacific-stage-1-lr2,Fracture,Paper Rex,BOOM Esports,Paper Rex,PatMen,Breach,245,19,11,8,157,28%
VCT 2025 Pacific Stage 1,https://www.vlr.gg/473840/boom-esports-vs-paper-rex-champions-tour-2025-pacific-stage-1-lr2,Fracture,Paper Rex,BOOM Esports,Paper Rex,something,Brimstone,231,16,17,12,168,20%
VCT 2025 Pacific Stage 1,https://www.vlr.gg/473840/boom-esports-vs-paper-rex-champions-tour-2025-pacific-stage-1-lr2,Fracture,Paper Rex,BOOM Esports,Paper Rex,Jinggg,Raze,232,18,15,2,147,31%
VCT 2025 Pacific Stage 1,https://www.vlr.gg/473840/boom-esports-vs-paper-rex-champions-tour-2025-pacific-stage-1-lr2,Fracture,Paper Rex,BOOM Esports,Paper Rex,f0rsakeN,Neon,217,15,16,5,136,12%
VCT 2025 Pacific Stage 1,https://www.vlr.gg/473840/boom-esports-vs-paper-rex-champions-tour-2025-pacific-stage-1-lr2,Fracture,Paper Rex,BOOM Esports,Paper Rex,d4v41,Killjoy,180,14,14,2,127,11%
VCT 2025 Pacific Stage 1,https://www.vlr.gg/473841/gen-g-vs-rex-regum-qeon-champions-tour-2025-pacific-stage-1-ubf,Lotus,Gen.G,Rex Regum Qeon,Gen.G,t3xture,Raze,290,21,10,1,180,26%
VCT 2025 Pacific Stage 1,https://www.vlr.gg/473841/gen-g-vs-rex-regum-qeon-champions-tour-2025-pacific-stage-1-ubf,Lotus,Gen.G,Rex Regum Qeon,Gen.G,Karon,Omen,259,16,8,5,160,25%
VCT 2025 Pacific Stage 1,https://www.vlr.gg/473841/gen-g-vs-rex-regum-qeon-champions-tour-2025-pacific-stage-1-ubf,Lotus,Gen.G,Rex Regum Qeon,Gen.G,Munchkin,Viper,220,14,10,3,149,29%
VCT 2025 Pacific Stage 1,https://www.vlr.gg/473841/gen-g-vs-rex-regum-qeon-champions-tour-2025-pacific-stage-1-ubf,Lotus,Gen.G,Rex Regum Qeon,Gen.G,Foxy9,Vyse,159,10,8,3,103,30%
VCT 2025 Pacific Stage 1,https://www.vlr.gg/473841/gen-g-vs-rex-regum-qeon-champions-tour-2025-pacific-stage-1-ubf,Lotus,Gen.G,Rex Regum Qeon,Gen.G,Ash,Fade,139,9,9,6,81,35%
VCT 2025 Pacific Stage 1,https://www.vlr.gg/473841/gen-g-vs-rex-regum-qeon-champions-tour-2025-pacific-stage-1-ubf,Lotus,Rex Regum Qeon,Gen.G,Gen.G,Jemkin,Yoru,227,14,14,1,134,34%
VCT 2025 Pacific Stage 1,https://www.vlr.gg/473841/gen-g-vs-rex-regum-qeon-champions-tour-2025-pacific-stage-1-ubf,Lotus,Rex Regum Qeon,Gen.G,Gen.G,Monyet,Omen,147,9,13,2,109,41%
VCT 2025 Pacific Stage 1,https://www.vlr.gg/473841/gen-g-vs-rex-regum-qeon-champions-tour-2025-pacific-stage-1-ubf,Lotus,Rex Regum Qeon,Gen.G,Gen.G,Kushy,Tejo,159,9,14,3,112,19%
VCT 2025 Pacific Stage 1,https://www.vlr.gg/473841/gen-g-vs-rex-regum-qeon-champions-tour-2025-pacific-stage-1-ubf,Lotus,Rex Regum Qeon,Gen.G,Gen.G,crazyguy,Breach,136,8,15,3,86,35%
VCT 2025 Pacific Stage 1,https://www.vlr.gg/473841/gen-g-vs-rex-regum-qeon-champions-tour-2025-pacific-stage-1-ubf,Lotus,Rex Regum Qeon,Gen.G,Gen.G,xffero,Viper,98,5,14,2,68,15%
VCT 2025 Pacific Stage 1,https://www.vlr.gg/473841/gen-g-vs-rex-regum-qeon-champions-tour-2025-pacific-stage-1-ubf,Icebox,Gen.G,Rex Regum Qeon,Gen.G,t3xture,Yoru,298,22,12,7,178,21%
VCT 2025 Pacific Stage 1,https://www.vlr.gg/473841/gen-g-vs-rex-regum-qeon-champions-tour-2025-pacific-stage-1-ubf,Icebox,Gen.G,Rex Regum Qeon,Gen.G,Foxy9,Killjoy,222,19,12,2,146,35%
VCT 2025 Pacific Stage 1,https://www.vlr.gg/473841/gen-g-vs-rex-regum-qeon-champions-tour-2025-pacific-stage-1-ubf,Icebox,Gen.G,Rex Regum Qeon,Gen.G,Ash,Tejo,192,15,10,5,137,34%
VCT 2025 Pacific Stage 1,https://www.vlr.gg/473841/gen-g-vs-rex-regum-qeon-champions-tour-2025-pacific-stage-1-ubf,Icebox,Gen.G,Rex Regum Qeon,Gen.G,Karon,Viper,168,10,15,17,116,26%
VCT 2025 Pacific Stage 1,https://www.vlr.gg/473841/gen-g-vs-rex-regum-qeon-champions-tour-2025-pacific-stage-1-ubf,Icebox,Gen.G,Rex Regum Qeon,Gen.G,Munchkin,Kayo,196,14,16,7,118,35%
VCT 2025 Pacific Stage 1,https://www.vlr.gg/473841/gen-g-vs-rex-regum-qeon-champions-tour-2025-pacific-stage-1-ubf,Icebox,Rex Regum Qeon,Gen.G,Gen.G,Jemkin,Jett,290,22,17,2,170,29%
VCT 2025 Pacific Stage 1,https://www.vlr.gg/473841/gen-g-vs-rex-regum-qeon-champions-tour-2025-pacific-stage-1-ubf,Icebox,Rex Regum Qeon,Gen.G,Gen.G,xffero,Killjoy,171,13,14,3,121,23%
VCT 2025 Pacific Stage 1,https://www.vlr.gg/473841/gen-g-vs-rex-regum-qeon-champions-tour-2025-pacific-stage-1-ubf,Icebox,Rex Regum Qeon,Gen.G,Gen.G,crazyguy,Tejo,156,12,13,5,116,20%
VCT 2025 Pacific Stage 1,https://www.vlr.gg/473841/gen-g-vs-rex-regum-qeon-champions-tour-2025-pacific-stage-1-ubf,Icebox,Rex Regum Qeon,Gen.G,Gen.G,Kushy,Kayo,149,10,17,10,98,33%
VCT 2025 Pacific Stage 1,https://www.vlr.gg/473841/gen-g-vs-rex-regum-qeon-champions-tour-2025-pacific-stage-1-ubf,Icebox,Rex Regum Qeon,Gen.G,Gen.G,Monyet,Viper,117,8,19,7,92,33%
VCT 2025 Pacific Stage 1,https://www.vlr.gg/473842/drx-vs-paper-rex-champions-tour-2025-pacific-stage-1-lr3,Lotus,DRX,Paper Rex,Paper Rex,free1ng,Tejo,227,18,16,4,156,40%
VCT 2025 Pacific Stage 1,https://www.vlr.gg/473842/drx-vs-paper-rex-champions-tour-2025-pacific-stage-1-lr3,Lotus,DRX,Paper Rex,Paper Rex,MaKo,Omen,237,19,17,8,155,28%
VCT 2025 Pacific Stage 1,https://www.vlr.gg/473842/drx-vs-paper-rex-champions-tour-2025-pacific-stage-1-lr3,Lotus,DRX,Paper Rex,Paper Rex,HYUNMIN,Yoru,195,17,18,4,134,23%
VCT 2025 Pacific Stage 1,https://www.vlr.gg/473842/drx-vs-paper-rex-champions-tour-2025-pacific-stage-1-lr3,Lotus,DRX,Paper Rex,Paper Rex,BeYN,Deadlock,148,13,16,4,91,30%
VCT 2025 Pacific Stage 1,https://www.vlr.gg/473842/drx-vs-paper-rex-champions-tour-2025-pacific-stage-1-lr3,Lotus,DRX,Paper Rex,Paper Rex,Estrella,Vyse,164,13,17,4,132,36%
VCT 2025 Pacific Stage 1,https://www.vlr.gg/473842/drx-vs-paper-rex-champions-tour-2025-pacific-stage-1-lr3,Lotus,Paper Rex,DRX,Paper Rex,f0rsakeN,Omen,254,21,16,9,165,41%
VCT 2025 Pacific Stage 1,https://www.vlr.gg/473842/drx-vs-paper-rex-champions-tour-2025-pacific-stage-1-lr3,Lotus,Paper Rex,DRX,Paper Rex,d4v41,Vyse,210,20,13,5,148,27%
VCT 2025 Pacific Stage 1,https://www.vlr.gg/473842/drx-vs-paper-rex-champions-tour-2025-pacific-stage-1-lr3,Lotus,Paper Rex,DRX,Paper Rex,something,Yoru,197,16,14,3,121,29%
VCT 2025 Pacific Stage 1,https://www.vlr.gg/473842/drx-vs-paper-rex-champions-tour-2025-pacific-stage-1-lr3,Lotus,Paper Rex,DRX,Paper Rex,PatMen,Fade,146,13,17,4,90,30%
VCT 2025 Pacific Stage 1,https://www.vlr.gg/473842/drx-vs-paper-rex-champions-tour-2025-pacific-stage-1-lr3,Lotus,Paper Rex,DRX,Paper Rex,Jinggg,Raze,204,14,20,9,153,23%
VCT 2025 Pacific Stage 1,https://www.vlr.gg/473842/drx-vs-paper-rex-champions-tour-2025-pacific-stage-1-lr3,Icebox,DRX,Paper Rex,Paper Rex,BeYN,Killjoy,204,15,14,3,142,36%
VCT 2025 Pacific Stage 1,https://www.vlr.gg/473842/drx-vs-paper-rex-champions-tour-2025-pacific-stage-1-lr3,Icebox,DRX,Paper Rex,Paper Rex,HYUNMIN,Jett,199,14,16,4,125,31%
VCT 2025 Pacific Stage 1,https://www.vlr.gg/473842/drx-vs-paper-rex-champions-tour-2025-pacific-stage-1-lr3,Icebox,DRX,Paper Rex,Paper Rex,MaKo,Viper,197,13,15,4,126,32%
VCT 2025 Pacific Stage 1,https://www.vlr.gg/473842/drx-vs-paper-rex-champions-tour-2025-pacific-stage-1-lr3,Icebox,DRX,Paper Rex,Paper Rex,Estrella,Harbor,146,12,14,5,83,40%
VCT 2025 Pacific Stage 1,https://www.vlr.gg/473842/drx-vs-paper-rex-champions-tour-2025-pacific-stage-1-lr3,Icebox,DRX,Paper Rex,Paper Rex,free1ng,Tejo,105,8,14,1,73,35%
VCT 2025 Pacific Stage 1,https://www.vlr.gg/473842/drx-vs-paper-rex-champions-tour-2025-pacific-stage-1-lr3,Icebox,Paper Rex,DRX,Paper Rex,PatMen,Viper,231,17,12,8,147,36%
VCT 2025 Pacific Stage 1,https://www.vlr.gg/473842/drx-vs-paper-rex-champions-tour-2025-pacific-stage-1-lr3,Icebox,Paper Rex,DRX,Paper Rex,f0rsakeN,Sova,179,15,11,2,138,63%
VCT 2025 Pacific Stage 1,https://www.vlr.gg/473842/drx-vs-paper-rex-champions-tour-2025-pacific-stage-1-lr3,Icebox,Paper Rex,DRX,Paper Rex,d4v41,Killjoy,182,12,10,5,132,16%
VCT 2025 Pacific Stage 1,https://www.vlr.gg/473842/drx-vs-paper-rex-champions-tour-2025-pacific-stage-1-lr3,Icebox,Paper Rex,DRX,Paper Rex,something,Jett,256,19,15,3,146,31%
VCT 2025 Pacific Stage 1,https://www.vlr.gg/473842/drx-vs-paper-rex-champions-tour-2025-pacific-stage-1-lr3,Icebox,Paper Rex,DRX,Paper Rex,Jinggg,Omen,132,10,14,6,92,28%
VCT 2025 Pacific Stage 1,https://www.vlr.gg/473843/rex-regum-qeon-vs-paper-rex-champions-tour-2025-pacific-stage-1-lbf,Fracture,Rex Regum Qeon,Paper Rex,Paper Rex,Jemkin,Brimstone,211,11,10,2,144,50%
VCT 2025 Pacific Stage 1,https://www.vlr.gg/473843/rex-regum-qeon-vs-paper-rex-champions-tour-2025-pacific-stage-1-lbf,Fracture,Rex Regum Qeon,Paper Rex,Paper Rex,crazyguy,Breach,170,7,11,7,120,31%
VCT 2025 Pacific Stage 1,https://www.vlr.gg/473843/rex-regum-qeon-vs-paper-rex-champions-tour-2025-pacific-stage-1-lbf,Fracture,Rex Regum Qeon,Paper Rex,Paper Rex,xffero,Vyse,133,6,12,4,102,18%
VCT 2025 Pacific Stage 1,https://www.vlr.gg/473843/rex-regum-qeon-vs-paper-rex-champions-tour-2025-pacific-stage-1-lbf,Fracture,Rex Regum Qeon,Paper Rex,Paper Rex,Kushy,Tejo,105,5,15,1,71,27%
VCT 2025 Pacific Stage 1,https://www.vlr.gg/473843/rex-regum-qeon-vs-paper-rex-champions-tour-2025-pacific-stage-1-lbf,Fracture,Rex Regum Qeon,Paper Rex,Paper Rex,Monyet,Neon,96,5,15,1,68,29%
VCT 2025 Pacific Stage 1,https://www.vlr.gg/473843/rex-regum-qeon-vs-paper-rex-champions-tour-2025-pacific-stage-1-lbf,Fracture,Paper Rex,Rex Regum Qeon,Paper Rex,f0rsakeN,Neon,448,26,5,3,307,37%
VCT 2025 Pacific Stage 1,https://www.vlr.gg/473843/rex-regum-qeon-vs-paper-rex-champions-tour-2025-pacific-stage-1-lbf,Fracture,Paper Rex,Rex Regum Qeon,Paper Rex,d4v41,Killjoy,238,14,5,1,149,28%
VCT 2025 Pacific Stage 1,https://www.vlr.gg/473843/rex-regum-qeon-vs-paper-rex-champions-tour-2025-pacific-stage-1-lbf,Fracture,Paper Rex,Rex Regum Qeon,Paper Rex,something,Brimstone,166,9,7,2,111,53%
VCT 2025 Pacific Stage 1,https://www.vlr.gg/473843/rex-regum-qeon-vs-paper-rex-champions-tour-2025-pacific-stage-1-lbf,Fracture,Paper Rex,Rex Regum Qeon,Paper Rex,Jinggg,Raze,166,8,9,3,114,15%
VCT 2025 Pacific Stage 1,https://www.vlr.gg/473843/rex-regum-qeon-vs-paper-rex-champions-tour-2025-pacific-stage-1-lbf,Fracture,Paper Rex,Rex Regum Qeon,Paper Rex,PatMen,Breach,105,6,8,4,65,35%
VCT 2025 Pacific Stage 1,https://www.vlr.gg/473843/rex-regum-qeon-vs-paper-rex-champions-tour-2025-pacific-stage-1-lbf,Split,Rex Regum Qeon,Paper Rex,Rex Regum Qeon,Jemkin,Yoru,337,32,17,6,198,57%
VCT 2025 Pacific Stage 1,https://www.vlr.gg/473843/rex-regum-qeon-vs-paper-rex-champions-tour-2025-pacific-stage-1-lbf,Split,Rex Regum Qeon,Paper Rex,Rex Regum Qeon,Monyet,Raze,214,18,23,7,140,20%
VCT 2025 Pacific Stage 1,https://www.vlr.gg/473843/rex-regum-qeon-vs-paper-rex-champions-tour-2025-pacific-stage-1-lbf,Split,Rex Regum Qeon,Paper Rex,Rex Regum Qeon,Kushy,Fade,156,13,19,9,97,21%
VCT 2025 Pacific Stage 1,https://www.vlr.gg/473843/rex-regum-qeon-vs-paper-rex-champions-tour-2025-pacific-stage-1-lbf,Split,Rex Regum Qeon,Paper Rex,Rex Regum Qeon,xffero,Viper,127,13,17,4,82,24%
VCT 2025 Pacific Stage 1,https://www.vlr.gg/473843/rex-regum-qeon-vs-paper-rex-champions-tour-2025-pacific-stage-1-lbf,Split,Rex Regum Qeon,Paper Rex,Rex Regum Qeon,crazyguy,Omen,131,11,18,10,81,29%
VCT 2025 Pacific Stage 1,https://www.vlr.gg/473843/rex-regum-qeon-vs-paper-rex-champions-tour-2025-pacific-stage-1-lbf,Split,Paper Rex,Rex Regum Qeon,Rex Regum Qeon,f0rsakeN,Omen,224,21,16,11,148,35%
VCT 2025 Pacific Stage 1,https://www.vlr.gg/473843/rex-regum-qeon-vs-paper-rex-champions-tour-2025-pacific-stage-1-lbf,Split,Paper Rex,Rex Regum Qeon,Rex Regum Qeon,Jinggg,Raze,240,22,19,4,155,22%
VCT 2025 Pacific Stage 1,https://www.vlr.gg/473843/rex-regum-qeon-vs-paper-rex-champions-tour-2025-pacific-stage-1-lbf,Split,Paper Rex,Rex Regum Qeon,Rex Regum Qeon,something,Jett,219,20,18,2,148,24%
VCT 2025 Pacific Stage 1,https://www.vlr.gg/473843/rex-regum-qeon-vs-paper-rex-champions-tour-2025-pacific-stage-1-lbf,Split,Paper Rex,Rex Regum Qeon,Rex Regum Qeon,d4v41,Viper,203,18,18,7,149,22%
VCT 2025 Pacific Stage 1,https://www.vlr.gg/473843/rex-regum-qeon-vs-paper-rex-champions-tour-2025-pacific-stage-1-lbf,Split,Paper Rex,Rex Regum Qeon,Rex Regum Qeon,PatMen,Skye,152,13,16,13,104,27%
VCT 2025 Pacific Stage 1,https://www.vlr.gg/473843/rex-regum-qeon-vs-paper-rex-champions-tour-2025-pacific-stage-1-lbf,Pearl,Rex Regum Qeon,Paper Rex,Rex Regum Qeon,Kushy,Killjoy,305,31,16,7,189,24%
VCT 2025 Pacific Stage 1,https://www.vlr.gg/473843/rex-regum-qeon-vs-paper-rex-champions-tour-2025-pacific-stage-1-lbf,Pearl,Rex Regum Qeon,Paper Rex,Rex Regum Qeon,Jemkin,Yoru,296,27,17,10,189,40%
VCT 2025 Pacific Stage 1,https://www.vlr.gg/473843/rex-regum-qeon-vs-paper-rex-champions-tour-2025-pacific-stage-1-lbf,Pearl,Rex Regum Qeon,Paper Rex,Rex Regum Qeon,xffero,Astra,140,14,10,11,95,26%
VCT 2025 Pacific Stage 1,https://www.vlr.gg/473843/rex-regum-qeon-vs-paper-rex-champions-tour-2025-pacific-stage-1-lbf,Pearl,Rex Regum Qeon,Paper Rex,Rex Regum Qeon,Monyet,Neon,205,18,21,10,120,15%
VCT 2025 Pacific Stage 1,https://www.vlr.gg/473843/rex-regum-qeon-vs-paper-rex-champions-tour-2025-pacific-stage-1-lbf,Pearl,Rex Regum Qeon,Paper Rex,Rex Regum Qeon,crazyguy,Tejo,102,7,16,6,78,18%
VCT 2025 Pacific Stage 1,https://www.vlr.gg/473843/rex-regum-qeon-vs-paper-rex-champions-tour-2025-pacific-stage-1-lbf,Pearl,Paper Rex,Rex Regum Qeon,Rex Regum Qeon,Jinggg,Phoenix,207,18,20,7,134,40%
VCT 2025 Pacific Stage 1,https://www.vlr.gg/473843/rex-regum-qeon-vs-paper-rex-champions-tour-2025-pacific-stage-1-lbf,Pearl,Paper Rex,Rex Regum Qeon,Rex Regum Qeon,f0rsakeN,Killjoy,165,15,18,2,112,48%
VCT 2025 Pacific Stage 1,https://www.vlr.gg/473843/rex-regum-qeon-vs-paper-rex-champions-tour-2025-pacific-stage-1-lbf,Pearl,Paper Rex,Rex Regum Qeon,Rex Regum Qeon,d4v41,Astra,174,14,20,11,124,33%
VCT 2025 Pacific Stage 1,https://www.vlr.gg/473843/rex-regum-qeon-vs-paper-rex-champions-tour-2025-pacific-stage-1-lbf,Pearl,Paper Rex,Rex Regum Qeon,Rex Regum Qeon,something,Jett,175,17,19,3,104,22%
VCT 2025 Pacific Stage 1,https://www.vlr.gg/473843/rex-regum-qeon-vs-paper-rex-champions-tour-2025-pacific-stage-1-lbf,Pearl,Paper Rex,Rex Regum Qeon,Rex Regum Qeon,PatMen,Fade,176,16,20,7,117,36%
VCT 2025 Pacific Stage 1,https://www.vlr.gg/473843/rex-regum-qeon-vs-paper-rex-champions-tour-2025-pacific-stage-1-lbf,Icebox,Rex Regum Qeon,Paper Rex,Paper Rex,Monyet,Viper,232,13,14,3,147,21%
VCT 2025 Pacific Stage 1,https://www.vlr.gg/473843/rex-regum-qeon-vs-paper-rex-champions-tour-2025-pacific-stage-1-lbf,Icebox,Rex Regum Qeon,Paper Rex,Paper Rex,crazyguy,Tejo,177,9,15,1,113,55%
VCT 2025 Pacific Stage 1,https://www.vlr.gg/473843/rex-regum-qeon-vs-paper-rex-champions-tour-2025-pacific-stage-1-lbf,Icebox,Rex Regum Qeon,Paper Rex,Paper Rex,xffero,Killjoy,131,7,15,2,106,15%
VCT 2025 Pacific Stage 1,https://www.vlr.gg/473843/rex-regum-qeon-vs-paper-rex-champions-tour-2025-pacific-stage-1-lbf,Icebox,Rex Regum Qeon,Paper Rex,Paper Rex,Jemkin,Jett,132,7,15,1,83,26%
VCT 2025 Pacific Stage 1,https://www.vlr.gg/473843/rex-regum-qeon-vs-paper-rex-champions-tour-2025-pacific-stage-1-lbf,Icebox,Rex Regum Qeon,Paper Rex,Paper Rex,Kushy,Kayo,71,4,15,2,44,40%
VCT 2025 Pacific Stage 1,https://www.vlr.gg/473843/rex-regum-qeon-vs-paper-rex-champions-tour-2025-pacific-stage-1-lbf,Icebox,Paper Rex,Rex Regum Qeon,Paper Rex,something,Jett,303,17,9,7,197,25%
VCT 2025 Pacific Stage 1,https://www.vlr.gg/473843/rex-regum-qeon-vs-paper-rex-champions-tour-2025-pacific-stage-1-lbf,Icebox,Paper Rex,Rex Regum Qeon,Paper Rex,f0rsakeN,Sova,250,16,7,3,158,16%
VCT 2025 Pacific Stage 1,https://www.vlr.gg/473843/rex-regum-qeon-vs-paper-rex-champions-tour-2025-pacific-stage-1-lbf,Icebox,Paper Rex,Rex Regum Qeon,Paper Rex,PatMen,Viper,268,16,8,8,166,50%
VCT 2025 Pacific Stage 1,https://www.vlr.gg/473843/rex-regum-qeon-vs-paper-rex-champions-tour-2025-pacific-stage-1-lbf,Icebox,Paper Rex,Rex Regum Qeon,Paper Rex,d4v41,Killjoy,242,14,9,4,157,19%
VCT 2025 Pacific Stage 1,https://www.vlr.gg/473843/rex-regum-qeon-vs-paper-rex-champions-tour-2025-pacific-stage-1-lbf,Icebox,Paper Rex,Rex Regum Qeon,Paper Rex,Jinggg,Omen,150,11,7,5,95,35%
VCT 2025 Pacific Stage 1,https://www.vlr.gg/473843/rex-regum-qeon-vs-paper-rex-champions-tour-2025-pacific-stage-1-lbf,Ascent,Rex Regum Qeon,Paper Rex,Rex Regum Qeon,Jemkin,Yoru,254,17,12,4,150,44%
VCT 2025 Pacific Stage 1,https://www.vlr.gg/473843/rex-regum-qeon-vs-paper-rex-champions-tour-2025-pacific-stage-1-lbf,Ascent,Rex Regum Qeon,Paper Rex,Rex Regum Qeon,crazyguy,Tejo,245,17,13,5,162,17%
VCT 2025 Pacific Stage 1,https://www.vlr.gg/473843/rex-regum-qeon-vs-paper-rex-champions-tour-2025-pacific-stage-1-lbf,Ascent,Rex Regum Qeon,Paper Rex,Rex Regum Qeon,xffero,Cypher,238,16,12,10,171,32%
VCT 2025 Pacific Stage 1,https://www.vlr.gg/473843/rex-regum-qeon-vs-paper-rex-champions-tour-2025-pacific-stage-1-lbf,Ascent,Rex Regum Qeon,Paper Rex,Rex Regum Qeon,Kushy,Sova,159,11,12,7,102,28%
VCT 2025 Pacific Stage 1,https://www.vlr.gg/473843/rex-regum-qeon-vs-paper-rex-champions-tour-2025-pacific-stage-1-lbf,Ascent,Rex Regum Qeon,Paper Rex,Rex Regum Qeon,Monyet,Omen,129,10,12,13,79,24%
VCT 2025 Pacific Stage 1,https://www.vlr.gg/473843/rex-regum-qeon-vs-paper-rex-champions-tour-2025-pacific-stage-1-lbf,Ascent,Paper Rex,Rex Regum Qeon,Rex Regum Qeon,f0rsakeN,Fade,254,16,14,12,147,18%
VCT 2025 Pacific Stage 1,https://www.vlr.gg/473843/rex-regum-qeon-vs-paper-rex-champions-tour-2025-pacific-stage-1-lbf,Ascent,Paper Rex,Rex Regum Qeon,Rex Regum Qeon,something,Jett,198,13,14,3,116,16%
VCT 2025 Pacific Stage 1,https://www.vlr.gg/473843/rex-regum-qeon-vs-paper-rex-champions-tour-2025-pacific-stage-1-lbf,Ascent,Paper Rex,Rex Regum Qeon,Rex Regum Qeon,d4v41,Vyse,173,11,13,7,130,25%
VCT 2025 Pacific Stage 1,https://www.vlr.gg/473843/rex-regum-qeon-vs-paper-rex-champions-tour-2025-pacific-stage-1-lbf,Ascent,Paper Rex,Rex Regum Qeon,Rex Regum Qeon,PatMen,Kayo,168,11,15,8,115,36%
VCT 2025 Pacific Stage 1,https://www.vlr.gg/473843/rex-regum-qeon-vs-paper-rex-champions-tour-2025-pacific-stage-1-lbf,Ascent,Paper Rex,Rex Regum Qeon,Rex Regum Qeon,Jinggg,Omen,141,10,15,6,88,28%
VCT 2025 Pacific Stage 1,https://www.vlr.gg/473844/gen-g-vs-rex-regum-qeon-champions-tour-2025-pacific-stage-1-gf,Haven,Gen.G,Rex Regum Qeon,Gen.G,Karon,Omen,243,19,9,5,158,36%
VCT 2025 Pacific Stage 1,https://www.vlr.gg/473844/gen-g-vs-rex-regum-qeon-champions-tour-2025-pacific-stage-1-gf,Haven,Gen.G,Rex Regum Qeon,Gen.G,Munchkin,Viper,229,17,13,6,138,11%
VCT 2025 Pacific Stage 1,https://www.vlr.gg/473844/gen-g-vs-rex-regum-qeon-champions-tour-2025-pacific-stage-1-gf,Haven,Gen.G,Rex Regum Qeon,Gen.G,Foxy9,Killjoy,241,19,14,5,163,29%
VCT 2025 Pacific Stage 1,https://www.vlr.gg/473844/gen-g-vs-rex-regum-qeon-champions-tour-2025-pacific-stage-1-gf,Haven,Gen.G,Rex Regum Qeon,Gen.G,Ash,Tejo,125,9,11,6,86,25%
VCT 2025 Pacific Stage 1,https://www.vlr.gg/473844/gen-g-vs-rex-regum-qeon-champions-tour-2025-pacific-stage-1-gf,Haven,Gen.G,Rex Regum Qeon,Gen.G,t3xture,Neon,176,13,16,3,112,25%
VCT 2025 Pacific Stage 1,https://www.vlr.gg/473844/gen-g-vs-rex-regum-qeon-champions-tour-2025-pacific-stage-1-gf,Haven,Rex Regum Qeon,Gen.G,Gen.G,Kushy,Sova,239,17,14,6,186,49%
VCT 2025 Pacific Stage 1,https://www.vlr.gg/473844/gen-g-vs-rex-regum-qeon-champions-tour-2025-pacific-stage-1-gf,Haven,Rex Regum Qeon,Gen.G,Gen.G,Jemkin,Iso,236,19,16,1,154,52%
VCT 2025 Pacific Stage 1,https://www.vlr.gg/473844/gen-g-vs-rex-regum-qeon-champions-tour-2025-pacific-stage-1-gf,Haven,Rex Regum Qeon,Gen.G,Gen.G,crazyguy,Omen,148,8,15,13,102,13%
VCT 2025 Pacific Stage 1,https://www.vlr.gg/473844/gen-g-vs-rex-regum-qeon-champions-tour-2025-pacific-stage-1-gf,Haven,Rex Regum Qeon,Gen.G,Gen.G,Monyet,Yoru,151,9,16,8,96,19%
VCT 2025 Pacific Stage 1,https://www.vlr.gg/473844/gen-g-vs-rex-regum-qeon-champions-tour-2025-pacific-stage-1-gf,Haven,Rex Regum Qeon,Gen.G,Gen.G,xffero,Cypher,127,10,16,2,91,28%
VCT 2025 Pacific Stage 1,https://www.vlr.gg/473844/gen-g-vs-rex-regum-qeon-champions-tour-2025-pacific-stage-1-gf,Ascent,Gen.G,Rex Regum Qeon,Rex Regum Qeon,t3xture,Jett,212,17,17,2,147,30%
VCT 2025 Pacific Stage 1,https://www.vlr.gg/473844/gen-g-vs-rex-regum-qeon-champions-tour-2025-pacific-stage-1-gf,Ascent,Gen.G,Rex Regum Qeon,Rex Regum Qeon,Munchkin,Kayo,192,14,20,13,116,37%
VCT 2025 Pacific Stage 1,https://www.vlr.gg/473844/gen-g-vs-rex-regum-qeon-champions-tour-2025-pacific-stage-1-gf,Ascent,Gen.G,Rex Regum Qeon,Rex Regum Qeon,Foxy9,Killjoy,188,16,16,2,129,43%
VCT 2025 Pacific Stage 1,https://www.vlr.gg/473844/gen-g-vs-rex-regum-qeon-champions-tour-2025-pacific-stage-1-gf,Ascent,Gen.G,Rex Regum Qeon,Rex Regum Qeon,Karon,Omen,198,18,22,8,127,29%
VCT 2025 Pacific Stage 1,https://www.vlr.gg/473844/gen-g-vs-rex-regum-qeon-champions-tour-2025-pacific-stage-1-gf,Ascent,Gen.G,Rex Regum Qeon,Rex Regum Qeon,Ash,Sova,136,11,17,5,89,33%
VCT 2025 Pacific Stage 1,https://www.vlr.gg/473844/gen-g-vs-rex-regum-qeon-champions-tour-2025-pacific-stage-1-gf,Ascent,Rex Regum Qeon,Gen.G,Rex Regum Qeon,Jemkin,Yoru,301,27,17,2,197,55%
VCT 2025 Pacific Stage 1,https://www.vlr.gg/473844/gen-g-vs-rex-regum-qeon-champions-tour-2025-pacific-stage-1-gf,Ascent,Rex Regum Qeon,Gen.G,Rex Regum Qeon,Monyet,Omen,205,16,14,11,125,34%
VCT 2025 Pacific Stage 1,https://www.vlr.gg/473844/gen-g-vs-rex-regum-qeon-champions-tour-2025-pacific-stage-1-gf,Ascent,Rex Regum Qeon,Gen.G,Rex Regum Qeon,xffero,Cypher,217,17,17,13,155,26%
VCT 2025 Pacific Stage 1,https://www.vlr.gg/473844/gen-g-vs-rex-regum-qeon-champions-tour-2025-pacific-stage-1-gf,Ascent,Rex Regum Qeon,Gen.G,Rex Regum Qeon,Kushy,Sova,188,17,15,5,123,54%
VCT 2025 Pacific Stage 1,https://www.vlr.gg/473844/gen-g-vs-rex-regum-qeon-champions-tour-2025-pacific-stage-1-gf,Ascent,Rex Regum Qeon,Gen.G,Rex Regum Qeon,crazyguy,Tejo,148,15,13,4,93,30%
VCT 2025 Pacific Stage 1,https://www.vlr.gg/473844/gen-g-vs-rex-regum-qeon-champions-tour-2025-pacific-stage-1-gf,Lotus,Gen.G,Rex Regum Qeon,Rex Regum Qeon,Munchkin,Viper,213,15,19,10,133,13%
VCT 2025 Pacific Stage 1,https://www.vlr.gg/473844/gen-g-vs-rex-regum-qeon-champions-tour-2025-pacific-stage-1-gf,Lotus,Gen.G,Rex Regum Qeon,Rex Regum Qeon,Karon,Omen,186,15,18,7,120,34%
VCT 2025 Pacific Stage 1,https://www.vlr.gg/473844/gen-g-vs-rex-regum-qeon-champions-tour-2025-pacific-stage-1-gf,Lotus,Gen.G,Rex Regum Qeon,Rex Regum Qeon,Ash,Fade,161,13,18,5,114,39%
VCT 2025 Pacific Stage 1,https://www.vlr.gg/473844/gen-g-vs-rex-regum-qeon-champions-tour-2025-pacific-stage-1-gf,Lotus,Gen.G,Rex Regum Qeon,Rex Regum Qeon,Foxy9,Vyse,186,16,19,3,120,30%
VCT 2025 Pacific Stage 1,https://www.vlr.gg/473844/gen-g-vs-rex-regum-qeon-champions-tour-2025-pacific-stage-1-gf,Lotus,Gen.G,Rex Regum Qeon,Rex Regum Qeon,t3xture,Raze,211,14,19,8,136,21%
VCT 2025 Pacific Stage 1,https://www.vlr.gg/473844/gen-g-vs-rex-regum-qeon-champions-tour-2025-pacific-stage-1-gf,Lotus,Rex Regum Qeon,Gen.G,Rex Regum Qeon,xffero,Viper,282,23,13,4,177,25%
VCT 2025 Pacific Stage 1,https://www.vlr.gg/473844/gen-g-vs-rex-regum-qeon-champions-tour-2025-pacific-stage-1-gf,Lotus,Rex Regum Qeon,Gen.G,Rex Regum Qeon,Monyet,Omen,207,18,13,6,143,49%
VCT 2025 Pacific Stage 1,https://www.vlr.gg/473844/gen-g-vs-rex-regum-qeon-champions-tour-2025-pacific-stage-1-gf,Lotus,Rex Regum Qeon,Gen.G,Rex Regum Qeon,Jemkin,Yoru,261,19,16,8,162,32%
VCT 2025 Pacific Stage 1,https://www.vlr.gg/473844/gen-g-vs-rex-regum-qeon-champions-tour-2025-pacific-stage-1-gf,Lotus,Rex Regum Qeon,Gen.G,Rex Regum Qeon,crazyguy,Breach,180,15,15,8,109,20%
VCT 2025 Pacific Stage 1,https://www.vlr.gg/473844/gen-g-vs-rex-regum-qeon-champions-tour-2025-pacific-stage-1-gf,Lotus,Rex Regum Qeon,Gen.G,Rex Regum Qeon,Kushy,Tejo,227,18,17,8,145,30%
VCT 2025 Pacific Stage 1,https://www.vlr.gg/473844/gen-g-vs-rex-regum-qeon-champions-tour-2025-pacific-stage-1-gf,Icebox,Gen.G,Rex Regum Qeon,Rex Regum Qeon,Munchkin,Kayo,200,19,18,7,118,27%
VCT 2025 Pacific Stage 1,https://www.vlr.gg/473844/gen-g-vs-rex-regum-qeon-champions-tour-2025-pacific-stage-1-gf,Icebox,Gen.G,Rex Regum Qeon,Rex Regum Qeon,t3xture,Yoru,214,18,18,3,148,31%
VCT 2025 Pacific Stage 1,https://www.vlr.gg/473844/gen-g-vs-rex-regum-qeon-champions-tour-2025-pacific-stage-1-gf,Icebox,Gen.G,Rex Regum Qeon,Rex Regum Qeon,Karon,Viper,199,17,19,7,129,29%
VCT 2025 Pacific Stage 1,https://www.vlr.gg/473844/gen-g-vs-rex-regum-qeon-champions-tour-2025-pacific-stage-1-gf,Icebox,Gen.G,Rex Regum Qeon,Rex Regum Qeon,Foxy9,Killjoy,165,13,17,4,124,16%
VCT 2025 Pacific Stage 1,https://www.vlr.gg/473844/gen-g-vs-rex-regum-qeon-champions-tour-2025-pacific-stage-1-gf,Icebox,Gen.G,Rex Regum Qeon,Rex Regum Qeon,Ash,Tejo,151,12,19,4,111,29%
VCT 2025 Pacific Stage 1,https://www.vlr.gg/473844/gen-g-vs-rex-regum-qeon-champions-tour-2025-pacific-stage-1-gf,Icebox,Rex Regum Qeon,Gen.G,Rex Regum Qeon,Jemkin,Jett,273,24,15,3,181,41%
VCT 2025 Pacific Stage 1,https://www.vlr.gg/473844/gen-g-vs-rex-regum-qeon-champions-tour-2025-pacific-stage-1-gf,Icebox,Rex Regum Qeon,Gen.G,Rex Regum Qeon,Monyet,Viper,292,25,16,6,183,38%
VCT 2025 Pacific Stage 1,https://www.vlr.gg/473844/gen-g-vs-rex-regum-qeon-champions-tour-2025-pacific-stage-1-gf,Icebox,Rex Regum Qeon,Gen.G,Rex Regum Qeon,crazyguy,Tejo,191,17,16,5,127,18%
VCT 2025 Pacific Stage 1,https://www.vlr.gg/473844/gen-g-vs-rex-regum-qeon-champions-tour-2025-pacific-stage-1-gf,Icebox,Rex Regum Qeon,Gen.G,Rex Regum Qeon,Kushy,Kayo,159,12,15,15,107,26%
VCT 2025 Pacific Stage 1,https://www.vlr.gg/473844/gen-g-vs-rex-regum-qeon-champions-tour-2025-pacific-stage-1-gf,Icebox,Rex Regum Qeon,Gen.G,Rex Regum Qeon,xffero,Killjoy,145,13,17,3,100,20%
VCT 2025 China Stage 1,https://www.vlr.gg/473233/titan-esports-club-vs-wolves-esports-champions-tour-2025-china-stage-1-ur1,Haven,Titan Esports Club,Wolves Esports,Wolves Esports,Coco,Tejo,277,24,14,5,208,38%
VCT 2025 China Stage 1,https://www.vlr.gg/473233/titan-esports-club-vs-wolves-esports-champions-tour-2025-china-stage-1-ur1,Haven,Titan Esports Club,Wolves Esports,Wolves Esports,Haodong,Omen,215,17,14,16,127,36%
VCT 2025 China Stage 1,https://www.vlr.gg/473233/titan-esports-club-vs-wolves-esports-champions-tour-2025-china-stage-1-ur1,Haven,Titan Esports Club,Wolves Esports,Wolves Esports,Rb,Breach,170,16,19,9,111,28%
VCT 2025 China Stage 1,https://www.vlr.gg/473233/titan-esports-club-vs-wolves-esports-champions-tour-2025-china-stage-1-ur1,Haven,Titan Esports Club,Wolves Esports,Wolves Esports,Abo,Cypher,171,13,18,7,123,30%
VCT 2025 China Stage 1,https://www.vlr.gg/473233/titan-esports-club-vs-wolves-esports-champions-tour-2025-china-stage-1-ur1,Haven,Titan Esports Club,Wolves Esports,Wolves Esports,TvirusLuke,Jett,173,15,20,3,125,32%
VCT 2025 China Stage 1,https://www.vlr.gg/473233/titan-esports-club-vs-wolves-esports-champions-tour-2025-china-stage-1-ur1,Haven,Wolves Esports,Titan Esports Club,Wolves Esports,SiuFatBB,Sova,227,22,14,7,144,35%
VCT 2025 China Stage 1,https://www.vlr.gg/473233/titan-esports-club-vs-wolves-esports-champions-tour-2025-china-stage-1-ur1,Haven,Wolves Esports,Titan Esports Club,Wolves Esports,Lysoar,Cypher,233,19,15,10,167,21%
VCT 2025 China Stage 1,https://www.vlr.gg/473233/titan-esports-club-vs-wolves-esports-champions-tour-2025-china-stage-1-ur1,Haven,Wolves Esports,Titan Esports Club,Wolves Esports,Juicy,Omen,218,18,17,12,139,20%
VCT 2025 China Stage 1,https://www.vlr.gg/473233/titan-esports-club-vs-wolves-esports-champions-tour-2025-china-stage-1-ur1,Haven,Wolves Esports,Titan Esports Club,Wolves Esports,Spring,Neon,216,18,21,7,143,23%
VCT 2025 China Stage 1,https://www.vlr.gg/473233/titan-esports-club-vs-wolves-esports-champions-tour-2025-china-stage-1-ur1,Haven,Wolves Esports,Titan Esports Club,Wolves Esports,Yuicaw,Breach,103,8,18,18,66,20%
VCT 2025 China Stage 1,https://www.vlr.gg/473233/titan-esports-club-vs-wolves-esports-champions-tour-2025-china-stage-1-ur1,Icebox,Titan Esports Club,Wolves Esports,Wolves Esports,Coco,Gekko,207,19,15,5,127,27%
VCT 2025 China Stage 1,https://www.vlr.gg/473233/titan-esports-club-vs-wolves-esports-champions-tour-2025-china-stage-1-ur1,Icebox,Titan Esports Club,Wolves Esports,Wolves Esports,Haodong,Viper,213,15,16,4,139,40%
VCT 2025 China Stage 1,https://www.vlr.gg/473233/titan-esports-club-vs-wolves-esports-champions-tour-2025-china-stage-1-ur1,Icebox,Titan Esports Club,Wolves Esports,Wolves Esports,Abo,Deadlock,176,13,16,6,118,43%
VCT 2025 China Stage 1,https://www.vlr.gg/473233/titan-esports-club-vs-wolves-esports-champions-tour-2025-china-stage-1-ur1,Icebox,Titan Esports Club,Wolves Esports,Wolves Esports,TvirusLuke,Reyna,158,12,17,2,106,37%
VCT 2025 China Stage 1,https://www.vlr.gg/473233/titan-esports-club-vs-wolves-esports-champions-tour-2025-china-stage-1-ur1,Icebox,Titan Esports Club,Wolves Esports,Wolves Esports,Rb,Tejo,127,11,17,2,72,30%
VCT 2025 China Stage 1,https://www.vlr.gg/473233/titan-esports-club-vs-wolves-esports-champions-tour-2025-china-stage-1-ur1,Icebox,Wolves Esports,Titan Esports Club,Wolves Esports,Juicy,Jett,313,26,16,4,204,35%
VCT 2025 China Stage 1,https://www.vlr.gg/473233/titan-esports-club-vs-wolves-esports-champions-tour-2025-china-stage-1-ur1,Icebox,Wolves Esports,Titan Esports Club,Wolves Esports,Spring,Viper,241,19,14,10,181,35%
VCT 2025 China Stage 1,https://www.vlr.gg/473233/titan-esports-club-vs-wolves-esports-champions-tour-2025-china-stage-1-ur1,Icebox,Wolves Esports,Titan Esports Club,Wolves Esports,Lysoar,Killjoy,171,15,12,1,130,29%
VCT 2025 China Stage 1,https://www.vlr.gg/473233/titan-esports-club-vs-wolves-esports-champions-tour-2025-china-stage-1-ur1,Icebox,Wolves Esports,Titan Esports Club,Wolves Esports,Yuicaw,Gekko,172,12,14,6,119,30%
VCT 2025 China Stage 1,https://www.vlr.gg/473233/titan-esports-club-vs-wolves-esports-champions-tour-2025-china-stage-1-ur1,Icebox,Wolves Esports,Titan Esports Club,Wolves Esports,SiuFatBB,Tejo,97,9,14,3,80,27%
VCT 2025 China Stage 1,https://www.vlr.gg/473234/xi-lai-gaming-vs-nova-esports-champions-tour-2025-china-stage-1-ur1,Lotus,Xi Lai Gaming,Nova Esports,Xi Lai Gaming,coconut,Omen,254,19,9,8,166,33%
VCT 2025 China Stage 1,https://www.vlr.gg/473234/xi-lai-gaming-vs-nova-esports-champions-tour-2025-china-stage-1-ur1,Lotus,Xi Lai Gaming,Nova Esports,Xi Lai Gaming,happywei,Viper,295,19,11,9,190,37%
VCT 2025 China Stage 1,https://www.vlr.gg/473234/xi-lai-gaming-vs-nova-esports-champions-tour-2025-china-stage-1-ur1,Lotus,Xi Lai Gaming,Nova Esports,Xi Lai Gaming,YOU,Breach,175,15,9,10,112,26%
VCT 2025 China Stage 1,https://www.vlr.gg/473234/xi-lai-gaming-vs-nova-esports-champions-tour-2025-china-stage-1-ur1,Lotus,Xi Lai Gaming,Nova Esports,Xi Lai Gaming,Viva,Tejo,221,10,11,6,118,31%
VCT 2025 China Stage 1,https://www.vlr.gg/473234/xi-lai-gaming-vs-nova-esports-champions-tour-2025-china-stage-1-ur1,Lotus,Xi Lai Gaming,Nova Esports,Xi Lai Gaming,Rarga,Yoru,189,11,16,3,113,37%
VCT 2025 China Stage 1,https://www.vlr.gg/473234/xi-lai-gaming-vs-nova-esports-champions-tour-2025-china-stage-1-ur1,Lotus,Nova Esports,Xi Lai Gaming,Xi Lai Gaming,OBONE,Vyse,198,15,10,1,131,24%
VCT 2025 China Stage 1,https://www.vlr.gg/473234/xi-lai-gaming-vs-nova-esports-champions-tour-2025-china-stage-1-ur1,Lotus,Nova Esports,Xi Lai Gaming,Xi Lai Gaming,Ezeir,Astra,242,16,15,8,161,32%
VCT 2025 China Stage 1,https://www.vlr.gg/473234/xi-lai-gaming-vs-nova-esports-champions-tour-2025-china-stage-1-ur1,Lotus,Nova Esports,Xi Lai Gaming,Xi Lai Gaming,GuanG,Raze,191,11,16,5,121,18%
VCT 2025 China Stage 1,https://www.vlr.gg/473234/xi-lai-gaming-vs-nova-esports-champions-tour-2025-china-stage-1-ur1,Lotus,Nova Esports,Xi Lai Gaming,Xi Lai Gaming,o0o0o,Breach,132,8,17,5,83,36%
VCT 2025 China Stage 1,https://www.vlr.gg/473234/xi-lai-gaming-vs-nova-esports-champions-tour-2025-china-stage-1-ur1,Lotus,Nova Esports,Xi Lai Gaming,Xi Lai Gaming,cb,Deadlock,104,6,16,2,77,52%
VCT 2025 China Stage 1,https://www.vlr.gg/473234/xi-lai-gaming-vs-nova-esports-champions-tour-2025-china-stage-1-ur1,Ascent,Xi Lai Gaming,Nova Esports,Xi Lai Gaming,Rarga,Yoru,346,21,6,1,216,42%
VCT 2025 China Stage 1,https://www.vlr.gg/473234/xi-lai-gaming-vs-nova-esports-champions-tour-2025-china-stage-1-ur1,Ascent,Xi Lai Gaming,Nova Esports,Xi Lai Gaming,happywei,Cypher,273,14,4,9,174,30%
VCT 2025 China Stage 1,https://www.vlr.gg/473234/xi-lai-gaming-vs-nova-esports-champions-tour-2025-china-stage-1-ur1,Ascent,Xi Lai Gaming,Nova Esports,Xi Lai Gaming,Viva,Sova,274,15,5,6,161,20%
VCT 2025 China Stage 1,https://www.vlr.gg/473234/xi-lai-gaming-vs-nova-esports-champions-tour-2025-china-stage-1-ur1,Ascent,Xi Lai Gaming,Nova Esports,Xi Lai Gaming,YOU,Deadlock,225,13,5,4,145,29%
VCT 2025 China Stage 1,https://www.vlr.gg/473234/xi-lai-gaming-vs-nova-esports-champions-tour-2025-china-stage-1-ur1,Ascent,Xi Lai Gaming,Nova Esports,Xi Lai Gaming,coconut,Omen,162,9,5,9,100,38%
VCT 2025 China Stage 1,https://www.vlr.gg/473234/xi-lai-gaming-vs-nova-esports-champions-tour-2025-china-stage-1-ur1,Ascent,Nova Esports,Xi Lai Gaming,Xi Lai Gaming,Ezeir,Omen,149,7,14,2,109,14%
VCT 2025 China Stage 1,https://www.vlr.gg/473234/xi-lai-gaming-vs-nova-esports-champions-tour-2025-china-stage-1-ur1,Ascent,Nova Esports,Xi Lai Gaming,Xi Lai Gaming,GuanG,Killjoy,121,6,14,0,74,29%
VCT 2025 China Stage 1,https://www.vlr.gg/473234/xi-lai-gaming-vs-nova-esports-champions-tour-2025-china-stage-1-ur1,Ascent,Nova Esports,Xi Lai Gaming,Xi Lai Gaming,OBONE,Yoru,87,5,14,1,50,42%
VCT 2025 China Stage 1,https://www.vlr.gg/473234/xi-lai-gaming-vs-nova-esports-champions-tour-2025-china-stage-1-ur1,Ascent,Nova Esports,Xi Lai Gaming,Xi Lai Gaming,cb,Tejo,123,5,15,1,81,7%
VCT 2025 China Stage 1,https://www.vlr.gg/473234/xi-lai-gaming-vs-nova-esports-champions-tour-2025-china-stage-1-ur1,Ascent,Nova Esports,Xi Lai Gaming,Xi Lai Gaming,o0o0o,Breach,60,2,15,2,44,17%
VCT 2025 China Stage 1,https://www.vlr.gg/473235/titan-esports-club-vs-dragon-ranger-gaming-champions-tour-2025-china-stage-1-lr1,Ascent,Titan Esports Club,Dragon Ranger Gaming,Titan Esports Club,Coco,Tejo,302,17,6,5,177,39%
VCT 2025 China Stage 1,https://www.vlr.gg/473235/titan-esports-club-vs-dragon-ranger-gaming-champions-tour-2025-china-stage-1-lr1,Ascent,Titan Esports Club,Dragon Ranger Gaming,Titan Esports Club,TvirusLuke,Jett,310,17,8,2,194,27%
VCT 2025 China Stage 1,https://www.vlr.gg/473235/titan-esports-club-vs-dragon-ranger-gaming-champions-tour-2025-china-stage-1-lr1,Ascent,Titan Esports Club,Dragon Ranger Gaming,Titan Esports Club,Haodong,Omen,225,12,6,8,128,20%
VCT 2025 China Stage 1,https://www.vlr.gg/473235/titan-esports-club-vs-dragon-ranger-gaming-champions-tour-2025-china-stage-1-lr1,Ascent,Titan Esports Club,Dragon Ranger Gaming,Titan Esports Club,Rb,Kayo,217,8,8,22,126,11%
VCT 2025 China Stage 1,https://www.vlr.gg/473235/titan-esports-club-vs-dragon-ranger-gaming-champions-tour-2025-china-stage-1-lr1,Ascent,Titan Esports Club,Dragon Ranger Gaming,Titan Esports Club,Abo,Deadlock,186,11,7,4,136,67%
VCT 2025 China Stage 1,https://www.vlr.gg/473235/titan-esports-club-vs-dragon-ranger-gaming-champions-tour-2025-china-stage-1-lr1,Ascent,Dragon Ranger Gaming,Titan Esports Club,Titan Esports Club,Flex1n,Omen,259,13,13,3,150,29%
VCT 2025 China Stage 1,https://www.vlr.gg/473235/titan-esports-club-vs-dragon-ranger-gaming-champions-tour-2025-china-stage-1-lr1,Ascent,Dragon Ranger Gaming,Titan Esports Club,Titan Esports Club,Nicc,Fade,195,8,13,2,135,29%
VCT 2025 China Stage 1,https://www.vlr.gg/473235/titan-esports-club-vs-dragon-ranger-gaming-champions-tour-2025-china-stage-1-lr1,Ascent,Dragon Ranger Gaming,Titan Esports Club,Titan Esports Club,vo0kashu,Vyse,181,9,13,1,121,42%
VCT 2025 China Stage 1,https://www.vlr.gg/473235/titan-esports-club-vs-dragon-ranger-gaming-champions-tour-2025-china-stage-1-lr1,Ascent,Dragon Ranger Gaming,Titan Esports Club,Titan Esports Club,Cangshu,Viper,75,3,13,2,51,29%
VCT 2025 China Stage 1,https://www.vlr.gg/473235/titan-esports-club-vs-dragon-ranger-gaming-champions-tour-2025-china-stage-1-lr1,Ascent,Dragon Ranger Gaming,Titan Esports Club,Titan Esports Club,SpiritZ1,Yoru,67,2,13,3,51,23%
VCT 2025 China Stage 1,https://www.vlr.gg/473235/titan-esports-club-vs-dragon-ranger-gaming-champions-tour-2025-china-stage-1-lr1,Fracture,Titan Esports Club,Dragon Ranger Gaming,Dragon Ranger Gaming,Rb,Tejo,267,26,19,3,173,43%
VCT 2025 China Stage 1,https://www.vlr.gg/473235/titan-esports-club-vs-dragon-ranger-gaming-champions-tour-2025-china-stage-1-lr1,Fracture,Titan Esports Club,Dragon Ranger Gaming,Dragon Ranger Gaming,TvirusLuke,Raze,219,20,18,5,146,20%
VCT 2025 China Stage 1,https://www.vlr.gg/473235/titan-esports-club-vs-dragon-ranger-gaming-champions-tour-2025-china-stage-1-lr1,Fracture,Titan Esports Club,Dragon Ranger Gaming,Dragon Ranger Gaming,Abo,Cypher,217,21,20,2,138,38%
VCT 2025 China Stage 1,https://www.vlr.gg/473235/titan-esports-club-vs-dragon-ranger-gaming-champions-tour-2025-china-stage-1-lr1,Fracture,Titan Esports Club,Dragon Ranger Gaming,Dragon Ranger Gaming,Coco,Breach,164,14,22,10,116,32%
VCT 2025 China Stage 1,https://www.vlr.gg/473235/titan-esports-club-vs-dragon-ranger-gaming-champions-tour-2025-china-stage-1-lr1,Fracture,Titan Esports Club,Dragon Ranger Gaming,Dragon Ranger Gaming,Haodong,Brimstone,145,12,21,16,92,30%
VCT 2025 China Stage 1,https://www.vlr.gg/473235/titan-esports-club-vs-dragon-ranger-gaming-champions-tour-2025-china-stage-1-lr1,Fracture,Dragon Ranger Gaming,Titan Esports Club,Dragon Ranger Gaming,Nicc,Breach,237,21,16,19,157,34%
VCT 2025 China Stage 1,https://www.vlr.gg/473235/titan-esports-club-vs-dragon-ranger-gaming-champions-tour-2025-china-stage-1-lr1,Fracture,Dragon Ranger Gaming,Titan Esports Club,Dragon Ranger Gaming,SpiritZ1,Raze,227,23,16,4,154,28%
VCT 2025 China Stage 1,https://www.vlr.gg/473235/titan-esports-club-vs-dragon-ranger-gaming-champions-tour-2025-china-stage-1-lr1,Fracture,Dragon Ranger Gaming,Titan Esports Club,Dragon Ranger Gaming,Cangshu,Tejo,187,17,17,8,125,23%
VCT 2025 China Stage 1,https://www.vlr.gg/473235/titan-esports-club-vs-dragon-ranger-gaming-champions-tour-2025-china-stage-1-lr1,Fracture,Dragon Ranger Gaming,Titan Esports Club,Dragon Ranger Gaming,vo0kashu,Vyse,226,20,20,7,158,27%
VCT 2025 China Stage 1,https://www.vlr.gg/473235/titan-esports-club-vs-dragon-ranger-gaming-champions-tour-2025-china-stage-1-lr1,Fracture,Dragon Ranger Gaming,Titan Esports Club,Dragon Ranger Gaming,Flex1n,Brimstone,200,19,24,12,123,23%
VCT 2025 China Stage 1,https://www.vlr.gg/473235/titan-esports-club-vs-dragon-ranger-gaming-champions-tour-2025-china-stage-1-lr1,Lotus,Titan Esports Club,Dragon Ranger Gaming,Dragon Ranger Gaming,Rb,Omen,242,29,25,8,156,28%
VCT 2025 China Stage 1,https://www.vlr.gg/473235/titan-esports-club-vs-dragon-ranger-gaming-champions-tour-2025-china-stage-1-lr1,Lotus,Titan Esports Club,Dragon Ranger Gaming,Dragon Ranger Gaming,Abo,Deadlock,189,24,21,9,120,41%
VCT 2025 China Stage 1,https://www.vlr.gg/473235/titan-esports-club-vs-dragon-ranger-gaming-champions-tour-2025-china-stage-1-lr1,Lotus,Titan Esports Club,Dragon Ranger Gaming,Dragon Ranger Gaming,Haodong,Viper,155,20,21,10,97,27%
VCT 2025 China Stage 1,https://www.vlr.gg/473235/titan-esports-club-vs-dragon-ranger-gaming-champions-tour-2025-china-stage-1-lr1,Lotus,Titan Esports Club,Dragon Ranger Gaming,Dragon Ranger Gaming,Coco,Tejo,136,15,27,5,96,24%
VCT 2025 China Stage 1,https://www.vlr.gg/473235/titan-esports-club-vs-dragon-ranger-gaming-champions-tour-2025-china-stage-1-lr1,Lotus,Titan Esports Club,Dragon Ranger Gaming,Dragon Ranger Gaming,TvirusLuke,Raze,139,14,28,6,93,15%
VCT 2025 China Stage 1,https://www.vlr.gg/473235/titan-esports-club-vs-dragon-ranger-gaming-champions-tour-2025-china-stage-1-lr1,Lotus,Dragon Ranger Gaming,Titan Esports Club,Dragon Ranger Gaming,Flex1n,Omen,236,27,20,17,140,26%
VCT 2025 China Stage 1,https://www.vlr.gg/473235/titan-esports-club-vs-dragon-ranger-gaming-champions-tour-2025-china-stage-1-lr1,Lotus,Dragon Ranger Gaming,Titan Esports Club,Dragon Ranger Gaming,SpiritZ1,Yoru,268,34,24,3,184,49%
VCT 2025 China Stage 1,https://www.vlr.gg/473235/titan-esports-club-vs-dragon-ranger-gaming-champions-tour-2025-china-stage-1-lr1,Lotus,Dragon Ranger Gaming,Titan Esports Club,Dragon Ranger Gaming,Cangshu,Tejo,194,23,17,11,143,28%
VCT 2025 China Stage 1,https://www.vlr.gg/473235/titan-esports-club-vs-dragon-ranger-gaming-champions-tour-2025-china-stage-1-lr1,Lotus,Dragon Ranger Gaming,Titan Esports Club,Dragon Ranger Gaming,vo0kashu,Cypher,203,23,18,10,139,20%
VCT 2025 China Stage 1,https://www.vlr.gg/473235/titan-esports-club-vs-dragon-ranger-gaming-champions-tour-2025-china-stage-1-lr1,Lotus,Dragon Ranger Gaming,Titan Esports Club,Dragon Ranger Gaming,Nicc,Breach,135,14,23,24,96,25%
VCT 2025 China Stage 1,https://www.vlr.gg/473236/nova-esports-vs-trace-esports-champions-tour-2025-china-stage-1-lr1,Split,Nova Esports,Trace Esports,Trace Esports,cb,Raze,268,22,14,1,166,20%
VCT 2025 China Stage 1,https://www.vlr.gg/473236/nova-esports-vs-trace-esports-champions-tour-2025-china-stage-1-lr1,Split,Nova Esports,Trace Esports,Trace Esports,GuanG,Vyse,175,12,16,7,131,27%
VCT 2025 China Stage 1,https://www.vlr.gg/473236/nova-esports-vs-trace-esports-champions-tour-2025-china-stage-1-lr1,Split,Nova Esports,Trace Esports,Trace Esports,o0o0o,Skye,139,11,16,5,92,30%
VCT 2025 China Stage 1,https://www.vlr.gg/473236/nova-esports-vs-trace-esports-champions-tour-2025-china-stage-1-lr1,Split,Nova Esports,Trace Esports,Trace Esports,Ezeir,Astra,145,10,15,9,105,26%
VCT 2025 China Stage 1,https://www.vlr.gg/473236/nova-esports-vs-trace-esports-champions-tour-2025-china-stage-1-lr1,Split,Nova Esports,Trace Esports,Trace Esports,OBONE,Deadlock,77,7,19,4,50,20%
VCT 2025 China Stage 1,https://www.vlr.gg/473236/nova-esports-vs-trace-esports-champions-tour-2025-china-stage-1-lr1,Split,Trace Esports,Nova Esports,Trace Esports,Biank,Breach,218,17,10,9,149,31%
VCT 2025 China Stage 1,https://www.vlr.gg/473236/nova-esports-vs-trace-esports-champions-tour-2025-china-stage-1-lr1,Split,Trace Esports,Nova Esports,Trace Esports,Kai,Yoru,263,21,14,2,162,37%
VCT 2025 China Stage 1,https://www.vlr.gg/473236/nova-esports-vs-trace-esports-champions-tour-2025-china-stage-1-lr1,Split,Trace Esports,Nova Esports,Trace Esports,Midi,Tejo,184,15,11,4,128,45%
VCT 2025 China Stage 1,https://www.vlr.gg/473236/nova-esports-vs-trace-esports-champions-tour-2025-china-stage-1-lr1,Split,Trace Esports,Nova Esports,Trace Esports,LuoK1ng,Omen,218,15,13,13,138,35%
VCT 2025 China Stage 1,https://www.vlr.gg/473236/nova-esports-vs-trace-esports-champions-tour-2025-china-stage-1-lr1,Split,Trace Esports,Nova Esports,Trace Esports,heybay,Viper,163,12,14,4,100,14%
VCT 2025 China Stage 1,https://www.vlr.gg/473236/nova-esports-vs-trace-esports-champions-tour-2025-china-stage-1-lr1,Lotus,Nova Esports,Trace Esports,Trace Esports,GuanG,Raze,260,17,13,1,162,30%
VCT 2025 China Stage 1,https://www.vlr.gg/473236/nova-esports-vs-trace-esports-champions-tour-2025-china-stage-1-lr1,Lotus,Nova Esports,Trace Esports,Trace Esports,cb,Deadlock,231,12,15,6,148,11%
VCT 2025 China Stage 1,https://www.vlr.gg/473236/nova-esports-vs-trace-esports-champions-tour-2025-china-stage-1-lr1,Lotus,Nova Esports,Trace Esports,Trace Esports,OBONE,Vyse,177,10,13,5,116,32%
VCT 2025 China Stage 1,https://www.vlr.gg/473236/nova-esports-vs-trace-esports-champions-tour-2025-china-stage-1-lr1,Lotus,Nova Esports,Trace Esports,Trace Esports,Ezeir,Omen,134,7,16,4,84,44%
VCT 2025 China Stage 1,https://www.vlr.gg/473236/nova-esports-vs-trace-esports-champions-tour-2025-china-stage-1-lr1,Lotus,Nova Esports,Trace Esports,Trace Esports,o0o0o,Breach,105,6,15,5,66,40%
VCT 2025 China Stage 1,https://www.vlr.gg/473236/nova-esports-vs-trace-esports-champions-tour-2025-china-stage-1-lr1,Lotus,Trace Esports,Nova Esports,Trace Esports,LuoK1ng,Omen,312,21,9,7,226,40%
VCT 2025 China Stage 1,https://www.vlr.gg/473236/nova-esports-vs-trace-esports-champions-tour-2025-china-stage-1-lr1,Lotus,Trace Esports,Nova Esports,Trace Esports,heybay,Viper,316,19,9,7,207,30%
VCT 2025 China Stage 1,https://www.vlr.gg/473236/nova-esports-vs-trace-esports-champions-tour-2025-china-stage-1-lr1,Lotus,Trace Esports,Nova Esports,Trace Esports,Kai,Yoru,231,13,12,3,143,26%
VCT 2025 China Stage 1,https://www.vlr.gg/473236/nova-esports-vs-trace-esports-champions-tour-2025-china-stage-1-lr1,Lotus,Trace Esports,Nova Esports,Trace Esports,Biank,Breach,139,10,11,6,77,40%
VCT 2025 China Stage 1,https://www.vlr.gg/473236/nova-esports-vs-trace-esports-champions-tour-2025-china-stage-1-lr1,Lotus,Trace Esports,Nova Esports,Trace Esports,Midi,Tejo,170,9,11,11,128,23%
VCT 2025 China Stage 1,https://www.vlr.gg/473237/bilibili-gaming-vs-wolves-esports-champions-tour-2025-china-stage-1-ubsf,Split,Bilibili Gaming,Wolves Esports,Wolves Esports,Knight,Tejo,230,18,16,4,155,29%
VCT 2025 China Stage 1,https://www.vlr.gg/473237/bilibili-gaming-vs-wolves-esports-champions-tour-2025-china-stage-1-ubsf,Split,Bilibili Gaming,Wolves Esports,Wolves Esports,Levius,Viper,155,13,13,4,109,50%
VCT 2025 China Stage 1,https://www.vlr.gg/473237/bilibili-gaming-vs-wolves-esports-champions-tour-2025-china-stage-1-ubsf,Split,Bilibili Gaming,Wolves Esports,Wolves Esports,rushia,Omen,145,11,17,10,77,10%
VCT 2025 China Stage 1,https://www.vlr.gg/473237/bilibili-gaming-vs-wolves-esports-champions-tour-2025-china-stage-1-ubsf,Split,Bilibili Gaming,Wolves Esports,Wolves Esports,whzy,Yoru,217,14,19,8,121,14%
VCT 2025 China Stage 1,https://www.vlr.gg/473237/bilibili-gaming-vs-wolves-esports-champions-tour-2025-china-stage-1-ubsf,Split,Bilibili Gaming,Wolves Esports,Wolves Esports,nephh,Breach,158,11,18,11,103,33%
VCT 2025 China Stage 1,https://www.vlr.gg/473237/bilibili-gaming-vs-wolves-esports-champions-tour-2025-china-stage-1-ubsf,Split,Wolves Esports,Bilibili Gaming,Wolves Esports,SiuFatBB,Tejo,276,20,11,5,183,32%
VCT 2025 China Stage 1,https://www.vlr.gg/473237/bilibili-gaming-vs-wolves-esports-champions-tour-2025-china-stage-1-ubsf,Split,Wolves Esports,Bilibili Gaming,Wolves Esports,Juicy,Raze,290,21,14,1,192,20%
VCT 2025 China Stage 1,https://www.vlr.gg/473237/bilibili-gaming-vs-wolves-esports-champions-tour-2025-china-stage-1-ubsf,Split,Wolves Esports,Bilibili Gaming,Wolves Esports,Lysoar,Omen,183,16,13,10,131,27%
VCT 2025 China Stage 1,https://www.vlr.gg/473237/bilibili-gaming-vs-wolves-esports-champions-tour-2025-china-stage-1-ubsf,Split,Wolves Esports,Bilibili Gaming,Wolves Esports,Yuicaw,Cypher,153,12,12,4,106,35%
VCT 2025 China Stage 1,https://www.vlr.gg/473237/bilibili-gaming-vs-wolves-esports-champions-tour-2025-china-stage-1-ubsf,Split,Wolves Esports,Bilibili Gaming,Wolves Esports,Spring,Viper,198,14,17,2,118,45%
VCT 2025 China Stage 1,https://www.vlr.gg/473237/bilibili-gaming-vs-wolves-esports-champions-tour-2025-china-stage-1-ubsf,Haven,Bilibili Gaming,Wolves Esports,Wolves Esports,Knight,Tejo,273,20,14,8,190,24%
VCT 2025 China Stage 1,https://www.vlr.gg/473237/bilibili-gaming-vs-wolves-esports-champions-tour-2025-china-stage-1-ubsf,Haven,Bilibili Gaming,Wolves Esports,Wolves Esports,nephh,Breach,205,14,15,13,127,19%
VCT 2025 China Stage 1,https://www.vlr.gg/473237/bilibili-gaming-vs-wolves-esports-champions-tour-2025-china-stage-1-ubsf,Haven,Bilibili Gaming,Wolves Esports,Wolves Esports,whzy,Yoru,253,20,18,1,160,32%
VCT 2025 China Stage 1,https://www.vlr.gg/473237/bilibili-gaming-vs-wolves-esports-champions-tour-2025-china-stage-1-ubsf,Haven,Bilibili Gaming,Wolves Esports,Wolves Esports,Levius,Cypher,153,12,15,4,93,20%
VCT 2025 China Stage 1,https://www.vlr.gg/473237/bilibili-gaming-vs-wolves-esports-champions-tour-2025-china-stage-1-ubsf,Haven,Bilibili Gaming,Wolves Esports,Wolves Esports,rushia,Omen,171,10,18,15,112,22%
VCT 2025 China Stage 1,https://www.vlr.gg/473237/bilibili-gaming-vs-wolves-esports-champions-tour-2025-china-stage-1-ubsf,Haven,Wolves Esports,Bilibili Gaming,Wolves Esports,Lysoar,Cypher,278,23,14,5,176,26%
VCT 2025 China Stage 1,https://www.vlr.gg/473237/bilibili-gaming-vs-wolves-esports-champions-tour-2025-china-stage-1-ubsf,Haven,Wolves Esports,Bilibili Gaming,Wolves Esports,Yuicaw,Breach,263,19,15,11,195,39%
VCT 2025 China Stage 1,https://www.vlr.gg/473237/bilibili-gaming-vs-wolves-esports-champions-tour-2025-china-stage-1-ubsf,Haven,Wolves Esports,Bilibili Gaming,Wolves Esports,Juicy,Omen,206,15,15,12,134,28%
VCT 2025 China Stage 1,https://www.vlr.gg/473237/bilibili-gaming-vs-wolves-esports-champions-tour-2025-china-stage-1-ubsf,Haven,Wolves Esports,Bilibili Gaming,Wolves Esports,SiuFatBB,Sova,160,14,13,7,124,34%
VCT 2025 China Stage 1,https://www.vlr.gg/473237/bilibili-gaming-vs-wolves-esports-champions-tour-2025-china-stage-1-ubsf,Haven,Wolves Esports,Bilibili Gaming,Wolves Esports,Spring,Neon,145,9,19,9,97,24%
VCT 2025 China Stage 1,https://www.vlr.gg/473238/edward-gaming-vs-xi-lai-gaming-champions-tour-2025-china-stage-1-ubsf,Lotus,EDward Gaming,Xi Lai Gaming,Xi Lai Gaming,CHICHOO,Vyse,336,26,14,5,222,30%
VCT 2025 China Stage 1,https://www.vlr.gg/473238/edward-gaming-vs-xi-lai-gaming-champions-tour-2025-china-stage-1-ubsf,Lotus,EDward Gaming,Xi Lai Gaming,Xi Lai Gaming,Smoggy,Omen,181,14,14,6,110,52%
VCT 2025 China Stage 1,https://www.vlr.gg/473238/edward-gaming-vs-xi-lai-gaming-champions-tour-2025-china-stage-1-ubsf,Lotus,EDward Gaming,Xi Lai Gaming,Xi Lai Gaming,nobody,Sova,165,11,15,4,102,29%
VCT 2025 China Stage 1,https://www.vlr.gg/473238/edward-gaming-vs-xi-lai-gaming-champions-tour-2025-china-stage-1-ubsf,Lotus,EDward Gaming,Xi Lai Gaming,Xi Lai Gaming,Jieni7,Neon,158,13,17,3,95,18%
VCT 2025 China Stage 1,https://www.vlr.gg/473238/edward-gaming-vs-xi-lai-gaming-champions-tour-2025-china-stage-1-ubsf,Lotus,EDward Gaming,Xi Lai Gaming,Xi Lai Gaming,ZmjjKK,Iso,172,12,20,5,127,29%
VCT 2025 China Stage 1,https://www.vlr.gg/473238/edward-gaming-vs-xi-lai-gaming-champions-tour-2025-china-stage-1-ubsf,Lotus,Xi Lai Gaming,EDward Gaming,Xi Lai Gaming,YOU,Breach,236,18,14,13,152,31%
VCT 2025 China Stage 1,https://www.vlr.gg/473238/edward-gaming-vs-xi-lai-gaming-champions-tour-2025-china-stage-1-ubsf,Lotus,Xi Lai Gaming,EDward Gaming,Xi Lai Gaming,Rarga,Yoru,278,21,15,6,195,27%
VCT 2025 China Stage 1,https://www.vlr.gg/473238/edward-gaming-vs-xi-lai-gaming-champions-tour-2025-china-stage-1-ubsf,Lotus,Xi Lai Gaming,EDward Gaming,Xi Lai Gaming,Viva,Tejo,208,16,16,5,160,22%
VCT 2025 China Stage 1,https://www.vlr.gg/473238/edward-gaming-vs-xi-lai-gaming-champions-tour-2025-china-stage-1-ubsf,Lotus,Xi Lai Gaming,EDward Gaming,Xi Lai Gaming,coconut,Omen,188,14,14,10,122,31%
VCT 2025 China Stage 1,https://www.vlr.gg/473238/edward-gaming-vs-xi-lai-gaming-champions-tour-2025-china-stage-1-ubsf,Lotus,Xi Lai Gaming,EDward Gaming,Xi Lai Gaming,happywei,Viper,144,11,17,7,92,19%
VCT 2025 China Stage 1,https://www.vlr.gg/473238/edward-gaming-vs-xi-lai-gaming-champions-tour-2025-china-stage-1-ubsf,Haven,EDward Gaming,Xi Lai Gaming,Xi Lai Gaming,nobody,Tejo,238,19,15,3,163,40%
VCT 2025 China Stage 1,https://www.vlr.gg/473238/edward-gaming-vs-xi-lai-gaming-champions-tour-2025-china-stage-1-ubsf,Haven,EDward Gaming,Xi Lai Gaming,Xi Lai Gaming,CHICHOO,Cypher,157,14,16,3,113,41%
VCT 2025 China Stage 1,https://www.vlr.gg/473238/edward-gaming-vs-xi-lai-gaming-champions-tour-2025-china-stage-1-ubsf,Haven,EDward Gaming,Xi Lai Gaming,Xi Lai Gaming,Smoggy,Omen,158,12,18,12,108,28%
VCT 2025 China Stage 1,https://www.vlr.gg/473238/edward-gaming-vs-xi-lai-gaming-champions-tour-2025-china-stage-1-ubsf,Haven,EDward Gaming,Xi Lai Gaming,Xi Lai Gaming,Jieni7,Breach,132,12,17,5,91,57%
VCT 2025 China Stage 1,https://www.vlr.gg/473238/edward-gaming-vs-xi-lai-gaming-champions-tour-2025-china-stage-1-ubsf,Haven,EDward Gaming,Xi Lai Gaming,Xi Lai Gaming,ZmjjKK,Yoru,199,17,20,2,126,26%
VCT 2025 China Stage 1,https://www.vlr.gg/473238/edward-gaming-vs-xi-lai-gaming-champions-tour-2025-china-stage-1-ubsf,Haven,Xi Lai Gaming,EDward Gaming,Xi Lai Gaming,Rarga,Yoru,432,35,16,5,260,38%
VCT 2025 China Stage 1,https://www.vlr.gg/473238/edward-gaming-vs-xi-lai-gaming-champions-tour-2025-china-stage-1-ubsf,Haven,Xi Lai Gaming,EDward Gaming,Xi Lai Gaming,happywei,Cypher,210,18,15,5,140,41%
VCT 2025 China Stage 1,https://www.vlr.gg/473238/edward-gaming-vs-xi-lai-gaming-champions-tour-2025-china-stage-1-ubsf,Haven,Xi Lai Gaming,EDward Gaming,Xi Lai Gaming,Viva,Tejo,131,14,11,3,92,28%
VCT 2025 China Stage 1,https://www.vlr.gg/473238/edward-gaming-vs-xi-lai-gaming-champions-tour-2025-china-stage-1-ubsf,Haven,Xi Lai Gaming,EDward Gaming,Xi Lai Gaming,coconut,Omen,147,13,14,14,94,33%
VCT 2025 China Stage 1,https://www.vlr.gg/473238/edward-gaming-vs-xi-lai-gaming-champions-tour-2025-china-stage-1-ubsf,Haven,Xi Lai Gaming,EDward Gaming,Xi Lai Gaming,YOU,Breach,100,6,18,20,55,38%
VCT 2025 China Stage 1,https://www.vlr.gg/473240/bilibili-gaming-vs-trace-esports-champions-tour-2025-china-stage-1-lr2,Fracture,Bilibili Gaming,Trace Esports,Bilibili Gaming,nephh,Breach,277,21,8,13,192,30%
VCT 2025 China Stage 1,https://www.vlr.gg/473240/bilibili-gaming-vs-trace-esports-champions-tour-2025-china-stage-1-lr2,Fracture,Bilibili Gaming,Trace Esports,Bilibili Gaming,whzy,Neon,343,27,14,5,206,34%
VCT 2025 China Stage 1,https://www.vlr.gg/473240/bilibili-gaming-vs-trace-esports-champions-tour-2025-china-stage-1-lr2,Fracture,Bilibili Gaming,Trace Esports,Bilibili Gaming,Levius,Cypher,194,16,11,4,118,22%
VCT 2025 China Stage 1,https://www.vlr.gg/473240/bilibili-gaming-vs-trace-esports-champions-tour-2025-china-stage-1-lr2,Fracture,Bilibili Gaming,Trace Esports,Bilibili Gaming,rushia,Brimstone,163,12,13,15,106,26%
VCT 2025 China Stage 1,https://www.vlr.gg/473240/bilibili-gaming-vs-trace-esports-champions-tour-2025-china-stage-1-lr2,Fracture,Bilibili Gaming,Trace Esports,Bilibili Gaming,Knight,Tejo,154,10,11,4,103,24%
VCT 2025 China Stage 1,https://www.vlr.gg/473240/bilibili-gaming-vs-trace-esports-champions-tour-2025-china-stage-1-lr2,Fracture,Trace Esports,Bilibili Gaming,Bilibili Gaming,Biank,Breach,193,13,17,9,132,20%
VCT 2025 China Stage 1,https://www.vlr.gg/473240/bilibili-gaming-vs-trace-esports-champions-tour-2025-china-stage-1-lr2,Fracture,Trace Esports,Bilibili Gaming,Bilibili Gaming,Kai,Yoru,197,14,16,5,115,10%
VCT 2025 China Stage 1,https://www.vlr.gg/473240/bilibili-gaming-vs-trace-esports-champions-tour-2025-china-stage-1-lr2,Fracture,Trace Esports,Bilibili Gaming,Bilibili Gaming,Midi,Tejo,181,14,18,4,116,31%
VCT 2025 China Stage 1,https://www.vlr.gg/473240/bilibili-gaming-vs-trace-esports-champions-tour-2025-china-stage-1-lr2,Fracture,Trace Esports,Bilibili Gaming,Bilibili Gaming,LuoK1ng,Brimstone,151,7,17,9,110,21%
VCT 2025 China Stage 1,https://www.vlr.gg/473240/bilibili-gaming-vs-trace-esports-champions-tour-2025-china-stage-1-lr2,Fracture,Trace Esports,Bilibili Gaming,Bilibili Gaming,heybay,Vyse,140,9,18,3,90,12%
VCT 2025 China Stage 1,https://www.vlr.gg/473240/bilibili-gaming-vs-trace-esports-champions-tour-2025-china-stage-1-lr2,Lotus,Bilibili Gaming,Trace Esports,Bilibili Gaming,rushia,Omen,199,14,6,12,115,29%
VCT 2025 China Stage 1,https://www.vlr.gg/473240/bilibili-gaming-vs-trace-esports-champions-tour-2025-china-stage-1-lr2,Lotus,Bilibili Gaming,Trace Esports,Bilibili Gaming,whzy,Neon,346,20,13,4,208,19%
VCT 2025 China Stage 1,https://www.vlr.gg/473240/bilibili-gaming-vs-trace-esports-champions-tour-2025-china-stage-1-lr2,Lotus,Bilibili Gaming,Trace Esports,Bilibili Gaming,Levius,Viper,250,17,10,2,152,43%
VCT 2025 China Stage 1,https://www.vlr.gg/473240/bilibili-gaming-vs-trace-esports-champions-tour-2025-china-stage-1-lr2,Lotus,Bilibili Gaming,Trace Esports,Bilibili Gaming,nephh,Breach,225,14,10,5,145,32%
VCT 2025 China Stage 1,https://www.vlr.gg/473240/bilibili-gaming-vs-trace-esports-champions-tour-2025-china-stage-1-lr2,Lotus,Bilibili Gaming,Trace Esports,Bilibili Gaming,Knight,Tejo,143,9,10,5,105,22%
VCT 2025 China Stage 1,https://www.vlr.gg/473240/bilibili-gaming-vs-trace-esports-champions-tour-2025-china-stage-1-lr2,Lotus,Trace Esports,Bilibili Gaming,Bilibili Gaming,Kai,Yoru,210,12,14,2,132,29%
VCT 2025 China Stage 1,https://www.vlr.gg/473240/bilibili-gaming-vs-trace-esports-champions-tour-2025-china-stage-1-lr2,Lotus,Trace Esports,Bilibili Gaming,Bilibili Gaming,Biank,Breach,187,11,15,5,136,27%
VCT 2025 China Stage 1,https://www.vlr.gg/473240/bilibili-gaming-vs-trace-esports-champions-tour-2025-china-stage-1-lr2,Lotus,Trace Esports,Bilibili Gaming,Bilibili Gaming,heybay,Viper,174,10,15,2,114,23%
VCT 2025 China Stage 1,https://www.vlr.gg/473240/bilibili-gaming-vs-trace-esports-champions-tour-2025-china-stage-1-lr2,Lotus,Trace Esports,Bilibili Gaming,Bilibili Gaming,Midi,Tejo,163,8,15,4,104,27%
VCT 2025 China Stage 1,https://www.vlr.gg/473240/bilibili-gaming-vs-trace-esports-champions-tour-2025-china-stage-1-lr2,Lotus,Trace Esports,Bilibili Gaming,Bilibili Gaming,LuoK1ng,Omen,136,8,15,1,90,53%
VCT 2025 China Stage 1,https://www.vlr.gg/473239/edward-gaming-vs-dragon-ranger-gaming-champions-tour-2025-china-stage-1-lr2,Lotus,EDward Gaming,Dragon Ranger Gaming,EDward Gaming,ZmjjKK,Iso,359,29,14,8,223,32%
VCT 2025 China Stage 1,https://www.vlr.gg/473239/edward-gaming-vs-dragon-ranger-gaming-champions-tour-2025-china-stage-1-lr2,Lotus,EDward Gaming,Dragon Ranger Gaming,EDward Gaming,CHICHOO,Vyse,240,17,12,9,194,28%
VCT 2025 China Stage 1,https://www.vlr.gg/473239/edward-gaming-vs-dragon-ranger-gaming-champions-tour-2025-china-stage-1-lr2,Lotus,EDward Gaming,Dragon Ranger Gaming,EDward Gaming,nobody,Sova,179,12,11,10,127,18%
VCT 2025 China Stage 1,https://www.vlr.gg/473239/edward-gaming-vs-dragon-ranger-gaming-champions-tour-2025-china-stage-1-lr2,Lotus,EDward Gaming,Dragon Ranger Gaming,EDward Gaming,Smoggy,Omen,169,13,12,12,116,41%
VCT 2025 China Stage 1,https://www.vlr.gg/473239/edward-gaming-vs-dragon-ranger-gaming-champions-tour-2025-china-stage-1-lr2,Lotus,EDward Gaming,Dragon Ranger Gaming,EDward Gaming,Jieni7,Neon,218,17,14,7,143,30%
VCT 2025 China Stage 1,https://www.vlr.gg/473239/edward-gaming-vs-dragon-ranger-gaming-champions-tour-2025-china-stage-1-lr2,Lotus,Dragon Ranger Gaming,EDward Gaming,EDward Gaming,Flex1n,Omen,251,16,16,10,178,26%
VCT 2025 China Stage 1,https://www.vlr.gg/473239/edward-gaming-vs-dragon-ranger-gaming-champions-tour-2025-china-stage-1-lr2,Lotus,Dragon Ranger Gaming,EDward Gaming,EDward Gaming,Nicc,Breach,190,14,17,4,123,26%
VCT 2025 China Stage 1,https://www.vlr.gg/473239/edward-gaming-vs-dragon-ranger-gaming-champions-tour-2025-china-stage-1-lr2,Lotus,Dragon Ranger Gaming,EDward Gaming,EDward Gaming,vo0kashu,Cypher,188,15,19,3,127,30%
VCT 2025 China Stage 1,https://www.vlr.gg/473239/edward-gaming-vs-dragon-ranger-gaming-champions-tour-2025-china-stage-1-lr2,Lotus,Dragon Ranger Gaming,EDward Gaming,EDward Gaming,SpiritZ1,Yoru,147,11,19,4,99,31%
VCT 2025 China Stage 1,https://www.vlr.gg/473239/edward-gaming-vs-dragon-ranger-gaming-champions-tour-2025-china-stage-1-lr2,Lotus,Dragon Ranger Gaming,EDward Gaming,EDward Gaming,Cangshu,Tejo,110,7,17,5,74,24%
VCT 2025 China Stage 1,https://www.vlr.gg/473239/edward-gaming-vs-dragon-ranger-gaming-champions-tour-2025-china-stage-1-lr2,Split,EDward Gaming,Dragon Ranger Gaming,Dragon Ranger Gaming,CHICHOO,Cypher,231,20,16,4,157,31%
VCT 2025 China Stage 1,https://www.vlr.gg/473239/edward-gaming-vs-dragon-ranger-gaming-champions-tour-2025-china-stage-1-lr2,Split,EDward Gaming,Dragon Ranger Gaming,Dragon Ranger Gaming,ZmjjKK,Iso,309,26,21,5,190,31%
VCT 2025 China Stage 1,https://www.vlr.gg/473239/edward-gaming-vs-dragon-ranger-gaming-champions-tour-2025-china-stage-1-lr2,Split,EDward Gaming,Dragon Ranger Gaming,Dragon Ranger Gaming,Smoggy,Omen,169,16,16,11,100,28%
VCT 2025 China Stage 1,https://www.vlr.gg/473239/edward-gaming-vs-dragon-ranger-gaming-champions-tour-2025-china-stage-1-lr2,Split,EDward Gaming,Dragon Ranger Gaming,Dragon Ranger Gaming,nobody,Fade,110,8,18,9,78,31%
VCT 2025 China Stage 1,https://www.vlr.gg/473239/edward-gaming-vs-dragon-ranger-gaming-champions-tour-2025-china-stage-1-lr2,Split,EDward Gaming,Dragon Ranger Gaming,Dragon Ranger Gaming,Jieni7,Neon,103,8,22,7,58,22%
VCT 2025 China Stage 1,https://www.vlr.gg/473239/edward-gaming-vs-dragon-ranger-gaming-champions-tour-2025-china-stage-1-lr2,Split,Dragon Ranger Gaming,EDward Gaming,Dragon Ranger Gaming,vo0kashu,Cypher,292,25,16,10,192,28%
VCT 2025 China Stage 1,https://www.vlr.gg/473239/edward-gaming-vs-dragon-ranger-gaming-champions-tour-2025-china-stage-1-lr2,Split,Dragon Ranger Gaming,EDward Gaming,Dragon Ranger Gaming,Cangshu,Tejo,213,19,14,6,158,34%
VCT 2025 China Stage 1,https://www.vlr.gg/473239/edward-gaming-vs-dragon-ranger-gaming-champions-tour-2025-china-stage-1-lr2,Split,Dragon Ranger Gaming,EDward Gaming,Dragon Ranger Gaming,SpiritZ1,Yoru,256,21,19,1,159,45%
VCT 2025 China Stage 1,https://www.vlr.gg/473239/edward-gaming-vs-dragon-ranger-gaming-champions-tour-2025-china-stage-1-lr2,Split,Dragon Ranger Gaming,EDward Gaming,Dragon Ranger Gaming,Nicc,Breach,185,16,16,14,115,35%
VCT 2025 China Stage 1,https://www.vlr.gg/473239/edward-gaming-vs-dragon-ranger-gaming-champions-tour-2025-china-stage-1-lr2,Split,Dragon Ranger Gaming,EDward Gaming,Dragon Ranger Gaming,Flex1n,Omen,147,12,14,11,89,16%
VCT 2025 China Stage 1,https://www.vlr.gg/473239/edward-gaming-vs-dragon-ranger-gaming-champions-tour-2025-china-stage-1-lr2,Ascent,EDward Gaming,Dragon Ranger Gaming,EDward Gaming,Jieni7,Deadlock,252,20,12,2,156,51%
VCT 2025 China Stage 1,https://www.vlr.gg/473239/edward-gaming-vs-dragon-ranger-gaming-champions-tour-2025-china-stage-1-lr2,Ascent,EDward Gaming,Dragon Ranger Gaming,EDward Gaming,ZmjjKK,Yoru,242,17,15,9,147,38%
VCT 2025 China Stage 1,https://www.vlr.gg/473239/edward-gaming-vs-dragon-ranger-gaming-champions-tour-2025-china-stage-1-lr2,Ascent,EDward Gaming,Dragon Ranger Gaming,EDward Gaming,Smoggy,Omen,193,16,12,5,130,29%
VCT 2025 China Stage 1,https://www.vlr.gg/473239/edward-gaming-vs-dragon-ranger-gaming-champions-tour-2025-china-stage-1-lr2,Ascent,EDward Gaming,Dragon Ranger Gaming,EDward Gaming,CHICHOO,Vyse,133,10,14,6,83,32%
VCT 2025 China Stage 1,https://www.vlr.gg/473239/edward-gaming-vs-dragon-ranger-gaming-champions-tour-2025-china-stage-1-lr2,Ascent,EDward Gaming,Dragon Ranger Gaming,EDward Gaming,nobody,Tejo,166,13,16,1,109,25%
VCT 2025 China Stage 1,https://www.vlr.gg/473239/edward-gaming-vs-dragon-ranger-gaming-champions-tour-2025-china-stage-1-lr2,Ascent,Dragon Ranger Gaming,EDward Gaming,EDward Gaming,vo0kashu,Vyse,243,19,13,4,143,39%
VCT 2025 China Stage 1,https://www.vlr.gg/473239/edward-gaming-vs-dragon-ranger-gaming-champions-tour-2025-china-stage-1-lr2,Ascent,Dragon Ranger Gaming,EDward Gaming,EDward Gaming,Nicc,Fade,225,16,15,7,156,27%
VCT 2025 China Stage 1,https://www.vlr.gg/473239/edward-gaming-vs-dragon-ranger-gaming-champions-tour-2025-china-stage-1-lr2,Ascent,Dragon Ranger Gaming,EDward Gaming,EDward Gaming,SpiritZ1,Yoru,193,15,15,4,114,28%
VCT 2025 China Stage 1,https://www.vlr.gg/473239/edward-gaming-vs-dragon-ranger-gaming-champions-tour-2025-china-stage-1-lr2,Ascent,Dragon Ranger Gaming,EDward Gaming,EDward Gaming,Flex1n,Omen,136,9,17,15,81,48%
VCT 2025 China Stage 1,https://www.vlr.gg/473239/edward-gaming-vs-dragon-ranger-gaming-champions-tour-2025-china-stage-1-lr2,Ascent,Dragon Ranger Gaming,EDward Gaming,EDward Gaming,Cangshu,Viper,148,10,16,6,98,28%
VCT 2025 China Stage 1,https://www.vlr.gg/473241/wolves-esports-vs-xi-lai-gaming-champions-tour-2025-china-stage-1-ubf,Pearl,Wolves Esports,Xi Lai Gaming,Xi Lai Gaming,Yuicaw,Chamber,283,21,14,1,182,38%
VCT 2025 China Stage 1,https://www.vlr.gg/473241/wolves-esports-vs-xi-lai-gaming-champions-tour-2025-china-stage-1-ubf,Pearl,Wolves Esports,Xi Lai Gaming,Xi Lai Gaming,Lysoar,Vyse,184,13,16,2,129,48%
VCT 2025 China Stage 1,https://www.vlr.gg/473241/wolves-esports-vs-xi-lai-gaming-champions-tour-2025-china-stage-1-ubf,Pearl,Wolves Esports,Xi Lai Gaming,Xi Lai Gaming,Spring,Astra,170,11,16,7,117,29%
VCT 2025 China Stage 1,https://www.vlr.gg/473241/wolves-esports-vs-xi-lai-gaming-champions-tour-2025-china-stage-1-ubf,Pearl,Wolves Esports,Xi Lai Gaming,Xi Lai Gaming,SiuFatBB,Tejo,144,7,16,5,101,15%
VCT 2025 China Stage 1,https://www.vlr.gg/473241/wolves-esports-vs-xi-lai-gaming-champions-tour-2025-china-stage-1-ubf,Pearl,Wolves Esports,Xi Lai Gaming,Xi Lai Gaming,Juicy,Yoru,162,12,19,1,106,50%
VCT 2025 China Stage 1,https://www.vlr.gg/473241/wolves-esports-vs-xi-lai-gaming-champions-tour-2025-china-stage-1-ubf,Pearl,Xi Lai Gaming,Wolves Esports,Xi Lai Gaming,Rarga,Chamber,288,23,10,3,194,38%
VCT 2025 China Stage 1,https://www.vlr.gg/473241/wolves-esports-vs-xi-lai-gaming-champions-tour-2025-china-stage-1-ubf,Pearl,Xi Lai Gaming,Wolves Esports,Xi Lai Gaming,happywei,Yoru,275,19,15,3,185,41%
VCT 2025 China Stage 1,https://www.vlr.gg/473241/wolves-esports-vs-xi-lai-gaming-champions-tour-2025-china-stage-1-ubf,Pearl,Xi Lai Gaming,Wolves Esports,Xi Lai Gaming,Viva,Sova,179,13,12,7,118,24%
VCT 2025 China Stage 1,https://www.vlr.gg/473241/wolves-esports-vs-xi-lai-gaming-champions-tour-2025-china-stage-1-ubf,Pearl,Xi Lai Gaming,Wolves Esports,Xi Lai Gaming,coconut,Astra,221,14,13,14,139,42%
VCT 2025 China Stage 1,https://www.vlr.gg/473241/wolves-esports-vs-xi-lai-gaming-champions-tour-2025-china-stage-1-ubf,Pearl,Xi Lai Gaming,Wolves Esports,Xi Lai Gaming,YOU,Vyse,162,12,14,2,99,31%
VCT 2025 China Stage 1,https://www.vlr.gg/473241/wolves-esports-vs-xi-lai-gaming-champions-tour-2025-china-stage-1-ubf,Lotus,Wolves Esports,Xi Lai Gaming,Xi Lai Gaming,Yuicaw,Breach,271,27,18,7,180,38%
VCT 2025 China Stage 1,https://www.vlr.gg/473241/wolves-esports-vs-xi-lai-gaming-champions-tour-2025-china-stage-1-ubf,Lotus,Wolves Esports,Xi Lai Gaming,Xi Lai Gaming,Juicy,Neon,253,22,19,7,161,35%
VCT 2025 China Stage 1,https://www.vlr.gg/473241/wolves-esports-vs-xi-lai-gaming-champions-tour-2025-china-stage-1-ubf,Lotus,Wolves Esports,Xi Lai Gaming,Xi Lai Gaming,SiuFatBB,Tejo,159,14,16,6,109,27%
VCT 2025 China Stage 1,https://www.vlr.gg/473241/wolves-esports-vs-xi-lai-gaming-champions-tour-2025-china-stage-1-ubf,Lotus,Wolves Esports,Xi Lai Gaming,Xi Lai Gaming,Lysoar,Omen,169,16,19,12,111,30%
VCT 2025 China Stage 1,https://www.vlr.gg/473241/wolves-esports-vs-xi-lai-gaming-champions-tour-2025-china-stage-1-ubf,Lotus,Wolves Esports,Xi Lai Gaming,Xi Lai Gaming,Spring,Viper,131,12,19,4,84,22%
VCT 2025 China Stage 1,https://www.vlr.gg/473241/wolves-esports-vs-xi-lai-gaming-champions-tour-2025-china-stage-1-ubf,Lotus,Xi Lai Gaming,Wolves Esports,Xi Lai Gaming,Viva,Tejo,204,19,17,5,155,33%
VCT 2025 China Stage 1,https://www.vlr.gg/473241/wolves-esports-vs-xi-lai-gaming-champions-tour-2025-china-stage-1-ubf,Lotus,Xi Lai Gaming,Wolves Esports,Xi Lai Gaming,YOU,Breach,208,19,18,11,125,24%
VCT 2025 China Stage 1,https://www.vlr.gg/473241/wolves-esports-vs-xi-lai-gaming-champions-tour-2025-china-stage-1-ubf,Lotus,Xi Lai Gaming,Wolves Esports,Xi Lai Gaming,happywei,Viper,216,18,19,10,146,23%
VCT 2025 China Stage 1,https://www.vlr.gg/473241/wolves-esports-vs-xi-lai-gaming-champions-tour-2025-china-stage-1-ubf,Lotus,Xi Lai Gaming,Wolves Esports,Xi Lai Gaming,coconut,Omen,160,15,16,5,99,31%
VCT 2025 China Stage 1,https://www.vlr.gg/473241/wolves-esports-vs-xi-lai-gaming-champions-tour-2025-china-stage-1-ubf,Lotus,Xi Lai Gaming,Wolves Esports,Xi Lai Gaming,Rarga,Yoru,225,20,21,5,132,28%
VCT 2025 China Stage 1,https://www.vlr.gg/473242/edward-gaming-vs-bilibili-gaming-champions-tour-2025-china-stage-1-lr3,Fracture,EDward Gaming,Bilibili Gaming,EDward Gaming,ZmjjKK,Neon,345,26,14,2,228,26%
VCT 2025 China Stage 1,https://www.vlr.gg/473242/edward-gaming-vs-bilibili-gaming-champions-tour-2025-china-stage-1-lr3,Fracture,EDward Gaming,Bilibili Gaming,EDward Gaming,Smoggy,Brimstone,180,13,12,10,126,26%
VCT 2025 China Stage 1,https://www.vlr.gg/473242/edward-gaming-vs-bilibili-gaming-champions-tour-2025-china-stage-1-lr3,Fracture,EDward Gaming,Bilibili Gaming,EDward Gaming,nobody,Tejo,199,14,14,7,144,24%
VCT 2025 China Stage 1,https://www.vlr.gg/473242/edward-gaming-vs-bilibili-gaming-champions-tour-2025-china-stage-1-lr3,Fracture,EDward Gaming,Bilibili Gaming,EDward Gaming,CHICHOO,Vyse,159,12,14,6,110,21%
VCT 2025 China Stage 1,https://www.vlr.gg/473242/edward-gaming-vs-bilibili-gaming-champions-tour-2025-china-stage-1-lr3,Fracture,EDward Gaming,Bilibili Gaming,EDward Gaming,Jieni7,Breach,176,13,15,11,105,31%
VCT 2025 China Stage 1,https://www.vlr.gg/473242/edward-gaming-vs-bilibili-gaming-champions-tour-2025-china-stage-1-lr3,Fracture,Bilibili Gaming,EDward Gaming,EDward Gaming,rushia,Brimstone,233,18,14,8,148,29%
VCT 2025 China Stage 1,https://www.vlr.gg/473242/edward-gaming-vs-bilibili-gaming-champions-tour-2025-china-stage-1-lr3,Fracture,Bilibili Gaming,EDward Gaming,EDward Gaming,Levius,Cypher,211,16,15,3,126,37%
VCT 2025 China Stage 1,https://www.vlr.gg/473242/edward-gaming-vs-bilibili-gaming-champions-tour-2025-china-stage-1-lr3,Fracture,Bilibili Gaming,EDward Gaming,EDward Gaming,nephh,Breach,195,15,16,4,136,28%
VCT 2025 China Stage 1,https://www.vlr.gg/473242/edward-gaming-vs-bilibili-gaming-champions-tour-2025-china-stage-1-lr3,Fracture,Bilibili Gaming,EDward Gaming,EDward Gaming,Knight,Tejo,200,12,16,8,145,19%
VCT 2025 China Stage 1,https://www.vlr.gg/473242/edward-gaming-vs-bilibili-gaming-champions-tour-2025-china-stage-1-lr3,Fracture,Bilibili Gaming,EDward Gaming,EDward Gaming,whzy,Neon,121,8,17,4,74,19%
VCT 2025 China Stage 1,https://www.vlr.gg/473242/edward-gaming-vs-bilibili-gaming-champions-tour-2025-china-stage-1-lr3,Icebox,EDward Gaming,Bilibili Gaming,Bilibili Gaming,ZmjjKK,Jett,266,20,16,5,164,26%
VCT 2025 China Stage 1,https://www.vlr.gg/473242/edward-gaming-vs-bilibili-gaming-champions-tour-2025-china-stage-1-lr3,Icebox,EDward Gaming,Bilibili Gaming,Bilibili Gaming,Jieni7,Kayo,199,14,14,9,132,33%
VCT 2025 China Stage 1,https://www.vlr.gg/473242/edward-gaming-vs-bilibili-gaming-champions-tour-2025-china-stage-1-lr3,Icebox,EDward Gaming,Bilibili Gaming,Bilibili Gaming,nobody,Tejo,120,9,16,1,67,21%
VCT 2025 China Stage 1,https://www.vlr.gg/473242/edward-gaming-vs-bilibili-gaming-champions-tour-2025-china-stage-1-lr3,Icebox,EDward Gaming,Bilibili Gaming,Bilibili Gaming,Smoggy,Viper,125,8,16,2,87,33%
VCT 2025 China Stage 1,https://www.vlr.gg/473242/edward-gaming-vs-bilibili-gaming-champions-tour-2025-china-stage-1-lr3,Icebox,EDward Gaming,Bilibili Gaming,Bilibili Gaming,CHICHOO,Killjoy,116,7,20,3,90,26%
VCT 2025 China Stage 1,https://www.vlr.gg/473242/edward-gaming-vs-bilibili-gaming-champions-tour-2025-china-stage-1-lr3,Icebox,Bilibili Gaming,EDward Gaming,Bilibili Gaming,whzy,Jett,294,22,13,4,196,17%
VCT 2025 China Stage 1,https://www.vlr.gg/473242/edward-gaming-vs-bilibili-gaming-champions-tour-2025-china-stage-1-lr3,Icebox,Bilibili Gaming,EDward Gaming,Bilibili Gaming,Knight,Sova,265,21,10,7,162,20%
VCT 2025 China Stage 1,https://www.vlr.gg/473242/edward-gaming-vs-bilibili-gaming-champions-tour-2025-china-stage-1-lr3,Icebox,Bilibili Gaming,EDward Gaming,Bilibili Gaming,Levius,Killjoy,188,14,10,2,127,35%
VCT 2025 China Stage 1,https://www.vlr.gg/473242/edward-gaming-vs-bilibili-gaming-champions-tour-2025-china-stage-1-lr3,Icebox,Bilibili Gaming,EDward Gaming,Bilibili Gaming,nephh,Viper,180,13,12,7,126,26%
VCT 2025 China Stage 1,https://www.vlr.gg/473242/edward-gaming-vs-bilibili-gaming-champions-tour-2025-china-stage-1-lr3,Icebox,Bilibili Gaming,EDward Gaming,Bilibili Gaming,rushia,Harbor,148,12,13,7,91,29%
VCT 2025 China Stage 1,https://www.vlr.gg/473242/edward-gaming-vs-bilibili-gaming-champions-tour-2025-china-stage-1-lr3,Pearl,EDward Gaming,Bilibili Gaming,Bilibili Gaming,CHICHOO,Vyse,317,28,19,3,206,44%
VCT 2025 China Stage 1,https://www.vlr.gg/473242/edward-gaming-vs-bilibili-gaming-champions-tour-2025-china-stage-1-lr3,Pearl,EDward Gaming,Bilibili Gaming,Bilibili Gaming,Smoggy,Astra,202,18,16,10,153,39%
VCT 2025 China Stage 1,https://www.vlr.gg/473242/edward-gaming-vs-bilibili-gaming-champions-tour-2025-china-stage-1-lr3,Pearl,EDward Gaming,Bilibili Gaming,Bilibili Gaming,nobody,Sova,177,15,20,7,127,32%
VCT 2025 China Stage 1,https://www.vlr.gg/473242/edward-gaming-vs-bilibili-gaming-champions-tour-2025-china-stage-1-lr3,Pearl,EDward Gaming,Bilibili Gaming,Bilibili Gaming,ZmjjKK,Neon,177,13,22,5,115,20%
VCT 2025 China Stage 1,https://www.vlr.gg/473242/edward-gaming-vs-bilibili-gaming-champions-tour-2025-china-stage-1-lr3,Pearl,EDward Gaming,Bilibili Gaming,Bilibili Gaming,Jieni7,Yoru,129,9,24,9,84,19%
VCT 2025 China Stage 1,https://www.vlr.gg/473242/edward-gaming-vs-bilibili-gaming-champions-tour-2025-china-stage-1-lr3,Pearl,Bilibili Gaming,EDward Gaming,Bilibili Gaming,rushia,Astra,329,28,17,20,187,24%
VCT 2025 China Stage 1,https://www.vlr.gg/473242/edward-gaming-vs-bilibili-gaming-champions-tour-2025-china-stage-1-lr3,Pearl,Bilibili Gaming,EDward Gaming,Bilibili Gaming,Knight,Fade,278,26,15,10,162,27%
VCT 2025 China Stage 1,https://www.vlr.gg/473242/edward-gaming-vs-bilibili-gaming-champions-tour-2025-china-stage-1-lr3,Pearl,Bilibili Gaming,EDward Gaming,Bilibili Gaming,whzy,Yoru,274,25,17,6,180,26%
VCT 2025 China Stage 1,https://www.vlr.gg/473242/edward-gaming-vs-bilibili-gaming-champions-tour-2025-china-stage-1-lr3,Pearl,Bilibili Gaming,EDward Gaming,Bilibili Gaming,nephh,Tejo,163,12,18,8,121,12%
VCT 2025 China Stage 1,https://www.vlr.gg/473242/edward-gaming-vs-bilibili-gaming-champions-tour-2025-china-stage-1-lr3,Pearl,Bilibili Gaming,EDward Gaming,Bilibili Gaming,Levius,Vyse,107,10,16,9,73,15%
VCT 2025 China Stage 1,https://www.vlr.gg/473243/wolves-esports-vs-bilibili-gaming-champions-tour-2025-china-stage-1-lbf,Pearl,Wolves Esports,Bilibili Gaming,Bilibili Gaming,Lysoar,Vyse,291,21,19,8,202,34%
VCT 2025 China Stage 1,https://www.vlr.gg/473243/wolves-esports-vs-bilibili-gaming-champions-tour-2025-china-stage-1-lbf,Pearl,Wolves Esports,Bilibili Gaming,Bilibili Gaming,Spring,Astra,166,13,15,8,99,35%
VCT 2025 China Stage 1,https://www.vlr.gg/473243/wolves-esports-vs-bilibili-gaming-champions-tour-2025-china-stage-1-lbf,Pearl,Wolves Esports,Bilibili Gaming,Bilibili Gaming,SiuFatBB,Tejo,150,11,16,5,115,34%
VCT 2025 China Stage 1,https://www.vlr.gg/473243/wolves-esports-vs-bilibili-gaming-champions-tour-2025-china-stage-1-lbf,Pearl,Wolves Esports,Bilibili Gaming,Bilibili Gaming,Juicy,Yoru,200,13,19,8,130,23%
VCT 2025 China Stage 1,https://www.vlr.gg/473243/wolves-esports-vs-bilibili-gaming-champions-tour-2025-china-stage-1-lbf,Pearl,Wolves Esports,Bilibili Gaming,Bilibili Gaming,Yuicaw,Chamber,91,9,15,1,70,28%
VCT 2025 China Stage 1,https://www.vlr.gg/473243/wolves-esports-vs-bilibili-gaming-champions-tour-2025-china-stage-1-lbf,Pearl,Bilibili Gaming,Wolves Esports,Bilibili Gaming,rushia,Astra,240,21,9,9,155,24%
VCT 2025 China Stage 1,https://www.vlr.gg/473243/wolves-esports-vs-bilibili-gaming-champions-tour-2025-china-stage-1-lbf,Pearl,Bilibili Gaming,Wolves Esports,Bilibili Gaming,nephh,Tejo,206,17,12,6,121,32%
VCT 2025 China Stage 1,https://www.vlr.gg/473243/wolves-esports-vs-bilibili-gaming-champions-tour-2025-china-stage-1-lbf,Pearl,Bilibili Gaming,Wolves Esports,Bilibili Gaming,Levius,Vyse,223,18,13,8,140,29%
VCT 2025 China Stage 1,https://www.vlr.gg/473243/wolves-esports-vs-bilibili-gaming-champions-tour-2025-china-stage-1-lbf,Pearl,Bilibili Gaming,Wolves Esports,Bilibili Gaming,whzy,Yoru,225,17,17,5,145,28%
VCT 2025 China Stage 1,https://www.vlr.gg/473243/wolves-esports-vs-bilibili-gaming-champions-tour-2025-china-stage-1-lbf,Pearl,Bilibili Gaming,Wolves Esports,Bilibili Gaming,Knight,Fade,148,11,16,6,105,21%
VCT 2025 China Stage 1,https://www.vlr.gg/473243/wolves-esports-vs-bilibili-gaming-champions-tour-2025-china-stage-1-lbf,Lotus,Wolves Esports,Bilibili Gaming,Bilibili Gaming,Spring,Viper,330,27,18,9,219,28%
VCT 2025 China Stage 1,https://www.vlr.gg/473243/wolves-esports-vs-bilibili-gaming-champions-tour-2025-china-stage-1-lbf,Lotus,Wolves Esports,Bilibili Gaming,Bilibili Gaming,Yuicaw,Breach,235,20,16,13,150,37%
VCT 2025 China Stage 1,https://www.vlr.gg/473243/wolves-esports-vs-bilibili-gaming-champions-tour-2025-china-stage-1-lbf,Lotus,Wolves Esports,Bilibili Gaming,Bilibili Gaming,SiuFatBB,Tejo,167,14,17,7,111,20%
VCT 2025 China Stage 1,https://www.vlr.gg/473243/wolves-esports-vs-bilibili-gaming-champions-tour-2025-china-stage-1-lbf,Lotus,Wolves Esports,Bilibili Gaming,Bilibili Gaming,Juicy,Neon,175,16,16,5,102,16%
VCT 2025 China Stage 1,https://www.vlr.gg/473243/wolves-esports-vs-bilibili-gaming-champions-tour-2025-china-stage-1-lbf,Lotus,Wolves Esports,Bilibili Gaming,Bilibili Gaming,Lysoar,Omen,117,10,18,10,78,43%
VCT 2025 China Stage 1,https://www.vlr.gg/473243/wolves-esports-vs-bilibili-gaming-champions-tour-2025-china-stage-1-lbf,Lotus,Bilibili Gaming,Wolves Esports,Bilibili Gaming,whzy,Neon,313,26,19,5,189,27%
VCT 2025 China Stage 1,https://www.vlr.gg/473243/wolves-esports-vs-bilibili-gaming-champions-tour-2025-china-stage-1-lbf,Lotus,Bilibili Gaming,Wolves Esports,Bilibili Gaming,nephh,Breach,185,17,17,4,108,24%
VCT 2025 China Stage 1,https://www.vlr.gg/473243/wolves-esports-vs-bilibili-gaming-champions-tour-2025-china-stage-1-lbf,Lotus,Bilibili Gaming,Wolves Esports,Bilibili Gaming,Knight,Tejo,178,15,17,7,128,11%
VCT 2025 China Stage 1,https://www.vlr.gg/473243/wolves-esports-vs-bilibili-gaming-champions-tour-2025-china-stage-1-lbf,Lotus,Bilibili Gaming,Wolves Esports,Bilibili Gaming,Levius,Viper,156,13,17,9,113,20%
VCT 2025 China Stage 1,https://www.vlr.gg/473243/wolves-esports-vs-bilibili-gaming-champions-tour-2025-china-stage-1-lbf,Lotus,Bilibili Gaming,Wolves Esports,Bilibili Gaming,rushia,Omen,168,14,18,4,112,21%
VCT 2025 China Stage 1,https://www.vlr.gg/473243/wolves-esports-vs-bilibili-gaming-champions-tour-2025-china-stage-1-lbf,Icebox,Wolves Esports,Bilibili Gaming,Bilibili Gaming,Spring,Viper,350,23,14,5,221,33%
VCT 2025 China Stage 1,https://www.vlr.gg/473243/wolves-esports-vs-bilibili-gaming-champions-tour-2025-china-stage-1-lbf,Icebox,Wolves Esports,Bilibili Gaming,Bilibili Gaming,Lysoar,Killjoy,219,15,17,0,140,34%
VCT 2025 China Stage 1,https://www.vlr.gg/473243/wolves-esports-vs-bilibili-gaming-champions-tour-2025-china-stage-1-lbf,Icebox,Wolves Esports,Bilibili Gaming,Bilibili Gaming,Juicy,Jett,193,14,17,2,140,34%
VCT 2025 China Stage 1,https://www.vlr.gg/473243/wolves-esports-vs-bilibili-gaming-champions-tour-2025-china-stage-1-lbf,Icebox,Wolves Esports,Bilibili Gaming,Bilibili Gaming,Yuicaw,Gekko,87,6,15,3,55,41%
VCT 2025 China Stage 1,https://www.vlr.gg/473243/wolves-esports-vs-bilibili-gaming-champions-tour-2025-china-stage-1-lbf,Icebox,Wolves Esports,Bilibili Gaming,Bilibili Gaming,SiuFatBB,Tejo,82,5,17,1,66,21%
VCT 2025 China Stage 1,https://www.vlr.gg/473243/wolves-esports-vs-bilibili-gaming-champions-tour-2025-china-stage-1-lbf,Icebox,Bilibili Gaming,Wolves Esports,Bilibili Gaming,whzy,Jett,301,24,12,3,190,46%
VCT 2025 China Stage 1,https://www.vlr.gg/473243/wolves-esports-vs-bilibili-gaming-champions-tour-2025-china-stage-1-lbf,Icebox,Bilibili Gaming,Wolves Esports,Bilibili Gaming,nephh,Viper,232,17,12,5,138,33%
VCT 2025 China Stage 1,https://www.vlr.gg/473243/wolves-esports-vs-bilibili-gaming-champions-tour-2025-china-stage-1-lbf,Icebox,Bilibili Gaming,Wolves Esports,Bilibili Gaming,rushia,Harbor,250,18,14,8,168,31%
VCT 2025 China Stage 1,https://www.vlr.gg/473243/wolves-esports-vs-bilibili-gaming-champions-tour-2025-china-stage-1-lbf,Icebox,Bilibili Gaming,Wolves Esports,Bilibili Gaming,Knight,Sova,198,14,11,7,136,23%
VCT 2025 China Stage 1,https://www.vlr.gg/473243/wolves-esports-vs-bilibili-gaming-champions-tour-2025-china-stage-1-lbf,Icebox,Bilibili Gaming,Wolves Esports,Bilibili Gaming,Levius,Killjoy,102,7,14,2,71,17%
VCT 2025 China Stage 1,https://www.vlr.gg/473244/xi-lai-gaming-vs-bilibili-gaming-champions-tour-2025-china-stage-1-gf,Fracture,Xi Lai Gaming,Bilibili Gaming,Xi Lai Gaming,YOU,Brimstone,256,23,18,17,161,29%
VCT 2025 China Stage 1,https://www.vlr.gg/473244/xi-lai-gaming-vs-bilibili-gaming-champions-tour-2025-china-stage-1-gf,Fracture,Xi Lai Gaming,Bilibili Gaming,Xi Lai Gaming,Viva,Tejo,155,15,19,8,106,39%
VCT 2025 China Stage 1,https://www.vlr.gg/473244/xi-lai-gaming-vs-bilibili-gaming-champions-tour-2025-china-stage-1-gf,Fracture,Xi Lai Gaming,Bilibili Gaming,Xi Lai Gaming,coconut,Breach,173,18,19,5,109,17%
VCT 2025 China Stage 1,https://www.vlr.gg/473244/xi-lai-gaming-vs-bilibili-gaming-champions-tour-2025-china-stage-1-gf,Fracture,Xi Lai Gaming,Bilibili Gaming,Xi Lai Gaming,happywei,Cypher,180,17,20,3,116,36%
VCT 2025 China Stage 1,https://www.vlr.gg/473244/xi-lai-gaming-vs-bilibili-gaming-champions-tour-2025-china-stage-1-gf,Fracture,Xi Lai Gaming,Bilibili Gaming,Xi Lai Gaming,Rarga,Neon,164,15,25,4,107,31%
VCT 2025 China Stage 1,https://www.vlr.gg/473244/xi-lai-gaming-vs-bilibili-gaming-champions-tour-2025-china-stage-1-gf,Fracture,Bilibili Gaming,Xi Lai Gaming,Xi Lai Gaming,whzy,Neon,280,27,16,7,182,27%
VCT 2025 China Stage 1,https://www.vlr.gg/473244/xi-lai-gaming-vs-bilibili-gaming-champions-tour-2025-china-stage-1-gf,Fracture,Bilibili Gaming,Xi Lai Gaming,Xi Lai Gaming,rushia,Brimstone,201,19,16,18,120,25%
VCT 2025 China Stage 1,https://www.vlr.gg/473244/xi-lai-gaming-vs-bilibili-gaming-champions-tour-2025-china-stage-1-gf,Fracture,Bilibili Gaming,Xi Lai Gaming,Xi Lai Gaming,nephh,Breach,201,21,17,12,120,25%
VCT 2025 China Stage 1,https://www.vlr.gg/473244/xi-lai-gaming-vs-bilibili-gaming-champions-tour-2025-china-stage-1-gf,Fracture,Bilibili Gaming,Xi Lai Gaming,Xi Lai Gaming,Knight,Tejo,192,18,21,5,133,17%
VCT 2025 China Stage 1,https://www.vlr.gg/473244/xi-lai-gaming-vs-bilibili-gaming-champions-tour-2025-china-stage-1-gf,Fracture,Bilibili Gaming,Xi Lai Gaming,Xi Lai Gaming,Levius,Cypher,172,16,18,10,101,19%
VCT 2025 China Stage 1,https://www.vlr.gg/473244/xi-lai-gaming-vs-bilibili-gaming-champions-tour-2025-china-stage-1-gf,Lotus,Xi Lai Gaming,Bilibili Gaming,Xi Lai Gaming,Rarga,Yoru,316,25,17,6,193,40%
VCT 2025 China Stage 1,https://www.vlr.gg/473244/xi-lai-gaming-vs-bilibili-gaming-champions-tour-2025-china-stage-1-gf,Lotus,Xi Lai Gaming,Bilibili Gaming,Xi Lai Gaming,happywei,Viper,217,17,17,6,151,43%
VCT 2025 China Stage 1,https://www.vlr.gg/473244/xi-lai-gaming-vs-bilibili-gaming-champions-tour-2025-china-stage-1-gf,Lotus,Xi Lai Gaming,Bilibili Gaming,Xi Lai Gaming,Viva,Tejo,176,16,15,4,116,14%
VCT 2025 China Stage 1,https://www.vlr.gg/473244/xi-lai-gaming-vs-bilibili-gaming-champions-tour-2025-china-stage-1-gf,Lotus,Xi Lai Gaming,Bilibili Gaming,Xi Lai Gaming,coconut,Omen,166,15,17,10,101,21%
VCT 2025 China Stage 1,https://www.vlr.gg/473244/xi-lai-gaming-vs-bilibili-gaming-champions-tour-2025-china-stage-1-gf,Lotus,Xi Lai Gaming,Bilibili Gaming,Xi Lai Gaming,YOU,Breach,143,9,15,16,101,28%
VCT 2025 China Stage 1,https://www.vlr.gg/473244/xi-lai-gaming-vs-bilibili-gaming-champions-tour-2025-china-stage-1-gf,Lotus,Bilibili Gaming,Xi Lai Gaming,Xi Lai Gaming,whzy,Neon,314,24,19,5,204,35%
VCT 2025 China Stage 1,https://www.vlr.gg/473244/xi-lai-gaming-vs-bilibili-gaming-champions-tour-2025-china-stage-1-gf,Lotus,Bilibili Gaming,Xi Lai Gaming,Xi Lai Gaming,Knight,Tejo,181,15,15,6,124,24%
VCT 2025 China Stage 1,https://www.vlr.gg/473244/xi-lai-gaming-vs-bilibili-gaming-champions-tour-2025-china-stage-1-gf,Lotus,Bilibili Gaming,Xi Lai Gaming,Xi Lai Gaming,rushia,Omen,180,16,16,5,105,32%
VCT 2025 China Stage 1,https://www.vlr.gg/473244/xi-lai-gaming-vs-bilibili-gaming-champions-tour-2025-china-stage-1-gf,Lotus,Bilibili Gaming,Xi Lai Gaming,Xi Lai Gaming,nephh,Breach,175,13,16,12,111,28%
VCT 2025 China Stage 1,https://www.vlr.gg/473244/xi-lai-gaming-vs-bilibili-gaming-champions-tour-2025-china-stage-1-gf,Lotus,Bilibili Gaming,Xi Lai Gaming,Xi Lai Gaming,Levius,Viper,185,13,16,6,122,22%
VCT 2025 China Stage 1,https://www.vlr.gg/473244/xi-lai-gaming-vs-bilibili-gaming-champions-tour-2025-china-stage-1-gf,Pearl,Xi Lai Gaming,Bilibili Gaming,Bilibili Gaming,Rarga,Chamber,228,18,15,2,156,37%
VCT 2025 China Stage 1,https://www.vlr.gg/473244/xi-lai-gaming-vs-bilibili-gaming-champions-tour-2025-china-stage-1-gf,Pearl,Xi Lai Gaming,Bilibili Gaming,Bilibili Gaming,coconut,Astra,196,15,17,7,145,34%
VCT 2025 China Stage 1,https://www.vlr.gg/473244/xi-lai-gaming-vs-bilibili-gaming-champions-tour-2025-china-stage-1-gf,Pearl,Xi Lai Gaming,Bilibili Gaming,Bilibili Gaming,Viva,Sova,186,13,17,9,130,22%
VCT 2025 China Stage 1,https://www.vlr.gg/473244/xi-lai-gaming-vs-bilibili-gaming-champions-tour-2025-china-stage-1-gf,Pearl,Xi Lai Gaming,Bilibili Gaming,Bilibili Gaming,YOU,Vyse,154,11,17,6,122,31%
VCT 2025 China Stage 1,https://www.vlr.gg/473244/xi-lai-gaming-vs-bilibili-gaming-champions-tour-2025-china-stage-1-gf,Pearl,Xi Lai Gaming,Bilibili Gaming,Bilibili Gaming,happywei,Yoru,140,9,18,5,102,24%
VCT 2025 China Stage 1,https://www.vlr.gg/473244/xi-lai-gaming-vs-bilibili-gaming-champions-tour-2025-china-stage-1-gf,Pearl,Bilibili Gaming,Xi Lai Gaming,Bilibili Gaming,rushia,Astra,285,24,14,5,174,24%
VCT 2025 China Stage 1,https://www.vlr.gg/473244/xi-lai-gaming-vs-bilibili-gaming-champions-tour-2025-china-stage-1-gf,Pearl,Bilibili Gaming,Xi Lai Gaming,Bilibili Gaming,Knight,Fade,226,17,12,11,129,21%
VCT 2025 China Stage 1,https://www.vlr.gg/473244/xi-lai-gaming-vs-bilibili-gaming-champions-tour-2025-china-stage-1-gf,Pearl,Bilibili Gaming,Xi Lai Gaming,Bilibili Gaming,whzy,Yoru,240,19,11,8,166,26%
VCT 2025 China Stage 1,https://www.vlr.gg/473244/xi-lai-gaming-vs-bilibili-gaming-champions-tour-2025-china-stage-1-gf,Pearl,Bilibili Gaming,Xi Lai Gaming,Bilibili Gaming,nephh,Tejo,171,12,14,8,122,34%
VCT 2025 China Stage 1,https://www.vlr.gg/473244/xi-lai-gaming-vs-bilibili-gaming-champions-tour-2025-china-stage-1-gf,Pearl,Bilibili Gaming,Xi Lai Gaming,Bilibili Gaming,Levius,Vyse,162,12,15,8,114,19%
VCT 2025 China Stage 1,https://www.vlr.gg/473244/xi-lai-gaming-vs-bilibili-gaming-champions-tour-2025-china-stage-1-gf,Haven,Xi Lai Gaming,Bilibili Gaming,Xi Lai Gaming,coconut,Omen,285,26,17,10,179,31%
VCT 2025 China Stage 1,https://www.vlr.gg/473244/xi-lai-gaming-vs-bilibili-gaming-champions-tour-2025-china-stage-1-gf,Haven,Xi Lai Gaming,Bilibili Gaming,Xi Lai Gaming,happywei,Cypher,247,24,18,4,149,31%
VCT 2025 China Stage 1,https://www.vlr.gg/473244/xi-lai-gaming-vs-bilibili-gaming-champions-tour-2025-china-stage-1-gf,Haven,Xi Lai Gaming,Bilibili Gaming,Xi Lai Gaming,Rarga,Yoru,213,20,13,3,137,21%
VCT 2025 China Stage 1,https://www.vlr.gg/473244/xi-lai-gaming-vs-bilibili-gaming-champions-tour-2025-china-stage-1-gf,Haven,Xi Lai Gaming,Bilibili Gaming,Xi Lai Gaming,YOU,Breach,167,16,13,14,105,41%
VCT 2025 China Stage 1,https://www.vlr.gg/473244/xi-lai-gaming-vs-bilibili-gaming-champions-tour-2025-china-stage-1-gf,Haven,Xi Lai Gaming,Bilibili Gaming,Xi Lai Gaming,Viva,Tejo,91,6,16,10,72,19%
VCT 2025 China Stage 1,https://www.vlr.gg/473244/xi-lai-gaming-vs-bilibili-gaming-champions-tour-2025-china-stage-1-gf,Haven,Bilibili Gaming,Xi Lai Gaming,Xi Lai Gaming,rushia,Omen,224,19,18,13,141,16%
VCT 2025 China Stage 1,https://www.vlr.gg/473244/xi-lai-gaming-vs-bilibili-gaming-champions-tour-2025-china-stage-1-gf,Haven,Bilibili Gaming,Xi Lai Gaming,Xi Lai Gaming,whzy,Yoru,244,22,21,3,143,24%
VCT 2025 China Stage 1,https://www.vlr.gg/473244/xi-lai-gaming-vs-bilibili-gaming-champions-tour-2025-china-stage-1-gf,Haven,Bilibili Gaming,Xi Lai Gaming,Xi Lai Gaming,nephh,Breach,136,15,17,7,74,14%
VCT 2025 China Stage 1,https://www.vlr.gg/473244/xi-lai-gaming-vs-bilibili-gaming-champions-tour-2025-china-stage-1-gf,Haven,Bilibili Gaming,Xi Lai Gaming,Xi Lai Gaming,Knight,Tejo,141,11,17,9,110,14%
VCT 2025 China Stage 1,https://www.vlr.gg/473244/xi-lai-gaming-vs-bilibili-gaming-champions-tour-2025-china-stage-1-gf,Haven,Bilibili Gaming,Xi Lai Gaming,Xi Lai Gaming,Levius,Cypher,133,10,19,9,89,20%
VCT 2025 Americas Stage 1,https://www.vlr.gg/475897/mibr-vs-100-thieves-champions-tour-2025-americas-stage-1-ubr1,Split,MIBR,100 Thieves,MIBR,Verno,Tejo,204,17,8,7,132,22%
VCT 2025 Americas Stage 1,https://www.vlr.gg/475897/mibr-vs-100-thieves-champions-tour-2025-americas-stage-1-ubr1,Split,MIBR,100 Thieves,MIBR,cortezia,Omen,258,21,14,4,155,25%
VCT 2025 Americas Stage 1,https://www.vlr.gg/475897/mibr-vs-100-thieves-champions-tour-2025-americas-stage-1-ubr1,Split,MIBR,100 Thieves,MIBR,aspas,Jett,157,12,12,4,106,24%
VCT 2025 Americas Stage 1,https://www.vlr.gg/475897/mibr-vs-100-thieves-champions-tour-2025-americas-stage-1-ubr1,Split,MIBR,100 Thieves,MIBR,xenom,Viper,163,13,12,4,100,31%
VCT 2025 Americas Stage 1,https://www.vlr.gg/475897/mibr-vs-100-thieves-champions-tour-2025-americas-stage-1-ubr1,Split,MIBR,100 Thieves,MIBR,artzin,Breach,174,16,16,6,101,29%
VCT 2025 Americas Stage 1,https://www.vlr.gg/475897/mibr-vs-100-thieves-champions-tour-2025-americas-stage-1-ubr1,Split,100 Thieves,MIBR,MIBR,Asuna,Raze,260,18,15,3,173,22%
VCT 2025 Americas Stage 1,https://www.vlr.gg/475897/mibr-vs-100-thieves-champions-tour-2025-americas-stage-1-ubr1,Split,100 Thieves,MIBR,MIBR,Cryocells,Sage,205,15,16,3,133,30%
VCT 2025 Americas Stage 1,https://www.vlr.gg/475897/mibr-vs-100-thieves-champions-tour-2025-americas-stage-1-ubr1,Split,100 Thieves,MIBR,MIBR,zander,Astra,144,11,16,12,93,35%
VCT 2025 Americas Stage 1,https://www.vlr.gg/475897/mibr-vs-100-thieves-champions-tour-2025-americas-stage-1-ubr1,Split,100 Thieves,MIBR,MIBR,eeiu,Tejo,153,11,16,8,95,34%
VCT 2025 Americas Stage 1,https://www.vlr.gg/475897/mibr-vs-100-thieves-champions-tour-2025-americas-stage-1-ubr1,Split,100 Thieves,MIBR,MIBR,Boostio,Breach,83,7,16,6,60,30%
VCT 2025 Americas Stage 1,https://www.vlr.gg/475897/mibr-vs-100-thieves-champions-tour-2025-americas-stage-1-ubr1,Icebox,MIBR,100 Thieves,MIBR,aspas,Jett,346,24,9,5,218,18%
VCT 2025 Americas Stage 1,https://www.vlr.gg/475897/mibr-vs-100-thieves-champions-tour-2025-americas-stage-1-ubr1,Icebox,MIBR,100 Thieves,MIBR,Verno,Sova,160,10,5,5,121,32%
VCT 2025 Americas Stage 1,https://www.vlr.gg/475897/mibr-vs-100-thieves-champions-tour-2025-americas-stage-1-ubr1,Icebox,MIBR,100 Thieves,MIBR,cortezia,Killjoy,276,17,11,10,201,21%
VCT 2025 Americas Stage 1,https://www.vlr.gg/475897/mibr-vs-100-thieves-champions-tour-2025-americas-stage-1-ubr1,Icebox,MIBR,100 Thieves,MIBR,xenom,Viper,252,17,11,8,165,27%
VCT 2025 Americas Stage 1,https://www.vlr.gg/475897/mibr-vs-100-thieves-champions-tour-2025-americas-stage-1-ubr1,Icebox,MIBR,100 Thieves,MIBR,artzin,Harbor,192,12,11,3,117,29%
VCT 2025 Americas Stage 1,https://www.vlr.gg/475897/mibr-vs-100-thieves-champions-tour-2025-americas-stage-1-ubr1,Icebox,100 Thieves,MIBR,MIBR,eeiu,Sova,281,17,15,2,182,44%
VCT 2025 Americas Stage 1,https://www.vlr.gg/475897/mibr-vs-100-thieves-champions-tour-2025-americas-stage-1-ubr1,Icebox,100 Thieves,MIBR,MIBR,Cryocells,Jett,195,12,16,2,129,14%
VCT 2025 Americas Stage 1,https://www.vlr.gg/475897/mibr-vs-100-thieves-champions-tour-2025-americas-stage-1-ubr1,Icebox,100 Thieves,MIBR,MIBR,zander,Viper,113,4,15,10,82,16%
VCT 2025 Americas Stage 1,https://www.vlr.gg/475897/mibr-vs-100-thieves-champions-tour-2025-americas-stage-1-ubr1,Icebox,100 Thieves,MIBR,MIBR,Boostio,Killjoy,123,7,17,1,77,32%
VCT 2025 Americas Stage 1,https://www.vlr.gg/475897/mibr-vs-100-thieves-champions-tour-2025-americas-stage-1-ubr1,Icebox,100 Thieves,MIBR,MIBR,Asuna,Gekko,103,7,17,4,50,36%
VCT 2025 Americas Stage 1,https://www.vlr.gg/475898/sentinels-vs-cloud9-champions-tour-2025-americas-stage-1-ubr1,Ascent,Sentinels,Cloud9,Sentinels,zekken,Jett,305,24,14,5,185,21%
VCT 2025 Americas Stage 1,https://www.vlr.gg/475898/sentinels-vs-cloud9-champions-tour-2025-americas-stage-1-ubr1,Ascent,Sentinels,Cloud9,Sentinels,johnqt,Kayo,222,17,14,13,150,37%
VCT 2025 Americas Stage 1,https://www.vlr.gg/475898/sentinels-vs-cloud9-champions-tour-2025-americas-stage-1-ubr1,Ascent,Sentinels,Cloud9,Sentinels,Zellsis,Vyse,189,16,13,7,129,29%
VCT 2025 Americas Stage 1,https://www.vlr.gg/475898/sentinels-vs-cloud9-champions-tour-2025-americas-stage-1-ubr1,Ascent,Sentinels,Cloud9,Sentinels,N4RRATE,Tejo,245,18,15,8,168,22%
VCT 2025 Americas Stage 1,https://www.vlr.gg/475898/sentinels-vs-cloud9-champions-tour-2025-americas-stage-1-ubr1,Ascent,Sentinels,Cloud9,Sentinels,bang,Omen,182,15,14,10,107,28%
VCT 2025 Americas Stage 1,https://www.vlr.gg/475898/sentinels-vs-cloud9-champions-tour-2025-americas-stage-1-ubr1,Ascent,Cloud9,Sentinels,Sentinels,mitch,Sova,275,23,15,5,176,25%
VCT 2025 Americas Stage 1,https://www.vlr.gg/475898/sentinels-vs-cloud9-champions-tour-2025-americas-stage-1-ubr1,Ascent,Cloud9,Sentinels,Sentinels,v1c,Omen,155,10,18,11,109,39%
VCT 2025 Americas Stage 1,https://www.vlr.gg/475898/sentinels-vs-cloud9-champions-tour-2025-americas-stage-1-ubr1,Ascent,Cloud9,Sentinels,Sentinels,OXY,Yoru,161,14,18,9,108,28%
VCT 2025 Americas Stage 1,https://www.vlr.gg/475898/sentinels-vs-cloud9-champions-tour-2025-americas-stage-1-ubr1,Ascent,Cloud9,Sentinels,Sentinels,Xeppaa,Vyse,159,11,19,5,121,33%
VCT 2025 Americas Stage 1,https://www.vlr.gg/475898/sentinels-vs-cloud9-champions-tour-2025-americas-stage-1-ubr1,Ascent,Cloud9,Sentinels,Sentinels,neT,Deadlock,167,12,20,5,102,25%
VCT 2025 Americas Stage 1,https://www.vlr.gg/475898/sentinels-vs-cloud9-champions-tour-2025-americas-stage-1-ubr1,Pearl,Sentinels,Cloud9,Sentinels,bang,Astra,274,21,14,10,167,25%
VCT 2025 Americas Stage 1,https://www.vlr.gg/475898/sentinels-vs-cloud9-champions-tour-2025-americas-stage-1-ubr1,Pearl,Sentinels,Cloud9,Sentinels,zekken,Yoru,244,21,18,4,153,33%
VCT 2025 Americas Stage 1,https://www.vlr.gg/475898/sentinels-vs-cloud9-champions-tour-2025-americas-stage-1-ubr1,Pearl,Sentinels,Cloud9,Sentinels,johnqt,Tejo,191,16,14,3,149,13%
VCT 2025 Americas Stage 1,https://www.vlr.gg/475898/sentinels-vs-cloud9-champions-tour-2025-americas-stage-1-ubr1,Pearl,Sentinels,Cloud9,Sentinels,Zellsis,Vyse,161,13,14,5,100,18%
VCT 2025 Americas Stage 1,https://www.vlr.gg/475898/sentinels-vs-cloud9-champions-tour-2025-americas-stage-1-ubr1,Pearl,Sentinels,Cloud9,Sentinels,N4RRATE,Fade,155,11,17,16,93,31%
VCT 2025 Americas Stage 1,https://www.vlr.gg/475898/sentinels-vs-cloud9-champions-tour-2025-americas-stage-1-ubr1,Pearl,Cloud9,Sentinels,Sentinels,v1c,Astra,178,16,15,6,123,41%
VCT 2025 Americas Stage 1,https://www.vlr.gg/475898/sentinels-vs-cloud9-champions-tour-2025-americas-stage-1-ubr1,Pearl,Cloud9,Sentinels,Sentinels,Xeppaa,Yoru,224,16,17,10,154,38%
VCT 2025 Americas Stage 1,https://www.vlr.gg/475898/sentinels-vs-cloud9-champions-tour-2025-americas-stage-1-ubr1,Pearl,Cloud9,Sentinels,Sentinels,OXY,Jett,220,16,16,2,145,35%
VCT 2025 Americas Stage 1,https://www.vlr.gg/475898/sentinels-vs-cloud9-champions-tour-2025-americas-stage-1-ubr1,Pearl,Cloud9,Sentinels,Sentinels,mitch,Sova,155,12,17,5,108,20%
VCT 2025 Americas Stage 1,https://www.vlr.gg/475898/sentinels-vs-cloud9-champions-tour-2025-americas-stage-1-ubr1,Pearl,Cloud9,Sentinels,Sentinels,neT,Cypher,147,12,17,2,88,26%
VCT 2025 Americas Stage 1,https://www.vlr.gg/475903/100-thieves-vs-nrg-esports-champions-tour-2025-americas-stage-1-lr1,Fracture,100 Thieves,NRG,100 Thieves,zander,Brimstone,386,28,7,8,228,23%
VCT 2025 Americas Stage 1,https://www.vlr.gg/475903/100-thieves-vs-nrg-esports-champions-tour-2025-americas-stage-1-lr1,Fracture,100 Thieves,NRG,100 Thieves,Cryocells,Chamber,185,15,8,3,146,26%
VCT 2025 Americas Stage 1,https://www.vlr.gg/475903/100-thieves-vs-nrg-esports-champions-tour-2025-americas-stage-1-lr1,Fracture,100 Thieves,NRG,100 Thieves,Boostio,Breach,204,14,10,16,138,28%
VCT 2025 Americas Stage 1,https://www.vlr.gg/475903/100-thieves-vs-nrg-esports-champions-tour-2025-americas-stage-1-lr1,Fracture,100 Thieves,NRG,100 Thieves,Asuna,Neon,246,15,15,11,150,29%
VCT 2025 Americas Stage 1,https://www.vlr.gg/475903/100-thieves-vs-nrg-esports-champions-tour-2025-americas-stage-1-lr1,Fracture,100 Thieves,NRG,100 Thieves,eeiu,Tejo,120,7,13,11,96,14%
VCT 2025 Americas Stage 1,https://www.vlr.gg/475903/100-thieves-vs-nrg-esports-champions-tour-2025-americas-stage-1-lr1,Fracture,NRG,100 Thieves,100 Thieves,mada,Raze,231,14,15,6,168,15%
VCT 2025 Americas Stage 1,https://www.vlr.gg/475903/100-thieves-vs-nrg-esports-champions-tour-2025-americas-stage-1-lr1,Fracture,NRG,100 Thieves,100 Thieves,Ethan,Breach,147,10,14,5,104,24%
VCT 2025 Americas Stage 1,https://www.vlr.gg/475903/100-thieves-vs-nrg-esports-champions-tour-2025-americas-stage-1-lr1,Fracture,NRG,100 Thieves,100 Thieves,brawk,Tejo,199,12,17,5,135,21%
VCT 2025 Americas Stage 1,https://www.vlr.gg/475903/100-thieves-vs-nrg-esports-champions-tour-2025-americas-stage-1-lr1,Fracture,NRG,100 Thieves,100 Thieves,FiNESSE,Cypher,187,10,15,7,136,22%
VCT 2025 Americas Stage 1,https://www.vlr.gg/475903/100-thieves-vs-nrg-esports-champions-tour-2025-americas-stage-1-lr1,Fracture,NRG,100 Thieves,100 Thieves,s0m,Brimstone,140,7,18,10,93,15%
VCT 2025 Americas Stage 1,https://www.vlr.gg/475903/100-thieves-vs-nrg-esports-champions-tour-2025-americas-stage-1-lr1,Haven,100 Thieves,NRG,100 Thieves,zander,Omen,275,26,13,6,179,30%
VCT 2025 Americas Stage 1,https://www.vlr.gg/475903/100-thieves-vs-nrg-esports-champions-tour-2025-americas-stage-1-lr1,Haven,100 Thieves,NRG,100 Thieves,Asuna,Neon,247,21,19,6,168,30%
VCT 2025 Americas Stage 1,https://www.vlr.gg/475903/100-thieves-vs-nrg-esports-champions-tour-2025-americas-stage-1-lr1,Haven,100 Thieves,NRG,100 Thieves,eeiu,Sova,147,14,14,6,99,10%
VCT 2025 Americas Stage 1,https://www.vlr.gg/475903/100-thieves-vs-nrg-esports-champions-tour-2025-americas-stage-1-lr1,Haven,100 Thieves,NRG,100 Thieves,Cryocells,Iso,180,15,16,7,124,34%
VCT 2025 Americas Stage 1,https://www.vlr.gg/475903/100-thieves-vs-nrg-esports-champions-tour-2025-americas-stage-1-lr1,Haven,100 Thieves,NRG,100 Thieves,Boostio,Cypher,138,10,19,5,104,30%
VCT 2025 Americas Stage 1,https://www.vlr.gg/475903/100-thieves-vs-nrg-esports-champions-tour-2025-americas-stage-1-lr1,Haven,NRG,100 Thieves,100 Thieves,s0m,Omen,249,20,17,12,163,33%
VCT 2025 Americas Stage 1,https://www.vlr.gg/475903/100-thieves-vs-nrg-esports-champions-tour-2025-americas-stage-1-lr1,Haven,NRG,100 Thieves,100 Thieves,Ethan,Breach,194,17,17,7,124,24%
VCT 2025 Americas Stage 1,https://www.vlr.gg/475903/100-thieves-vs-nrg-esports-champions-tour-2025-americas-stage-1-lr1,Haven,NRG,100 Thieves,100 Thieves,brawk,Tejo,207,17,18,6,143,16%
VCT 2025 Americas Stage 1,https://www.vlr.gg/475903/100-thieves-vs-nrg-esports-champions-tour-2025-americas-stage-1-lr1,Haven,NRG,100 Thieves,100 Thieves,mada,Jett,210,18,18,2,148,26%
VCT 2025 Americas Stage 1,https://www.vlr.gg/475903/100-thieves-vs-nrg-esports-champions-tour-2025-americas-stage-1-lr1,Haven,NRG,100 Thieves,100 Thieves,FiNESSE,Cypher,140,9,16,15,87,9%
VCT 2025 Americas Stage 1,https://www.vlr.gg/475904/cloud9-vs-evil-geniuses-champions-tour-2025-americas-stage-1-lr1,Fracture,Cloud9,Evil Geniuses,Evil Geniuses,v1c,Brimstone,255,21,16,9,163,41%
VCT 2025 Americas Stage 1,https://www.vlr.gg/475904/cloud9-vs-evil-geniuses-champions-tour-2025-americas-stage-1-lr1,Fracture,Cloud9,Evil Geniuses,Evil Geniuses,mitch,Breach,161,10,15,13,108,21%
VCT 2025 Americas Stage 1,https://www.vlr.gg/475904/cloud9-vs-evil-geniuses-champions-tour-2025-americas-stage-1-lr1,Fracture,Cloud9,Evil Geniuses,Evil Geniuses,neT,Cypher,201,15,19,10,138,15%
VCT 2025 Americas Stage 1,https://www.vlr.gg/475904/cloud9-vs-evil-geniuses-champions-tour-2025-americas-stage-1-lr1,Fracture,Cloud9,Evil Geniuses,Evil Geniuses,OXY,Neon,204,15,20,4,142,26%
VCT 2025 Americas Stage 1,https://www.vlr.gg/475904/cloud9-vs-evil-geniuses-champions-tour-2025-americas-stage-1-lr1,Fracture,Cloud9,Evil Geniuses,Evil Geniuses,Xeppaa,Tejo,117,9,17,5,78,9%
VCT 2025 Americas Stage 1,https://www.vlr.gg/475904/cloud9-vs-evil-geniuses-champions-tour-2025-americas-stage-1-lr1,Fracture,Evil Geniuses,Cloud9,Evil Geniuses,yay,Cypher,327,26,17,4,201,38%
VCT 2025 Americas Stage 1,https://www.vlr.gg/475904/cloud9-vs-evil-geniuses-champions-tour-2025-americas-stage-1-lr1,Fracture,Evil Geniuses,Cloud9,Evil Geniuses,supamen,Brimstone,224,16,13,12,147,26%
VCT 2025 Americas Stage 1,https://www.vlr.gg/475904/cloud9-vs-evil-geniuses-champions-tour-2025-americas-stage-1-lr1,Fracture,Evil Geniuses,Cloud9,Evil Geniuses,icy,Raze,283,23,18,5,176,20%
VCT 2025 Americas Stage 1,https://www.vlr.gg/475904/cloud9-vs-evil-geniuses-champions-tour-2025-americas-stage-1-lr1,Fracture,Evil Geniuses,Cloud9,Evil Geniuses,Derrek,Tejo,127,12,11,5,86,29%
VCT 2025 Americas Stage 1,https://www.vlr.gg/475904/cloud9-vs-evil-geniuses-champions-tour-2025-americas-stage-1-lr1,Fracture,Evil Geniuses,Cloud9,Evil Geniuses,NaturE,Breach,125,10,12,9,82,18%
VCT 2025 Americas Stage 1,https://www.vlr.gg/475904/cloud9-vs-evil-geniuses-champions-tour-2025-americas-stage-1-lr1,Icebox,Cloud9,Evil Geniuses,Evil Geniuses,mitch,Harbor,252,25,16,11,167,22%
VCT 2025 Americas Stage 1,https://www.vlr.gg/475904/cloud9-vs-evil-geniuses-champions-tour-2025-americas-stage-1-lr1,Icebox,Cloud9,Evil Geniuses,Evil Geniuses,Xeppaa,Sova,222,19,19,10,148,20%
VCT 2025 Americas Stage 1,https://www.vlr.gg/475904/cloud9-vs-evil-geniuses-champions-tour-2025-americas-stage-1-lr1,Icebox,Cloud9,Evil Geniuses,Evil Geniuses,OXY,Jett,250,25,26,1,158,34%
VCT 2025 Americas Stage 1,https://www.vlr.gg/475904/cloud9-vs-evil-geniuses-champions-tour-2025-americas-stage-1-lr1,Icebox,Cloud9,Evil Geniuses,Evil Geniuses,v1c,Viper,131,13,21,3,94,35%
VCT 2025 Americas Stage 1,https://www.vlr.gg/475904/cloud9-vs-evil-geniuses-champions-tour-2025-americas-stage-1-lr1,Icebox,Cloud9,Evil Geniuses,Evil Geniuses,neT,Killjoy,119,12,24,3,77,33%
VCT 2025 Americas Stage 1,https://www.vlr.gg/475904/cloud9-vs-evil-geniuses-champions-tour-2025-americas-stage-1-lr1,Icebox,Evil Geniuses,Cloud9,Evil Geniuses,yay,Jett,263,27,18,3,172,26%
VCT 2025 Americas Stage 1,https://www.vlr.gg/475904/cloud9-vs-evil-geniuses-champions-tour-2025-americas-stage-1-lr1,Icebox,Evil Geniuses,Cloud9,Evil Geniuses,icy,Killjoy,267,28,18,3,181,35%
VCT 2025 Americas Stage 1,https://www.vlr.gg/475904/cloud9-vs-evil-geniuses-champions-tour-2025-americas-stage-1-lr1,Icebox,Evil Geniuses,Cloud9,Evil Geniuses,Derrek,Sova,192,19,17,4,130,26%
VCT 2025 Americas Stage 1,https://www.vlr.gg/475904/cloud9-vs-evil-geniuses-champions-tour-2025-americas-stage-1-lr1,Icebox,Evil Geniuses,Cloud9,Evil Geniuses,supamen,Viper,159,16,19,9,109,39%
VCT 2025 Americas Stage 1,https://www.vlr.gg/475904/cloud9-vs-evil-geniuses-champions-tour-2025-americas-stage-1-lr1,Icebox,Evil Geniuses,Cloud9,Evil Geniuses,NaturE,Kayo,183,16,22,14,125,25%
VCT 2025 Americas Stage 1,https://www.vlr.gg/475899/kr-esports-vs-mibr-champions-tour-2025-americas-stage-1-ubsf,Lotus,"VISA KRÜ						
							(KRÜ Esports)",MIBR,MIBR,Shyy,Vyse,325,26,13,5,221,39%
VCT 2025 Americas Stage 1,https://www.vlr.gg/475899/kr-esports-vs-mibr-champions-tour-2025-americas-stage-1-ubsf,Lotus,"VISA KRÜ						
							(KRÜ Esports)",MIBR,MIBR,keznit,Neon,259,18,18,6,175,32%
VCT 2025 Americas Stage 1,https://www.vlr.gg/475899/kr-esports-vs-mibr-champions-tour-2025-americas-stage-1-ubsf,Lotus,"VISA KRÜ						
							(KRÜ Esports)",MIBR,MIBR,adverso,Tejo,140,9,15,4,100,23%
VCT 2025 Americas Stage 1,https://www.vlr.gg/475899/kr-esports-vs-mibr-champions-tour-2025-americas-stage-1-ubsf,Lotus,"VISA KRÜ						
							(KRÜ Esports)",MIBR,MIBR,Mazino,Breach,155,9,17,8,114,14%
VCT 2025 Americas Stage 1,https://www.vlr.gg/475899/kr-esports-vs-mibr-champions-tour-2025-americas-stage-1-ubsf,Lotus,"VISA KRÜ						
							(KRÜ Esports)",MIBR,MIBR,Melser,Omen,114,8,15,5,76,19%
VCT 2025 Americas Stage 1,https://www.vlr.gg/475899/kr-esports-vs-mibr-champions-tour-2025-americas-stage-1-ubsf,Lotus,MIBR,"VISA KRÜ						
							(KRÜ Esports)",MIBR,aspas,Neon,266,20,13,5,161,29%
VCT 2025 Americas Stage 1,https://www.vlr.gg/475899/kr-esports-vs-mibr-champions-tour-2025-americas-stage-1-ubsf,Lotus,MIBR,"VISA KRÜ						
							(KRÜ Esports)",MIBR,Verno,Tejo,238,18,12,6,147,24%
VCT 2025 Americas Stage 1,https://www.vlr.gg/475899/kr-esports-vs-mibr-champions-tour-2025-americas-stage-1-ubsf,Lotus,MIBR,"VISA KRÜ						
							(KRÜ Esports)",MIBR,cortezia,Omen,242,18,14,11,152,57%
VCT 2025 Americas Stage 1,https://www.vlr.gg/475899/kr-esports-vs-mibr-champions-tour-2025-americas-stage-1-ubsf,Lotus,MIBR,"VISA KRÜ						
							(KRÜ Esports)",MIBR,xenom,Viper,119,9,12,10,80,26%
VCT 2025 Americas Stage 1,https://www.vlr.gg/475899/kr-esports-vs-mibr-champions-tour-2025-americas-stage-1-ubsf,Lotus,MIBR,"VISA KRÜ						
							(KRÜ Esports)",MIBR,artzin,Breach,182,13,19,9,121,27%
VCT 2025 Americas Stage 1,https://www.vlr.gg/475899/kr-esports-vs-mibr-champions-tour-2025-americas-stage-1-ubsf,Icebox,"VISA KRÜ						
							(KRÜ Esports)",MIBR,MIBR,adverso,Sova,207,12,14,3,137,19%
VCT 2025 Americas Stage 1,https://www.vlr.gg/475899/kr-esports-vs-mibr-champions-tour-2025-americas-stage-1-ubsf,Icebox,"VISA KRÜ						
							(KRÜ Esports)",MIBR,MIBR,keznit,Jett,139,8,12,3,90,15%
VCT 2025 Americas Stage 1,https://www.vlr.gg/475899/kr-esports-vs-mibr-champions-tour-2025-americas-stage-1-ubsf,Icebox,"VISA KRÜ						
							(KRÜ Esports)",MIBR,MIBR,Mazino,Harbor,183,11,14,4,112,33%
VCT 2025 Americas Stage 1,https://www.vlr.gg/475899/kr-esports-vs-mibr-champions-tour-2025-americas-stage-1-ubsf,Icebox,"VISA KRÜ						
							(KRÜ Esports)",MIBR,MIBR,Melser,Viper,131,7,12,3,98,22%
VCT 2025 Americas Stage 1,https://www.vlr.gg/475899/kr-esports-vs-mibr-champions-tour-2025-americas-stage-1-ubsf,Icebox,"VISA KRÜ						
							(KRÜ Esports)",MIBR,MIBR,Shyy,Killjoy,108,7,12,1,68,12%
VCT 2025 Americas Stage 1,https://www.vlr.gg/475899/kr-esports-vs-mibr-champions-tour-2025-americas-stage-1-ubsf,Icebox,MIBR,"VISA KRÜ						
							(KRÜ Esports)",MIBR,aspas,Jett,259,17,10,2,161,28%
VCT 2025 Americas Stage 1,https://www.vlr.gg/475899/kr-esports-vs-mibr-champions-tour-2025-americas-stage-1-ubsf,Icebox,MIBR,"VISA KRÜ						
							(KRÜ Esports)",MIBR,artzin,Harbor,284,19,11,0,179,33%
VCT 2025 Americas Stage 1,https://www.vlr.gg/475899/kr-esports-vs-mibr-champions-tour-2025-americas-stage-1-ubsf,Icebox,MIBR,"VISA KRÜ						
							(KRÜ Esports)",MIBR,Verno,Sova,149,8,5,8,111,16%
VCT 2025 Americas Stage 1,https://www.vlr.gg/475899/kr-esports-vs-mibr-champions-tour-2025-americas-stage-1-ubsf,Icebox,MIBR,"VISA KRÜ						
							(KRÜ Esports)",MIBR,cortezia,Killjoy,151,11,8,2,109,22%
VCT 2025 Americas Stage 1,https://www.vlr.gg/475899/kr-esports-vs-mibr-champions-tour-2025-americas-stage-1-ubsf,Icebox,MIBR,"VISA KRÜ						
							(KRÜ Esports)",MIBR,xenom,Viper,155,9,11,3,106,20%
VCT 2025 Americas Stage 1,https://www.vlr.gg/475900/g2-esports-vs-sentinels-champions-tour-2025-americas-stage-1-ubsf,Split,G2 Esports,Sentinels,G2 Esports,trent,Tejo,251,18,5,6,174,31%
VCT 2025 Americas Stage 1,https://www.vlr.gg/475900/g2-esports-vs-sentinels-champions-tour-2025-americas-stage-1-ubsf,Split,G2 Esports,Sentinels,G2 Esports,valyn,Omen,262,18,10,8,181,27%
VCT 2025 Americas Stage 1,https://www.vlr.gg/475900/g2-esports-vs-sentinels-champions-tour-2025-americas-stage-1-ubsf,Split,G2 Esports,Sentinels,G2 Esports,leaf,Viper,223,14,12,4,130,22%
VCT 2025 Americas Stage 1,https://www.vlr.gg/475900/g2-esports-vs-sentinels-champions-tour-2025-americas-stage-1-ubsf,Split,G2 Esports,Sentinels,G2 Esports,jawgemo,Yoru,221,13,13,8,154,25%
VCT 2025 Americas Stage 1,https://www.vlr.gg/475900/g2-esports-vs-sentinels-champions-tour-2025-americas-stage-1-ubsf,Split,G2 Esports,Sentinels,G2 Esports,JonahP,Breach,147,11,9,7,109,27%
VCT 2025 Americas Stage 1,https://www.vlr.gg/475900/g2-esports-vs-sentinels-champions-tour-2025-americas-stage-1-ubsf,Split,Sentinels,G2 Esports,G2 Esports,zekken,Yoru,209,13,13,4,126,28%
VCT 2025 Americas Stage 1,https://www.vlr.gg/475900/g2-esports-vs-sentinels-champions-tour-2025-americas-stage-1-ubsf,Split,Sentinels,G2 Esports,G2 Esports,johnqt,Tejo,176,12,14,5,117,31%
VCT 2025 Americas Stage 1,https://www.vlr.gg/475900/g2-esports-vs-sentinels-champions-tour-2025-americas-stage-1-ubsf,Split,Sentinels,G2 Esports,G2 Esports,N4RRATE,Breach,158,9,17,10,106,32%
VCT 2025 Americas Stage 1,https://www.vlr.gg/475900/g2-esports-vs-sentinels-champions-tour-2025-americas-stage-1-ubsf,Split,Sentinels,G2 Esports,G2 Esports,bang,Omen,136,8,15,5,103,31%
VCT 2025 Americas Stage 1,https://www.vlr.gg/475900/g2-esports-vs-sentinels-champions-tour-2025-americas-stage-1-ubsf,Split,Sentinels,G2 Esports,G2 Esports,Zellsis,Viper,133,7,15,1,98,14%
VCT 2025 Americas Stage 1,https://www.vlr.gg/475900/g2-esports-vs-sentinels-champions-tour-2025-americas-stage-1-ubsf,Icebox,G2 Esports,Sentinels,Sentinels,leaf,Killjoy,288,24,18,2,189,29%
VCT 2025 Americas Stage 1,https://www.vlr.gg/475900/g2-esports-vs-sentinels-champions-tour-2025-americas-stage-1-ubsf,Icebox,G2 Esports,Sentinels,Sentinels,trent,Tejo,232,19,15,6,154,16%
VCT 2025 Americas Stage 1,https://www.vlr.gg/475900/g2-esports-vs-sentinels-champions-tour-2025-americas-stage-1-ubsf,Icebox,G2 Esports,Sentinels,Sentinels,valyn,Harbor,164,15,17,2,105,38%
VCT 2025 Americas Stage 1,https://www.vlr.gg/475900/g2-esports-vs-sentinels-champions-tour-2025-americas-stage-1-ubsf,Icebox,G2 Esports,Sentinels,Sentinels,JonahP,Viper,138,11,17,3,89,20%
VCT 2025 Americas Stage 1,https://www.vlr.gg/475900/g2-esports-vs-sentinels-champions-tour-2025-americas-stage-1-ubsf,Icebox,G2 Esports,Sentinels,Sentinels,jawgemo,Gekko,117,9,18,9,86,18%
VCT 2025 Americas Stage 1,https://www.vlr.gg/475900/g2-esports-vs-sentinels-champions-tour-2025-americas-stage-1-ubsf,Icebox,Sentinels,G2 Esports,Sentinels,Zellsis,Killjoy,241,20,14,7,169,36%
VCT 2025 Americas Stage 1,https://www.vlr.gg/475900/g2-esports-vs-sentinels-champions-tour-2025-americas-stage-1-ubsf,Icebox,Sentinels,G2 Esports,Sentinels,bang,Viper,288,22,16,8,180,32%
VCT 2025 Americas Stage 1,https://www.vlr.gg/475900/g2-esports-vs-sentinels-champions-tour-2025-americas-stage-1-ubsf,Icebox,Sentinels,G2 Esports,Sentinels,johnqt,Tejo,210,16,16,7,161,23%
VCT 2025 Americas Stage 1,https://www.vlr.gg/475900/g2-esports-vs-sentinels-champions-tour-2025-americas-stage-1-ubsf,Icebox,Sentinels,G2 Esports,Sentinels,N4RRATE,Gekko,161,15,14,2,121,20%
VCT 2025 Americas Stage 1,https://www.vlr.gg/475900/g2-esports-vs-sentinels-champions-tour-2025-americas-stage-1-ubsf,Icebox,Sentinels,G2 Esports,Sentinels,zekken,Omen,135,12,18,16,88,23%
VCT 2025 Americas Stage 1,https://www.vlr.gg/475900/g2-esports-vs-sentinels-champions-tour-2025-americas-stage-1-ubsf,Ascent,G2 Esports,Sentinels,Sentinels,trent,Tejo,262,20,17,11,178,22%
VCT 2025 Americas Stage 1,https://www.vlr.gg/475900/g2-esports-vs-sentinels-champions-tour-2025-americas-stage-1-ubsf,Ascent,G2 Esports,Sentinels,Sentinels,leaf,Vyse,195,19,14,5,114,18%
VCT 2025 Americas Stage 1,https://www.vlr.gg/475900/g2-esports-vs-sentinels-champions-tour-2025-americas-stage-1-ubsf,Ascent,G2 Esports,Sentinels,Sentinels,valyn,Omen,235,21,17,8,139,33%
VCT 2025 Americas Stage 1,https://www.vlr.gg/475900/g2-esports-vs-sentinels-champions-tour-2025-americas-stage-1-ubsf,Ascent,G2 Esports,Sentinels,Sentinels,jawgemo,Waylay,187,15,15,6,119,10%
VCT 2025 Americas Stage 1,https://www.vlr.gg/475900/g2-esports-vs-sentinels-champions-tour-2025-americas-stage-1-ubsf,Ascent,G2 Esports,Sentinels,Sentinels,JonahP,Kayo,139,9,15,18,85,13%
VCT 2025 Americas Stage 1,https://www.vlr.gg/475900/g2-esports-vs-sentinels-champions-tour-2025-americas-stage-1-ubsf,Ascent,Sentinels,G2 Esports,Sentinels,bang,Omen,218,21,13,7,131,39%
VCT 2025 Americas Stage 1,https://www.vlr.gg/475900/g2-esports-vs-sentinels-champions-tour-2025-americas-stage-1-ubsf,Ascent,Sentinels,G2 Esports,Sentinels,johnqt,Kayo,182,15,16,12,120,24%
VCT 2025 Americas Stage 1,https://www.vlr.gg/475900/g2-esports-vs-sentinels-champions-tour-2025-americas-stage-1-ubsf,Ascent,Sentinels,G2 Esports,Sentinels,zekken,Jett,200,17,16,4,127,26%
VCT 2025 Americas Stage 1,https://www.vlr.gg/475900/g2-esports-vs-sentinels-champions-tour-2025-americas-stage-1-ubsf,Ascent,Sentinels,G2 Esports,Sentinels,Zellsis,Vyse,170,13,19,11,115,15%
VCT 2025 Americas Stage 1,https://www.vlr.gg/475900/g2-esports-vs-sentinels-champions-tour-2025-americas-stage-1-ubsf,Ascent,Sentinels,G2 Esports,Sentinels,N4RRATE,Tejo,162,12,20,7,102,25%
VCT 2025 Americas Stage 1,https://www.vlr.gg/475906/kr-esports-vs-evil-geniuses-champions-tour-2025-americas-stage-1-lr2,Lotus,"VISA KRÜ						
							(KRÜ Esports)",Evil Geniuses,Evil Geniuses,keznit,Neon,263,25,19,5,170,22%
VCT 2025 Americas Stage 1,https://www.vlr.gg/475906/kr-esports-vs-evil-geniuses-champions-tour-2025-americas-stage-1-lr2,Lotus,"VISA KRÜ						
							(KRÜ Esports)",Evil Geniuses,Evil Geniuses,Shyy,Vyse,241,22,19,9,152,21%
VCT 2025 Americas Stage 1,https://www.vlr.gg/475906/kr-esports-vs-evil-geniuses-champions-tour-2025-americas-stage-1-lr2,Lotus,"VISA KRÜ						
							(KRÜ Esports)",Evil Geniuses,Evil Geniuses,Melser,Omen,172,17,17,11,107,18%
VCT 2025 Americas Stage 1,https://www.vlr.gg/475906/kr-esports-vs-evil-geniuses-champions-tour-2025-americas-stage-1-lr2,Lotus,"VISA KRÜ						
							(KRÜ Esports)",Evil Geniuses,Evil Geniuses,Mazino,Breach,160,14,20,17,103,29%
VCT 2025 Americas Stage 1,https://www.vlr.gg/475906/kr-esports-vs-evil-geniuses-champions-tour-2025-americas-stage-1-lr2,Lotus,"VISA KRÜ						
							(KRÜ Esports)",Evil Geniuses,Evil Geniuses,adverso,Tejo,171,14,20,6,113,18%
VCT 2025 Americas Stage 1,https://www.vlr.gg/475906/kr-esports-vs-evil-geniuses-champions-tour-2025-americas-stage-1-lr2,Lotus,Evil Geniuses,"VISA KRÜ						
							(KRÜ Esports)",Evil Geniuses,icy,Raze,267,23,16,5,188,27%
VCT 2025 Americas Stage 1,https://www.vlr.gg/475906/kr-esports-vs-evil-geniuses-champions-tour-2025-americas-stage-1-lr2,Lotus,Evil Geniuses,"VISA KRÜ						
							(KRÜ Esports)",Evil Geniuses,Derrek,Tejo,220,21,15,11,160,39%
VCT 2025 Americas Stage 1,https://www.vlr.gg/475906/kr-esports-vs-evil-geniuses-champions-tour-2025-americas-stage-1-lr2,Lotus,Evil Geniuses,"VISA KRÜ						
							(KRÜ Esports)",Evil Geniuses,NaturE,Fade,219,20,21,12,128,30%
VCT 2025 Americas Stage 1,https://www.vlr.gg/475906/kr-esports-vs-evil-geniuses-champions-tour-2025-americas-stage-1-lr2,Lotus,Evil Geniuses,"VISA KRÜ						
							(KRÜ Esports)",Evil Geniuses,yay,Clove,207,19,21,5,136,35%
VCT 2025 Americas Stage 1,https://www.vlr.gg/475906/kr-esports-vs-evil-geniuses-champions-tour-2025-americas-stage-1-lr2,Lotus,Evil Geniuses,"VISA KRÜ						
							(KRÜ Esports)",Evil Geniuses,supamen,Viper,138,12,20,3,108,33%
VCT 2025 Americas Stage 1,https://www.vlr.gg/475906/kr-esports-vs-evil-geniuses-champions-tour-2025-americas-stage-1-lr2,Icebox,"VISA KRÜ						
							(KRÜ Esports)",Evil Geniuses,Evil Geniuses,Mazino,Harbor,263,23,18,6,169,28%
VCT 2025 Americas Stage 1,https://www.vlr.gg/475906/kr-esports-vs-evil-geniuses-champions-tour-2025-americas-stage-1-lr2,Icebox,"VISA KRÜ						
							(KRÜ Esports)",Evil Geniuses,Evil Geniuses,Shyy,Killjoy,215,22,15,3,144,21%
VCT 2025 Americas Stage 1,https://www.vlr.gg/475906/kr-esports-vs-evil-geniuses-champions-tour-2025-americas-stage-1-lr2,Icebox,"VISA KRÜ						
							(KRÜ Esports)",Evil Geniuses,Evil Geniuses,keznit,Jett,216,17,17,8,142,15%
VCT 2025 Americas Stage 1,https://www.vlr.gg/475906/kr-esports-vs-evil-geniuses-champions-tour-2025-americas-stage-1-lr2,Icebox,"VISA KRÜ						
							(KRÜ Esports)",Evil Geniuses,Evil Geniuses,adverso,Sova,182,15,15,9,128,30%
VCT 2025 Americas Stage 1,https://www.vlr.gg/475906/kr-esports-vs-evil-geniuses-champions-tour-2025-americas-stage-1-lr2,Icebox,"VISA KRÜ						
							(KRÜ Esports)",Evil Geniuses,Evil Geniuses,Melser,Viper,153,13,20,10,119,25%
VCT 2025 Americas Stage 1,https://www.vlr.gg/475906/kr-esports-vs-evil-geniuses-champions-tour-2025-americas-stage-1-lr2,Icebox,Evil Geniuses,"VISA KRÜ						
							(KRÜ Esports)",Evil Geniuses,yay,Jett,257,22,17,4,157,19%
VCT 2025 Americas Stage 1,https://www.vlr.gg/475906/kr-esports-vs-evil-geniuses-champions-tour-2025-americas-stage-1-lr2,Icebox,Evil Geniuses,"VISA KRÜ						
							(KRÜ Esports)",Evil Geniuses,icy,Killjoy,242,21,20,3,164,30%
VCT 2025 Americas Stage 1,https://www.vlr.gg/475906/kr-esports-vs-evil-geniuses-champions-tour-2025-americas-stage-1-lr2,Icebox,Evil Geniuses,"VISA KRÜ						
							(KRÜ Esports)",Evil Geniuses,NaturE,Kayo,170,16,18,10,109,18%
VCT 2025 Americas Stage 1,https://www.vlr.gg/475906/kr-esports-vs-evil-geniuses-champions-tour-2025-americas-stage-1-lr2,Icebox,Evil Geniuses,"VISA KRÜ						
							(KRÜ Esports)",Evil Geniuses,supamen,Viper,171,14,17,5,113,46%
VCT 2025 Americas Stage 1,https://www.vlr.gg/475906/kr-esports-vs-evil-geniuses-champions-tour-2025-americas-stage-1-lr2,Icebox,Evil Geniuses,"VISA KRÜ						
							(KRÜ Esports)",Evil Geniuses,Derrek,Sova,157,12,18,6,120,50%
VCT 2025 Americas Stage 1,https://www.vlr.gg/475905/g2-esports-vs-100-thieves-champions-tour-2025-americas-stage-1-lr2,Haven,G2 Esports,100 Thieves,G2 Esports,trent,Tejo,318,20,5,9,215,49%
VCT 2025 Americas Stage 1,https://www.vlr.gg/475905/g2-esports-vs-100-thieves-champions-tour-2025-americas-stage-1-lr2,Haven,G2 Esports,100 Thieves,G2 Esports,valyn,Astra,262,19,9,6,134,25%
VCT 2025 Americas Stage 1,https://www.vlr.gg/475905/g2-esports-vs-100-thieves-champions-tour-2025-americas-stage-1-lr2,Haven,G2 Esports,100 Thieves,G2 Esports,JonahP,Breach,152,10,6,11,89,15%
VCT 2025 Americas Stage 1,https://www.vlr.gg/475905/g2-esports-vs-100-thieves-champions-tour-2025-americas-stage-1-lr2,Haven,G2 Esports,100 Thieves,G2 Esports,jawgemo,Yoru,188,10,11,8,124,23%
VCT 2025 Americas Stage 1,https://www.vlr.gg/475905/g2-esports-vs-100-thieves-champions-tour-2025-americas-stage-1-lr2,Haven,G2 Esports,100 Thieves,G2 Esports,leaf,Vyse,170,9,11,4,117,9%
VCT 2025 Americas Stage 1,https://www.vlr.gg/475905/g2-esports-vs-100-thieves-champions-tour-2025-americas-stage-1-lr2,Haven,100 Thieves,G2 Esports,G2 Esports,eeiu,Sova,280,16,11,1,199,38%
VCT 2025 Americas Stage 1,https://www.vlr.gg/475905/g2-esports-vs-100-thieves-champions-tour-2025-americas-stage-1-lr2,Haven,100 Thieves,G2 Esports,G2 Esports,zander,Omen,132,7,12,4,80,28%
VCT 2025 Americas Stage 1,https://www.vlr.gg/475905/g2-esports-vs-100-thieves-champions-tour-2025-americas-stage-1-lr2,Haven,100 Thieves,G2 Esports,G2 Esports,Asuna,Neon,131,6,14,4,87,11%
VCT 2025 Americas Stage 1,https://www.vlr.gg/475905/g2-esports-vs-100-thieves-champions-tour-2025-americas-stage-1-lr2,Haven,100 Thieves,G2 Esports,G2 Esports,Cryocells,Iso,131,8,15,3,97,35%
VCT 2025 Americas Stage 1,https://www.vlr.gg/475905/g2-esports-vs-100-thieves-champions-tour-2025-americas-stage-1-lr2,Haven,100 Thieves,G2 Esports,G2 Esports,Boostio,Cypher,99,5,16,2,69,30%
VCT 2025 Americas Stage 1,https://www.vlr.gg/475905/g2-esports-vs-100-thieves-champions-tour-2025-americas-stage-1-lr2,Split,G2 Esports,100 Thieves,100 Thieves,jawgemo,Yoru,268,22,18,5,167,20%
VCT 2025 Americas Stage 1,https://www.vlr.gg/475905/g2-esports-vs-100-thieves-champions-tour-2025-americas-stage-1-lr2,Split,G2 Esports,100 Thieves,100 Thieves,trent,Tejo,192,16,16,7,131,34%
VCT 2025 Americas Stage 1,https://www.vlr.gg/475905/g2-esports-vs-100-thieves-champions-tour-2025-americas-stage-1-lr2,Split,G2 Esports,100 Thieves,100 Thieves,leaf,Viper,232,21,19,8,151,18%
VCT 2025 Americas Stage 1,https://www.vlr.gg/475905/g2-esports-vs-100-thieves-champions-tour-2025-americas-stage-1-lr2,Split,G2 Esports,100 Thieves,100 Thieves,JonahP,Breach,167,16,19,7,111,22%
VCT 2025 Americas Stage 1,https://www.vlr.gg/475905/g2-esports-vs-100-thieves-champions-tour-2025-americas-stage-1-lr2,Split,G2 Esports,100 Thieves,100 Thieves,valyn,Omen,133,12,20,8,88,18%
VCT 2025 Americas Stage 1,https://www.vlr.gg/475905/g2-esports-vs-100-thieves-champions-tour-2025-americas-stage-1-lr2,Split,100 Thieves,G2 Esports,100 Thieves,zander,Astra,210,18,15,10,132,32%
VCT 2025 Americas Stage 1,https://www.vlr.gg/475905/g2-esports-vs-100-thieves-champions-tour-2025-americas-stage-1-lr2,Split,100 Thieves,G2 Esports,100 Thieves,Cryocells,Sage,233,23,17,8,157,18%
VCT 2025 Americas Stage 1,https://www.vlr.gg/475905/g2-esports-vs-100-thieves-champions-tour-2025-americas-stage-1-lr2,Split,100 Thieves,G2 Esports,100 Thieves,Boostio,Breach,189,16,17,8,131,31%
VCT 2025 Americas Stage 1,https://www.vlr.gg/475905/g2-esports-vs-100-thieves-champions-tour-2025-americas-stage-1-lr2,Split,100 Thieves,G2 Esports,100 Thieves,eeiu,Tejo,165,15,17,6,114,29%
VCT 2025 Americas Stage 1,https://www.vlr.gg/475905/g2-esports-vs-100-thieves-champions-tour-2025-americas-stage-1-lr2,Split,100 Thieves,G2 Esports,100 Thieves,Asuna,Raze,213,20,21,4,138,23%
VCT 2025 Americas Stage 1,https://www.vlr.gg/475905/g2-esports-vs-100-thieves-champions-tour-2025-americas-stage-1-lr2,Pearl,G2 Esports,100 Thieves,G2 Esports,leaf,Vyse,290,29,21,14,192,21%
VCT 2025 Americas Stage 1,https://www.vlr.gg/475905/g2-esports-vs-100-thieves-champions-tour-2025-americas-stage-1-lr2,Pearl,G2 Esports,100 Thieves,G2 Esports,trent,Tejo,222,25,19,7,149,28%
VCT 2025 Americas Stage 1,https://www.vlr.gg/475905/g2-esports-vs-100-thieves-champions-tour-2025-americas-stage-1-lr2,Pearl,G2 Esports,100 Thieves,G2 Esports,valyn,Astra,204,24,20,10,123,22%
VCT 2025 Americas Stage 1,https://www.vlr.gg/475905/g2-esports-vs-100-thieves-champions-tour-2025-americas-stage-1-lr2,Pearl,G2 Esports,100 Thieves,G2 Esports,jawgemo,Yoru,216,22,22,12,134,24%
VCT 2025 Americas Stage 1,https://www.vlr.gg/475905/g2-esports-vs-100-thieves-champions-tour-2025-americas-stage-1-lr2,Pearl,G2 Esports,100 Thieves,G2 Esports,JonahP,Fade,155,15,20,18,105,20%
VCT 2025 Americas Stage 1,https://www.vlr.gg/475905/g2-esports-vs-100-thieves-champions-tour-2025-americas-stage-1-lr2,Pearl,100 Thieves,G2 Esports,G2 Esports,Cryocells,Yoru,253,30,24,4,160,25%
VCT 2025 Americas Stage 1,https://www.vlr.gg/475905/g2-esports-vs-100-thieves-champions-tour-2025-americas-stage-1-lr2,Pearl,100 Thieves,G2 Esports,G2 Esports,zander,Astra,207,23,22,11,144,17%
VCT 2025 Americas Stage 1,https://www.vlr.gg/475905/g2-esports-vs-100-thieves-champions-tour-2025-americas-stage-1-lr2,Pearl,100 Thieves,G2 Esports,G2 Esports,eeiu,Fade,146,15,21,13,104,55%
VCT 2025 Americas Stage 1,https://www.vlr.gg/475905/g2-esports-vs-100-thieves-champions-tour-2025-americas-stage-1-lr2,Pearl,100 Thieves,G2 Esports,G2 Esports,Asuna,Neon,197,18,25,11,132,23%
VCT 2025 Americas Stage 1,https://www.vlr.gg/475905/g2-esports-vs-100-thieves-champions-tour-2025-americas-stage-1-lr2,Pearl,100 Thieves,G2 Esports,G2 Esports,Boostio,Killjoy,159,16,23,2,108,42%
VCT 2025 Americas Stage 1,https://www.vlr.gg/475901/mibr-vs-sentinels-champions-tour-2025-americas-stage-1-ubf,Lotus,MIBR,Sentinels,Sentinels,xenom,Viper,199,16,15,0,126,56%
VCT 2025 Americas Stage 1,https://www.vlr.gg/475901/mibr-vs-sentinels-champions-tour-2025-americas-stage-1-ubf,Lotus,MIBR,Sentinels,Sentinels,cortezia,Omen,191,13,13,4,134,52%
VCT 2025 Americas Stage 1,https://www.vlr.gg/475901/mibr-vs-sentinels-champions-tour-2025-americas-stage-1-ubf,Lotus,MIBR,Sentinels,Sentinels,Verno,Tejo,146,10,14,3,93,35%
VCT 2025 Americas Stage 1,https://www.vlr.gg/475901/mibr-vs-sentinels-champions-tour-2025-americas-stage-1-ubf,Lotus,MIBR,Sentinels,Sentinels,aspas,Neon,182,11,17,3,128,25%
VCT 2025 Americas Stage 1,https://www.vlr.gg/475901/mibr-vs-sentinels-champions-tour-2025-americas-stage-1-ubf,Lotus,MIBR,Sentinels,Sentinels,artzin,Breach,134,7,16,9,89,24%
VCT 2025 Americas Stage 1,https://www.vlr.gg/475901/mibr-vs-sentinels-champions-tour-2025-americas-stage-1-ubf,Lotus,Sentinels,MIBR,Sentinels,johnqt,Breach,211,15,7,13,146,44%
VCT 2025 Americas Stage 1,https://www.vlr.gg/475901/mibr-vs-sentinels-champions-tour-2025-americas-stage-1-ubf,Lotus,Sentinels,MIBR,Sentinels,zekken,Yoru,346,25,13,3,209,26%
VCT 2025 Americas Stage 1,https://www.vlr.gg/475901/mibr-vs-sentinels-champions-tour-2025-americas-stage-1-ubf,Lotus,Sentinels,MIBR,Sentinels,N4RRATE,Tejo,158,11,10,6,102,23%
VCT 2025 Americas Stage 1,https://www.vlr.gg/475901/mibr-vs-sentinels-champions-tour-2025-americas-stage-1-ubf,Lotus,Sentinels,MIBR,Sentinels,bang,Omen,194,16,13,4,116,39%
VCT 2025 Americas Stage 1,https://www.vlr.gg/475901/mibr-vs-sentinels-champions-tour-2025-americas-stage-1-ubf,Lotus,Sentinels,MIBR,Sentinels,Zellsis,Viper,112,8,14,5,68,24%
VCT 2025 Americas Stage 1,https://www.vlr.gg/475901/mibr-vs-sentinels-champions-tour-2025-americas-stage-1-ubf,Split,MIBR,Sentinels,Sentinels,Verno,Tejo,202,17,15,7,149,23%
VCT 2025 Americas Stage 1,https://www.vlr.gg/475901/mibr-vs-sentinels-champions-tour-2025-americas-stage-1-ubf,Split,MIBR,Sentinels,Sentinels,aspas,Jett,248,23,19,5,163,18%
VCT 2025 Americas Stage 1,https://www.vlr.gg/475901/mibr-vs-sentinels-champions-tour-2025-americas-stage-1-ubf,Split,MIBR,Sentinels,Sentinels,xenom,Viper,200,19,16,4,140,28%
VCT 2025 Americas Stage 1,https://www.vlr.gg/475901/mibr-vs-sentinels-champions-tour-2025-americas-stage-1-ubf,Split,MIBR,Sentinels,Sentinels,cortezia,Omen,152,13,20,13,94,20%
VCT 2025 Americas Stage 1,https://www.vlr.gg/475901/mibr-vs-sentinels-champions-tour-2025-americas-stage-1-ubf,Split,MIBR,Sentinels,Sentinels,artzin,Breach,124,9,19,12,81,15%
VCT 2025 Americas Stage 1,https://www.vlr.gg/475901/mibr-vs-sentinels-champions-tour-2025-americas-stage-1-ubf,Split,Sentinels,MIBR,Sentinels,zekken,Yoru,280,24,14,6,167,30%
VCT 2025 Americas Stage 1,https://www.vlr.gg/475901/mibr-vs-sentinels-champions-tour-2025-americas-stage-1-ubf,Split,Sentinels,MIBR,Sentinels,bang,Omen,241,20,15,16,146,34%
VCT 2025 Americas Stage 1,https://www.vlr.gg/475901/mibr-vs-sentinels-champions-tour-2025-americas-stage-1-ubf,Split,Sentinels,MIBR,Sentinels,N4RRATE,Breach,241,22,17,10,144,18%
VCT 2025 Americas Stage 1,https://www.vlr.gg/475901/mibr-vs-sentinels-champions-tour-2025-americas-stage-1-ubf,Split,Sentinels,MIBR,Sentinels,johnqt,Tejo,197,17,16,7,121,22%
VCT 2025 Americas Stage 1,https://www.vlr.gg/475901/mibr-vs-sentinels-champions-tour-2025-americas-stage-1-ubf,Split,Sentinels,MIBR,Sentinels,Zellsis,Viper,91,6,19,9,68,50%
VCT 2025 Americas Stage 1,https://www.vlr.gg/475907/g2-esports-vs-evil-geniuses-champions-tour-2025-americas-stage-1-lr3,Lotus,G2 Esports,Evil Geniuses,Evil Geniuses,JonahP,Breach,253,19,17,17,151,13%
VCT 2025 Americas Stage 1,https://www.vlr.gg/475907/g2-esports-vs-evil-geniuses-champions-tour-2025-americas-stage-1-lr3,Lotus,G2 Esports,Evil Geniuses,Evil Geniuses,jawgemo,Yoru,298,22,17,2,179,31%
VCT 2025 Americas Stage 1,https://www.vlr.gg/475907/g2-esports-vs-evil-geniuses-champions-tour-2025-americas-stage-1-lr3,Lotus,G2 Esports,Evil Geniuses,Evil Geniuses,valyn,Omen,169,12,16,10,119,11%
VCT 2025 Americas Stage 1,https://www.vlr.gg/475907/g2-esports-vs-evil-geniuses-champions-tour-2025-americas-stage-1-lr3,Lotus,G2 Esports,Evil Geniuses,Evil Geniuses,trent,Tejo,193,16,19,5,112,36%
VCT 2025 Americas Stage 1,https://www.vlr.gg/475907/g2-esports-vs-evil-geniuses-champions-tour-2025-americas-stage-1-lr3,Lotus,G2 Esports,Evil Geniuses,Evil Geniuses,leaf,Viper,144,10,17,9,101,18%
VCT 2025 Americas Stage 1,https://www.vlr.gg/475907/g2-esports-vs-evil-geniuses-champions-tour-2025-americas-stage-1-lr3,Lotus,Evil Geniuses,G2 Esports,Evil Geniuses,supamen,Viper,245,19,15,7,163,46%
VCT 2025 Americas Stage 1,https://www.vlr.gg/475907/g2-esports-vs-evil-geniuses-champions-tour-2025-americas-stage-1-lr3,Lotus,Evil Geniuses,G2 Esports,Evil Geniuses,yay,Clove,310,25,20,6,209,52%
VCT 2025 Americas Stage 1,https://www.vlr.gg/475907/g2-esports-vs-evil-geniuses-champions-tour-2025-americas-stage-1-lr3,Lotus,Evil Geniuses,G2 Esports,Evil Geniuses,NaturE,Fade,186,14,14,6,129,24%
VCT 2025 Americas Stage 1,https://www.vlr.gg/475907/g2-esports-vs-evil-geniuses-champions-tour-2025-americas-stage-1-lr3,Lotus,Evil Geniuses,G2 Esports,Evil Geniuses,Derrek,Tejo,170,14,14,5,111,25%
VCT 2025 Americas Stage 1,https://www.vlr.gg/475907/g2-esports-vs-evil-geniuses-champions-tour-2025-americas-stage-1-lr3,Lotus,Evil Geniuses,G2 Esports,Evil Geniuses,icy,Raze,193,14,17,5,115,21%
VCT 2025 Americas Stage 1,https://www.vlr.gg/475907/g2-esports-vs-evil-geniuses-champions-tour-2025-americas-stage-1-lr3,Split,G2 Esports,Evil Geniuses,G2 Esports,leaf,Viper,386,28,12,6,209,19%
VCT 2025 Americas Stage 1,https://www.vlr.gg/475907/g2-esports-vs-evil-geniuses-champions-tour-2025-americas-stage-1-lr3,Split,G2 Esports,Evil Geniuses,G2 Esports,trent,Tejo,219,16,10,6,168,32%
VCT 2025 Americas Stage 1,https://www.vlr.gg/475907/g2-esports-vs-evil-geniuses-champions-tour-2025-americas-stage-1-lr3,Split,G2 Esports,Evil Geniuses,G2 Esports,jawgemo,Yoru,249,18,15,1,151,23%
VCT 2025 Americas Stage 1,https://www.vlr.gg/475907/g2-esports-vs-evil-geniuses-champions-tour-2025-americas-stage-1-lr3,Split,G2 Esports,Evil Geniuses,G2 Esports,JonahP,Breach,184,13,12,8,116,19%
VCT 2025 Americas Stage 1,https://www.vlr.gg/475907/g2-esports-vs-evil-geniuses-champions-tour-2025-americas-stage-1-lr3,Split,G2 Esports,Evil Geniuses,G2 Esports,valyn,Omen,119,8,12,12,74,16%
VCT 2025 Americas Stage 1,https://www.vlr.gg/475907/g2-esports-vs-evil-geniuses-champions-tour-2025-americas-stage-1-lr3,Split,Evil Geniuses,G2 Esports,G2 Esports,icy,Raze,302,20,17,1,189,21%
VCT 2025 Americas Stage 1,https://www.vlr.gg/475907/g2-esports-vs-evil-geniuses-champions-tour-2025-americas-stage-1-lr3,Split,Evil Geniuses,G2 Esports,G2 Esports,Derrek,Tejo,183,13,15,3,124,36%
VCT 2025 Americas Stage 1,https://www.vlr.gg/475907/g2-esports-vs-evil-geniuses-champions-tour-2025-americas-stage-1-lr3,Split,Evil Geniuses,G2 Esports,G2 Esports,yay,Astra,197,15,17,6,121,37%
VCT 2025 Americas Stage 1,https://www.vlr.gg/475907/g2-esports-vs-evil-geniuses-champions-tour-2025-americas-stage-1-lr3,Split,Evil Geniuses,G2 Esports,G2 Esports,supamen,Viper,138,8,17,5,85,29%
VCT 2025 Americas Stage 1,https://www.vlr.gg/475907/g2-esports-vs-evil-geniuses-champions-tour-2025-americas-stage-1-lr3,Split,Evil Geniuses,G2 Esports,G2 Esports,NaturE,Breach,76,5,17,7,48,25%
VCT 2025 Americas Stage 1,https://www.vlr.gg/475907/g2-esports-vs-evil-geniuses-champions-tour-2025-americas-stage-1-lr3,Pearl,G2 Esports,Evil Geniuses,G2 Esports,leaf,Vyse,248,21,12,7,162,24%
VCT 2025 Americas Stage 1,https://www.vlr.gg/475907/g2-esports-vs-evil-geniuses-champions-tour-2025-americas-stage-1-lr3,Pearl,G2 Esports,Evil Geniuses,G2 Esports,trent,Tejo,233,23,14,5,154,25%
VCT 2025 Americas Stage 1,https://www.vlr.gg/475907/g2-esports-vs-evil-geniuses-champions-tour-2025-americas-stage-1-lr3,Pearl,G2 Esports,Evil Geniuses,G2 Esports,valyn,Astra,211,20,17,6,135,27%
VCT 2025 Americas Stage 1,https://www.vlr.gg/475907/g2-esports-vs-evil-geniuses-champions-tour-2025-americas-stage-1-lr3,Pearl,G2 Esports,Evil Geniuses,G2 Esports,JonahP,Fade,174,13,16,15,113,16%
VCT 2025 Americas Stage 1,https://www.vlr.gg/475907/g2-esports-vs-evil-geniuses-champions-tour-2025-americas-stage-1-lr3,Pearl,G2 Esports,Evil Geniuses,G2 Esports,jawgemo,Yoru,200,15,22,7,125,16%
VCT 2025 Americas Stage 1,https://www.vlr.gg/475907/g2-esports-vs-evil-geniuses-champions-tour-2025-americas-stage-1-lr3,Pearl,Evil Geniuses,G2 Esports,G2 Esports,supamen,Astra,214,19,15,8,132,51%
VCT 2025 Americas Stage 1,https://www.vlr.gg/475907/g2-esports-vs-evil-geniuses-champions-tour-2025-americas-stage-1-lr3,Pearl,Evil Geniuses,G2 Esports,G2 Esports,yay,Jett,222,18,19,4,143,29%
VCT 2025 Americas Stage 1,https://www.vlr.gg/475907/g2-esports-vs-evil-geniuses-champions-tour-2025-americas-stage-1-lr3,Pearl,Evil Geniuses,G2 Esports,G2 Esports,NaturE,Vyse,165,13,17,7,104,20%
VCT 2025 Americas Stage 1,https://www.vlr.gg/475907/g2-esports-vs-evil-geniuses-champions-tour-2025-americas-stage-1-lr3,Pearl,Evil Geniuses,G2 Esports,G2 Esports,Derrek,Tejo,185,14,19,7,129,28%
VCT 2025 Americas Stage 1,https://www.vlr.gg/475907/g2-esports-vs-evil-geniuses-champions-tour-2025-americas-stage-1-lr3,Pearl,Evil Geniuses,G2 Esports,G2 Esports,icy,Yoru,198,17,22,4,140,26%
VCT 2025 Americas Stage 1,https://www.vlr.gg/475908/mibr-vs-g2-esports-champions-tour-2025-americas-stage-1-lbf,Haven,MIBR,G2 Esports,MIBR,xenom,Omen,245,20,12,9,170,33%
VCT 2025 Americas Stage 1,https://www.vlr.gg/475908/mibr-vs-g2-esports-champions-tour-2025-americas-stage-1-lbf,Haven,MIBR,G2 Esports,MIBR,artzin,Breach,256,20,14,12,170,34%
VCT 2025 Americas Stage 1,https://www.vlr.gg/475908/mibr-vs-g2-esports-champions-tour-2025-americas-stage-1-lbf,Haven,MIBR,G2 Esports,MIBR,aspas,Jett,174,14,13,3,101,41%
VCT 2025 Americas Stage 1,https://www.vlr.gg/475908/mibr-vs-g2-esports-champions-tour-2025-americas-stage-1-lbf,Haven,MIBR,G2 Esports,MIBR,Verno,Tejo,163,14,13,3,123,25%
VCT 2025 Americas Stage 1,https://www.vlr.gg/475908/mibr-vs-g2-esports-champions-tour-2025-americas-stage-1-lbf,Haven,MIBR,G2 Esports,MIBR,cortezia,Cypher,151,14,18,3,99,24%
VCT 2025 Americas Stage 1,https://www.vlr.gg/475908/mibr-vs-g2-esports-champions-tour-2025-americas-stage-1-lbf,Haven,G2 Esports,MIBR,MIBR,leaf,Vyse,232,18,18,5,160,22%
VCT 2025 Americas Stage 1,https://www.vlr.gg/475908/mibr-vs-g2-esports-champions-tour-2025-americas-stage-1-lbf,Haven,G2 Esports,MIBR,MIBR,valyn,Astra,217,18,16,7,144,47%
VCT 2025 Americas Stage 1,https://www.vlr.gg/475908/mibr-vs-g2-esports-champions-tour-2025-americas-stage-1-lbf,Haven,G2 Esports,MIBR,MIBR,jawgemo,Yoru,183,16,16,2,140,34%
VCT 2025 Americas Stage 1,https://www.vlr.gg/475908/mibr-vs-g2-esports-champions-tour-2025-americas-stage-1-lbf,Haven,G2 Esports,MIBR,MIBR,trent,Tejo,156,10,14,12,115,20%
VCT 2025 Americas Stage 1,https://www.vlr.gg/475908/mibr-vs-g2-esports-champions-tour-2025-americas-stage-1-lbf,Haven,G2 Esports,MIBR,MIBR,JonahP,Breach,123,8,18,7,82,10%
VCT 2025 Americas Stage 1,https://www.vlr.gg/475908/mibr-vs-g2-esports-champions-tour-2025-americas-stage-1-lbf,Lotus,MIBR,G2 Esports,G2 Esports,aspas,Neon,305,30,20,5,187,24%
VCT 2025 Americas Stage 1,https://www.vlr.gg/475908/mibr-vs-g2-esports-champions-tour-2025-americas-stage-1-lbf,Lotus,MIBR,G2 Esports,G2 Esports,Verno,Tejo,197,19,18,6,139,25%
VCT 2025 Americas Stage 1,https://www.vlr.gg/475908/mibr-vs-g2-esports-champions-tour-2025-americas-stage-1-lbf,Lotus,MIBR,G2 Esports,G2 Esports,artzin,Breach,200,17,23,16,134,24%
VCT 2025 Americas Stage 1,https://www.vlr.gg/475908/mibr-vs-g2-esports-champions-tour-2025-americas-stage-1-lbf,Lotus,MIBR,G2 Esports,G2 Esports,xenom,Viper,214,21,20,2,141,43%
VCT 2025 Americas Stage 1,https://www.vlr.gg/475908/mibr-vs-g2-esports-champions-tour-2025-americas-stage-1-lbf,Lotus,MIBR,G2 Esports,G2 Esports,cortezia,Omen,135,15,22,5,84,41%
VCT 2025 Americas Stage 1,https://www.vlr.gg/475908/mibr-vs-g2-esports-champions-tour-2025-americas-stage-1-lbf,Lotus,G2 Esports,MIBR,G2 Esports,trent,Tejo,301,28,17,12,196,27%
VCT 2025 Americas Stage 1,https://www.vlr.gg/475908/mibr-vs-g2-esports-champions-tour-2025-americas-stage-1-lbf,Lotus,G2 Esports,MIBR,G2 Esports,leaf,Viper,238,24,23,7,149,31%
VCT 2025 Americas Stage 1,https://www.vlr.gg/475908/mibr-vs-g2-esports-champions-tour-2025-americas-stage-1-lbf,Lotus,G2 Esports,MIBR,G2 Esports,jawgemo,Yoru,200,21,19,6,126,26%
VCT 2025 Americas Stage 1,https://www.vlr.gg/475908/mibr-vs-g2-esports-champions-tour-2025-americas-stage-1-lbf,Lotus,G2 Esports,MIBR,G2 Esports,valyn,Omen,177,16,21,6,125,23%
VCT 2025 Americas Stage 1,https://www.vlr.gg/475908/mibr-vs-g2-esports-champions-tour-2025-americas-stage-1-lbf,Lotus,G2 Esports,MIBR,G2 Esports,JonahP,Breach,158,14,22,14,107,14%
VCT 2025 Americas Stage 1,https://www.vlr.gg/475908/mibr-vs-g2-esports-champions-tour-2025-americas-stage-1-lbf,Split,MIBR,G2 Esports,G2 Esports,aspas,Jett,269,21,15,4,159,30%
VCT 2025 Americas Stage 1,https://www.vlr.gg/475908/mibr-vs-g2-esports-champions-tour-2025-americas-stage-1-lbf,Split,MIBR,G2 Esports,G2 Esports,Verno,Tejo,196,16,15,3,129,11%
VCT 2025 Americas Stage 1,https://www.vlr.gg/475908/mibr-vs-g2-esports-champions-tour-2025-americas-stage-1-lbf,Split,MIBR,G2 Esports,G2 Esports,cortezia,Omen,180,14,19,5,121,32%
VCT 2025 Americas Stage 1,https://www.vlr.gg/475908/mibr-vs-g2-esports-champions-tour-2025-americas-stage-1-lbf,Split,MIBR,G2 Esports,G2 Esports,artzin,Breach,141,10,19,9,104,34%
VCT 2025 Americas Stage 1,https://www.vlr.gg/475908/mibr-vs-g2-esports-champions-tour-2025-americas-stage-1-lbf,Split,MIBR,G2 Esports,G2 Esports,xenom,Viper,71,6,16,3,51,25%
VCT 2025 Americas Stage 1,https://www.vlr.gg/475908/mibr-vs-g2-esports-champions-tour-2025-americas-stage-1-lbf,Split,G2 Esports,MIBR,G2 Esports,trent,Tejo,227,18,11,10,161,24%
VCT 2025 Americas Stage 1,https://www.vlr.gg/475908/mibr-vs-g2-esports-champions-tour-2025-americas-stage-1-lbf,Split,G2 Esports,MIBR,G2 Esports,leaf,Viper,245,20,15,5,171,30%
VCT 2025 Americas Stage 1,https://www.vlr.gg/475908/mibr-vs-g2-esports-champions-tour-2025-americas-stage-1-lbf,Split,G2 Esports,MIBR,G2 Esports,valyn,Omen,199,18,14,5,125,31%
VCT 2025 Americas Stage 1,https://www.vlr.gg/475908/mibr-vs-g2-esports-champions-tour-2025-americas-stage-1-lbf,Split,G2 Esports,MIBR,G2 Esports,jawgemo,Yoru,218,17,15,6,141,26%
VCT 2025 Americas Stage 1,https://www.vlr.gg/475908/mibr-vs-g2-esports-champions-tour-2025-americas-stage-1-lbf,Split,G2 Esports,MIBR,G2 Esports,JonahP,Breach,155,11,12,15,83,17%
VCT 2025 Americas Stage 1,https://www.vlr.gg/475908/mibr-vs-g2-esports-champions-tour-2025-americas-stage-1-lbf,Ascent,MIBR,G2 Esports,G2 Esports,Verno,Tejo,278,21,15,6,180,34%
VCT 2025 Americas Stage 1,https://www.vlr.gg/475908/mibr-vs-g2-esports-champions-tour-2025-americas-stage-1-lbf,Ascent,MIBR,G2 Esports,G2 Esports,xenom,Omen,207,16,15,8,140,40%
VCT 2025 Americas Stage 1,https://www.vlr.gg/475908/mibr-vs-g2-esports-champions-tour-2025-americas-stage-1-lbf,Ascent,MIBR,G2 Esports,G2 Esports,aspas,Jett,178,13,16,3,117,29%
VCT 2025 Americas Stage 1,https://www.vlr.gg/475908/mibr-vs-g2-esports-champions-tour-2025-americas-stage-1-lbf,Ascent,MIBR,G2 Esports,G2 Esports,cortezia,Vyse,184,14,18,4,123,27%
VCT 2025 Americas Stage 1,https://www.vlr.gg/475908/mibr-vs-g2-esports-champions-tour-2025-americas-stage-1-lbf,Ascent,MIBR,G2 Esports,G2 Esports,artzin,Kayo,118,6,18,10,80,14%
VCT 2025 Americas Stage 1,https://www.vlr.gg/475908/mibr-vs-g2-esports-champions-tour-2025-americas-stage-1-lbf,Ascent,G2 Esports,MIBR,G2 Esports,valyn,Omen,296,24,14,10,178,23%
VCT 2025 Americas Stage 1,https://www.vlr.gg/475908/mibr-vs-g2-esports-champions-tour-2025-americas-stage-1-lbf,Ascent,G2 Esports,MIBR,G2 Esports,leaf,Vyse,343,25,14,9,206,24%
VCT 2025 Americas Stage 1,https://www.vlr.gg/475908/mibr-vs-g2-esports-champions-tour-2025-americas-stage-1-lbf,Ascent,G2 Esports,MIBR,G2 Esports,JonahP,Kayo,162,11,13,19,102,18%
VCT 2025 Americas Stage 1,https://www.vlr.gg/475908/mibr-vs-g2-esports-champions-tour-2025-americas-stage-1-lbf,Ascent,G2 Esports,MIBR,G2 Esports,trent,Tejo,132,10,12,8,96,24%
VCT 2025 Americas Stage 1,https://www.vlr.gg/475908/mibr-vs-g2-esports-champions-tour-2025-americas-stage-1-lbf,Ascent,G2 Esports,MIBR,G2 Esports,jawgemo,Waylay,152,12,17,3,76,19%
VCT 2025 Americas Stage 1,https://www.vlr.gg/475902/sentinels-vs-g2-esports-champions-tour-2025-americas-stage-1-gf,Haven,Sentinels,G2 Esports,G2 Esports,zekken,Neon,281,22,16,4,172,32%
VCT 2025 Americas Stage 1,https://www.vlr.gg/475902/sentinels-vs-g2-esports-champions-tour-2025-americas-stage-1-gf,Haven,Sentinels,G2 Esports,G2 Esports,bang,Omen,214,16,15,7,124,30%
VCT 2025 Americas Stage 1,https://www.vlr.gg/475902/sentinels-vs-g2-esports-champions-tour-2025-americas-stage-1-gf,Haven,Sentinels,G2 Esports,G2 Esports,johnqt,Breach,175,13,15,13,107,25%
VCT 2025 Americas Stage 1,https://www.vlr.gg/475902/sentinels-vs-g2-esports-champions-tour-2025-americas-stage-1-gf,Haven,Sentinels,G2 Esports,G2 Esports,N4RRATE,Sova,175,12,17,8,129,26%
VCT 2025 Americas Stage 1,https://www.vlr.gg/475902/sentinels-vs-g2-esports-champions-tour-2025-americas-stage-1-gf,Haven,Sentinels,G2 Esports,G2 Esports,Zellsis,Cypher,168,13,16,3,120,28%
VCT 2025 Americas Stage 1,https://www.vlr.gg/475902/sentinels-vs-g2-esports-champions-tour-2025-americas-stage-1-gf,Haven,G2 Esports,Sentinels,G2 Esports,trent,Tejo,253,21,11,7,171,30%
VCT 2025 Americas Stage 1,https://www.vlr.gg/475902/sentinels-vs-g2-esports-champions-tour-2025-americas-stage-1-gf,Haven,G2 Esports,Sentinels,G2 Esports,valyn,Astra,251,21,15,6,152,33%
VCT 2025 Americas Stage 1,https://www.vlr.gg/475902/sentinels-vs-g2-esports-champions-tour-2025-americas-stage-1-gf,Haven,G2 Esports,Sentinels,G2 Esports,leaf,Vyse,196,15,17,6,136,22%
VCT 2025 Americas Stage 1,https://www.vlr.gg/475902/sentinels-vs-g2-esports-champions-tour-2025-americas-stage-1-gf,Haven,G2 Esports,Sentinels,G2 Esports,JonahP,Breach,147,11,16,13,95,27%
VCT 2025 Americas Stage 1,https://www.vlr.gg/475902/sentinels-vs-g2-esports-champions-tour-2025-americas-stage-1-gf,Haven,G2 Esports,Sentinels,G2 Esports,jawgemo,Yoru,158,11,17,3,103,11%
VCT 2025 Americas Stage 1,https://www.vlr.gg/475902/sentinels-vs-g2-esports-champions-tour-2025-americas-stage-1-gf,Split,Sentinels,G2 Esports,G2 Esports,zekken,Yoru,258,19,16,2,150,22%
VCT 2025 Americas Stage 1,https://www.vlr.gg/475902/sentinels-vs-g2-esports-champions-tour-2025-americas-stage-1-gf,Split,Sentinels,G2 Esports,G2 Esports,N4RRATE,Breach,174,15,14,8,104,24%
VCT 2025 Americas Stage 1,https://www.vlr.gg/475902/sentinels-vs-g2-esports-champions-tour-2025-americas-stage-1-gf,Split,Sentinels,G2 Esports,G2 Esports,johnqt,Tejo,165,14,11,3,98,20%
VCT 2025 Americas Stage 1,https://www.vlr.gg/475902/sentinels-vs-g2-esports-champions-tour-2025-americas-stage-1-gf,Split,Sentinels,G2 Esports,G2 Esports,bang,Omen,160,11,16,10,94,27%
VCT 2025 Americas Stage 1,https://www.vlr.gg/475902/sentinels-vs-g2-esports-champions-tour-2025-americas-stage-1-gf,Split,Sentinels,G2 Esports,G2 Esports,Zellsis,Viper,135,9,13,6,93,24%
VCT 2025 Americas Stage 1,https://www.vlr.gg/475902/sentinels-vs-g2-esports-champions-tour-2025-americas-stage-1-gf,Split,G2 Esports,Sentinels,G2 Esports,valyn,Omen,225,20,14,4,149,26%
VCT 2025 Americas Stage 1,https://www.vlr.gg/475902/sentinels-vs-g2-esports-champions-tour-2025-americas-stage-1-gf,Split,G2 Esports,Sentinels,G2 Esports,leaf,Viper,216,16,15,7,148,12%
VCT 2025 Americas Stage 1,https://www.vlr.gg/475902/sentinels-vs-g2-esports-champions-tour-2025-americas-stage-1-gf,Split,G2 Esports,Sentinels,G2 Esports,trent,Tejo,161,12,13,4,104,28%
VCT 2025 Americas Stage 1,https://www.vlr.gg/475902/sentinels-vs-g2-esports-champions-tour-2025-americas-stage-1-gf,Split,G2 Esports,Sentinels,G2 Esports,jawgemo,Yoru,187,13,14,6,115,13%
VCT 2025 Americas Stage 1,https://www.vlr.gg/475902/sentinels-vs-g2-esports-champions-tour-2025-americas-stage-1-gf,Split,G2 Esports,Sentinels,G2 Esports,JonahP,Breach,107,9,12,11,62,20%
VCT 2025 Americas Stage 1,https://www.vlr.gg/475902/sentinels-vs-g2-esports-champions-tour-2025-americas-stage-1-gf,Pearl,Sentinels,G2 Esports,Sentinels,johnqt,Tejo,241,22,12,4,158,29%
VCT 2025 Americas Stage 1,https://www.vlr.gg/475902/sentinels-vs-g2-esports-champions-tour-2025-americas-stage-1-gf,Pearl,Sentinels,G2 Esports,Sentinels,Zellsis,Vyse,264,21,18,8,178,25%
VCT 2025 Americas Stage 1,https://www.vlr.gg/475902/sentinels-vs-g2-esports-champions-tour-2025-americas-stage-1-gf,Pearl,Sentinels,G2 Esports,Sentinels,bang,Astra,239,20,18,4,144,35%
VCT 2025 Americas Stage 1,https://www.vlr.gg/475902/sentinels-vs-g2-esports-champions-tour-2025-americas-stage-1-gf,Pearl,Sentinels,G2 Esports,Sentinels,N4RRATE,Fade,113,6,16,11,88,16%
VCT 2025 Americas Stage 1,https://www.vlr.gg/475902/sentinels-vs-g2-esports-champions-tour-2025-americas-stage-1-gf,Pearl,Sentinels,G2 Esports,Sentinels,zekken,Yoru,126,11,18,4,80,21%
VCT 2025 Americas Stage 1,https://www.vlr.gg/475902/sentinels-vs-g2-esports-champions-tour-2025-americas-stage-1-gf,Pearl,G2 Esports,Sentinels,Sentinels,trent,Tejo,198,17,14,5,146,35%
VCT 2025 Americas Stage 1,https://www.vlr.gg/475902/sentinels-vs-g2-esports-champions-tour-2025-americas-stage-1-gf,Pearl,G2 Esports,Sentinels,Sentinels,jawgemo,Yoru,257,20,15,8,167,22%
VCT 2025 Americas Stage 1,https://www.vlr.gg/475902/sentinels-vs-g2-esports-champions-tour-2025-americas-stage-1-gf,Pearl,G2 Esports,Sentinels,Sentinels,JonahP,Fade,234,19,17,10,137,26%
VCT 2025 Americas Stage 1,https://www.vlr.gg/475902/sentinels-vs-g2-esports-champions-tour-2025-americas-stage-1-gf,Pearl,G2 Esports,Sentinels,Sentinels,valyn,Astra,164,14,16,2,122,24%
VCT 2025 Americas Stage 1,https://www.vlr.gg/475902/sentinels-vs-g2-esports-champions-tour-2025-americas-stage-1-gf,Pearl,G2 Esports,Sentinels,Sentinels,leaf,Vyse,154,12,18,6,91,28%
VCT 2025 Americas Stage 1,https://www.vlr.gg/475902/sentinels-vs-g2-esports-champions-tour-2025-americas-stage-1-gf,Ascent,Sentinels,G2 Esports,G2 Esports,bang,Omen,243,17,18,11,155,41%
VCT 2025 Americas Stage 1,https://www.vlr.gg/475902/sentinels-vs-g2-esports-champions-tour-2025-americas-stage-1-gf,Ascent,Sentinels,G2 Esports,G2 Esports,N4RRATE,Tejo,229,18,17,7,175,24%
VCT 2025 Americas Stage 1,https://www.vlr.gg/475902/sentinels-vs-g2-esports-champions-tour-2025-americas-stage-1-gf,Ascent,Sentinels,G2 Esports,G2 Esports,zekken,Jett,239,20,19,2,155,24%
VCT 2025 Americas Stage 1,https://www.vlr.gg/475902/sentinels-vs-g2-esports-champions-tour-2025-americas-stage-1-gf,Ascent,Sentinels,G2 Esports,G2 Esports,Zellsis,Vyse,154,12,18,6,103,23%
VCT 2025 Americas Stage 1,https://www.vlr.gg/475902/sentinels-vs-g2-esports-champions-tour-2025-americas-stage-1-gf,Ascent,Sentinels,G2 Esports,G2 Esports,johnqt,Kayo,116,8,16,12,77,13%
VCT 2025 Americas Stage 1,https://www.vlr.gg/475902/sentinels-vs-g2-esports-champions-tour-2025-americas-stage-1-gf,Ascent,G2 Esports,Sentinels,G2 Esports,trent,Tejo,267,23,13,12,195,22%
VCT 2025 Americas Stage 1,https://www.vlr.gg/475902/sentinels-vs-g2-esports-champions-tour-2025-americas-stage-1-gf,Ascent,G2 Esports,Sentinels,G2 Esports,leaf,Vyse,235,20,15,8,162,30%
VCT 2025 Americas Stage 1,https://www.vlr.gg/475902/sentinels-vs-g2-esports-champions-tour-2025-americas-stage-1-gf,Ascent,G2 Esports,Sentinels,G2 Esports,jawgemo,Waylay,220,18,17,5,147,24%
VCT 2025 Americas Stage 1,https://www.vlr.gg/475902/sentinels-vs-g2-esports-champions-tour-2025-americas-stage-1-gf,Ascent,G2 Esports,Sentinels,G2 Esports,JonahP,Kayo,183,12,15,18,107,13%
VCT 2025 Americas Stage 1,https://www.vlr.gg/475902/sentinels-vs-g2-esports-champions-tour-2025-americas-stage-1-gf,Ascent,G2 Esports,Sentinels,G2 Esports,valyn,Omen,162,15,15,8,99,29%
Valorant Masters Bangkok 2025,https://www.vlr.gg/449008/edward-gaming-vs-t1-champions-tour-2025-masters-bangkok-ubsf,Split,EDward Gaming,T1,EDward Gaming,CHICHOO,Viper,326,22,10,8,232,28%
Valorant Masters Bangkok 2025,https://www.vlr.gg/449008/edward-gaming-vs-t1-champions-tour-2025-masters-bangkok-ubsf,Split,EDward Gaming,T1,EDward Gaming,ZmjjKK,Jett,322,24,13,3,189,20%
Valorant Masters Bangkok 2025,https://www.vlr.gg/449008/edward-gaming-vs-t1-champions-tour-2025-masters-bangkok-ubsf,Split,EDward Gaming,T1,EDward Gaming,Smoggy,Omen,226,16,11,10,153,32%
Valorant Masters Bangkok 2025,https://www.vlr.gg/449008/edward-gaming-vs-t1-champions-tour-2025-masters-bangkok-ubsf,Split,EDward Gaming,T1,EDward Gaming,nobody,Tejo,151,13,11,1,104,40%
Valorant Masters Bangkok 2025,https://www.vlr.gg/449008/edward-gaming-vs-t1-champions-tour-2025-masters-bangkok-ubsf,Split,EDward Gaming,T1,EDward Gaming,S1Mon,Breach,134,11,12,8,89,28%
Valorant Masters Bangkok 2025,https://www.vlr.gg/449008/edward-gaming-vs-t1-champions-tour-2025-masters-bangkok-ubsf,Split,T1,EDward Gaming,EDward Gaming,stax,Fade,183,13,15,6,134,35%
Valorant Masters Bangkok 2025,https://www.vlr.gg/449008/edward-gaming-vs-t1-champions-tour-2025-masters-bangkok-ubsf,Split,T1,EDward Gaming,EDward Gaming,Sylvan,Omen,221,15,18,7,140,32%
Valorant Masters Bangkok 2025,https://www.vlr.gg/449008/edward-gaming-vs-t1-champions-tour-2025-masters-bangkok-ubsf,Split,T1,EDward Gaming,EDward Gaming,BuZz,Raze,174,12,16,2,126,27%
Valorant Masters Bangkok 2025,https://www.vlr.gg/449008/edward-gaming-vs-t1-champions-tour-2025-masters-bangkok-ubsf,Split,T1,EDward Gaming,EDward Gaming,iZu,Yoru,158,10,18,6,104,31%
Valorant Masters Bangkok 2025,https://www.vlr.gg/449008/edward-gaming-vs-t1-champions-tour-2025-masters-bangkok-ubsf,Split,T1,EDward Gaming,EDward Gaming,Meteor,Viper,136,7,19,5,92,18%
Valorant Masters Bangkok 2025,https://www.vlr.gg/449008/edward-gaming-vs-t1-champions-tour-2025-masters-bangkok-ubsf,Bind,EDward Gaming,T1,T1,CHICHOO,Vyse,283,18,17,10,194,33%
Valorant Masters Bangkok 2025,https://www.vlr.gg/449008/edward-gaming-vs-t1-champions-tour-2025-masters-bangkok-ubsf,Bind,EDward Gaming,T1,T1,ZmjjKK,Raze,244,16,14,3,153,20%
Valorant Masters Bangkok 2025,https://www.vlr.gg/449008/edward-gaming-vs-t1-champions-tour-2025-masters-bangkok-ubsf,Bind,EDward Gaming,T1,T1,Smoggy,Brimstone,159,11,13,8,97,21%
Valorant Masters Bangkok 2025,https://www.vlr.gg/449008/edward-gaming-vs-t1-champions-tour-2025-masters-bangkok-ubsf,Bind,EDward Gaming,T1,T1,nobody,Tejo,156,10,14,3,112,42%
Valorant Masters Bangkok 2025,https://www.vlr.gg/449008/edward-gaming-vs-t1-champions-tour-2025-masters-bangkok-ubsf,Bind,EDward Gaming,T1,T1,S1Mon,Kayo,101,7,14,13,63,24%
Valorant Masters Bangkok 2025,https://www.vlr.gg/449008/edward-gaming-vs-t1-champions-tour-2025-masters-bangkok-ubsf,Bind,T1,EDward Gaming,T1,BuZz,Raze,264,19,12,2,178,26%
Valorant Masters Bangkok 2025,https://www.vlr.gg/449008/edward-gaming-vs-t1-champions-tour-2025-masters-bangkok-ubsf,Bind,T1,EDward Gaming,T1,iZu,Fade,218,16,8,3,132,28%
Valorant Masters Bangkok 2025,https://www.vlr.gg/449008/edward-gaming-vs-t1-champions-tour-2025-masters-bangkok-ubsf,Bind,T1,EDward Gaming,T1,Meteor,Vyse,243,17,14,4,155,49%
Valorant Masters Bangkok 2025,https://www.vlr.gg/449008/edward-gaming-vs-t1-champions-tour-2025-masters-bangkok-ubsf,Bind,T1,EDward Gaming,T1,Sylvan,Brimstone,215,12,14,10,139,39%
Valorant Masters Bangkok 2025,https://www.vlr.gg/449008/edward-gaming-vs-t1-champions-tour-2025-masters-bangkok-ubsf,Bind,T1,EDward Gaming,T1,stax,Kayo,128,8,14,15,90,35%
Valorant Masters Bangkok 2025,https://www.vlr.gg/449008/edward-gaming-vs-t1-champions-tour-2025-masters-bangkok-ubsf,Pearl,EDward Gaming,T1,EDward Gaming,CHICHOO,Vyse,357,32,16,10,221,28%
Valorant Masters Bangkok 2025,https://www.vlr.gg/449008/edward-gaming-vs-t1-champions-tour-2025-masters-bangkok-ubsf,Pearl,EDward Gaming,T1,EDward Gaming,nobody,Tejo,239,21,16,5,160,28%
Valorant Masters Bangkok 2025,https://www.vlr.gg/449008/edward-gaming-vs-t1-champions-tour-2025-masters-bangkok-ubsf,Pearl,EDward Gaming,T1,EDward Gaming,S1Mon,Fade,224,19,17,9,152,43%
Valorant Masters Bangkok 2025,https://www.vlr.gg/449008/edward-gaming-vs-t1-champions-tour-2025-masters-bangkok-ubsf,Pearl,EDward Gaming,T1,EDward Gaming,Smoggy,Astra,129,11,17,11,79,30%
Valorant Masters Bangkok 2025,https://www.vlr.gg/449008/edward-gaming-vs-t1-champions-tour-2025-masters-bangkok-ubsf,Pearl,EDward Gaming,T1,EDward Gaming,ZmjjKK,Yoru,114,9,20,7,70,28%
Valorant Masters Bangkok 2025,https://www.vlr.gg/449008/edward-gaming-vs-t1-champions-tour-2025-masters-bangkok-ubsf,Pearl,T1,EDward Gaming,EDward Gaming,iZu,Yoru,195,17,15,3,125,32%
Valorant Masters Bangkok 2025,https://www.vlr.gg/449008/edward-gaming-vs-t1-champions-tour-2025-masters-bangkok-ubsf,Pearl,T1,EDward Gaming,EDward Gaming,Sylvan,Astra,272,25,20,5,168,35%
Valorant Masters Bangkok 2025,https://www.vlr.gg/449008/edward-gaming-vs-t1-champions-tour-2025-masters-bangkok-ubsf,Pearl,T1,EDward Gaming,EDward Gaming,BuZz,Neon,208,17,20,9,135,20%
Valorant Masters Bangkok 2025,https://www.vlr.gg/449008/edward-gaming-vs-t1-champions-tour-2025-masters-bangkok-ubsf,Pearl,T1,EDward Gaming,EDward Gaming,Meteor,Killjoy,165,15,19,5,116,30%
Valorant Masters Bangkok 2025,https://www.vlr.gg/449008/edward-gaming-vs-t1-champions-tour-2025-masters-bangkok-ubsf,Pearl,T1,EDward Gaming,EDward Gaming,stax,Sova,146,12,18,10,97,12%
Valorant Masters Bangkok 2025,https://www.vlr.gg/449009/team-vitality-vs-g2-esports-champions-tour-2025-masters-bangkok-ubsf,Bind,Team Vitality,G2 Esports,G2 Esports,Derke,Raze,257,24,21,7,168,20%
Valorant Masters Bangkok 2025,https://www.vlr.gg/449009/team-vitality-vs-g2-esports-champions-tour-2025-masters-bangkok-ubsf,Bind,Team Vitality,G2 Esports,G2 Esports,Kicks,Skye,195,20,21,13,125,28%
Valorant Masters Bangkok 2025,https://www.vlr.gg/449009/team-vitality-vs-g2-esports-champions-tour-2025-masters-bangkok-ubsf,Bind,Team Vitality,G2 Esports,G2 Esports,trexx,Brimstone,196,18,21,12,136,19%
Valorant Masters Bangkok 2025,https://www.vlr.gg/449009/team-vitality-vs-g2-esports-champions-tour-2025-masters-bangkok-ubsf,Bind,Team Vitality,G2 Esports,G2 Esports,Less,Viper,193,20,23,9,122,24%
Valorant Masters Bangkok 2025,https://www.vlr.gg/449009/team-vitality-vs-g2-esports-champions-tour-2025-masters-bangkok-ubsf,Bind,Team Vitality,G2 Esports,G2 Esports,Sayf,Tejo,164,16,21,7,100,23%
Valorant Masters Bangkok 2025,https://www.vlr.gg/449009/team-vitality-vs-g2-esports-champions-tour-2025-masters-bangkok-ubsf,Bind,G2 Esports,Team Vitality,G2 Esports,leaf,Vyse,297,28,19,19,193,22%
Valorant Masters Bangkok 2025,https://www.vlr.gg/449009/team-vitality-vs-g2-esports-champions-tour-2025-masters-bangkok-ubsf,Bind,G2 Esports,Team Vitality,G2 Esports,trent,Tejo,248,25,21,6,169,30%
Valorant Masters Bangkok 2025,https://www.vlr.gg/449009/team-vitality-vs-g2-esports-champions-tour-2025-masters-bangkok-ubsf,Bind,G2 Esports,Team Vitality,G2 Esports,valyn,Brimstone,173,17,18,16,108,25%
Valorant Masters Bangkok 2025,https://www.vlr.gg/449009/team-vitality-vs-g2-esports-champions-tour-2025-masters-bangkok-ubsf,Bind,G2 Esports,Team Vitality,G2 Esports,JonahP,Breach,171,18,19,15,115,33%
Valorant Masters Bangkok 2025,https://www.vlr.gg/449009/team-vitality-vs-g2-esports-champions-tour-2025-masters-bangkok-ubsf,Bind,G2 Esports,Team Vitality,G2 Esports,jawgemo,Yoru,195,19,21,3,120,20%
Valorant Masters Bangkok 2025,https://www.vlr.gg/449009/team-vitality-vs-g2-esports-champions-tour-2025-masters-bangkok-ubsf,Lotus,Team Vitality,G2 Esports,G2 Esports,Kicks,Omen,233,18,15,5,158,26%
Valorant Masters Bangkok 2025,https://www.vlr.gg/449009/team-vitality-vs-g2-esports-champions-tour-2025-masters-bangkok-ubsf,Lotus,Team Vitality,G2 Esports,G2 Esports,Less,Viper,205,14,14,8,122,24%
Valorant Masters Bangkok 2025,https://www.vlr.gg/449009/team-vitality-vs-g2-esports-champions-tour-2025-masters-bangkok-ubsf,Lotus,Team Vitality,G2 Esports,G2 Esports,Sayf,Vyse,225,18,17,4,131,36%
Valorant Masters Bangkok 2025,https://www.vlr.gg/449009/team-vitality-vs-g2-esports-champions-tour-2025-masters-bangkok-ubsf,Lotus,Team Vitality,G2 Esports,G2 Esports,trexx,Fade,145,11,14,8,91,18%
Valorant Masters Bangkok 2025,https://www.vlr.gg/449009/team-vitality-vs-g2-esports-champions-tour-2025-masters-bangkok-ubsf,Lotus,Team Vitality,G2 Esports,G2 Esports,Derke,Raze,208,14,18,3,133,19%
Valorant Masters Bangkok 2025,https://www.vlr.gg/449009/team-vitality-vs-g2-esports-champions-tour-2025-masters-bangkok-ubsf,Lotus,G2 Esports,Team Vitality,G2 Esports,leaf,Viper,311,24,16,9,194,23%
Valorant Masters Bangkok 2025,https://www.vlr.gg/449009/team-vitality-vs-g2-esports-champions-tour-2025-masters-bangkok-ubsf,Lotus,G2 Esports,Team Vitality,G2 Esports,trent,Tejo,226,18,13,11,147,17%
Valorant Masters Bangkok 2025,https://www.vlr.gg/449009/team-vitality-vs-g2-esports-champions-tour-2025-masters-bangkok-ubsf,Lotus,G2 Esports,Team Vitality,G2 Esports,JonahP,Breach,201,17,15,10,134,31%
Valorant Masters Bangkok 2025,https://www.vlr.gg/449009/team-vitality-vs-g2-esports-champions-tour-2025-masters-bangkok-ubsf,Lotus,G2 Esports,Team Vitality,G2 Esports,jawgemo,Yoru,145,11,16,8,109,21%
Valorant Masters Bangkok 2025,https://www.vlr.gg/449009/team-vitality-vs-g2-esports-champions-tour-2025-masters-bangkok-ubsf,Lotus,G2 Esports,Team Vitality,G2 Esports,valyn,Omen,97,7,15,5,61,11%
Valorant Masters Bangkok 2025,https://www.vlr.gg/449010/edward-gaming-vs-g2-esports-champions-tour-2025-masters-bangkok-ubf,Lotus,EDward Gaming,G2 Esports,G2 Esports,Smoggy,Clove,275,20,17,6,187,45%
Valorant Masters Bangkok 2025,https://www.vlr.gg/449010/edward-gaming-vs-g2-esports-champions-tour-2025-masters-bangkok-ubf,Lotus,EDward Gaming,G2 Esports,G2 Esports,nobody,Fade,206,14,13,4,139,33%
Valorant Masters Bangkok 2025,https://www.vlr.gg/449010/edward-gaming-vs-g2-esports-champions-tour-2025-masters-bangkok-ubf,Lotus,EDward Gaming,G2 Esports,G2 Esports,CHICHOO,Omen,193,15,17,8,147,44%
Valorant Masters Bangkok 2025,https://www.vlr.gg/449010/edward-gaming-vs-g2-esports-champions-tour-2025-masters-bangkok-ubf,Lotus,EDward Gaming,G2 Esports,G2 Esports,ZmjjKK,Neon,188,15,16,0,125,27%
Valorant Masters Bangkok 2025,https://www.vlr.gg/449010/edward-gaming-vs-g2-esports-champions-tour-2025-masters-bangkok-ubf,Lotus,EDward Gaming,G2 Esports,G2 Esports,S1Mon,Breach,102,6,17,9,73,33%
Valorant Masters Bangkok 2025,https://www.vlr.gg/449010/edward-gaming-vs-g2-esports-champions-tour-2025-masters-bangkok-ubf,Lotus,G2 Esports,EDward Gaming,G2 Esports,JonahP,Breach,277,20,16,13,174,22%
Valorant Masters Bangkok 2025,https://www.vlr.gg/449010/edward-gaming-vs-g2-esports-champions-tour-2025-masters-bangkok-ubf,Lotus,G2 Esports,EDward Gaming,G2 Esports,trent,Tejo,231,17,12,8,152,18%
Valorant Masters Bangkok 2025,https://www.vlr.gg/449010/edward-gaming-vs-g2-esports-champions-tour-2025-masters-bangkok-ubf,Lotus,G2 Esports,EDward Gaming,G2 Esports,valyn,Omen,182,13,13,12,132,28%
Valorant Masters Bangkok 2025,https://www.vlr.gg/449010/edward-gaming-vs-g2-esports-champions-tour-2025-masters-bangkok-ubf,Lotus,G2 Esports,EDward Gaming,G2 Esports,leaf,Viper,165,13,13,4,115,21%
Valorant Masters Bangkok 2025,https://www.vlr.gg/449010/edward-gaming-vs-g2-esports-champions-tour-2025-masters-bangkok-ubf,Lotus,G2 Esports,EDward Gaming,G2 Esports,jawgemo,Yoru,214,16,16,10,135,15%
Valorant Masters Bangkok 2025,https://www.vlr.gg/449010/edward-gaming-vs-g2-esports-champions-tour-2025-masters-bangkok-ubf,Split,EDward Gaming,G2 Esports,G2 Esports,ZmjjKK,Jett,234,16,18,2,146,23%
Valorant Masters Bangkok 2025,https://www.vlr.gg/449010/edward-gaming-vs-g2-esports-champions-tour-2025-masters-bangkok-ubf,Split,EDward Gaming,G2 Esports,G2 Esports,CHICHOO,Viper,199,14,15,2,133,23%
Valorant Masters Bangkok 2025,https://www.vlr.gg/449010/edward-gaming-vs-g2-esports-champions-tour-2025-masters-bangkok-ubf,Split,EDward Gaming,G2 Esports,G2 Esports,S1Mon,Breach,142,10,14,6,89,38%
Valorant Masters Bangkok 2025,https://www.vlr.gg/449010/edward-gaming-vs-g2-esports-champions-tour-2025-masters-bangkok-ubf,Split,EDward Gaming,G2 Esports,G2 Esports,Smoggy,Omen,130,9,15,7,106,28%
Valorant Masters Bangkok 2025,https://www.vlr.gg/449010/edward-gaming-vs-g2-esports-champions-tour-2025-masters-bangkok-ubf,Split,EDward Gaming,G2 Esports,G2 Esports,nobody,Tejo,130,9,16,4,87,21%
Valorant Masters Bangkok 2025,https://www.vlr.gg/449010/edward-gaming-vs-g2-esports-champions-tour-2025-masters-bangkok-ubf,Split,G2 Esports,EDward Gaming,G2 Esports,jawgemo,Yoru,287,21,11,8,176,26%
Valorant Masters Bangkok 2025,https://www.vlr.gg/449010/edward-gaming-vs-g2-esports-champions-tour-2025-masters-bangkok-ubf,Split,G2 Esports,EDward Gaming,G2 Esports,leaf,Viper,227,17,11,4,175,40%
Valorant Masters Bangkok 2025,https://www.vlr.gg/449010/edward-gaming-vs-g2-esports-champions-tour-2025-masters-bangkok-ubf,Split,G2 Esports,EDward Gaming,G2 Esports,trent,Tejo,205,13,11,2,156,23%
Valorant Masters Bangkok 2025,https://www.vlr.gg/449010/edward-gaming-vs-g2-esports-champions-tour-2025-masters-bangkok-ubf,Split,G2 Esports,EDward Gaming,G2 Esports,valyn,Omen,182,14,12,10,116,39%
Valorant Masters Bangkok 2025,https://www.vlr.gg/449010/edward-gaming-vs-g2-esports-champions-tour-2025-masters-bangkok-ubf,Split,G2 Esports,EDward Gaming,G2 Esports,JonahP,Breach,193,13,13,7,120,19%
Valorant Masters Bangkok 2025,https://www.vlr.gg/449012/t1-vs-team-vitality-champions-tour-2025-masters-bangkok-lr1,Lotus,T1,Team Vitality,Team Vitality,Meteor,Iso,235,21,20,5,147,38%
Valorant Masters Bangkok 2025,https://www.vlr.gg/449012/t1-vs-team-vitality-champions-tour-2025-masters-bangkok-lr1,Lotus,T1,Team Vitality,Team Vitality,stax,Sova,155,14,15,11,119,36%
Valorant Masters Bangkok 2025,https://www.vlr.gg/449012/t1-vs-team-vitality-champions-tour-2025-masters-bangkok-lr1,Lotus,T1,Team Vitality,Team Vitality,BuZz,Raze,242,21,21,5,171,12%
Valorant Masters Bangkok 2025,https://www.vlr.gg/449012/t1-vs-team-vitality-champions-tour-2025-masters-bangkok-lr1,Lotus,T1,Team Vitality,Team Vitality,Sylvan,Omen,168,14,20,14,109,28%
Valorant Masters Bangkok 2025,https://www.vlr.gg/449012/t1-vs-team-vitality-champions-tour-2025-masters-bangkok-lr1,Lotus,T1,Team Vitality,Team Vitality,iZu,Cypher,145,15,19,4,84,27%
Valorant Masters Bangkok 2025,https://www.vlr.gg/449012/t1-vs-team-vitality-champions-tour-2025-masters-bangkok-lr1,Lotus,Team Vitality,T1,Team Vitality,Less,Viper,267,23,16,12,166,36%
Valorant Masters Bangkok 2025,https://www.vlr.gg/449012/t1-vs-team-vitality-champions-tour-2025-masters-bangkok-lr1,Lotus,Team Vitality,T1,Team Vitality,Derke,Raze,261,24,17,5,159,25%
Valorant Masters Bangkok 2025,https://www.vlr.gg/449012/t1-vs-team-vitality-champions-tour-2025-masters-bangkok-lr1,Lotus,Team Vitality,T1,Team Vitality,trexx,Fade,220,20,17,15,136,12%
Valorant Masters Bangkok 2025,https://www.vlr.gg/449012/t1-vs-team-vitality-champions-tour-2025-masters-bangkok-lr1,Lotus,Team Vitality,T1,Team Vitality,Kicks,Omen,175,15,17,12,111,31%
Valorant Masters Bangkok 2025,https://www.vlr.gg/449012/t1-vs-team-vitality-champions-tour-2025-masters-bangkok-lr1,Lotus,Team Vitality,T1,Team Vitality,Sayf,Vyse,158,13,18,8,105,18%
Valorant Masters Bangkok 2025,https://www.vlr.gg/449012/t1-vs-team-vitality-champions-tour-2025-masters-bangkok-lr1,Haven,T1,Team Vitality,T1,iZu,Cypher,244,17,8,4,141,39%
Valorant Masters Bangkok 2025,https://www.vlr.gg/449012/t1-vs-team-vitality-champions-tour-2025-masters-bangkok-lr1,Haven,T1,Team Vitality,T1,BuZz,Yoru,231,14,9,4,149,15%
Valorant Masters Bangkok 2025,https://www.vlr.gg/449012/t1-vs-team-vitality-champions-tour-2025-masters-bangkok-lr1,Haven,T1,Team Vitality,T1,stax,Sova,182,11,7,3,138,33%
Valorant Masters Bangkok 2025,https://www.vlr.gg/449012/t1-vs-team-vitality-champions-tour-2025-masters-bangkok-lr1,Haven,T1,Team Vitality,T1,Meteor,Iso,201,14,11,3,120,41%
Valorant Masters Bangkok 2025,https://www.vlr.gg/449012/t1-vs-team-vitality-champions-tour-2025-masters-bangkok-lr1,Haven,T1,Team Vitality,T1,Sylvan,Omen,147,9,7,11,101,32%
Valorant Masters Bangkok 2025,https://www.vlr.gg/449012/t1-vs-team-vitality-champions-tour-2025-masters-bangkok-lr1,Haven,Team Vitality,T1,T1,trexx,Sova,221,11,12,4,144,37%
Valorant Masters Bangkok 2025,https://www.vlr.gg/449012/t1-vs-team-vitality-champions-tour-2025-masters-bangkok-lr1,Haven,Team Vitality,T1,T1,Sayf,Jett,227,13,14,0,157,20%
Valorant Masters Bangkok 2025,https://www.vlr.gg/449012/t1-vs-team-vitality-champions-tour-2025-masters-bangkok-lr1,Haven,Team Vitality,T1,T1,Derke,Yoru,175,9,13,3,124,22%
Valorant Masters Bangkok 2025,https://www.vlr.gg/449012/t1-vs-team-vitality-champions-tour-2025-masters-bangkok-lr1,Haven,Team Vitality,T1,T1,Kicks,Omen,102,6,13,5,65,20%
Valorant Masters Bangkok 2025,https://www.vlr.gg/449012/t1-vs-team-vitality-champions-tour-2025-masters-bangkok-lr1,Haven,Team Vitality,T1,T1,Less,Cypher,58,3,13,2,44,23%
Valorant Masters Bangkok 2025,https://www.vlr.gg/449012/t1-vs-team-vitality-champions-tour-2025-masters-bangkok-lr1,Split,T1,Team Vitality,T1,iZu,Yoru,249,17,7,6,149,24%
Valorant Masters Bangkok 2025,https://www.vlr.gg/449012/t1-vs-team-vitality-champions-tour-2025-masters-bangkok-lr1,Split,T1,Team Vitality,T1,Sylvan,Omen,213,15,7,12,128,28%
Valorant Masters Bangkok 2025,https://www.vlr.gg/449012/t1-vs-team-vitality-champions-tour-2025-masters-bangkok-lr1,Split,T1,Team Vitality,T1,BuZz,Raze,337,22,12,5,181,13%
Valorant Masters Bangkok 2025,https://www.vlr.gg/449012/t1-vs-team-vitality-champions-tour-2025-masters-bangkok-lr1,Split,T1,Team Vitality,T1,Meteor,Viper,264,16,12,7,170,29%
Valorant Masters Bangkok 2025,https://www.vlr.gg/449012/t1-vs-team-vitality-champions-tour-2025-masters-bangkok-lr1,Split,T1,Team Vitality,T1,stax,Fade,137,10,8,3,91,30%
Valorant Masters Bangkok 2025,https://www.vlr.gg/449012/t1-vs-team-vitality-champions-tour-2025-masters-bangkok-lr1,Split,Team Vitality,T1,T1,trexx,Fade,181,10,15,5,114,16%
Valorant Masters Bangkok 2025,https://www.vlr.gg/449012/t1-vs-team-vitality-champions-tour-2025-masters-bangkok-lr1,Split,Team Vitality,T1,T1,Less,Viper,176,11,16,3,106,32%
Valorant Masters Bangkok 2025,https://www.vlr.gg/449012/t1-vs-team-vitality-champions-tour-2025-masters-bangkok-lr1,Split,Team Vitality,T1,T1,Derke,Raze,209,13,17,1,136,24%
Valorant Masters Bangkok 2025,https://www.vlr.gg/449012/t1-vs-team-vitality-champions-tour-2025-masters-bangkok-lr1,Split,Team Vitality,T1,T1,Sayf,Omen,124,7,16,6,72,27%
Valorant Masters Bangkok 2025,https://www.vlr.gg/449012/t1-vs-team-vitality-champions-tour-2025-masters-bangkok-lr1,Split,Team Vitality,T1,T1,Kicks,Breach,93,5,16,6,67,14%
Valorant Masters Bangkok 2025,https://www.vlr.gg/449013/edward-gaming-vs-t1-champions-tour-2025-masters-bangkok-lbf,Bind,EDward Gaming,T1,T1,S1Mon,Kayo,172,11,15,8,100,30%
Valorant Masters Bangkok 2025,https://www.vlr.gg/449013/edward-gaming-vs-t1-champions-tour-2025-masters-bangkok-lbf,Bind,EDward Gaming,T1,T1,ZmjjKK,Raze,195,11,17,5,133,12%
Valorant Masters Bangkok 2025,https://www.vlr.gg/449013/edward-gaming-vs-t1-champions-tour-2025-masters-bangkok-lbf,Bind,EDward Gaming,T1,T1,nobody,Tejo,119,6,14,5,93,17%
Valorant Masters Bangkok 2025,https://www.vlr.gg/449013/edward-gaming-vs-t1-champions-tour-2025-masters-bangkok-lbf,Bind,EDward Gaming,T1,T1,CHICHOO,Vyse,127,7,15,2,85,22%
Valorant Masters Bangkok 2025,https://www.vlr.gg/449013/edward-gaming-vs-t1-champions-tour-2025-masters-bangkok-lbf,Bind,EDward Gaming,T1,T1,Smoggy,Brimstone,111,5,15,6,82,29%
Valorant Masters Bangkok 2025,https://www.vlr.gg/449013/edward-gaming-vs-t1-champions-tour-2025-masters-bangkok-lbf,Bind,T1,EDward Gaming,T1,stax,Kayo,228,17,6,9,136,28%
Valorant Masters Bangkok 2025,https://www.vlr.gg/449013/edward-gaming-vs-t1-champions-tour-2025-masters-bangkok-lbf,Bind,T1,EDward Gaming,T1,Meteor,Vyse,379,24,10,6,241,32%
Valorant Masters Bangkok 2025,https://www.vlr.gg/449013/edward-gaming-vs-t1-champions-tour-2025-masters-bangkok-lbf,Bind,T1,EDward Gaming,T1,BuZz,Raze,281,17,7,5,173,14%
Valorant Masters Bangkok 2025,https://www.vlr.gg/449013/edward-gaming-vs-t1-champions-tour-2025-masters-bangkok-lbf,Bind,T1,EDward Gaming,T1,iZu,Fade,173,12,8,3,102,24%
Valorant Masters Bangkok 2025,https://www.vlr.gg/449013/edward-gaming-vs-t1-champions-tour-2025-masters-bangkok-lbf,Bind,T1,EDward Gaming,T1,Sylvan,Brimstone,150,6,9,22,105,26%
Valorant Masters Bangkok 2025,https://www.vlr.gg/449013/edward-gaming-vs-t1-champions-tour-2025-masters-bangkok-lbf,Haven,EDward Gaming,T1,T1,ZmjjKK,Jett,320,27,18,1,205,39%
Valorant Masters Bangkok 2025,https://www.vlr.gg/449013/edward-gaming-vs-t1-champions-tour-2025-masters-bangkok-lbf,Haven,EDward Gaming,T1,T1,CHICHOO,Cypher,254,21,14,5,159,35%
Valorant Masters Bangkok 2025,https://www.vlr.gg/449013/edward-gaming-vs-t1-champions-tour-2025-masters-bangkok-lbf,Haven,EDward Gaming,T1,T1,Smoggy,Omen,141,9,16,15,92,30%
Valorant Masters Bangkok 2025,https://www.vlr.gg/449013/edward-gaming-vs-t1-champions-tour-2025-masters-bangkok-lbf,Haven,EDward Gaming,T1,T1,S1Mon,Breach,163,12,20,8,111,24%
Valorant Masters Bangkok 2025,https://www.vlr.gg/449013/edward-gaming-vs-t1-champions-tour-2025-masters-bangkok-lbf,Haven,EDward Gaming,T1,T1,nobody,Tejo,131,10,19,6,102,32%
Valorant Masters Bangkok 2025,https://www.vlr.gg/449013/edward-gaming-vs-t1-champions-tour-2025-masters-bangkok-lbf,Haven,T1,EDward Gaming,T1,BuZz,Yoru,330,25,16,10,203,19%
Valorant Masters Bangkok 2025,https://www.vlr.gg/449013/edward-gaming-vs-t1-champions-tour-2025-masters-bangkok-lbf,Haven,T1,EDward Gaming,T1,iZu,Cypher,241,21,13,5,164,30%
Valorant Masters Bangkok 2025,https://www.vlr.gg/449013/edward-gaming-vs-t1-champions-tour-2025-masters-bangkok-lbf,Haven,T1,EDward Gaming,T1,Meteor,Iso,219,17,17,2,139,46%
Valorant Masters Bangkok 2025,https://www.vlr.gg/449013/edward-gaming-vs-t1-champions-tour-2025-masters-bangkok-lbf,Haven,T1,EDward Gaming,T1,Sylvan,Omen,147,11,16,17,98,26%
Valorant Masters Bangkok 2025,https://www.vlr.gg/449013/edward-gaming-vs-t1-champions-tour-2025-masters-bangkok-lbf,Haven,T1,EDward Gaming,T1,stax,Sova,166,13,17,3,117,40%
Valorant Masters Bangkok 2025,https://www.vlr.gg/449013/edward-gaming-vs-t1-champions-tour-2025-masters-bangkok-lbf,Fracture,EDward Gaming,T1,EDward Gaming,nobody,Tejo,236,20,19,12,153,25%
Valorant Masters Bangkok 2025,https://www.vlr.gg/449013/edward-gaming-vs-t1-champions-tour-2025-masters-bangkok-lbf,Fracture,EDward Gaming,T1,EDward Gaming,ZmjjKK,Neon,252,24,21,4,166,24%
Valorant Masters Bangkok 2025,https://www.vlr.gg/449013/edward-gaming-vs-t1-champions-tour-2025-masters-bangkok-lbf,Fracture,EDward Gaming,T1,EDward Gaming,Smoggy,Brimstone,217,19,20,19,140,25%
Valorant Masters Bangkok 2025,https://www.vlr.gg/449013/edward-gaming-vs-t1-champions-tour-2025-masters-bangkok-lbf,Fracture,EDward Gaming,T1,EDward Gaming,S1Mon,Breach,171,16,20,17,109,26%
Valorant Masters Bangkok 2025,https://www.vlr.gg/449013/edward-gaming-vs-t1-champions-tour-2025-masters-bangkok-lbf,Fracture,EDward Gaming,T1,EDward Gaming,CHICHOO,Cypher,166,16,18,9,103,24%
Valorant Masters Bangkok 2025,https://www.vlr.gg/449013/edward-gaming-vs-t1-champions-tour-2025-masters-bangkok-lbf,Fracture,T1,EDward Gaming,EDward Gaming,stax,Breach,206,19,15,12,136,30%
Valorant Masters Bangkok 2025,https://www.vlr.gg/449013/edward-gaming-vs-t1-champions-tour-2025-masters-bangkok-lbf,Fracture,T1,EDward Gaming,EDward Gaming,iZu,Tejo,188,19,16,2,132,33%
Valorant Masters Bangkok 2025,https://www.vlr.gg/449013/edward-gaming-vs-t1-champions-tour-2025-masters-bangkok-lbf,Fracture,T1,EDward Gaming,EDward Gaming,Sylvan,Brimstone,205,18,19,25,122,24%
Valorant Masters Bangkok 2025,https://www.vlr.gg/449013/edward-gaming-vs-t1-champions-tour-2025-masters-bangkok-lbf,Fracture,T1,EDward Gaming,EDward Gaming,Meteor,Vyse,240,21,22,5,161,29%
Valorant Masters Bangkok 2025,https://www.vlr.gg/449013/edward-gaming-vs-t1-champions-tour-2025-masters-bangkok-lbf,Fracture,T1,EDward Gaming,EDward Gaming,BuZz,Raze,252,21,23,5,153,20%
Valorant Masters Bangkok 2025,https://www.vlr.gg/449013/edward-gaming-vs-t1-champions-tour-2025-masters-bangkok-lbf,Split,EDward Gaming,T1,T1,Smoggy,Omen,324,21,13,7,206,54%
Valorant Masters Bangkok 2025,https://www.vlr.gg/449013/edward-gaming-vs-t1-champions-tour-2025-masters-bangkok-lbf,Split,EDward Gaming,T1,T1,nobody,Tejo,145,8,13,4,101,24%
Valorant Masters Bangkok 2025,https://www.vlr.gg/449013/edward-gaming-vs-t1-champions-tour-2025-masters-bangkok-lbf,Split,EDward Gaming,T1,T1,CHICHOO,Viper,158,9,14,0,105,29%
Valorant Masters Bangkok 2025,https://www.vlr.gg/449013/edward-gaming-vs-t1-champions-tour-2025-masters-bangkok-lbf,Split,EDward Gaming,T1,T1,ZmjjKK,Jett,132,7,15,1,89,19%
Valorant Masters Bangkok 2025,https://www.vlr.gg/449013/edward-gaming-vs-t1-champions-tour-2025-masters-bangkok-lbf,Split,EDward Gaming,T1,T1,S1Mon,Breach,67,4,15,4,47,5%
Valorant Masters Bangkok 2025,https://www.vlr.gg/449013/edward-gaming-vs-t1-champions-tour-2025-masters-bangkok-lbf,Split,T1,EDward Gaming,T1,iZu,Yoru,280,19,9,2,201,30%
Valorant Masters Bangkok 2025,https://www.vlr.gg/449013/edward-gaming-vs-t1-champions-tour-2025-masters-bangkok-lbf,Split,T1,EDward Gaming,T1,stax,Fade,178,12,8,7,124,48%
Valorant Masters Bangkok 2025,https://www.vlr.gg/449013/edward-gaming-vs-t1-champions-tour-2025-masters-bangkok-lbf,Split,T1,EDward Gaming,T1,Sylvan,Omen,201,11,9,16,119,18%
Valorant Masters Bangkok 2025,https://www.vlr.gg/449013/edward-gaming-vs-t1-champions-tour-2025-masters-bangkok-lbf,Split,T1,EDward Gaming,T1,Meteor,Viper,200,13,11,9,122,34%
Valorant Masters Bangkok 2025,https://www.vlr.gg/449013/edward-gaming-vs-t1-champions-tour-2025-masters-bangkok-lbf,Split,T1,EDward Gaming,T1,BuZz,Raze,210,15,12,4,126,13%
Valorant Masters Bangkok 2025,https://www.vlr.gg/449011/g2-esports-vs-t1-champions-tour-2025-masters-bangkok-gf,Lotus,G2 Esports,T1,G2 Esports,trent,Tejo,296,17,11,10,213,18%
Valorant Masters Bangkok 2025,https://www.vlr.gg/449011/g2-esports-vs-t1-champions-tour-2025-masters-bangkok-gf,Lotus,G2 Esports,T1,G2 Esports,leaf,Viper,279,21,10,2,159,19%
Valorant Masters Bangkok 2025,https://www.vlr.gg/449011/g2-esports-vs-t1-champions-tour-2025-masters-bangkok-gf,Lotus,G2 Esports,T1,G2 Esports,jawgemo,Yoru,236,16,12,7,133,24%
Valorant Masters Bangkok 2025,https://www.vlr.gg/449011/g2-esports-vs-t1-champions-tour-2025-masters-bangkok-gf,Lotus,G2 Esports,T1,G2 Esports,valyn,Omen,167,10,11,8,122,28%
Valorant Masters Bangkok 2025,https://www.vlr.gg/449011/g2-esports-vs-t1-champions-tour-2025-masters-bangkok-gf,Lotus,G2 Esports,T1,G2 Esports,JonahP,Breach,123,9,10,4,82,69%
Valorant Masters Bangkok 2025,https://www.vlr.gg/449011/g2-esports-vs-t1-champions-tour-2025-masters-bangkok-gf,Lotus,T1,G2 Esports,G2 Esports,iZu,Cypher,209,14,13,2,139,48%
Valorant Masters Bangkok 2025,https://www.vlr.gg/449011/g2-esports-vs-t1-champions-tour-2025-masters-bangkok-gf,Lotus,T1,G2 Esports,G2 Esports,BuZz,Raze,241,13,14,3,162,17%
Valorant Masters Bangkok 2025,https://www.vlr.gg/449011/g2-esports-vs-t1-champions-tour-2025-masters-bangkok-gf,Lotus,T1,G2 Esports,G2 Esports,Meteor,Iso,184,11,16,3,120,31%
Valorant Masters Bangkok 2025,https://www.vlr.gg/449011/g2-esports-vs-t1-champions-tour-2025-masters-bangkok-gf,Lotus,T1,G2 Esports,G2 Esports,Sylvan,Omen,159,8,15,9,99,26%
Valorant Masters Bangkok 2025,https://www.vlr.gg/449011/g2-esports-vs-t1-champions-tour-2025-masters-bangkok-gf,Lotus,T1,G2 Esports,G2 Esports,stax,Sova,116,8,15,2,82,50%
Valorant Masters Bangkok 2025,https://www.vlr.gg/449011/g2-esports-vs-t1-champions-tour-2025-masters-bangkok-gf,Haven,G2 Esports,T1,T1,trent,Tejo,245,20,14,5,161,38%
Valorant Masters Bangkok 2025,https://www.vlr.gg/449011/g2-esports-vs-t1-champions-tour-2025-masters-bangkok-gf,Haven,G2 Esports,T1,T1,valyn,Astra,203,16,16,3,137,27%
Valorant Masters Bangkok 2025,https://www.vlr.gg/449011/g2-esports-vs-t1-champions-tour-2025-masters-bangkok-gf,Haven,G2 Esports,T1,T1,jawgemo,Yoru,205,13,18,11,137,27%
Valorant Masters Bangkok 2025,https://www.vlr.gg/449011/g2-esports-vs-t1-champions-tour-2025-masters-bangkok-gf,Haven,G2 Esports,T1,T1,JonahP,Breach,174,15,18,10,109,29%
Valorant Masters Bangkok 2025,https://www.vlr.gg/449011/g2-esports-vs-t1-champions-tour-2025-masters-bangkok-gf,Haven,G2 Esports,T1,T1,leaf,Vyse,170,12,15,9,127,42%
Valorant Masters Bangkok 2025,https://www.vlr.gg/449011/g2-esports-vs-t1-champions-tour-2025-masters-bangkok-gf,Haven,T1,G2 Esports,T1,Sylvan,Omen,235,18,13,12,134,30%
Valorant Masters Bangkok 2025,https://www.vlr.gg/449011/g2-esports-vs-t1-champions-tour-2025-masters-bangkok-gf,Haven,T1,G2 Esports,T1,BuZz,Yoru,226,19,14,5,134,25%
Valorant Masters Bangkok 2025,https://www.vlr.gg/449011/g2-esports-vs-t1-champions-tour-2025-masters-bangkok-gf,Haven,T1,G2 Esports,T1,Meteor,Iso,200,16,15,5,160,29%
Valorant Masters Bangkok 2025,https://www.vlr.gg/449011/g2-esports-vs-t1-champions-tour-2025-masters-bangkok-gf,Haven,T1,G2 Esports,T1,iZu,Cypher,210,14,17,15,142,32%
Valorant Masters Bangkok 2025,https://www.vlr.gg/449011/g2-esports-vs-t1-champions-tour-2025-masters-bangkok-gf,Haven,T1,G2 Esports,T1,stax,Sova,199,14,17,13,144,20%
Valorant Masters Bangkok 2025,https://www.vlr.gg/449011/g2-esports-vs-t1-champions-tour-2025-masters-bangkok-gf,Abyss,G2 Esports,T1,G2 Esports,trent,Sova,245,20,16,9,159,38%
Valorant Masters Bangkok 2025,https://www.vlr.gg/449011/g2-esports-vs-t1-champions-tour-2025-masters-bangkok-gf,Abyss,G2 Esports,T1,G2 Esports,jawgemo,Yoru,232,19,16,8,137,20%
Valorant Masters Bangkok 2025,https://www.vlr.gg/449011/g2-esports-vs-t1-champions-tour-2025-masters-bangkok-gf,Abyss,G2 Esports,T1,G2 Esports,valyn,Astra,198,17,15,14,127,19%
Valorant Masters Bangkok 2025,https://www.vlr.gg/449011/g2-esports-vs-t1-champions-tour-2025-masters-bangkok-gf,Abyss,G2 Esports,T1,G2 Esports,leaf,Chamber,179,15,16,5,119,17%
Valorant Masters Bangkok 2025,https://www.vlr.gg/449011/g2-esports-vs-t1-champions-tour-2025-masters-bangkok-gf,Abyss,G2 Esports,T1,G2 Esports,JonahP,Breach,154,13,16,11,97,25%
Valorant Masters Bangkok 2025,https://www.vlr.gg/449011/g2-esports-vs-t1-champions-tour-2025-masters-bangkok-gf,Abyss,T1,G2 Esports,G2 Esports,stax,Tejo,214,18,15,6,138,23%
Valorant Masters Bangkok 2025,https://www.vlr.gg/449011/g2-esports-vs-t1-champions-tour-2025-masters-bangkok-gf,Abyss,T1,G2 Esports,G2 Esports,iZu,Fade,169,15,16,8,116,28%
Valorant Masters Bangkok 2025,https://www.vlr.gg/449011/g2-esports-vs-t1-champions-tour-2025-masters-bangkok-gf,Abyss,T1,G2 Esports,G2 Esports,Sylvan,Omen,175,15,18,19,103,29%
Valorant Masters Bangkok 2025,https://www.vlr.gg/449011/g2-esports-vs-t1-champions-tour-2025-masters-bangkok-gf,Abyss,T1,G2 Esports,G2 Esports,BuZz,Jett,199,16,21,4,135,18%
Valorant Masters Bangkok 2025,https://www.vlr.gg/449011/g2-esports-vs-t1-champions-tour-2025-masters-bangkok-gf,Abyss,T1,G2 Esports,G2 Esports,Meteor,Reyna,149,12,19,7,96,37%
Valorant Masters Bangkok 2025,https://www.vlr.gg/449011/g2-esports-vs-t1-champions-tour-2025-masters-bangkok-gf,Split,G2 Esports,T1,T1,valyn,Omen,270,26,20,13,166,26%
Valorant Masters Bangkok 2025,https://www.vlr.gg/449011/g2-esports-vs-t1-champions-tour-2025-masters-bangkok-gf,Split,G2 Esports,T1,T1,jawgemo,Yoru,265,26,21,7,189,35%
Valorant Masters Bangkok 2025,https://www.vlr.gg/449011/g2-esports-vs-t1-champions-tour-2025-masters-bangkok-gf,Split,G2 Esports,T1,T1,trent,Tejo,159,16,20,5,112,26%
Valorant Masters Bangkok 2025,https://www.vlr.gg/449011/g2-esports-vs-t1-champions-tour-2025-masters-bangkok-gf,Split,G2 Esports,T1,T1,leaf,Viper,188,17,22,11,121,15%
Valorant Masters Bangkok 2025,https://www.vlr.gg/449011/g2-esports-vs-t1-champions-tour-2025-masters-bangkok-gf,Split,G2 Esports,T1,T1,JonahP,Breach,162,16,22,8,99,20%
Valorant Masters Bangkok 2025,https://www.vlr.gg/449011/g2-esports-vs-t1-champions-tour-2025-masters-bangkok-gf,Split,T1,G2 Esports,T1,Meteor,Viper,308,30,23,9,202,30%
Valorant Masters Bangkok 2025,https://www.vlr.gg/449011/g2-esports-vs-t1-champions-tour-2025-masters-bangkok-gf,Split,T1,G2 Esports,T1,stax,Fade,199,20,17,9,144,44%
Valorant Masters Bangkok 2025,https://www.vlr.gg/449011/g2-esports-vs-t1-champions-tour-2025-masters-bangkok-gf,Split,T1,G2 Esports,T1,Sylvan,Omen,228,25,17,7,124,18%
Valorant Masters Bangkok 2025,https://www.vlr.gg/449011/g2-esports-vs-t1-champions-tour-2025-masters-bangkok-gf,Split,T1,G2 Esports,T1,iZu,Yoru,217,20,21,13,131,20%
Valorant Masters Bangkok 2025,https://www.vlr.gg/449011/g2-esports-vs-t1-champions-tour-2025-masters-bangkok-gf,Split,T1,G2 Esports,T1,BuZz,Raze,108,10,23,3,71,13%
Valorant Masters Bangkok 2025,https://www.vlr.gg/449011/g2-esports-vs-t1-champions-tour-2025-masters-bangkok-gf,Pearl,G2 Esports,T1,T1,jawgemo,Yoru,275,29,22,11,184,29%
Valorant Masters Bangkok 2025,https://www.vlr.gg/449011/g2-esports-vs-t1-champions-tour-2025-masters-bangkok-gf,Pearl,G2 Esports,T1,T1,valyn,Astra,212,25,20,13,131,27%
Valorant Masters Bangkok 2025,https://www.vlr.gg/449011/g2-esports-vs-t1-champions-tour-2025-masters-bangkok-gf,Pearl,G2 Esports,T1,T1,trent,Sova,176,19,18,11,114,33%
Valorant Masters Bangkok 2025,https://www.vlr.gg/449011/g2-esports-vs-t1-champions-tour-2025-masters-bangkok-gf,Pearl,G2 Esports,T1,T1,JonahP,Vyse,198,21,21,9,126,26%
Valorant Masters Bangkok 2025,https://www.vlr.gg/449011/g2-esports-vs-t1-champions-tour-2025-masters-bangkok-gf,Pearl,G2 Esports,T1,T1,leaf,Chamber,134,14,23,4,87,22%
Valorant Masters Bangkok 2025,https://www.vlr.gg/449011/g2-esports-vs-t1-champions-tour-2025-masters-bangkok-gf,Pearl,T1,G2 Esports,T1,BuZz,Neon,250,26,24,7,149,19%
Valorant Masters Bangkok 2025,https://www.vlr.gg/449011/g2-esports-vs-t1-champions-tour-2025-masters-bangkok-gf,Pearl,T1,G2 Esports,T1,stax,Sova,194,22,20,5,139,24%
Valorant Masters Bangkok 2025,https://www.vlr.gg/449011/g2-esports-vs-t1-champions-tour-2025-masters-bangkok-gf,Pearl,T1,G2 Esports,T1,Meteor,Killjoy,255,25,23,6,168,31%
Valorant Masters Bangkok 2025,https://www.vlr.gg/449011/g2-esports-vs-t1-champions-tour-2025-masters-bangkok-gf,Pearl,T1,G2 Esports,T1,Sylvan,Astra,159,16,21,18,98,21%
Valorant Masters Bangkok 2025,https://www.vlr.gg/449011/g2-esports-vs-t1-champions-tour-2025-masters-bangkok-gf,Pearl,T1,G2 Esports,T1,iZu,Yoru,143,15,20,4,92,18%
